Date,PM2.5
1/1/2024,NA
1/1/2024 1:00,NA
1/1/2024 2:00,NA
1/1/2024 3:00,NA
1/1/2024 4:00,NA
1/1/2024 5:00,NA
1/1/2024 6:00,NA
1/1/2024 7:00,NA
1/1/2024 8:00,NA
1/1/2024 9:00,NA
1/1/2024 10:00,NA
1/1/2024 11:00,NA
1/1/2024 12:00,NA
1/1/2024 13:00,NA
1/1/2024 14:00,NA
1/1/2024 15:00,NA
1/1/2024 16:00,NA
1/1/2024 17:00,NA
1/1/2024 18:00,NA
1/1/2024 19:00,NA
1/1/2024 20:00,NA
1/1/2024 21:00,NA
1/1/2024 22:00,NA
1/1/2024 23:00,NA
1/2/2024,NA
1/2/2024 1:00,NA
1/2/2024 2:00,NA
1/2/2024 3:00,NA
1/2/2024 4:00,NA
1/2/2024 5:00,NA
1/2/2024 6:00,NA
1/2/2024 7:00,NA
1/2/2024 8:00,NA
1/2/2024 9:00,NA
1/2/2024 10:00,NA
1/2/2024 11:00,NA
1/2/2024 12:00,NA
1/2/2024 13:00,NA
1/2/2024 14:00,NA
1/2/2024 15:00,NA
1/2/2024 16:00,NA
1/2/2024 17:00,NA
1/2/2024 18:00,NA
1/2/2024 19:00,NA
1/2/2024 20:00,NA
1/2/2024 21:00,NA
1/2/2024 22:00,NA
1/2/2024 23:00,NA
1/3/2024,NA
1/3/2024 1:00,NA
1/3/2024 2:00,NA
1/3/2024 3:00,NA
1/3/2024 4:00,NA
1/3/2024 5:00,NA
1/3/2024 6:00,NA
1/3/2024 7:00,NA
1/3/2024 8:00,NA
1/3/2024 9:00,NA
1/3/2024 10:00,NA
1/3/2024 11:00,NA
1/3/2024 12:00,NA
1/3/2024 13:00,NA
1/3/2024 14:00,NA
1/3/2024 15:00,NA
1/3/2024 16:00,NA
1/3/2024 17:00,NA
1/3/2024 18:00,NA
1/3/2024 19:00,NA
1/3/2024 20:00,NA
1/3/2024 21:00,NA
1/3/2024 22:00,NA
1/3/2024 23:00,NA
1/4/2024,NA
1/4/2024 1:00,NA
1/4/2024 2:00,NA
1/4/2024 3:00,NA
1/4/2024 4:00,NA
1/4/2024 5:00,NA
1/4/2024 6:00,NA
1/4/2024 7:00,NA
1/4/2024 8:00,NA
1/4/2024 9:00,NA
1/4/2024 10:00,NA
1/4/2024 11:00,NA
1/4/2024 12:00,NA
1/4/2024 13:00,NA
1/4/2024 14:00,NA
1/4/2024 15:00,NA
1/4/2024 16:00,NA
1/4/2024 17:00,NA
1/4/2024 18:00,NA
1/4/2024 19:00,NA
1/4/2024 20:00,NA
1/4/2024 21:00,NA
1/4/2024 22:00,NA
1/4/2024 23:00,NA
1/5/2024,NA
1/5/2024 1:00,NA
1/5/2024 2:00,NA
1/5/2024 3:00,NA
1/5/2024 4:00,NA
1/5/2024 5:00,NA
1/5/2024 6:00,NA
1/5/2024 7:00,NA
1/5/2024 8:00,NA
1/5/2024 9:00,NA
1/5/2024 10:00,NA
1/5/2024 11:00,NA
1/5/2024 12:00,NA
1/5/2024 13:00,NA
1/5/2024 14:00,NA
1/5/2024 15:00,NA
1/5/2024 16:00,NA
1/5/2024 17:00,NA
1/5/2024 18:00,NA
1/5/2024 19:00,NA
1/5/2024 20:00,NA
1/5/2024 21:00,NA
1/5/2024 22:00,NA
1/5/2024 23:00,NA
1/6/2024,NA
1/6/2024 1:00,NA
1/6/2024 2:00,NA
1/6/2024 3:00,NA
1/6/2024 4:00,NA
1/6/2024 5:00,NA
1/6/2024 6:00,NA
1/6/2024 7:00,NA
1/6/2024 8:00,NA
1/6/2024 9:00,NA
1/6/2024 10:00,NA
1/6/2024 11:00,NA
1/6/2024 12:00,NA
1/6/2024 13:00,NA
1/6/2024 14:00,NA
1/6/2024 15:00,NA
1/6/2024 16:00,NA
1/6/2024 17:00,NA
1/6/2024 18:00,NA
1/6/2024 19:00,NA
1/6/2024 20:00,NA
1/6/2024 21:00,NA
1/6/2024 22:00,NA
1/6/2024 23:00,NA
1/7/2024,NA
1/7/2024 1:00,NA
1/7/2024 2:00,NA
1/7/2024 3:00,NA
1/7/2024 4:00,NA
1/7/2024 5:00,NA
1/7/2024 6:00,NA
1/7/2024 7:00,NA
1/7/2024 8:00,NA
1/7/2024 9:00,NA
1/7/2024 10:00,NA
1/7/2024 11:00,NA
1/7/2024 12:00,NA
1/7/2024 13:00,NA
1/7/2024 14:00,NA
1/7/2024 15:00,NA
1/7/2024 16:00,NA
1/7/2024 17:00,NA
1/7/2024 18:00,NA
1/7/2024 19:00,NA
1/7/2024 20:00,NA
1/7/2024 21:00,NA
1/7/2024 22:00,NA
1/7/2024 23:00,NA
1/8/2024,NA
1/8/2024 1:00,NA
1/8/2024 2:00,NA
1/8/2024 3:00,NA
1/8/2024 4:00,NA
1/8/2024 5:00,NA
1/8/2024 6:00,NA
1/8/2024 7:00,NA
1/8/2024 8:00,NA
1/8/2024 9:00,NA
1/8/2024 10:00,NA
1/8/2024 11:00,NA
1/8/2024 12:00,NA
1/8/2024 13:00,NA
1/8/2024 14:00,NA
1/8/2024 15:00,NA
1/8/2024 16:00,NA
1/8/2024 17:00,NA
1/8/2024 18:00,NA
1/8/2024 19:00,NA
1/8/2024 20:00,NA
1/8/2024 21:00,NA
1/8/2024 22:00,NA
1/8/2024 23:00,NA
1/9/2024,NA
1/9/2024 1:00,NA
1/9/2024 2:00,NA
1/9/2024 3:00,NA
1/9/2024 4:00,NA
1/9/2024 5:00,NA
1/9/2024 6:00,NA
1/9/2024 7:00,NA
1/9/2024 8:00,NA
1/9/2024 9:00,NA
1/9/2024 10:00,NA
1/9/2024 11:00,NA
1/9/2024 12:00,NA
1/9/2024 13:00,NA
1/9/2024 14:00,NA
1/9/2024 15:00,NA
1/9/2024 16:00,NA
1/9/2024 17:00,NA
1/9/2024 18:00,NA
1/9/2024 19:00,NA
1/9/2024 20:00,NA
1/9/2024 21:00,NA
1/9/2024 22:00,NA
1/9/2024 23:00,NA
1/10/2024,NA
1/10/2024 1:00,NA
1/10/2024 2:00,NA
1/10/2024 3:00,NA
1/10/2024 4:00,NA
1/10/2024 5:00,NA
1/10/2024 6:00,NA
1/10/2024 7:00,NA
1/10/2024 8:00,NA
1/10/2024 9:00,NA
1/10/2024 10:00,NA
1/10/2024 11:00,NA
1/10/2024 12:00,NA
1/10/2024 13:00,NA
1/10/2024 14:00,NA
1/10/2024 15:00,NA
1/10/2024 16:00,NA
1/10/2024 17:00,NA
1/10/2024 18:00,NA
1/10/2024 19:00,NA
1/10/2024 20:00,NA
1/10/2024 21:00,NA
1/10/2024 22:00,NA
1/10/2024 23:00,NA
1/11/2024,NA
1/11/2024 1:00,NA
1/11/2024 2:00,NA
1/11/2024 3:00,NA
1/11/2024 4:00,NA
1/11/2024 5:00,NA
1/11/2024 6:00,NA
1/11/2024 7:00,NA
1/11/2024 8:00,NA
1/11/2024 9:00,NA
1/11/2024 10:00,NA
1/11/2024 11:00,NA
1/11/2024 12:00,NA
1/11/2024 13:00,NA
1/11/2024 14:00,NA
1/11/2024 15:00,NA
1/11/2024 16:00,NA
1/11/2024 17:00,NA
1/11/2024 18:00,NA
1/11/2024 19:00,NA
1/11/2024 20:00,NA
1/11/2024 21:00,NA
1/11/2024 22:00,NA
1/11/2024 23:00,NA
1/12/2024,NA
1/12/2024 1:00,NA
1/12/2024 2:00,NA
1/12/2024 3:00,NA
1/12/2024 4:00,NA
1/12/2024 5:00,NA
1/12/2024 6:00,NA
1/12/2024 7:00,NA
1/12/2024 8:00,NA
1/12/2024 9:00,NA
1/12/2024 10:00,NA
1/12/2024 11:00,NA
1/12/2024 12:00,NA
1/12/2024 13:00,NA
1/12/2024 14:00,NA
1/12/2024 15:00,NA
1/12/2024 16:00,NA
1/12/2024 17:00,NA
1/12/2024 18:00,NA
1/12/2024 19:00,NA
1/12/2024 20:00,NA
1/12/2024 21:00,NA
1/12/2024 22:00,NA
1/12/2024 23:00,NA
1/13/2024,NA
1/13/2024 1:00,NA
1/13/2024 2:00,NA
1/13/2024 3:00,NA
1/13/2024 4:00,NA
1/13/2024 5:00,NA
1/13/2024 6:00,NA
1/13/2024 7:00,NA
1/13/2024 8:00,NA
1/13/2024 9:00,NA
1/13/2024 10:00,NA
1/13/2024 11:00,NA
1/13/2024 12:00,NA
1/13/2024 13:00,NA
1/13/2024 14:00,NA
1/13/2024 15:00,NA
1/13/2024 16:00,NA
1/13/2024 17:00,NA
1/13/2024 18:00,NA
1/13/2024 19:00,NA
1/13/2024 20:00,NA
1/13/2024 21:00,NA
1/13/2024 22:00,NA
1/13/2024 23:00,NA
1/14/2024,NA
1/14/2024 1:00,NA
1/14/2024 2:00,NA
1/14/2024 3:00,NA
1/14/2024 4:00,NA
1/14/2024 5:00,NA
1/14/2024 6:00,NA
1/14/2024 7:00,NA
1/14/2024 8:00,NA
1/14/2024 9:00,NA
1/14/2024 10:00,NA
1/14/2024 11:00,NA
1/14/2024 12:00,NA
1/14/2024 13:00,NA
1/14/2024 14:00,NA
1/14/2024 15:00,NA
1/14/2024 16:00,NA
1/14/2024 17:00,NA
1/14/2024 18:00,NA
1/14/2024 19:00,NA
1/14/2024 20:00,NA
1/14/2024 21:00,NA
1/14/2024 22:00,NA
1/14/2024 23:00,NA
1/15/2024,NA
1/15/2024 1:00,NA
1/15/2024 2:00,NA
1/15/2024 3:00,NA
1/15/2024 4:00,NA
1/15/2024 5:00,NA
1/15/2024 6:00,NA
1/15/2024 7:00,NA
1/15/2024 8:00,NA
1/15/2024 9:00,NA
1/15/2024 10:00,NA
1/15/2024 11:00,NA
1/15/2024 12:00,NA
1/15/2024 13:00,NA
1/15/2024 14:00,NA
1/15/2024 15:00,NA
1/15/2024 16:00,NA
1/15/2024 17:00,NA
1/15/2024 18:00,NA
1/15/2024 19:00,NA
1/15/2024 20:00,NA
1/15/2024 21:00,NA
1/15/2024 22:00,NA
1/15/2024 23:00,NA
1/16/2024,NA
1/16/2024 1:00,NA
1/16/2024 2:00,NA
1/16/2024 3:00,NA
1/16/2024 4:00,NA
1/16/2024 5:00,NA
1/16/2024 6:00,NA
1/16/2024 7:00,NA
1/16/2024 8:00,NA
1/16/2024 9:00,NA
1/16/2024 10:00,NA
1/16/2024 11:00,NA
1/16/2024 12:00,NA
1/16/2024 13:00,NA
1/16/2024 14:00,NA
1/16/2024 15:00,NA
1/16/2024 16:00,NA
1/16/2024 17:00,NA
1/16/2024 18:00,NA
1/16/2024 19:00,NA
1/16/2024 20:00,NA
1/16/2024 21:00,NA
1/16/2024 22:00,NA
1/16/2024 23:00,NA
1/17/2024,NA
1/17/2024 1:00,NA
1/17/2024 2:00,NA
1/17/2024 3:00,NA
1/17/2024 4:00,NA
1/17/2024 5:00,NA
1/17/2024 6:00,NA
1/17/2024 7:00,NA
1/17/2024 8:00,NA
1/17/2024 9:00,NA
1/17/2024 10:00,NA
1/17/2024 11:00,NA
1/17/2024 12:00,NA
1/17/2024 13:00,NA
1/17/2024 14:00,NA
1/17/2024 15:00,NA
1/17/2024 16:00,NA
1/17/2024 17:00,NA
1/17/2024 18:00,NA
1/17/2024 19:00,NA
1/17/2024 20:00,NA
1/17/2024 21:00,NA
1/17/2024 22:00,NA
1/17/2024 23:00,NA
1/18/2024,NA
1/18/2024 1:00,NA
1/18/2024 2:00,NA
1/18/2024 3:00,NA
1/18/2024 4:00,NA
1/18/2024 5:00,NA
1/18/2024 6:00,NA
1/18/2024 7:00,NA
1/18/2024 8:00,NA
1/18/2024 9:00,NA
1/18/2024 10:00,NA
1/18/2024 11:00,NA
1/18/2024 12:00,NA
1/18/2024 13:00,NA
1/18/2024 14:00,NA
1/18/2024 15:00,NA
1/18/2024 16:00,NA
1/18/2024 17:00,NA
1/18/2024 18:00,NA
1/18/2024 19:00,NA
1/18/2024 20:00,NA
1/18/2024 21:00,NA
1/18/2024 22:00,NA
1/18/2024 23:00,NA
1/19/2024,NA
1/19/2024 1:00,NA
1/19/2024 2:00,NA
1/19/2024 3:00,NA
1/19/2024 4:00,NA
1/19/2024 5:00,NA
1/19/2024 6:00,NA
1/19/2024 7:00,NA
1/19/2024 8:00,NA
1/19/2024 9:00,NA
1/19/2024 10:00,NA
1/19/2024 11:00,NA
1/19/2024 12:00,NA
1/19/2024 13:00,NA
1/19/2024 14:00,NA
1/19/2024 15:00,NA
1/19/2024 16:00,NA
1/19/2024 17:00,NA
1/19/2024 18:00,NA
1/19/2024 19:00,NA
1/19/2024 20:00,NA
1/19/2024 21:00,NA
1/19/2024 22:00,NA
1/19/2024 23:00,NA
1/20/2024,NA
1/20/2024 1:00,NA
1/20/2024 2:00,NA
1/20/2024 3:00,NA
1/20/2024 4:00,NA
1/20/2024 5:00,NA
1/20/2024 6:00,NA
1/20/2024 7:00,NA
1/20/2024 8:00,NA
1/20/2024 9:00,NA
1/20/2024 10:00,NA
1/20/2024 11:00,NA
1/20/2024 12:00,NA
1/20/2024 13:00,NA
1/20/2024 14:00,NA
1/20/2024 15:00,NA
1/20/2024 16:00,NA
1/20/2024 17:00,NA
1/20/2024 18:00,NA
1/20/2024 19:00,NA
1/20/2024 20:00,NA
1/20/2024 21:00,NA
1/20/2024 22:00,NA
1/20/2024 23:00,NA
1/21/2024,NA
1/21/2024 1:00,NA
1/21/2024 2:00,NA
1/21/2024 3:00,NA
1/21/2024 4:00,NA
1/21/2024 5:00,NA
1/21/2024 6:00,NA
1/21/2024 7:00,NA
1/21/2024 8:00,NA
1/21/2024 9:00,NA
1/21/2024 10:00,NA
1/21/2024 11:00,NA
1/21/2024 12:00,NA
1/21/2024 13:00,NA
1/21/2024 14:00,NA
1/21/2024 15:00,NA
1/21/2024 16:00,NA
1/21/2024 17:00,NA
1/21/2024 18:00,NA
1/21/2024 19:00,NA
1/21/2024 20:00,NA
1/21/2024 21:00,NA
1/21/2024 22:00,NA
1/21/2024 23:00,NA
1/22/2024,NA
1/22/2024 1:00,NA
1/22/2024 2:00,NA
1/22/2024 3:00,NA
1/22/2024 4:00,NA
1/22/2024 5:00,NA
1/22/2024 6:00,NA
1/22/2024 7:00,NA
1/22/2024 8:00,NA
1/22/2024 9:00,NA
1/22/2024 10:00,NA
1/22/2024 11:00,NA
1/22/2024 12:00,NA
1/22/2024 13:00,NA
1/22/2024 14:00,NA
1/22/2024 15:00,NA
1/22/2024 16:00,NA
1/22/2024 17:00,NA
1/22/2024 18:00,NA
1/22/2024 19:00,NA
1/22/2024 20:00,NA
1/22/2024 21:00,NA
1/22/2024 22:00,NA
1/22/2024 23:00,NA
1/23/2024,NA
1/23/2024 1:00,NA
1/23/2024 2:00,NA
1/23/2024 3:00,NA
1/23/2024 4:00,NA
1/23/2024 5:00,NA
1/23/2024 6:00,NA
1/23/2024 7:00,NA
1/23/2024 8:00,NA
1/23/2024 9:00,NA
1/23/2024 10:00,NA
1/23/2024 11:00,NA
1/23/2024 12:00,NA
1/23/2024 13:00,NA
1/23/2024 14:00,NA
1/23/2024 15:00,NA
1/23/2024 16:00,NA
1/23/2024 17:00,NA
1/23/2024 18:00,NA
1/23/2024 19:00,NA
1/23/2024 20:00,NA
1/23/2024 21:00,NA
1/23/2024 22:00,NA
1/23/2024 23:00,NA
1/24/2024,NA
1/24/2024 1:00,NA
1/24/2024 2:00,NA
1/24/2024 3:00,NA
1/24/2024 4:00,NA
1/24/2024 5:00,NA
1/24/2024 6:00,NA
1/24/2024 7:00,NA
1/24/2024 8:00,NA
1/24/2024 9:00,NA
1/24/2024 10:00,NA
1/24/2024 11:00,NA
1/24/2024 12:00,NA
1/24/2024 13:00,NA
1/24/2024 14:00,NA
1/24/2024 15:00,NA
1/24/2024 16:00,NA
1/24/2024 17:00,NA
1/24/2024 18:00,NA
1/24/2024 19:00,NA
1/24/2024 20:00,NA
1/24/2024 21:00,NA
1/24/2024 22:00,NA
1/24/2024 23:00,NA
1/25/2024,NA
1/25/2024 1:00,NA
1/25/2024 2:00,NA
1/25/2024 3:00,NA
1/25/2024 4:00,NA
1/25/2024 5:00,NA
1/25/2024 6:00,NA
1/25/2024 7:00,NA
1/25/2024 8:00,NA
1/25/2024 9:00,NA
1/25/2024 10:00,NA
1/25/2024 11:00,NA
1/25/2024 12:00,NA
1/25/2024 13:00,NA
1/25/2024 14:00,NA
1/25/2024 15:00,NA
1/25/2024 16:00,NA
1/25/2024 17:00,NA
1/25/2024 18:00,NA
1/25/2024 19:00,NA
1/25/2024 20:00,NA
1/25/2024 21:00,NA
1/25/2024 22:00,NA
1/25/2024 23:00,NA
1/26/2024,NA
1/26/2024 1:00,NA
1/26/2024 2:00,NA
1/26/2024 3:00,NA
1/26/2024 4:00,NA
1/26/2024 5:00,NA
1/26/2024 6:00,NA
1/26/2024 7:00,NA
1/26/2024 8:00,NA
1/26/2024 9:00,NA
1/26/2024 10:00,NA
1/26/2024 11:00,NA
1/26/2024 12:00,NA
1/26/2024 13:00,NA
1/26/2024 14:00,NA
1/26/2024 15:00,NA
1/26/2024 16:00,NA
1/26/2024 17:00,NA
1/26/2024 18:00,NA
1/26/2024 19:00,NA
1/26/2024 20:00,NA
1/26/2024 21:00,NA
1/26/2024 22:00,NA
1/26/2024 23:00,NA
1/27/2024,NA
1/27/2024 1:00,NA
1/27/2024 2:00,NA
1/27/2024 3:00,NA
1/27/2024 4:00,NA
1/27/2024 5:00,NA
1/27/2024 6:00,NA
1/27/2024 7:00,NA
1/27/2024 8:00,NA
1/27/2024 9:00,NA
1/27/2024 10:00,NA
1/27/2024 11:00,NA
1/27/2024 12:00,NA
1/27/2024 13:00,NA
1/27/2024 14:00,NA
1/27/2024 15:00,NA
1/27/2024 16:00,NA
1/27/2024 17:00,NA
1/27/2024 18:00,NA
1/27/2024 19:00,NA
1/27/2024 20:00,NA
1/27/2024 21:00,NA
1/27/2024 22:00,NA
1/27/2024 23:00,NA
1/28/2024,NA
1/28/2024 1:00,NA
1/28/2024 2:00,NA
1/28/2024 3:00,NA
1/28/2024 4:00,NA
1/28/2024 5:00,NA
1/28/2024 6:00,NA
1/28/2024 7:00,NA
1/28/2024 8:00,NA
1/28/2024 9:00,NA
1/28/2024 10:00,NA
1/28/2024 11:00,NA
1/28/2024 12:00,NA
1/28/2024 13:00,NA
1/28/2024 14:00,NA
1/28/2024 15:00,NA
1/28/2024 16:00,NA
1/28/2024 17:00,NA
1/28/2024 18:00,NA
1/28/2024 19:00,NA
1/28/2024 20:00,NA
1/28/2024 21:00,NA
1/28/2024 22:00,NA
1/28/2024 23:00,NA
1/29/2024,NA
1/29/2024 1:00,NA
1/29/2024 2:00,NA
1/29/2024 3:00,NA
1/29/2024 4:00,NA
1/29/2024 5:00,NA
1/29/2024 6:00,NA
1/29/2024 7:00,NA
1/29/2024 8:00,NA
1/29/2024 9:00,NA
1/29/2024 10:00,NA
1/29/2024 11:00,NA
1/29/2024 12:00,NA
1/29/2024 13:00,NA
1/29/2024 14:00,NA
1/29/2024 15:00,NA
1/29/2024 16:00,NA
1/29/2024 17:00,NA
1/29/2024 18:00,NA
1/29/2024 19:00,NA
1/29/2024 20:00,NA
1/29/2024 21:00,NA
1/29/2024 22:00,NA
1/29/2024 23:00,NA
1/30/2024,NA
1/30/2024 1:00,NA
1/30/2024 2:00,NA
1/30/2024 3:00,NA
1/30/2024 4:00,NA
1/30/2024 5:00,NA
1/30/2024 6:00,NA
1/30/2024 7:00,NA
1/30/2024 8:00,NA
1/30/2024 9:00,NA
1/30/2024 10:00,NA
1/30/2024 11:00,NA
1/30/2024 12:00,NA
1/30/2024 13:00,NA
1/30/2024 14:00,NA
1/30/2024 15:00,NA
1/30/2024 16:00,NA
1/30/2024 17:00,NA
1/30/2024 18:00,NA
1/30/2024 19:00,NA
1/30/2024 20:00,NA
1/30/2024 21:00,NA
1/30/2024 22:00,NA
1/30/2024 23:00,NA
1/31/2024,NA
1/31/2024 1:00,NA
1/31/2024 2:00,NA
1/31/2024 3:00,NA
1/31/2024 4:00,NA
1/31/2024 5:00,NA
1/31/2024 6:00,NA
1/31/2024 7:00,NA
1/31/2024 8:00,NA
1/31/2024 9:00,NA
1/31/2024 10:00,NA
1/31/2024 11:00,NA
1/31/2024 12:00,NA
1/31/2024 13:00,NA
1/31/2024 14:00,NA
1/31/2024 15:00,NA
1/31/2024 16:00,52.17000014
1/31/2024 17:00,55.86833324
1/31/2024 18:00,64.92666626
1/31/2024 19:00,72.67499975
1/31/2024 20:00,69.82666639
1/31/2024 21:00,72.77333323
1/31/2024 22:00,77.90999959
1/31/2024 23:00,84.83000005
2/1/2024,75.37999992
2/1/2024 1:00,84.63000031
2/1/2024 2:00,81.93333321
2/1/2024 3:00,80.67500025
2/1/2024 4:00,75.62333298
2/1/2024 5:00,85.17666715
2/1/2024 6:00,97.79000041
2/1/2024 7:00,111.7666666
2/1/2024 8:00,124.4924245
2/1/2024 9:00,99.736667
2/1/2024 10:00,79.59833336
2/1/2024 11:00,60.68833294
2/1/2024 12:00,49.30833321
2/1/2024 13:00,51.61500003
2/1/2024 14:00,52.33709692
2/1/2024 15:00,56.63666662
2/1/2024 16:00,69.55714301
2/1/2024 17:00,78.89499982
2/1/2024 18:00,56.37500006
2/1/2024 19:00,52.79833323
2/1/2024 20:00,56.83709674
2/1/2024 21:00,59.86774217
2/1/2024 22:00,56.34166698
2/1/2024 23:00,52.75166658
2/2/2024,38.75333322
2/2/2024 1:00,39.32000014
2/2/2024 2:00,37.49333312
2/2/2024 3:00,49.90833333
2/2/2024 4:00,59.9733333
2/2/2024 5:00,66.08000024
2/2/2024 6:00,74.7649999
2/2/2024 7:00,90.22999967
2/2/2024 8:00,108.5984126
2/2/2024 9:00,82.04000003
2/2/2024 10:00,50.54499979
2/2/2024 11:00,27.1350001
2/2/2024 12:00,23.30499989
2/2/2024 13:00,19.47833344
2/2/2024 14:00,13.68
2/2/2024 15:00,13.2233333
2/2/2024 16:00,25.77333333
2/2/2024 17:00,28.02000004
2/2/2024 18:00,33.38333343
2/2/2024 19:00,37.33000018
2/2/2024 20:00,32.99666659
2/2/2024 21:00,38.64499995
2/2/2024 22:00,62.9083334
2/2/2024 23:00,61.20833359
2/3/2024,62.89000015
2/3/2024 1:00,60.18833338
2/3/2024 2:00,61.49000015
2/3/2024 3:00,54.86833337
2/3/2024 4:00,59.8966664
2/3/2024 5:00,69.45333322
2/3/2024 6:00,68.01666673
2/3/2024 7:00,79.49166667
2/3/2024 8:00,85.02333323
2/3/2024 9:00,73.03666649
2/3/2024 10:00,67.73333346
2/3/2024 11:00,45.32166672
2/3/2024 12:00,35.41500012
2/3/2024 13:00,20.6050001
2/3/2024 14:00,18.39166662
2/3/2024 15:00,19.34999997
2/3/2024 16:00,21.97460311
2/3/2024 17:00,33.60833333
2/3/2024 18:00,49.32166665
2/3/2024 19:00,59.88333346
2/3/2024 20:00,59.56833312
2/3/2024 21:00,77.22666696
2/3/2024 22:00,81.79333331
2/3/2024 23:00,74.94666672
2/4/2024,70.21166668
2/4/2024 1:00,66.52666632
2/4/2024 2:00,63.24499982
2/4/2024 3:00,67.27333317
2/4/2024 4:00,68.55166594
2/4/2024 5:00,65.58666668
2/4/2024 6:00,69.72833316
2/4/2024 7:00,84.23499972
2/4/2024 8:00,74.15942057
2/4/2024 9:00,63.12666715
2/4/2024 10:00,52.91499983
2/4/2024 11:00,53.58166663
2/4/2024 12:00,55.32499975
2/4/2024 13:00,56.3350001
2/4/2024 14:00,57.3416666
2/4/2024 15:00,56.66333345
2/4/2024 16:00,59.65333322
2/4/2024 17:00,65.43999983
2/4/2024 18:00,83.5399999
2/4/2024 19:00,96.16166712
2/4/2024 20:00,97.87833328
2/4/2024 21:00,115.6250001
2/4/2024 22:00,113.4666667
2/4/2024 23:00,109.6033338
2/5/2024,105.8966668
2/5/2024 1:00,108.8066666
2/5/2024 2:00,117.3250001
2/5/2024 3:00,111.5083332
2/5/2024 4:00,109.5316667
2/5/2024 5:00,112.0100002
2/5/2024 6:00,119.8283328
2/5/2024 7:00,117.2183334
2/5/2024 8:00,109.7873014
2/5/2024 9:00,109.3550001
2/5/2024 10:00,102.9633333
2/5/2024 11:00,81.92666683
2/5/2024 12:00,41.32333355
2/5/2024 13:00,23.7000001
2/5/2024 14:00,15.38333338
2/5/2024 15:00,18.28833326
2/5/2024 16:00,17.55666661
2/5/2024 17:00,20.91333332
2/5/2024 18:00,29.04166667
2/5/2024 19:00,39.25166658
2/5/2024 20:00,46.00833327
2/5/2024 21:00,59.4516667
2/5/2024 22:00,61.02000033
2/5/2024 23:00,58.81666686
2/6/2024,58.80500005
2/6/2024 1:00,56.09333331
2/6/2024 2:00,61.78333321
2/6/2024 3:00,61.71000017
2/6/2024 4:00,56.80166658
2/6/2024 5:00,54.6483331
2/6/2024 6:00,64.12333323
2/6/2024 7:00,86.58333321
2/6/2024 8:00,117.4933334
2/6/2024 9:00,86.45000013
2/6/2024 10:00,64.76166674
2/6/2024 11:00,48.06833324
2/6/2024 12:00,29.17258072
2/6/2024 13:00,25.77833331
2/6/2024 14:00,19.51999995
2/6/2024 15:00,15.66833334
2/6/2024 16:00,18.7158731
2/6/2024 17:00,25.02166675
2/6/2024 18:00,45.21166681
2/6/2024 19:00,48.45499992
2/6/2024 20:00,59.00333335
2/6/2024 21:00,62.1766667
2/6/2024 22:00,66.57333355
2/6/2024 23:00,62.4416666
2/7/2024,65.02333323
2/7/2024 1:00,68.05333328
2/7/2024 2:00,66.78333333
2/7/2024 3:00,63.88000011
2/7/2024 4:00,66.33333321
2/7/2024 5:00,74.99499969
2/7/2024 6:00,77.13666636
2/7/2024 7:00,93.60877174
2/7/2024 8:00,106.8200001
2/7/2024 9:00,75.23833319
2/7/2024 10:00,54.79166679
2/7/2024 11:00,39.05000019
2/7/2024 12:00,32.96166668
2/7/2024 13:00,24.04833331
2/7/2024 14:00,10.70833334
2/7/2024 15:00,7.90000004
2/7/2024 16:00,9.190000002
2/7/2024 17:00,16.01166663
2/7/2024 18:00,33.00999991
2/7/2024 19:00,40.6
2/7/2024 20:00,41.11500022
2/7/2024 21:00,45.57000008
2/7/2024 22:00,72.5983331
2/7/2024 23:00,58.09000009
2/8/2024,57.83666649
2/8/2024 1:00,58.85
2/8/2024 2:00,56.26333345
2/8/2024 3:00,51.02666651
2/8/2024 4:00,68.56666648
2/8/2024 5:00,62.47999999
2/8/2024 6:00,73.08166682
2/8/2024 7:00,86.32333349
2/8/2024 8:00,100.8233336
2/8/2024 9:00,75.17833303
2/8/2024 10:00,60.69833323
2/8/2024 11:00,47.87000001
2/8/2024 12:00,20.95000005
2/8/2024 13:00,11.40833338
2/8/2024 14:00,13.34666662
2/8/2024 15:00,16.10333333
2/8/2024 16:00,22.25500002
2/8/2024 17:00,31.95999982
2/8/2024 18:00,45.24666672
2/8/2024 19:00,64.025
2/8/2024 20:00,64.17333349
2/8/2024 21:00,58.32000001
2/8/2024 22:00,74.0183335
2/8/2024 23:00,78.15333328
2/9/2024,71.08666649
2/9/2024 1:00,68.29666672
2/9/2024 2:00,66.73500004
2/9/2024 3:00,64.43166644
2/9/2024 4:00,68.05666663
2/9/2024 5:00,72.29500001
2/9/2024 6:00,70.40166728
2/9/2024 7:00,81.77000014
2/9/2024 8:00,96.53166644
2/9/2024 9:00,82.5433335
2/9/2024 10:00,58.05833333
2/9/2024 11:00,47.01000004
2/9/2024 12:00,43.42666664
2/9/2024 13:00,34.22999999
2/9/2024 14:00,31.78833354
2/9/2024 15:00,36.37301569
2/9/2024 16:00,46.85000013
2/9/2024 17:00,58.01833318
2/9/2024 18:00,64.9033329
2/9/2024 19:00,70.28166669
2/9/2024 20:00,95.21166687
2/9/2024 21:00,87.21833369
2/9/2024 22:00,91.10000013
2/9/2024 23:00,86.67166684
2/10/2024,95.53500023
2/10/2024 1:00,90.92166672
2/10/2024 2:00,80.84833361
2/10/2024 3:00,80.84166616
2/10/2024 4:00,85.63499997
2/10/2024 5:00,88.78999977
2/10/2024 6:00,98.15166664
2/10/2024 7:00,207.8400004
2/10/2024 8:00,141.066667
2/10/2024 9:00,121.5800004
2/10/2024 10:00,87.74833323
2/10/2024 11:00,54.58333327
2/10/2024 12:00,45.69666675
2/10/2024 13:00,30.72499994
2/10/2024 14:00,22.5850001
2/10/2024 15:00,25.26499996
2/10/2024 16:00,26.05666669
2/10/2024 17:00,31.50166648
2/10/2024 18:00,40.73499997
2/10/2024 19:00,59.02833316
2/10/2024 20:00,79.44166679
2/10/2024 21:00,85.28387082
2/10/2024 22:00,80.00666707
2/10/2024 23:00,77.03166669
2/11/2024,70.52333336
2/11/2024 1:00,66.89833304
2/11/2024 2:00,62.40500005
2/11/2024 3:00,61.56833331
2/11/2024 4:00,64.09833304
2/11/2024 5:00,65.79833361
2/11/2024 6:00,72.50333341
2/11/2024 7:00,83.08166669
2/11/2024 8:00,108.1483331
2/11/2024 9:00,100.6316664
2/11/2024 10:00,81.39333356
2/11/2024 11:00,48.74166679
2/11/2024 12:00,25.65166664
2/11/2024 13:00,17.20833333
2/11/2024 14:00,13.51000004
2/11/2024 15:00,13.02000004
2/11/2024 16:00,16.78333337
2/11/2024 17:00,22.33114752
2/11/2024 18:00,34.59999989
2/11/2024 19:00,52.83833338
2/11/2024 20:00,61.45000013
2/11/2024 21:00,60.81833356
2/11/2024 22:00,70.51500028
2/11/2024 23:00,70.48000018
2/12/2024,69.1
2/12/2024 1:00,64.72500013
2/12/2024 2:00,63.1433335
2/12/2024 3:00,65.44500058
2/12/2024 4:00,66.18333321
2/12/2024 5:00,67.36666641
2/12/2024 6:00,67.88000037
2/12/2024 7:00,83.05166677
2/12/2024 8:00,98.4666659
2/12/2024 9:00,99.94500008
2/12/2024 10:00,67.7999996
2/12/2024 11:00,38.81000004
2/12/2024 12:00,23.25833333
2/12/2024 13:00,16.68166656
2/12/2024 14:00,14.56666668
2/12/2024 15:00,17.1316666
2/12/2024 16:00,36.64666665
2/12/2024 17:00,45.67333317
2/12/2024 18:00,52.85333296
2/12/2024 19:00,55.37500013
2/12/2024 20:00,70.73833332
2/12/2024 21:00,87.00833359
2/12/2024 22:00,73.28833332
2/12/2024 23:00,73.42166659
2/13/2024,77.7600001
2/13/2024 1:00,70.82666639
2/13/2024 2:00,70.80500043
2/13/2024 3:00,75.27166672
2/13/2024 4:00,82.89499957
2/13/2024 5:00,85.70666656
2/13/2024 6:00,89.90500043
2/13/2024 7:00,92.61000023
2/13/2024 8:00,107.5366667
2/13/2024 9:00,76.63833338
2/13/2024 10:00,59.66166655
2/13/2024 11:00,38.00500024
2/13/2024 12:00,28.21666673
2/13/2024 13:00,12.70833324
2/13/2024 14:00,13.84166667
2/13/2024 15:00,20.61000001
2/13/2024 16:00,23.91833328
2/13/2024 17:00,35.71166665
2/13/2024 18:00,45.36333319
2/13/2024 19:00,55.22999992
2/13/2024 20:00,67.63500017
2/13/2024 21:00,67.49333305
2/13/2024 22:00,69.28499991
2/13/2024 23:00,69.62166684
2/14/2024,66.86999982
2/14/2024 1:00,60.54333299
2/14/2024 2:00,60.50999985
2/14/2024 3:00,64.36166712
2/14/2024 4:00,68.62666677
2/14/2024 5:00,82.48666655
2/14/2024 6:00,71.46166674
2/14/2024 7:00,84.72166672
2/14/2024 8:00,98.4966671
2/14/2024 9:00,91.64499969
2/14/2024 10:00,92.62499987
2/14/2024 11:00,90.23333346
2/14/2024 12:00,85.62833341
2/14/2024 13:00,78.25999997
2/14/2024 14:00,61.93833338
2/14/2024 15:00,51.34999955
2/14/2024 16:00,31.44126983
2/14/2024 17:00,32.70666682
2/14/2024 18:00,53.31666667
2/14/2024 19:00,63.56166649
2/14/2024 20:00,64.26333345
2/14/2024 21:00,73.32999942
2/14/2024 22:00,81.96499977
2/14/2024 23:00,80.2799998
2/15/2024,86.06833331
2/15/2024 1:00,81.98833364
2/15/2024 2:00,83.8285715
2/15/2024 3:00,77.91000023
2/15/2024 4:00,78.85666669
2/15/2024 5:00,75.88360621
2/15/2024 6:00,86.2100001
2/15/2024 7:00,90.56166649
2/15/2024 8:00,106.1133334
2/15/2024 9:00,87.37499962
2/15/2024 10:00,66.96999995
2/15/2024 11:00,31.35500002
2/15/2024 12:00,21.71515157
2/15/2024 13:00,16.15166674
2/15/2024 14:00,18.05396825
2/15/2024 15:00,14.55000006
2/15/2024 16:00,15.34999994
2/15/2024 17:00,23.67166656
2/15/2024 18:00,31.80166664
2/15/2024 19:00,45.75666663
2/15/2024 20:00,59.59500014
2/15/2024 21:00,65.7583334
2/15/2024 22:00,69.68333314
2/15/2024 23:00,70.27333298
2/16/2024,70.22166691
2/16/2024 1:00,64.71499964
2/16/2024 2:00,63.0866663
2/16/2024 3:00,73.08833307
2/16/2024 4:00,74.32833354
2/16/2024 5:00,69.6
2/16/2024 6:00,71.91999982
2/16/2024 7:00,81.35666644
2/16/2024 8:00,95.93666623
2/16/2024 9:00,75.07666651
2/16/2024 10:00,51.80999991
2/16/2024 11:00,27.71333324
2/16/2024 12:00,18.23333335
2/16/2024 13:00,18.93500007
2/16/2024 14:00,19.77424239
2/16/2024 15:00,27.02166669
2/16/2024 16:00,35.23492053
2/16/2024 17:00,50.84166679
2/16/2024 18:00,63.4833334
2/16/2024 19:00,67.05333322
2/16/2024 20:00,64.73333304
2/16/2024 21:00,79.93833313
2/16/2024 22:00,89.70333354
2/16/2024 23:00,91.30499992
2/17/2024,84.75000025
2/17/2024 1:00,81.2266669
2/17/2024 2:00,82.59166654
2/17/2024 3:00,82.94333356
2/17/2024 4:00,82.52000008
2/17/2024 5:00,92.98833338
2/17/2024 6:00,80.49333369
2/17/2024 7:00,102.2050001
2/17/2024 8:00,118.4742424
2/17/2024 9:00,106
2/17/2024 10:00,80.25499992
2/17/2024 11:00,50.29833317
2/17/2024 12:00,35.84166657
2/17/2024 13:00,29.4333333
2/17/2024 14:00,28.09333324
2/17/2024 15:00,38.72153825
2/17/2024 16:00,47.52000008
2/17/2024 17:00,53.46666673
2/17/2024 18:00,60.41833318
2/17/2024 19:00,69.24333293
2/17/2024 20:00,66.48000011
2/17/2024 21:00,69.93499991
2/17/2024 22:00,85.34166705
2/17/2024 23:00,82.64000015
2/18/2024,80.48666674
2/18/2024 1:00,79.50000064
2/18/2024 2:00,79.20666695
2/18/2024 3:00,82.1033329
2/18/2024 4:00,75.82833341
2/18/2024 5:00,75.85666695
2/18/2024 6:00,87.39333369
2/18/2024 7:00,96.49833336
2/18/2024 8:00,100.8450003
2/18/2024 9:00,92.19166692
2/18/2024 10:00,70.4233331
2/18/2024 11:00,48.37500006
2/18/2024 12:00,33.90634924
2/18/2024 13:00,30.43500001
2/18/2024 14:00,35.64285714
2/18/2024 15:00,45.4112902
2/18/2024 16:00,51.05714277
2/18/2024 17:00,53.35333328
2/18/2024 18:00,59.46499971
2/18/2024 19:00,72.69032288
2/18/2024 20:00,87.25166677
2/18/2024 21:00,88.97500038
2/18/2024 22:00,87.03000031
2/18/2024 23:00,84.83166682
2/19/2024,84.90333328
2/19/2024 1:00,82.80999947
2/19/2024 2:00,80.76166751
2/19/2024 3:00,77.70666644
2/19/2024 4:00,82.93333333
2/19/2024 5:00,86.75666669
2/19/2024 6:00,86.4233331
2/19/2024 7:00,89.91833331
2/19/2024 8:00,107.478333
2/19/2024 9:00,93.91333326
2/19/2024 10:00,78.74333331
2/19/2024 11:00,60.83968269
2/19/2024 12:00,57.18833319
2/19/2024 13:00,47.77000001
2/19/2024 14:00,39.48636379
2/19/2024 15:00,35.68412696
2/19/2024 16:00,41.71666692
2/19/2024 17:00,55.05
2/19/2024 18:00,63.49666723
2/19/2024 19:00,67.96666616
2/19/2024 20:00,83.3966664
2/19/2024 21:00,97.60666682
2/19/2024 22:00,99.61166674
2/19/2024 23:00,97.84499982
2/20/2024,92.4850001
2/20/2024 1:00,96.94333344
2/20/2024 2:00,96.37333361
2/20/2024 3:00,95.28166669
2/20/2024 4:00,95.87500013
2/20/2024 5:00,100.9133334
2/20/2024 6:00,92.84999975
2/20/2024 7:00,99.31333326
2/20/2024 8:00,108.8433331
2/20/2024 9:00,107.291667
2/20/2024 10:00,105.7733331
2/20/2024 11:00,85.18166669
2/20/2024 12:00,56.77833341
2/20/2024 13:00,16.56612896
2/20/2024 14:00,11.76562496
2/20/2024 15:00,14.40833333
2/20/2024 16:00,16.2766667
2/20/2024 17:00,23.87333339
2/20/2024 18:00,34.98999993
2/20/2024 19:00,49.53833326
2/20/2024 20:00,52.41428599
2/20/2024 21:00,65.46333338
2/20/2024 22:00,67.56000017
2/20/2024 23:00,68.91000004
2/21/2024,68.97166678
2/21/2024 1:00,68.07000014
2/21/2024 2:00,63.51166662
2/21/2024 3:00,69.69500052
2/21/2024 4:00,73.89999943
2/21/2024 5:00,78.1733326
2/21/2024 6:00,77.22166659
2/21/2024 7:00,74.54666678
2/21/2024 8:00,86.66500028
2/21/2024 9:00,87.09166667
2/21/2024 10:00,58.80000045
2/21/2024 11:00,36.46500003
2/21/2024 12:00,22.34677404
2/21/2024 13:00,22.80645164
2/21/2024 14:00,21.41666673
2/21/2024 15:00,18.99499998
2/21/2024 16:00,23.02903225
2/21/2024 17:00,26.55833346
2/21/2024 18:00,41.73499985
2/21/2024 19:00,43.48166682
2/21/2024 20:00,45.27166665
2/21/2024 21:00,49.45166645
2/21/2024 22:00,47.12666658
2/21/2024 23:00,61.22833322
2/22/2024,55.53499991
2/22/2024 1:00,59.18166701
2/22/2024 2:00,63.33666674
2/22/2024 3:00,67.51833318
2/22/2024 4:00,66.72000001
2/22/2024 5:00,80.89166603
2/22/2024 6:00,80.36666679
2/22/2024 7:00,84.45833308
2/22/2024 8:00,77.06166643
2/22/2024 9:00,54.19333324
2/22/2024 10:00,43.88333333
2/22/2024 11:00,29.53500004
2/22/2024 12:00,14.46499999
2/22/2024 13:00,16.74166662
2/22/2024 14:00,20.3666666
2/22/2024 15:00,19.12166664
2/22/2024 16:00,17.55333335
2/22/2024 17:00,18.31499998
2/22/2024 18:00,16.47166659
2/22/2024 19:00,24.7174603
2/22/2024 20:00,20.57000011
2/22/2024 21:00,27.68000021
2/22/2024 22:00,27.16333323
2/22/2024 23:00,38.51500006
2/23/2024,31.90499983
2/23/2024 1:00,30.85666663
2/23/2024 2:00,29.2666666
2/23/2024 3:00,28.4983332
2/23/2024 4:00,32.85333338
2/23/2024 5:00,71.56499968
2/23/2024 6:00,58.34000003
2/23/2024 7:00,57.9733333
2/23/2024 8:00,72.55999947
2/23/2024 9:00,51.17000008
2/23/2024 10:00,44.83500017
2/23/2024 11:00,25.57999997
2/23/2024 12:00,17.62166667
2/23/2024 13:00,13.07499997
2/23/2024 14:00,11.38166668
2/23/2024 15:00,13.85000002
2/23/2024 16:00,18.28666677
2/23/2024 17:00,23.96000001
2/23/2024 18:00,33.15833346
2/23/2024 19:00,36.07333339
2/23/2024 20:00,43.61833331
2/23/2024 21:00,56.26333345
2/23/2024 22:00,62.18000018
2/23/2024 23:00,49.75000006
2/24/2024,47.2799998
2/24/2024 1:00,49.14833336
2/24/2024 2:00,53.31500009
2/24/2024 3:00,48.9899999
2/24/2024 4:00,58.36833331
2/24/2024 5:00,56.53333359
2/24/2024 6:00,76.738333
2/24/2024 7:00,81.50833371
2/24/2024 8:00,73.85500018
2/24/2024 9:00,70.23833319
2/24/2024 10:00,29.14666662
2/24/2024 11:00,14.06333329
2/24/2024 12:00,20.62666674
2/24/2024 13:00,24.28166669
2/24/2024 14:00,21.23833329
2/24/2024 15:00,17.80151519
2/24/2024 16:00,17.23666671
2/24/2024 17:00,20.24666672
2/24/2024 18:00,31.39499995
2/24/2024 19:00,34.75666653
2/24/2024 20:00,42.91166649
2/24/2024 21:00,52.10499999
2/24/2024 22:00,52.25333335
2/24/2024 23:00,52.17333317
2/25/2024,48.76333313
2/25/2024 1:00,48.08333314
2/25/2024 2:00,46.39333344
2/25/2024 3:00,43.24999994
2/25/2024 4:00,55.42000027
2/25/2024 5:00,66.39166648
2/25/2024 6:00,63.55833289
2/25/2024 7:00,69.45161309
2/25/2024 8:00,72.2183335
2/25/2024 9:00,60.64666704
2/25/2024 10:00,36.86000026
2/25/2024 11:00,18.91833334
2/25/2024 12:00,16.17500003
2/25/2024 13:00,14.45500007
2/25/2024 14:00,12.02166669
2/25/2024 15:00,14.20333335
2/25/2024 16:00,15.53499994
2/25/2024 17:00,23.94833333
2/25/2024 18:00,36.14333324
2/25/2024 19:00,42.94666672
2/25/2024 20:00,54.78333308
2/25/2024 21:00,57.83833345
2/25/2024 22:00,64.04666678
2/25/2024 23:00,54.65833333
2/26/2024,52.69166654
2/26/2024 1:00,54.78166663
2/26/2024 2:00,57.61166662
2/26/2024 3:00,59.44166673
2/26/2024 4:00,65.18000024
2/26/2024 5:00,60.67166691
2/26/2024 6:00,67.6316665
2/26/2024 7:00,79.68833313
2/26/2024 8:00,96.06500041
2/26/2024 9:00,90.27301607
2/26/2024 10:00,51.3983333
2/26/2024 11:00,40.23500045
2/26/2024 12:00,19.27999996
2/26/2024 13:00,14.09166668
2/26/2024 14:00,17.48833323
2/26/2024 15:00,19.94833333
2/26/2024 16:00,23.03499991
2/26/2024 17:00,24.69166673
2/26/2024 18:00,39.24500017
2/26/2024 19:00,41.35333341
2/26/2024 20:00,49.82333317
2/26/2024 21:00,67.48666662
2/26/2024 22:00,58.38166637
2/26/2024 23:00,49.59500027
2/27/2024,52.73200027
2/27/2024 1:00,67.09166686
2/27/2024 2:00,58.57833309
2/27/2024 3:00,65.43666636
2/27/2024 4:00,59.73833319
2/27/2024 5:00,65.89666672
2/27/2024 6:00,63.75333309
2/27/2024 7:00,92.00999959
2/27/2024 8:00,91.36500003
2/27/2024 9:00,81.69166667
2/27/2024 10:00,58.24666691
2/27/2024 11:00,39.78500023
2/27/2024 12:00,28.05333335
2/27/2024 13:00,15.13870971
2/27/2024 14:00,19.21833337
2/27/2024 15:00,34.08333333
2/27/2024 16:00,32.90317475
2/27/2024 17:00,35.31666676
2/27/2024 18:00,43.04499989
2/27/2024 19:00,56.18666617
2/27/2024 20:00,77.81166687
2/27/2024 21:00,83.9966664
2/27/2024 22:00,62.64333318
2/27/2024 23:00,63.1850001
2/28/2024,66.20833359
2/28/2024 1:00,65.30500005
2/28/2024 2:00,60.64833336
2/28/2024 3:00,66.96333332
2/28/2024 4:00,74.27333361
2/28/2024 5:00,68.41166674
2/28/2024 6:00,69.69000015
2/28/2024 7:00,90.0516669
2/28/2024 8:00,82.54333356
2/28/2024 9:00,68.38888919
2/28/2024 10:00,45.80166658
2/28/2024 11:00,38.4583333
2/28/2024 12:00,28.56290307
2/28/2024 13:00,17.76500004
2/28/2024 14:00,14.28666674
2/28/2024 15:00,20.13833342
2/28/2024 16:00,32.43166676
2/28/2024 17:00,49.92500013
2/28/2024 18:00,57.88333327
2/28/2024 19:00,64.58333321
2/28/2024 20:00,65.77333336
2/28/2024 21:00,63.03650786
2/28/2024 22:00,78.29166679
2/28/2024 23:00,76.87166723
2/29/2024,70.23666636
2/29/2024 1:00,67.69666697
2/29/2024 2:00,66.23500029
2/29/2024 3:00,71.16333408
2/29/2024 4:00,67.18999983
2/29/2024 5:00,69.77666588
2/29/2024 6:00,66.0318181
2/29/2024 7:00,75.47666651
2/29/2024 8:00,89.85500081
2/29/2024 9:00,84.06833305
2/29/2024 10:00,64.84500001
2/29/2024 11:00,32.04333328
2/29/2024 12:00,16.7699999
2/29/2024 13:00,17.44833326
2/29/2024 14:00,19.82063499
2/29/2024 15:00,24.00000006
2/29/2024 16:00,29.3666667
2/29/2024 17:00,38.71666673
2/29/2024 18:00,43.29166673
2/29/2024 19:00,52.89166667
2/29/2024 20:00,52.1583334
2/29/2024 21:00,61.47500006
2/29/2024 22:00,73.17666639
2/29/2024 23:00,65.0683335
3/1/2024,66.6149999
3/1/2024 1:00,64.88666693
3/1/2024 2:00,63.38833338
3/1/2024 3:00,64.17500013
3/1/2024 4:00,65.28666649
3/1/2024 5:00,67.50166677
3/1/2024 6:00,73.35333328
3/1/2024 7:00,82.88333308
3/1/2024 8:00,85.28333321
3/1/2024 9:00,73.96833369
3/1/2024 10:00,69.0904762
3/1/2024 11:00,37.91969718
3/1/2024 12:00,28.31833321
3/1/2024 13:00,24.49682541
3/1/2024 14:00,29.62666677
3/1/2024 15:00,36.23666684
3/1/2024 16:00,40.54333324
3/1/2024 17:00,50.35666663
3/1/2024 18:00,54.03833326
3/1/2024 19:00,61.06999982
3/1/2024 20:00,65.12999992
3/1/2024 21:00,82.59000028
3/1/2024 22:00,88.60666682
3/1/2024 23:00,85.52833328
3/2/2024,86.78833351
3/2/2024 1:00,77.54166692
3/2/2024 2:00,86.54000015
3/2/2024 3:00,91.28166644
3/2/2024 4:00,91.48333321
3/2/2024 5:00,89.41500003
3/2/2024 6:00,95.91833331
3/2/2024 7:00,101.8133334
3/2/2024 8:00,98.90833295
3/2/2024 9:00,82.50833333
3/2/2024 10:00,58.45166658
3/2/2024 11:00,49.08333328
3/2/2024 12:00,45.96999989
3/2/2024 13:00,41.93043488
3/2/2024 14:00,26.98666668
3/2/2024 15:00,33.90499996
3/2/2024 16:00,42.46666654
3/2/2024 17:00,40.85333328
3/2/2024 18:00,45.51000017
3/2/2024 19:00,47.43999971
3/2/2024 20:00,49.85166645
3/2/2024 21:00,54.95499992
3/2/2024 22:00,54.32166665
3/2/2024 23:00,57.51333345
3/3/2024,58.45000006
3/3/2024 1:00,52.47333342
3/3/2024 2:00,61.9666666
3/3/2024 3:00,67.0483333
3/3/2024 4:00,53.00500024
3/3/2024 5:00,60.99666672
3/3/2024 6:00,68.54127012
3/3/2024 7:00,95.20833308
3/3/2024 8:00,77.38059713
3/3/2024 9:00,74.34999987
3/3/2024 10:00,66.7383337
3/3/2024 11:00,42.77500003
3/3/2024 12:00,27.07826092
3/3/2024 13:00,49.91587315
3/3/2024 14:00,27.15079362
3/3/2024 15:00,23.95333331
3/3/2024 16:00,21.27166659
3/3/2024 17:00,27.19666656
3/3/2024 18:00,25.91833334
3/3/2024 19:00,26.47777797
3/3/2024 20:00,27.68888885
3/3/2024 21:00,23.97833328
3/3/2024 22:00,31.56935495
3/3/2024 23:00,24.69333339
3/4/2024,16.72833328
3/4/2024 1:00,21.87833335
3/4/2024 2:00,24.36166658
3/4/2024 3:00,23.19666681
3/4/2024 4:00,17.93666673
3/4/2024 5:00,22.34499992
3/4/2024 6:00,27.70317462
3/4/2024 7:00,44.85999985
3/4/2024 8:00,48.58166656
3/4/2024 9:00,51.0625
3/4/2024 10:00,41.77777766
3/4/2024 11:00,19.30499999
3/4/2024 12:00,18.02166657
3/4/2024 13:00,12.22666672
3/4/2024 14:00,10.43000007
3/4/2024 15:00,9.701666657
3/4/2024 16:00,10.83968247
3/4/2024 17:00,14.32333333
3/4/2024 18:00,19.08666658
3/4/2024 19:00,22.6666667
3/4/2024 20:00,24.27424246
3/4/2024 21:00,33.40666666
3/4/2024 22:00,42.92656231
3/4/2024 23:00,35.8450002
3/5/2024,38.85500005
3/5/2024 1:00,39.89833349
3/5/2024 2:00,41.95166709
3/5/2024 3:00,37.60833333
3/5/2024 4:00,42.73833332
3/5/2024 5:00,41.8766667
3/5/2024 6:00,43.62903214
3/5/2024 7:00,56.84833317
3/5/2024 8:00,63.12500013
3/5/2024 9:00,48.62166665
3/5/2024 10:00,27.6983333
3/5/2024 11:00,18.28500002
3/5/2024 12:00,12.68500001
3/5/2024 13:00,6.858333341
3/5/2024 14:00,5.370000017
3/5/2024 15:00,6.012698401
3/5/2024 16:00,6.624999976
3/5/2024 17:00,11.96666666
3/5/2024 18:00,19.97166678
3/5/2024 19:00,16.96166676
3/5/2024 20:00,21.95000006
3/5/2024 21:00,33.99523793
3/5/2024 22:00,36.93166695
3/5/2024 23:00,40.10999991
3/6/2024,45.00833378
3/6/2024 1:00,46.42499981
3/6/2024 2:00,44.90666669
3/6/2024 3:00,43.23666655
3/6/2024 4:00,44.04499995
3/6/2024 5:00,45.9566665
3/6/2024 6:00,57.94666672
3/6/2024 7:00,75.10000006
3/6/2024 8:00,109.2366669
3/6/2024 9:00,69.03333308
3/6/2024 10:00,34.96500012
3/6/2024 11:00,20.18870963
3/6/2024 12:00,12.31
3/6/2024 13:00,7.656451618
3/6/2024 14:00,7.477049155
3/6/2024 15:00,8.026984094
3/6/2024 16:00,8.178333394
3/6/2024 17:00,8.275000016
3/6/2024 18:00,37.06825399
3/6/2024 19:00,57.3791045
3/6/2024 20:00,58.58593738
3/6/2024 21:00,58.63636364
3/6/2024 22:00,63.40302999
3/6/2024 23:00,58.47500057
3/7/2024,79.44166692
3/7/2024 1:00,79.21999995
3/7/2024 2:00,68.66666673
3/7/2024 3:00,65.80166658
3/7/2024 4:00,68.84166641
3/7/2024 5:00,74.77333349
3/7/2024 6:00,80.57166697
3/7/2024 7:00,81.38166707
3/7/2024 8:00,84.06333389
3/7/2024 9:00,67.2783336
3/7/2024 10:00,34.62333345
3/7/2024 11:00,24.5133334
3/7/2024 12:00,9.944444414
3/7/2024 13:00,8.347619072
3/7/2024 14:00,7.818333324
3/7/2024 15:00,6.873333343
3/7/2024 16:00,8.583333349
3/7/2024 17:00,10.89999994
3/7/2024 18:00,19.09310346
3/7/2024 19:00,36.98870988
3/7/2024 20:00,49.55714314
3/7/2024 21:00,53.57419352
3/7/2024 22:00,41.70499992
3/7/2024 23:00,55.5983333
3/8/2024,53.20333347
3/8/2024 1:00,59.58666655
3/8/2024 2:00,64.29122824
3/8/2024 3:00,59.73166669
3/8/2024 4:00,69.40666656
3/8/2024 5:00,69.43333314
3/8/2024 6:00,63.0133337
3/8/2024 7:00,72.66825382
3/8/2024 8:00,87.21500003
3/8/2024 9:00,73.74166698
3/8/2024 10:00,50.4316666
3/8/2024 11:00,19.86166666
3/8/2024 12:00,17.59333328
3/8/2024 13:00,16.88833343
3/8/2024 14:00,13.20166658
3/8/2024 15:00,16.56999998
3/8/2024 16:00,35.03015857
3/8/2024 17:00,46.74444465
3/8/2024 18:00,50.56333319
3/8/2024 19:00,63.55333335
3/8/2024 20:00,78.52833335
3/8/2024 21:00,100.6833336
3/8/2024 22:00,141.2449999
3/8/2024 23:00,133.3933339
3/9/2024,116.1833331
3/9/2024 1:00,113.2716666
3/9/2024 2:00,99.92833303
3/9/2024 3:00,98.50166728
3/9/2024 4:00,92.18709663
3/9/2024 5:00,95.68166669
3/9/2024 6:00,101.0733332
3/9/2024 7:00,125.7500001
3/9/2024 8:00,131.8983332
3/9/2024 9:00,108.7533333
3/9/2024 10:00,62.00333335
3/9/2024 11:00,35.50500008
3/9/2024 12:00,16.31333343
3/9/2024 13:00,21.44500004
3/9/2024 14:00,23.02500003
3/9/2024 15:00,23.13166663
3/9/2024 16:00,24.69166673
3/9/2024 17:00,29.3666666
3/9/2024 18:00,36.07333326
3/9/2024 19:00,45.60833327
3/9/2024 20:00,50.21999995
3/9/2024 21:00,57.27999999
3/9/2024 22:00,71.02000008
3/9/2024 23:00,65.94666672
3/10/2024,69.6516662
3/10/2024 1:00,66.18499991
3/10/2024 2:00,69.59166609
3/10/2024 3:00,68.65000006
3/10/2024 4:00,72.09677469
3/10/2024 5:00,75.52166684
3/10/2024 6:00,75.25833371
3/10/2024 7:00,88.71999969
3/10/2024 8:00,91.24500046
3/10/2024 9:00,63.39666646
3/10/2024 10:00,45.11833337
3/10/2024 11:00,30.80166651
3/10/2024 12:00,27.79677425
3/10/2024 13:00,24.22903227
3/10/2024 14:00,26.16499996
3/10/2024 15:00,31.01000004
3/10/2024 16:00,34.90166664
3/10/2024 17:00,42.06166674
3/10/2024 18:00,51.36166674
3/10/2024 19:00,59.10333316
3/10/2024 20:00,62.47166684
3/10/2024 21:00,74.48499972
3/10/2024 22:00,75.33666674
3/10/2024 23:00,77.21166687
3/11/2024,76.85833384
3/11/2024 1:00,75.56833344
3/11/2024 2:00,77.07333349
3/11/2024 3:00,73.52499987
3/11/2024 4:00,81.42000008
3/11/2024 5:00,85.90499992
3/11/2024 6:00,91.80500005
3/11/2024 7:00,100.4616662
3/11/2024 8:00,101.6833337
3/11/2024 9:00,68.8499993
3/11/2024 10:00,54.74999962
3/11/2024 11:00,41.1421873
3/11/2024 12:00,34.38333343
3/11/2024 13:00,31.9100001
3/11/2024 14:00,35.28666674
3/11/2024 15:00,32.66166646
3/11/2024 16:00,36.0983331
3/11/2024 17:00,43.35666656
3/11/2024 18:00,54.51904775
3/11/2024 19:00,60.81833344
3/11/2024 20:00,62.9476193
3/11/2024 21:00,67.09166654
3/11/2024 22:00,90.57166646
3/11/2024 23:00,83.12666677
3/12/2024,90.06999995
3/12/2024 1:00,131.0610173
3/12/2024 2:00,84.2816672
3/12/2024 3:00,81.40166677
3/12/2024 4:00,79.65833333
3/12/2024 5:00,81.46333326
3/12/2024 6:00,78.6600001
3/12/2024 7:00,92.31166636
3/12/2024 8:00,118.1328574
3/12/2024 9:00,82.14166698
3/12/2024 10:00,47.31333332
3/12/2024 11:00,37.05555574
3/12/2024 12:00,26.10166667
3/12/2024 13:00,23.8550001
3/12/2024 14:00,24.31666667
3/12/2024 15:00,27.04666681
3/12/2024 16:00,30.70999982
3/12/2024 17:00,40.02666677
3/12/2024 18:00,45.73999983
3/12/2024 19:00,49.76999989
3/12/2024 20:00,54.1483333
3/12/2024 21:00,58.35833346
3/12/2024 22:00,64.81333345
3/12/2024 23:00,64.46166668
3/13/2024,62.62000008
3/13/2024 1:00,63.71500015
3/13/2024 2:00,64.36166693
3/13/2024 3:00,63.18833345
3/13/2024 4:00,68.20833365
3/13/2024 5:00,59.07499981
3/13/2024 6:00,66.12499981
3/13/2024 7:00,79.12222217
3/13/2024 8:00,76.52666626
3/13/2024 9:00,84.08666649
3/13/2024 10:00,46.0666667
3/13/2024 11:00,17.58666663
3/13/2024 12:00,13.64499993
3/13/2024 13:00,9.674603175
3/13/2024 14:00,12.82499998
3/13/2024 15:00,16.67166672
3/13/2024 16:00,18.16666657
3/13/2024 17:00,21.91499999
3/13/2024 18:00,32.19499992
3/13/2024 19:00,35.55833346
3/13/2024 20:00,36.67000008
3/13/2024 21:00,46.69499989
3/13/2024 22:00,49.74166692
3/13/2024 23:00,51.30000019
3/14/2024,48.35999991
3/14/2024 1:00,54.28833313
3/14/2024 2:00,57.99365083
3/14/2024 3:00,53.04999987
3/14/2024 4:00,63.31833324
3/14/2024 5:00,57.85333373
3/14/2024 6:00,63.08253976
3/14/2024 7:00,135.4083336
3/14/2024 8:00,88.35833371
3/14/2024 9:00,70.00499986
3/14/2024 10:00,44.93000011
3/14/2024 11:00,25.98833332
3/14/2024 12:00,22.38833342
3/14/2024 13:00,21.63166666
3/14/2024 14:00,17.74666675
3/14/2024 15:00,17.48500013
3/14/2024 16:00,16.76000005
3/14/2024 17:00,20.45666663
3/14/2024 18:00,30.94833317
3/14/2024 19:00,38.41833331
3/14/2024 20:00,39.5983331
3/14/2024 21:00,52.9233333
3/14/2024 22:00,58.17666664
3/14/2024 23:00,54.70500005
3/15/2024,56.55500005
3/15/2024 1:00,58.96666654
3/15/2024 2:00,57.35166683
3/15/2024 3:00,61.08833313
3/15/2024 4:00,61.475
3/15/2024 5:00,63.11666679
3/15/2024 6:00,67.51166674
3/15/2024 7:00,77.53666674
3/15/2024 8:00,82.31587328
3/15/2024 9:00,59.21000004
3/15/2024 10:00,35.39833345
3/15/2024 11:00,18.295
3/15/2024 12:00,11.8866667
3/15/2024 13:00,12.81166665
3/15/2024 14:00,12.10833332
3/15/2024 15:00,11.67666667
3/15/2024 16:00,12.99499993
3/15/2024 17:00,16.66666662
3/15/2024 18:00,23.04333318
3/15/2024 19:00,29.75166667
3/15/2024 20:00,36.70666669
3/15/2024 21:00,48.85333335
3/15/2024 22:00,50.09000009
3/15/2024 23:00,49.09166667
3/16/2024,50.75666663
3/16/2024 1:00,52.2350001
3/16/2024 2:00,57.76333332
3/16/2024 3:00,63.96333288
3/16/2024 4:00,64.63333302
3/16/2024 5:00,71.4399999
3/16/2024 6:00,78.14500008
3/16/2024 7:00,102.2816664
3/16/2024 8:00,107.2266664
3/16/2024 9:00,70.08333295
3/16/2024 10:00,36.21499971
3/16/2024 11:00,12.08333333
3/16/2024 12:00,10.56190479
3/16/2024 13:00,11.21111105
3/16/2024 14:00,13.80500007
3/16/2024 15:00,21.53833332
3/16/2024 16:00,23.525
3/16/2024 17:00,28.08499997
3/16/2024 18:00,33.84262291
3/16/2024 19:00,38.57377043
3/16/2024 20:00,48.72999992
3/16/2024 21:00,54.15166664
3/16/2024 22:00,51.2100001
3/16/2024 23:00,52.09666653
3/17/2024,49.77833341
3/17/2024 1:00,49.33833313
3/17/2024 2:00,50.18666674
3/17/2024 3:00,54.10166658
3/17/2024 4:00,53.45666688
3/17/2024 5:00,63.25166645
3/17/2024 6:00,75.64833336
3/17/2024 7:00,85.17333336
3/17/2024 8:00,78.96166662
3/17/2024 9:00,74.63499985
3/17/2024 10:00,33.02000011
3/17/2024 11:00,25.39833333
3/17/2024 12:00,20.77096778
3/17/2024 13:00,10.91500001
3/17/2024 14:00,14.21999993
3/17/2024 15:00,17.42666669
3/17/2024 16:00,22.05166674
3/17/2024 17:00,29.48253962
3/17/2024 18:00,42.14833317
3/17/2024 19:00,52.70500024
3/17/2024 20:00,64.77333342
3/17/2024 21:00,68.3800005
3/17/2024 22:00,82.98333359
3/17/2024 23:00,79.78833338
3/18/2024,76.96500003
3/18/2024 1:00,82.26833305
3/18/2024 2:00,87.39666608
3/18/2024 3:00,82.79166667
3/18/2024 4:00,82.46666705
3/18/2024 5:00,90.63333308
3/18/2024 6:00,92.5033329
3/18/2024 7:00,101.0316668
3/18/2024 8:00,98.05833371
3/18/2024 9:00,80.45166639
3/18/2024 10:00,63.71500022
3/18/2024 11:00,35.52666655
3/18/2024 12:00,18.87936519
3/18/2024 13:00,19.29499995
3/18/2024 14:00,20.14666669
3/18/2024 15:00,18.35666666
3/18/2024 16:00,26.48666671
3/18/2024 17:00,33.54666656
3/18/2024 18:00,39.8583334
3/18/2024 19:00,55.55666656
3/18/2024 20:00,64.51833344
3/18/2024 21:00,71.14499982
3/18/2024 22:00,69.75333328
3/18/2024 23:00,77.00666644
3/19/2024,70.90000025
3/19/2024 1:00,79.37333285
3/19/2024 2:00,84.70999959
3/19/2024 3:00,82.75833346
3/19/2024 4:00,84.24333344
3/19/2024 5:00,88.41166687
3/19/2024 6:00,92.17666626
3/19/2024 7:00,101.9483339
3/19/2024 8:00,125.5233335
3/19/2024 9:00,88.95
3/19/2024 10:00,43.31666657
3/19/2024 11:00,21.87833325
3/19/2024 12:00,21.37999996
3/19/2024 13:00,14.50333335
3/19/2024 14:00,14.645
3/19/2024 15:00,16.53833338
3/19/2024 16:00,24.68999999
3/19/2024 17:00,41.48333346
3/19/2024 18:00,47.44166692
3/19/2024 19:00,53.425
3/19/2024 20:00,64.54666704
3/19/2024 21:00,68.81833324
3/19/2024 22:00,72.25000025
3/19/2024 23:00,76.09833361
3/20/2024,76.46500015
3/20/2024 1:00,81.75333379
3/20/2024 2:00,82.11166598
3/20/2024 3:00,92.05666656
3/20/2024 4:00,91.12666639
3/20/2024 5:00,83.45833321
3/20/2024 6:00,83.12000033
3/20/2024 7:00,110.1616664
3/20/2024 8:00,127.1550003
3/20/2024 9:00,128.3550007
3/20/2024 10:00,98.98254007
3/20/2024 11:00,77.06333351
3/20/2024 12:00,61.49696963
3/20/2024 13:00,55.87666651
3/20/2024 14:00,50.97166665
3/20/2024 15:00,47.89666659
3/20/2024 16:00,49.1916666
3/20/2024 17:00,59.63666662
3/20/2024 18:00,62.98999958
3/20/2024 19:00,56.68166612
3/20/2024 20:00,56.73333314
3/20/2024 21:00,58.08032789
3/20/2024 22:00,53.85666669
3/20/2024 23:00,67.58500029
3/21/2024,71.11833344
3/21/2024 1:00,66.97333342
3/21/2024 2:00,60.83833338
3/21/2024 3:00,74.82166672
3/21/2024 4:00,63.05333354
3/21/2024 5:00,64.63499985
3/21/2024 6:00,66.56999957
3/21/2024 7:00,66.57166665
3/21/2024 8:00,52.65499986
3/21/2024 9:00,60.46666677
3/21/2024 10:00,50.77833322
3/21/2024 11:00,48.9799998
3/21/2024 12:00,27.96333319
3/21/2024 13:00,35.75500019
3/21/2024 14:00,68.68870975
3/21/2024 15:00,73.55666631
3/21/2024 16:00,75.59666684
3/21/2024 17:00,53.81594202
3/21/2024 18:00,52.55483867
3/21/2024 19:00,88.46333338
3/21/2024 20:00,87.15833333
3/21/2024 21:00,65.02500006
3/21/2024 22:00,80.95166639
3/21/2024 23:00,72.58499985
3/22/2024,67.56833356
3/22/2024 1:00,75.46333338
3/22/2024 2:00,69.84999987
3/22/2024 3:00,95.88166682
3/22/2024 4:00,86.85666682
3/22/2024 5:00,94.66333389
3/22/2024 6:00,101.6416669
3/22/2024 7:00,101.6799999
3/22/2024 8:00,101.6301581
3/22/2024 9:00,75.14516135
3/22/2024 10:00,53.9238096
3/22/2024 11:00,37.97580642
3/22/2024 12:00,31.39833349
3/22/2024 13:00,33.01833337
3/22/2024 14:00,27.58666671
3/22/2024 15:00,23.17333345
3/22/2024 16:00,27.98499988
3/22/2024 17:00,30.30499999
3/22/2024 18:00,33.39666669
3/22/2024 19:00,32.41166655
3/22/2024 20:00,38.78333333
3/22/2024 21:00,34.43499991
3/22/2024 22:00,37.52000008
3/22/2024 23:00,43.21666686
3/23/2024,53.30333335
3/23/2024 1:00,55.39333356
3/23/2024 2:00,30.39499992
3/23/2024 3:00,32.35833346
3/23/2024 4:00,35.39833336
3/23/2024 5:00,43.36833331
3/23/2024 6:00,34.01999998
3/23/2024 7:00,35.87500003
3/23/2024 8:00,44.01333351
3/23/2024 9:00,29.81999985
3/23/2024 10:00,36.33000008
3/23/2024 11:00,23.84833345
3/23/2024 12:00,16.01129037
3/23/2024 13:00,15.44833331
3/23/2024 14:00,15.50999997
3/23/2024 15:00,22.69499989
3/23/2024 16:00,33.34499992
3/23/2024 17:00,39.67999999
3/23/2024 18:00,45.62222211
3/23/2024 19:00,47.23999964
3/23/2024 20:00,53.96833286
3/23/2024 21:00,58.8350001
3/23/2024 22:00,62.43650794
3/23/2024 23:00,85.24333363
3/24/2024,74.63833389
3/24/2024 1:00,49.16666679
3/24/2024 2:00,44.29000003
3/24/2024 3:00,46.93333333
3/24/2024 4:00,54.11166674
3/24/2024 5:00,56.91666673
3/24/2024 6:00,60.45333341
3/24/2024 7:00,64.00833359
3/24/2024 8:00,73.13833351
3/24/2024 9:00,36.90166674
3/24/2024 10:00,35.96666679
3/24/2024 11:00,33.66499996
3/24/2024 12:00,34.79000031
3/24/2024 13:00,29.3749999
3/24/2024 14:00,34.23333343
3/24/2024 15:00,37.11166668
3/24/2024 16:00,39.59666646
3/24/2024 17:00,45.63000011
3/24/2024 18:00,53.39500001
3/24/2024 19:00,59.73166682
3/24/2024 20:00,56.58666655
3/24/2024 21:00,66.00333322
3/24/2024 22:00,71.39333344
3/24/2024 23:00,69.45833333
3/25/2024,72.81166687
3/25/2024 1:00,70.44833336
3/25/2024 2:00,68.27999992
3/25/2024 3:00,60.80999991
3/25/2024 4:00,44.32499987
3/25/2024 5:00,50.02166659
3/25/2024 6:00,48.48333314
3/25/2024 7:00,57.54999994
3/25/2024 8:00,54.5426228
3/25/2024 9:00,50.70937508
3/25/2024 10:00,39.44285723
3/25/2024 11:00,30.14333318
3/25/2024 12:00,31.16500003
3/25/2024 13:00,28.35714292
3/25/2024 14:00,21.87999996
3/25/2024 15:00,20.9555556
3/25/2024 16:00,27.59666656
3/25/2024 17:00,36.26833337
3/25/2024 18:00,41.14333312
3/25/2024 19:00,48.20327865
3/25/2024 20:00,50.99206349
3/25/2024 21:00,64.64127023
3/25/2024 22:00,55.6733333
3/25/2024 23:00,58.61666673
3/26/2024,50.3083333
3/26/2024 1:00,36.61999979
3/26/2024 2:00,52.85333309
3/26/2024 3:00,43.59666646
3/26/2024 4:00,45.04666678
3/26/2024 5:00,51.63833326
3/26/2024 6:00,58.32333336
3/26/2024 7:00,62.83492061
3/26/2024 8:00,77.95500024
3/26/2024 9:00,52.06166643
3/26/2024 10:00,53.96666648
3/26/2024 11:00,53.8899999
3/26/2024 12:00,44.86333338
3/26/2024 13:00,47.67999999
3/26/2024 14:00,48.62166665
3/26/2024 15:00,47.28166669
3/26/2024 16:00,45.28333327
3/26/2024 17:00,47.47166659
3/26/2024 18:00,54.86166687
3/26/2024 19:00,58.81666641
3/26/2024 20:00,59.32666664
3/26/2024 21:00,62.06212113
3/26/2024 22:00,69.69499969
3/26/2024 23:00,64.59333337
3/27/2024,64.3016669
3/27/2024 1:00,83.49999987
3/27/2024 2:00,73.75000051
3/27/2024 3:00,79.91666667
3/27/2024 4:00,75.87833341
3/27/2024 5:00,90.00333328
3/27/2024 6:00,88.5683328
3/27/2024 7:00,96.03166669
3/27/2024 8:00,101.4031747
3/27/2024 9:00,99.63500023
3/27/2024 10:00,69.95238095
3/27/2024 11:00,61.2299998
3/27/2024 12:00,66.72666658
3/27/2024 13:00,46.70166677
3/27/2024 14:00,57.02698414
3/27/2024 15:00,66.70333316
3/27/2024 16:00,48.3666666
3/27/2024 17:00,55.31166668
3/27/2024 18:00,68.39500033
3/27/2024 19:00,73.77833303
3/27/2024 20:00,75.84333305
3/27/2024 21:00,52.44666678
3/27/2024 22:00,45.07166665
3/27/2024 23:00,51.63166669
3/28/2024,45.64833336
3/28/2024 1:00,58.44166654
3/28/2024 2:00,48.62833335
3/28/2024 3:00,37.08499997
3/28/2024 4:00,39.30999991
3/28/2024 5:00,40.01333351
3/28/2024 6:00,46.63833332
3/28/2024 7:00,52.09166667
3/28/2024 8:00,58.44666691
3/28/2024 9:00,72.69166641
3/28/2024 10:00,57.49833291
3/28/2024 11:00,45.69999987
3/28/2024 12:00,41.48000018
3/28/2024 13:00,28.74333331
3/28/2024 14:00,23.42380948
3/28/2024 15:00,29.01666665
3/28/2024 16:00,44.49999994
3/28/2024 17:00,44.07666664
3/28/2024 18:00,38.13666662
3/28/2024 19:00,51.66166674
3/28/2024 20:00,54.18833338
3/28/2024 21:00,63.50500037
3/28/2024 22:00,79.63499959
3/28/2024 23:00,71.10999997
3/29/2024,61.72833328
3/29/2024 1:00,62.45499992
3/29/2024 2:00,63.9383337
3/29/2024 3:00,72.48666623
3/29/2024 4:00,76.71833331
3/29/2024 5:00,80.68166682
3/29/2024 6:00,82.98833364
3/29/2024 7:00,96.8799998
3/29/2024 8:00,81.82666696
3/29/2024 9:00,41.49999987
3/29/2024 10:00,39.79047618
3/29/2024 11:00,41.13000011
3/29/2024 12:00,37.16190453
3/29/2024 13:00,30.13999993
3/29/2024 14:00,28.92833331
3/29/2024 15:00,28.14999997
3/29/2024 16:00,29.55500008
3/29/2024 17:00,34.2766667
3/29/2024 18:00,36.38666649
3/29/2024 19:00,42.21333338
3/29/2024 20:00,43.25666676
3/29/2024 21:00,58.13833326
3/29/2024 22:00,88.59166641
3/29/2024 23:00,86.86166649
3/30/2024,95.92666613
3/30/2024 1:00,75.40333366
3/30/2024 2:00,77.68166644
3/30/2024 3:00,75.38666598
3/30/2024 4:00,82.98499972
3/30/2024 5:00,80.838333
3/30/2024 6:00,110.0166667
3/30/2024 7:00,104.7916669
3/30/2024 8:00,117.5063495
3/30/2024 9:00,73.51833388
3/30/2024 10:00,45.38999983
3/30/2024 11:00,37.97000001
3/30/2024 12:00,39.85833327
3/30/2024 13:00,29.32333333
3/30/2024 14:00,27.47999992
3/30/2024 15:00,31.14333334
3/30/2024 16:00,32.5499999
3/30/2024 17:00,36.59166673
3/30/2024 18:00,49.37999999
3/30/2024 19:00,60.84838753
3/30/2024 20:00,23.83934457
3/30/2024 21:00,27.18666662
3/30/2024 22:00,32.12166669
3/30/2024 23:00,40.84000015
3/31/2024,39.98666652
3/31/2024 1:00,47.04558844
3/31/2024 2:00,38.49833342
3/31/2024 3:00,45.6983333
3/31/2024 4:00,40.5250001
3/31/2024 5:00,39.17500006
3/31/2024 6:00,45.44666688
3/31/2024 7:00,63.73333333
3/31/2024 8:00,58.68571424
3/31/2024 9:00,40.4083334
3/31/2024 10:00,27.50000003
3/31/2024 11:00,16.68833335
3/31/2024 12:00,6.883333333
3/31/2024 13:00,6.993333332
3/31/2024 14:00,8.576666641
3/31/2024 15:00,NA
3/31/2024 16:00,NA
3/31/2024 17:00,18.82666667
3/31/2024 18:00,24.75500005
3/31/2024 19:00,15.96666671
3/31/2024 20:00,18.34333332
3/31/2024 21:00,12.18983049
3/31/2024 22:00,15.81333332
3/31/2024 23:00,17.44000003
4/1/2024,18.93000011
4/1/2024 1:00,21.1000001
4/1/2024 2:00,19.48833342
4/1/2024 3:00,23.03833329
4/1/2024 4:00,22.68833335
4/1/2024 5:00,33.19999994
4/1/2024 6:00,32.15166648
4/1/2024 7:00,46.37833322
4/1/2024 8:00,50.475
4/1/2024 9:00,43.75555565
4/1/2024 10:00,32.52999999
4/1/2024 11:00,26.3166667
4/1/2024 12:00,25.74000006
4/1/2024 13:00,25.41833318
4/1/2024 14:00,21.53666652
4/1/2024 15:00,10.98833337
4/1/2024 16:00,10.53148149
4/1/2024 17:00,16.47833322
4/1/2024 18:00,20.03666671
4/1/2024 19:00,50.16333345
4/1/2024 20:00,57.18333302
4/1/2024 21:00,61.7111108
4/1/2024 22:00,67.13999996
4/1/2024 23:00,54.46999995
4/2/2024,50.47166672
4/2/2024 1:00,50.67666664
4/2/2024 2:00,63.6766667
4/2/2024 3:00,60.31333345
4/2/2024 4:00,54.13333321
4/2/2024 5:00,57.95500011
4/2/2024 6:00,61.37999992
4/2/2024 7:00,69.04666634
4/2/2024 8:00,75.41833331
4/2/2024 9:00,48.95500011
4/2/2024 10:00,26.95666682
4/2/2024 11:00,20.65833322
4/2/2024 12:00,21.42999994
4/2/2024 13:00,12.52500002
4/2/2024 14:00,18.59833337
4/2/2024 15:00,40.54666669
4/2/2024 16:00,66.91500009
4/2/2024 17:00,75.44500008
4/2/2024 18:00,74.51500028
4/2/2024 19:00,69.18333314
4/2/2024 20:00,75.60166639
4/2/2024 21:00,82.08548417
4/2/2024 22:00,86.01166611
4/2/2024 23:00,80.96333326
4/3/2024,82.24499995
4/3/2024 1:00,78.08833389
4/3/2024 2:00,77.97333374
4/3/2024 3:00,75.84166629
4/3/2024 4:00,74.71166649
4/3/2024 5:00,75.24666723
4/3/2024 6:00,75.04833323
4/3/2024 7:00,84.87499987
4/3/2024 8:00,99.28571441
4/3/2024 9:00,70.68166714
4/3/2024 10:00,73.91666616
4/3/2024 11:00,53.18999983
4/3/2024 12:00,38.59666672
4/3/2024 13:00,38.24126973
4/3/2024 14:00,38.39166654
4/3/2024 15:00,61.99000028
4/3/2024 16:00,82.8066665
4/3/2024 17:00,91.53666693
4/3/2024 18:00,109.61
4/3/2024 19:00,109.7016668
4/3/2024 20:00,100.065
4/3/2024 21:00,107.4449996
4/3/2024 22:00,141.0900002
4/3/2024 23:00,135.0783337
4/4/2024,117.7366666
4/4/2024 1:00,103.6783335
4/4/2024 2:00,103.4583338
4/4/2024 3:00,103.6283328
4/4/2024 4:00,95.3899999
4/4/2024 5:00,101.483333
4/4/2024 6:00,108.3666664
4/4/2024 7:00,117.3816662
4/4/2024 8:00,131.2833338
4/4/2024 9:00,106.8716662
4/4/2024 10:00,87.84333369
4/4/2024 11:00,34.64833326
4/4/2024 12:00,11
4/4/2024 13:00,15.98999992
4/4/2024 14:00,8.115000049
4/4/2024 15:00,16.79000002
4/4/2024 16:00,40.93333311
4/4/2024 17:00,61.82166665
4/4/2024 18:00,64.54444443
4/4/2024 19:00,91.04769193
4/4/2024 20:00,104.321667
4/4/2024 21:00,110.3116666
4/4/2024 22:00,110.6
4/4/2024 23:00,116.1499999
4/5/2024,108.6766666
4/5/2024 1:00,101.008333
4/5/2024 2:00,99.68833326
4/5/2024 3:00,96.50333303
4/5/2024 4:00,92.90999947
4/5/2024 5:00,88.04333305
4/5/2024 6:00,96.4899999
4/5/2024 7:00,115.903334
4/5/2024 8:00,118.9933338
4/5/2024 9:00,78.79000053
4/5/2024 10:00,67.18787881
4/5/2024 11:00,44.28999983
4/5/2024 12:00,38.51212152
4/5/2024 13:00,34.37000017
4/5/2024 14:00,32.52833325
4/5/2024 15:00,74.5126984
4/5/2024 16:00,98.34500046
4/5/2024 17:00,97.45500018
4/5/2024 18:00,104.2716665
4/5/2024 19:00,100.8048387
4/5/2024 20:00,101.1149998
4/5/2024 21:00,131.7616673
4/5/2024 22:00,126.0666668
4/5/2024 23:00,121.123333
4/6/2024,110.2316667
4/6/2024 1:00,103.4050001
4/6/2024 2:00,100.0266668
4/6/2024 3:00,95.13333333
4/6/2024 4:00,95.59999936
4/6/2024 5:00,99.17833341
4/6/2024 6:00,125.0533334
4/6/2024 7:00,137.4183343
4/6/2024 8:00,123.0266663
4/6/2024 9:00,91.32833316
4/6/2024 10:00,81.14166654
4/6/2024 11:00,46.38500023
4/6/2024 12:00,42.10166677
4/6/2024 13:00,16.94666662
4/6/2024 14:00,19.29696967
4/6/2024 15:00,28.1566666
4/6/2024 16:00,58.54166651
4/6/2024 17:00,49.35
4/6/2024 18:00,44.76333345
4/6/2024 19:00,56.66166662
4/6/2024 20:00,65.08000024
4/6/2024 21:00,76.63333321
4/6/2024 22:00,74.4483331
4/6/2024 23:00,74.26833318
4/7/2024,72.61333364
4/7/2024 1:00,75.4483331
4/7/2024 2:00,79.02666677
4/7/2024 3:00,76.90500018
4/7/2024 4:00,75.62833341
4/7/2024 5:00,72.18333384
4/7/2024 6:00,70.29999987
4/7/2024 7:00,81.86666705
4/7/2024 8:00,76.95500018
4/7/2024 9:00,52.17333323
4/7/2024 10:00,30.27704924
4/7/2024 11:00,18.10333331
4/7/2024 12:00,15.55833343
4/7/2024 13:00,24.45333328
4/7/2024 14:00,48.4
4/7/2024 15:00,59.47301568
4/7/2024 16:00,58.43709712
4/7/2024 17:00,53.70333328
4/7/2024 18:00,55.87500006
4/7/2024 19:00,59.29333331
4/7/2024 20:00,72.80500024
4/7/2024 21:00,85.39166667
4/7/2024 22:00,85.61666679
4/7/2024 23:00,88.00499992
4/8/2024,86.24500008
4/8/2024 1:00,80.50333316
4/8/2024 2:00,75.98166644
4/8/2024 3:00,73.72833303
4/8/2024 4:00,73.28166701
4/8/2024 5:00,65.11666686
4/8/2024 6:00,67.40333354
4/8/2024 7:00,80.7233331
4/8/2024 8:00,66.63666674
4/8/2024 9:00,53.87499987
4/8/2024 10:00,48.31666692
4/8/2024 11:00,35.35396854
4/8/2024 12:00,23.99500008
4/8/2024 13:00,23.12000014
4/8/2024 14:00,32.53333295
4/8/2024 15:00,41.31718767
4/8/2024 16:00,32.77833319
4/8/2024 17:00,32.23166669
4/8/2024 18:00,32.00952369
4/8/2024 19:00,38.23492068
4/8/2024 20:00,59.03999977
4/8/2024 21:00,62.2754097
4/8/2024 22:00,62.1083334
4/8/2024 23:00,60.98666674
4/9/2024,66.50666682
4/9/2024 1:00,66.40000025
4/9/2024 2:00,71.61500003
4/9/2024 3:00,74.67166659
4/9/2024 4:00,80.91666667
4/9/2024 5:00,85.36833394
4/9/2024 6:00,94.04833361
4/9/2024 7:00,135.2096778
4/9/2024 8:00,111.5966668
4/9/2024 9:00,93.09666684
4/9/2024 10:00,91.342857
4/9/2024 11:00,49.84666659
4/9/2024 12:00,37.11333351
4/9/2024 13:00,37.92166659
4/9/2024 14:00,45.99500014
4/9/2024 15:00,58.10333366
4/9/2024 16:00,62.6333334
4/9/2024 17:00,54.0733333
4/9/2024 18:00,64.1206352
4/9/2024 19:00,82.3416673
4/9/2024 20:00,94.68095241
4/9/2024 21:00,108.0605631
4/9/2024 22:00,114.7833331
4/9/2024 23:00,123.6383334
4/10/2024,134.0216663
4/10/2024 1:00,130.0266666
4/10/2024 2:00,129.2899995
4/10/2024 3:00,128.0700003
4/10/2024 4:00,132.4899998
4/10/2024 5:00,134.4083337
4/10/2024 6:00,146.8733335
4/10/2024 7:00,172.074999
4/10/2024 8:00,141.7416663
4/10/2024 9:00,114.6515626
4/10/2024 10:00,66.53499997
4/10/2024 11:00,35.18666677
4/10/2024 12:00,26.68059711
4/10/2024 13:00,30.90166661
4/10/2024 14:00,34.7492066
4/10/2024 15:00,42.18461562
4/10/2024 16:00,43.2516669
4/10/2024 17:00,36.34307691
4/10/2024 18:00,42.66333357
4/10/2024 19:00,55.65166664
4/10/2024 20:00,77.81093729
4/10/2024 21:00,84.25593166
4/10/2024 22:00,84.90166651
4/10/2024 23:00,77.74666634
4/11/2024,79.63500086
4/11/2024 1:00,79.41666667
4/11/2024 2:00,76.63166707
4/11/2024 3:00,75.98333359
4/11/2024 4:00,78.27999992
4/11/2024 5:00,80.22333336
4/11/2024 6:00,85.62499975
4/11/2024 7:00,97.38999977
4/11/2024 8:00,119.9866666
4/11/2024 9:00,91.35166677
4/11/2024 10:00,74.99333344
4/11/2024 11:00,54.64166679
4/11/2024 12:00,42.74000015
4/11/2024 13:00,47.43833332
4/11/2024 14:00,49.82499994
4/11/2024 15:00,52.08166666
4/11/2024 16:00,42.56825396
4/11/2024 17:00,49.1354839
4/11/2024 18:00,50.46666675
4/11/2024 19:00,51.31666673
4/11/2024 20:00,54.32500019
4/11/2024 21:00,61.74915268
4/11/2024 22:00,62.4483333
4/11/2024 23:00,64.29666716
4/12/2024,59.47000008
4/12/2024 1:00,58.63333327
4/12/2024 2:00,59.87833354
4/12/2024 3:00,63.74833349
4/12/2024 4:00,66.06833375
4/12/2024 5:00,65.02500013
4/12/2024 6:00,71.11000023
4/12/2024 7:00,78.17666639
4/12/2024 8:00,74.54920645
4/12/2024 9:00,69.93968231
4/12/2024 10:00,73.71904767
4/12/2024 11:00,63.72500013
4/12/2024 12:00,53.39166718
4/12/2024 13:00,51.21166681
4/12/2024 14:00,48.15166658
4/12/2024 15:00,49.63666674
4/12/2024 16:00,55.66500003
4/12/2024 17:00,60.20333303
4/12/2024 18:00,68.6549998
4/12/2024 19:00,78.63166695
4/12/2024 20:00,89.18225799
4/12/2024 21:00,118.2920634
4/12/2024 22:00,106.94
4/12/2024 23:00,90.6549998
4/13/2024,88.00333366
4/13/2024 1:00,85.95999997
4/13/2024 2:00,90.40333277
4/13/2024 3:00,88.88499985
4/13/2024 4:00,87.69333267
4/13/2024 5:00,91.71833356
4/13/2024 6:00,97.34666646
4/13/2024 7:00,110.8683331
4/13/2024 8:00,112.0450705
4/13/2024 9:00,102.7396823
4/13/2024 10:00,77.01451566
4/13/2024 11:00,72.69833304
4/13/2024 12:00,72.9870966
4/13/2024 13:00,69.1174607
4/13/2024 14:00,68.13030301
4/13/2024 15:00,60.67833341
4/13/2024 16:00,57.92500019
4/13/2024 17:00,35.67833309
4/13/2024 18:00,38.74166654
4/13/2024 19:00,52.81666686
4/13/2024 20:00,65.9966671
4/13/2024 21:00,75.21355968
4/13/2024 22:00,80.28333359
4/13/2024 23:00,81.29000028
4/14/2024,80.92000046
4/14/2024 1:00,78.19833323
4/14/2024 2:00,76.04833323
4/14/2024 3:00,75.138333
4/14/2024 4:00,76.60833333
4/14/2024 5:00,77.82499987
4/14/2024 6:00,82.89166692
4/14/2024 7:00,105.0449997
4/14/2024 8:00,148.9866659
4/14/2024 9:00,100.3730156
4/14/2024 10:00,80.28666674
4/14/2024 11:00,50.45
4/14/2024 12:00,32.94333337
4/14/2024 13:00,39.59354834
4/14/2024 14:00,42.34000015
4/14/2024 15:00,42.97666658
4/14/2024 16:00,49.96290312
4/14/2024 17:00,36.2816666
4/14/2024 18:00,42.32499987
4/14/2024 19:00,47.13499991
4/14/2024 20:00,54.28000018
4/14/2024 21:00,63.46969732
4/14/2024 22:00,71.93833357
4/14/2024 23:00,70.03666712
4/15/2024,67.89333337
4/15/2024 1:00,70.34666608
4/15/2024 2:00,64.8349994
4/15/2024 3:00,64.96833344
4/15/2024 4:00,69.48666649
4/15/2024 5:00,76.04333318
4/15/2024 6:00,79.69166667
4/15/2024 7:00,95.08666662
4/15/2024 8:00,84.54666646
4/15/2024 9:00,54.17166678
4/15/2024 10:00,37.5233333
4/15/2024 11:00,31.69333334
4/15/2024 12:00,32.07499981
4/15/2024 13:00,33.92166659
4/15/2024 14:00,36.69833361
4/15/2024 15:00,40.37500006
4/15/2024 16:00,46.67833296
4/15/2024 17:00,45.32166665
4/15/2024 18:00,50.00833365
4/15/2024 19:00,54.86166662
4/15/2024 20:00,64.75166683
4/15/2024 21:00,79.82666639
4/15/2024 22:00,88.95000013
4/15/2024 23:00,91.81333275
4/16/2024,93.13833351
4/16/2024 1:00,91.08000018
4/16/2024 2:00,88.82166672
4/16/2024 3:00,90.53666585
4/16/2024 4:00,86.75500005
4/16/2024 5:00,92.22666626
4/16/2024 6:00,95.87000008
4/16/2024 7:00,116.6066662
4/16/2024 8:00,117.4412695
4/16/2024 9:00,104.1149998
4/16/2024 10:00,114.4416672
4/16/2024 11:00,64.30166639
4/16/2024 12:00,33.01500009
4/16/2024 13:00,28.35500002
4/16/2024 14:00,32.78412683
4/16/2024 15:00,36.19500008
4/16/2024 16:00,43.10499999
4/16/2024 17:00,50.84666678
4/16/2024 18:00,52.90166709
4/16/2024 19:00,59.18833326
4/16/2024 20:00,47.78333327
4/16/2024 21:00,55.72666645
4/16/2024 22:00,70.98999996
4/16/2024 23:00,70.25166696
4/17/2024,73.20666625
4/17/2024 1:00,63.57833341
4/17/2024 2:00,66.75500018
4/17/2024 3:00,55.91666686
4/17/2024 4:00,56.2016669
4/17/2024 5:00,58.9783336
4/17/2024 6:00,63.81500022
4/17/2024 7:00,125.1483339
4/17/2024 8:00,83.06999982
4/17/2024 9:00,44.48500004
4/17/2024 10:00,28.29999994
4/17/2024 11:00,19.4516667
4/17/2024 12:00,20.09076922
4/17/2024 13:00,24.34193562
4/17/2024 14:00,27.96515158
4/17/2024 15:00,33.26349204
4/17/2024 16:00,36.98333341
4/17/2024 17:00,43.46500003
4/17/2024 18:00,49.89833323
4/17/2024 19:00,51.96333338
4/17/2024 20:00,52.54833336
4/17/2024 21:00,60.07333349
4/17/2024 22:00,69.77666651
4/17/2024 23:00,73.92833328
4/18/2024,79.03000043
4/18/2024 1:00,74.59833323
4/18/2024 2:00,73.61500003
4/18/2024 3:00,75.16000036
4/18/2024 4:00,75.35166626
4/18/2024 5:00,77.91166687
4/18/2024 6:00,85.36000023
4/18/2024 7:00,82.77166608
4/18/2024 8:00,75.27833354
4/18/2024 9:00,76.23999971
4/18/2024 10:00,41.17833316
4/18/2024 11:00,27.33666677
4/18/2024 12:00,31.33833319
4/18/2024 13:00,36.90302993
4/18/2024 14:00,32.73484834
4/18/2024 15:00,31.53968245
4/18/2024 16:00,33.80166645
4/18/2024 17:00,34.8416666
4/18/2024 18:00,37.2583334
4/18/2024 19:00,43.43500004
4/18/2024 20:00,50.02857148
4/18/2024 21:00,55.7333334
4/18/2024 22:00,60.4483331
4/18/2024 23:00,66.29000003
4/19/2024,71.37499994
4/19/2024 1:00,72.75999985
4/19/2024 2:00,72.47499975
4/19/2024 3:00,69.11166662
4/19/2024 4:00,72.86666705
4/19/2024 5:00,79.14166654
4/19/2024 6:00,90.32833303
4/19/2024 7:00,109.1283333
4/19/2024 8:00,84.42115314
4/19/2024 9:00,NA
4/19/2024 10:00,92.76785714
4/19/2024 11:00,91.18524583
4/19/2024 12:00,NA
4/19/2024 13:00,27.79661023
4/19/2024 14:00,29.38000002
4/19/2024 15:00,32.01746014
4/19/2024 16:00,35.30153861
4/19/2024 17:00,36.67916663
4/19/2024 18:00,41.38000005
4/19/2024 19:00,52.23500023
4/19/2024 20:00,53.56999989
4/19/2024 21:00,65.54666704
4/19/2024 22:00,70.63666668
4/19/2024 23:00,68.911667
4/20/2024,77.13000018
4/20/2024 1:00,75.40666618
4/20/2024 2:00,64.87833354
4/20/2024 3:00,61.51166649
4/20/2024 4:00,60.7333334
4/20/2024 5:00,59.94666672
4/20/2024 6:00,65.14000028
4/20/2024 7:00,86.29500008
4/20/2024 8:00,70.96999989
4/20/2024 9:00,58.59354801
4/20/2024 10:00,33.30161301
4/20/2024 11:00,22.99090897
4/20/2024 12:00,15.44461536
4/20/2024 13:00,15.38333337
4/20/2024 14:00,18.33833342
4/20/2024 15:00,18.53666658
4/20/2024 16:00,19.72833316
4/20/2024 17:00,24.73333333
4/20/2024 18:00,24.95873015
4/20/2024 19:00,27.72666651
4/20/2024 20:00,33.06833324
4/20/2024 21:00,44.49531245
4/20/2024 22:00,51.94999987
4/20/2024 23:00,50.97166672
4/21/2024,55.68333346
4/21/2024 1:00,48.89500014
4/21/2024 2:00,42.2450002
4/21/2024 3:00,43.78499978
4/21/2024 4:00,42.84166673
4/21/2024 5:00,47.825
4/21/2024 6:00,54.90499992
4/21/2024 7:00,76.00333379
4/21/2024 8:00,58.46363634
4/21/2024 9:00,33.87540995
4/21/2024 10:00,51.54833358
4/21/2024 11:00,20.60769226
4/21/2024 12:00,8.739705871
4/21/2024 13:00,10.84999992
4/21/2024 14:00,13.15166666
4/21/2024 15:00,21.01290334
4/21/2024 16:00,29.87833335
4/21/2024 17:00,36.07419334
4/21/2024 18:00,38.24285695
4/21/2024 19:00,47.52166672
4/21/2024 20:00,50.93333314
4/21/2024 21:00,71.71746033
4/21/2024 22:00,87.91500041
4/21/2024 23:00,95.96333377
4/22/2024,87.45333316
4/22/2024 1:00,89.30666669
4/22/2024 2:00,86.91333364
4/22/2024 3:00,86.22833303
4/22/2024 4:00,88.68000018
4/22/2024 5:00,88.48666712
4/22/2024 6:00,94.66999982
4/22/2024 7:00,150.7399999
4/22/2024 8:00,87.42499962
4/22/2024 9:00,52.65333341
4/22/2024 10:00,41.43181812
4/22/2024 11:00,37.49516136
4/22/2024 12:00,26.97428567
4/22/2024 13:00,29.36031756
4/22/2024 14:00,20.74166657
4/22/2024 15:00,18.35333333
4/22/2024 16:00,25.02166665
4/22/2024 17:00,25.88166669
4/22/2024 18:00,23.4174604
4/22/2024 19:00,26.8603175
4/22/2024 20:00,27.04444443
4/22/2024 21:00,25.31833334
4/22/2024 22:00,31.7750001
4/22/2024 23:00,41.53666662
4/23/2024,44.3350001
4/23/2024 1:00,44.86666654
4/23/2024 2:00,45.02333342
4/23/2024 3:00,45.31000004
4/23/2024 4:00,48.56666667
4/23/2024 5:00,44.62333317
4/23/2024 6:00,57.65666669
4/23/2024 7:00,90.82666677
4/23/2024 8:00,54.70666663
4/23/2024 9:00,28.1360655
4/23/2024 10:00,16.12333347
4/23/2024 11:00,12.65000003
4/23/2024 12:00,12.66166658
4/23/2024 13:00,16.27166667
4/23/2024 14:00,17.7166667
4/23/2024 15:00,20.18906257
4/23/2024 16:00,23.5904762
4/23/2024 17:00,25.72272726
4/23/2024 18:00,29.64999997
4/23/2024 19:00,35.13499985
4/23/2024 20:00,32.37999999
4/23/2024 21:00,49.04237269
4/23/2024 22:00,53.70666682
4/23/2024 23:00,51.66833331
4/24/2024,48.49666665
4/24/2024 1:00,49.29333337
4/24/2024 2:00,52.07666651
4/24/2024 3:00,50.13999996
4/24/2024 4:00,53.5283336
4/24/2024 5:00,53.76666654
4/24/2024 6:00,76.00333379
4/24/2024 7:00,81.67500013
4/24/2024 8:00,60.05333316
4/24/2024 9:00,40.89999965
4/24/2024 10:00,29.74843755
4/24/2024 11:00,21.97666664
4/24/2024 12:00,32.54166676
4/24/2024 13:00,36.9016668
4/24/2024 14:00,32.67666651
4/24/2024 15:00,28.94603184
4/24/2024 16:00,31.42999989
4/24/2024 17:00,33.64666688
4/24/2024 18:00,40.34500008
4/24/2024 19:00,44.09047632
4/24/2024 20:00,52.95333328
4/24/2024 21:00,60.78305063
4/24/2024 22:00,73.15833359
4/24/2024 23:00,70.45833295
4/25/2024,62.65499973
4/25/2024 1:00,56.04333344
4/25/2024 2:00,57.22666651
4/25/2024 3:00,61.32999992
4/25/2024 4:00,59.22499994
4/25/2024 5:00,61.97166672
4/25/2024 6:00,73.21666667
4/25/2024 7:00,86.14333344
4/25/2024 8:00,76.72333304
4/25/2024 9:00,59.0253968
4/25/2024 10:00,46.50937504
4/25/2024 11:00,38.00312495
4/25/2024 12:00,35.92424242
4/25/2024 13:00,37.91311477
4/25/2024 14:00,39.9566665
4/25/2024 15:00,42.48999983
4/25/2024 16:00,44.62333336
4/25/2024 17:00,44.46833318
4/25/2024 18:00,51.94166654
4/25/2024 19:00,63.91500015
4/25/2024 20:00,80.83333321
4/25/2024 21:00,103.1766665
4/25/2024 22:00,111.9350001
4/25/2024 23:00,110.9000001
4/26/2024,110.1583332
4/26/2024 1:00,109.0383334
4/26/2024 2:00,106.101667
4/26/2024 3:00,102.0749996
4/26/2024 4:00,116.6549999
4/26/2024 5:00,123.5933341
4/26/2024 6:00,116.7000006
4/26/2024 7:00,127.0466665
4/26/2024 8:00,112.9683333
4/26/2024 9:00,87.02812493
4/26/2024 10:00,71.28593761
4/26/2024 11:00,51.98387103
4/26/2024 12:00,44.22499981
4/26/2024 13:00,47.27812517
4/26/2024 14:00,48.91000004
4/26/2024 15:00,55.8516667
4/26/2024 16:00,56.563492
4/26/2024 17:00,57.53593737
4/26/2024 18:00,62.97096763
4/26/2024 19:00,73.76885236
4/26/2024 20:00,86.68000005
4/26/2024 21:00,111.1983046
4/26/2024 22:00,124.9983334
4/26/2024 23:00,117.4316664
4/27/2024,114.6250003
4/27/2024 1:00,113.9100001
4/27/2024 2:00,103.7683332
4/27/2024 3:00,103.9266663
4/27/2024 4:00,104.6966663
4/27/2024 5:00,109.2700002
4/27/2024 6:00,113.685
4/27/2024 7:00,125.8433328
4/27/2024 8:00,105.6766669
4/27/2024 9:00,78.98360643
4/27/2024 10:00,64.26166655
4/27/2024 11:00,53.30333341
4/27/2024 12:00,50.29523813
4/27/2024 13:00,44.73437536
4/27/2024 14:00,31.55833333
4/27/2024 15:00,37.85500005
4/27/2024 16:00,35.39047623
4/27/2024 17:00,38.23333319
4/27/2024 18:00,40.98888863
4/27/2024 19:00,40.79999981
4/27/2024 20:00,55.07999967
4/27/2024 21:00,65.33898305
4/27/2024 22:00,64.11666641
4/27/2024 23:00,69.02166665
4/28/2024,76.6483331
4/28/2024 1:00,78.79166705
4/28/2024 2:00,81.28666636
4/28/2024 3:00,83.09500033
4/28/2024 4:00,83.40333341
4/28/2024 5:00,84.52666702
4/28/2024 6:00,91.92333361
4/28/2024 7:00,109.7899999
4/28/2024 8:00,75.68166682
4/28/2024 9:00,46.78666687
4/28/2024 10:00,31.88166669
4/28/2024 11:00,26.72580639
4/28/2024 12:00,21.75833343
4/28/2024 13:00,18.26031739
4/28/2024 14:00,16.95454543
4/28/2024 15:00,14.24920638
4/28/2024 16:00,15.83870972
4/28/2024 17:00,21.12666667
4/28/2024 18:00,28.54666669
4/28/2024 19:00,32.67666664
4/28/2024 20:00,51.38548408
4/28/2024 21:00,56.81186437
4/28/2024 22:00,61.4399999
4/28/2024 23:00,64.54499995
4/29/2024,65.69166667
4/29/2024 1:00,60.02999999
4/29/2024 2:00,58.33666655
4/29/2024 3:00,61.21166668
4/29/2024 4:00,61.08333346
4/29/2024 5:00,69.92166665
4/29/2024 6:00,70.42499955
4/29/2024 7:00,93.61333364
4/29/2024 8:00,71.42166621
4/29/2024 9:00,54.7032784
4/29/2024 10:00,38.50833352
4/29/2024 11:00,25.79104472
4/29/2024 12:00,25.47692299
4/29/2024 13:00,28.4539682
4/29/2024 14:00,31.74166686
4/29/2024 15:00,34.59666678
4/29/2024 16:00,37.9033336
4/29/2024 17:00,35.0466665
4/29/2024 18:00,34.90666672
4/29/2024 19:00,39.85333328
4/29/2024 20:00,45.0983333
4/29/2024 21:00,70.49999968
4/29/2024 22:00,94.53833313
4/29/2024 23:00,85.813333
4/30/2024,78.71666692
4/30/2024 1:00,73.45833346
4/30/2024 2:00,75.08833389
4/30/2024 3:00,79.16000023
4/30/2024 4:00,78.69333356
4/30/2024 5:00,75.39000015
4/30/2024 6:00,79.87166672
4/30/2024 7:00,104.5033337
4/30/2024 8:00,80.88666662
4/30/2024 9:00,64.2868855
4/30/2024 10:00,43.42999992
4/30/2024 11:00,26.58833335
4/30/2024 12:00,17.8383333
4/30/2024 13:00,28.82833328
4/30/2024 14:00,29.79333321
4/30/2024 15:00,24.66875002
4/30/2024 16:00,24.99166663
4/30/2024 17:00,24.78666662
4/30/2024 18:00,34.2500001
4/30/2024 19:00,36.00999997
4/30/2024 20:00,58.26833324
4/30/2024 21:00,54.11333338
4/30/2024 22:00,65.15333347
4/30/2024 23:00,73.84333382
5/1/2024,83.28000018
5/1/2024 1:00,99.0266669
5/1/2024 2:00,107.0383336
5/1/2024 3:00,109.8383335
5/1/2024 4:00,107.3816668
5/1/2024 5:00,100.2666668
5/1/2024 6:00,102.4166665
5/1/2024 7:00,123.3533328
5/1/2024 8:00,101.5300003
5/1/2024 9:00,74.52166665
5/1/2024 10:00,49.73166656
5/1/2024 11:00,32.68333337
5/1/2024 12:00,25.16999995
5/1/2024 13:00,25.67666667
5/1/2024 14:00,24.68666665
5/1/2024 15:00,20.78333321
5/1/2024 16:00,18.92686571
5/1/2024 17:00,16.98196727
5/1/2024 18:00,14.81833329
5/1/2024 19:00,14.30327864
5/1/2024 20:00,23.50645161
5/1/2024 21:00,29.01355928
5/1/2024 22:00,37.31166674
5/1/2024 23:00,41.42333355
5/2/2024,42.70666688
5/2/2024 1:00,45.03166663
5/2/2024 2:00,51.75666669
5/2/2024 3:00,55.70500011
5/2/2024 4:00,60.65166658
5/2/2024 5:00,59.44666672
5/2/2024 6:00,71.63499985
5/2/2024 7:00,91.55333316
5/2/2024 8:00,77.05833346
5/2/2024 9:00,48.97213098
5/2/2024 10:00,18.05500005
5/2/2024 11:00,12.02
5/2/2024 12:00,15.44000001
5/2/2024 13:00,18.50634932
5/2/2024 14:00,18.81666663
5/2/2024 15:00,18.36451614
5/2/2024 16:00,21.19999994
5/2/2024 17:00,28.44920634
5/2/2024 18:00,31.93387102
5/2/2024 19:00,40.6649999
5/2/2024 20:00,59.13174602
5/2/2024 21:00,65.81612901
5/2/2024 22:00,66.18833357
5/2/2024 23:00,60.79833349
5/3/2024,66.14333331
5/3/2024 1:00,67.4333334
5/3/2024 2:00,68.41999976
5/3/2024 3:00,73.83833338
5/3/2024 4:00,79.63000005
5/3/2024 5:00,85.58499959
5/3/2024 6:00,97.74000003
5/3/2024 7:00,124.5316669
5/3/2024 8:00,126.3033334
5/3/2024 9:00,97.83000031
5/3/2024 10:00,81.43809558
5/3/2024 11:00,60.09666678
5/3/2024 12:00,51.58666668
5/3/2024 13:00,53.03166676
5/3/2024 14:00,61.54426256
5/3/2024 15:00,67.33225773
5/3/2024 16:00,64.53174591
5/3/2024 17:00,61.32258077
5/3/2024 18:00,62.05909093
5/3/2024 19:00,60.125
5/3/2024 20:00,72.22000052
5/3/2024 21:00,84.90000023
5/3/2024 22:00,106.0250003
5/3/2024 23:00,104.8016668
5/4/2024,106.8983331
5/4/2024 1:00,111.9100001
5/4/2024 2:00,113.9583338
5/4/2024 3:00,113.8350006
5/4/2024 4:00,114.9800001
5/4/2024 5:00,123.8533333
5/4/2024 6:00,131.033333
5/4/2024 7:00,150.5199999
5/4/2024 8:00,139.8733336
5/4/2024 9:00,96.08524648
5/4/2024 10:00,74.79333344
5/4/2024 11:00,59.53333321
5/4/2024 12:00,53.87833322
5/4/2024 13:00,49.70500005
5/4/2024 14:00,44.57462658
5/4/2024 15:00,42.5136365
5/4/2024 16:00,43.5233333
5/4/2024 17:00,45.8233333
5/4/2024 18:00,45.8466664
5/4/2024 19:00,55.78499966
5/4/2024 20:00,55.96666654
5/4/2024 21:00,64.92758646
5/4/2024 22:00,72.71499977
5/4/2024 23:00,78.15333341
5/5/2024,86.79333318
5/5/2024 1:00,88.85833321
5/5/2024 2:00,92.32666715
5/5/2024 3:00,94.77000046
5/5/2024 4:00,97.16666692
5/5/2024 5:00,99.1483331
5/5/2024 6:00,100.1216662
5/5/2024 7:00,121.4116662
5/5/2024 8:00,110.4833328
5/5/2024 9:00,76.1180323
5/5/2024 10:00,55.34999987
5/5/2024 11:00,42.25333322
5/5/2024 12:00,37.97096794
5/5/2024 13:00,37.12499994
5/5/2024 14:00,38.25161263
5/5/2024 15:00,38.71290305
5/5/2024 16:00,39.83333346
5/5/2024 17:00,44.6399999
5/5/2024 18:00,50.01500015
5/5/2024 19:00,63.13166669
5/5/2024 20:00,51.10833333
5/5/2024 21:00,47.13728798
5/5/2024 22:00,54.8416666
5/5/2024 23:00,60.71333326
5/6/2024,63.82833373
5/6/2024 1:00,65.25500018
5/6/2024 2:00,68.71833356
5/6/2024 3:00,78.22166621
5/6/2024 4:00,80.20166702
5/6/2024 5:00,87.02833328
5/6/2024 6:00,94.40499992
5/6/2024 7:00,104.8133327
5/6/2024 8:00,90.76500028
5/6/2024 9:00,104.2803281
5/6/2024 10:00,92.78833338
5/6/2024 11:00,84.52833316
5/6/2024 12:00,68.97333355
5/6/2024 13:00,59.72424247
5/6/2024 14:00,55.7203126
5/6/2024 15:00,57.49499989
5/6/2024 16:00,57.03333321
5/6/2024 17:00,64.06666654
5/6/2024 18:00,67.5016667
5/6/2024 19:00,85.55333274
5/6/2024 20:00,26.22000008
5/6/2024 21:00,18.40172414
5/6/2024 22:00,19.78666662
5/6/2024 23:00,22.73666655
5/7/2024,22.26999998
5/7/2024 1:00,22.20833324
5/7/2024 2:00,29.21666673
5/7/2024 3:00,29.61000001
5/7/2024 4:00,34.73999971
5/7/2024 5:00,35.52833331
5/7/2024 6:00,50.56999995
5/7/2024 7:00,185.053333
5/7/2024 8:00,102.5916667
5/7/2024 9:00,66.68360619
5/7/2024 10:00,42.43500017
5/7/2024 11:00,32.89365108
5/7/2024 12:00,41.44333302
5/7/2024 13:00,46.47166697
5/7/2024 14:00,46.82999986
5/7/2024 15:00,37.73999952
5/7/2024 16:00,50.82166653
5/7/2024 17:00,53.54333337
5/7/2024 18:00,29.6850001
5/7/2024 19:00,18.11666667
5/7/2024 20:00,14.16166663
5/7/2024 21:00,19.41999997
5/7/2024 22:00,31.82333345
5/7/2024 23:00,29.23166676
5/8/2024,29.08000002
5/8/2024 1:00,30.46333338
5/8/2024 2:00,32.6516667
5/8/2024 3:00,30.03333321
5/8/2024 4:00,22.59333315
5/8/2024 5:00,35.43166672
5/8/2024 6:00,43.35166645
5/8/2024 7:00,43.6933335
5/8/2024 8:00,45.3933335
5/8/2024 9:00,50.07333336
5/8/2024 10:00,38.94333331
5/8/2024 11:00,42.04833326
5/8/2024 12:00,29.52333323
5/8/2024 13:00,24.96333332
5/8/2024 14:00,38.04666681
5/8/2024 15:00,38.00666669
5/8/2024 16:00,33.96833321
5/8/2024 17:00,22.16833334
5/8/2024 18:00,21.94833333
5/8/2024 19:00,28.37000014
5/8/2024 20:00,30.475
5/8/2024 21:00,36.17166691
5/8/2024 22:00,40.04000022
5/8/2024 23:00,36.12166684
5/9/2024,32.01500003
5/9/2024 1:00,32.12833335
5/9/2024 2:00,32.01666663
5/9/2024 3:00,36.87833344
5/9/2024 4:00,36.29166673
5/9/2024 5:00,35.55
5/9/2024 6:00,42.81500015
5/9/2024 7:00,52.5083334
5/9/2024 8:00,60.52833328
5/9/2024 9:00,54.45499999
5/9/2024 10:00,45.47666658
5/9/2024 11:00,28.59500001
5/9/2024 12:00,25.20166661
5/9/2024 13:00,21.16825397
5/9/2024 14:00,21.98000002
5/9/2024 15:00,32.9766667
5/9/2024 16:00,26.52999996
5/9/2024 17:00,31.49833323
5/9/2024 18:00,37.36166668
5/9/2024 19:00,44.53166669
5/9/2024 20:00,41.12833328
5/9/2024 21:00,64.39666665
5/9/2024 22:00,72.58666662
5/9/2024 23:00,68.46666654
5/10/2024,65.66833344
5/10/2024 1:00,37.74833342
5/10/2024 2:00,37.71833347
5/10/2024 3:00,24.21500009
5/10/2024 4:00,20.50499996
5/10/2024 5:00,22.84838713
5/10/2024 6:00,27.45333328
5/10/2024 7:00,47.31666686
5/10/2024 8:00,58.77833309
5/10/2024 9:00,36.74237287
5/10/2024 10:00,37.38666643
5/10/2024 11:00,36.6766667
5/10/2024 12:00,27.91166674
5/10/2024 13:00,34.31166668
5/10/2024 14:00,26.98833329
5/10/2024 15:00,22.68499994
5/10/2024 16:00,18.17999986
5/10/2024 17:00,19.06499999
5/10/2024 18:00,28.11333338
5/10/2024 19:00,29.8516667
5/10/2024 20:00,32.75666666
5/10/2024 21:00,44.42372894
5/10/2024 22:00,49.04333312
5/10/2024 23:00,52.66333351
5/11/2024,46.66333313
5/11/2024 1:00,50.16999989
5/11/2024 2:00,46.96666654
5/11/2024 3:00,43.42833354
5/11/2024 4:00,41.78333327
5/11/2024 5:00,48.76166649
5/11/2024 6:00,54.62833335
5/11/2024 7:00,49.12499994
5/11/2024 8:00,46.26000023
5/11/2024 9:00,31.32295068
5/11/2024 10:00,22.4533335
5/11/2024 11:00,21.25166666
5/11/2024 12:00,23.95999997
5/11/2024 13:00,22.58833345
5/11/2024 14:00,20.83166669
5/11/2024 15:00,20.69666656
5/11/2024 16:00,19.03333349
5/11/2024 17:00,20.79166676
5/11/2024 18:00,24.86833328
5/11/2024 19:00,27.05499992
5/11/2024 20:00,35.20666666
5/11/2024 21:00,41.25084764
5/11/2024 22:00,40.26166681
5/11/2024 23:00,42.34499957
5/12/2024,52.35166658
5/12/2024 1:00,53.22500006
5/12/2024 2:00,52.1899999
5/12/2024 3:00,52.74666678
5/12/2024 4:00,52.06000004
5/12/2024 5:00,51.94000009
5/12/2024 6:00,57.12499987
5/12/2024 7:00,59.06000004
5/12/2024 8:00,45.12333323
5/12/2024 9:00,35.14666646
5/12/2024 10:00,34.27833325
5/12/2024 11:00,25.9116667
5/12/2024 12:00,15.23833342
5/12/2024 13:00,15.32666666
5/12/2024 14:00,18.48833335
5/12/2024 15:00,22.36166665
5/12/2024 16:00,25.58999999
5/12/2024 17:00,20.85500005
5/12/2024 18:00,26.92580654
5/12/2024 19:00,40.41499996
5/12/2024 20:00,37.81166658
5/12/2024 21:00,35.90000014
5/12/2024 22:00,35.30833333
5/12/2024 23:00,34.59833314
5/13/2024,35.60833333
5/13/2024 1:00,33.27999999
5/13/2024 2:00,34.19499989
5/13/2024 3:00,33.83333333
5/13/2024 4:00,29.20333338
5/13/2024 5:00,31.08999996
5/13/2024 6:00,31.36500003
5/13/2024 7:00,42.7666666
5/13/2024 8:00,43.86499977
5/13/2024 9:00,29.56065569
5/13/2024 10:00,10.87666673
5/13/2024 11:00,13.15333333
5/13/2024 12:00,23.69841261
5/13/2024 13:00,20.66833336
5/13/2024 14:00,13.55999999
5/13/2024 15:00,11.78499999
5/13/2024 16:00,11.32499998
5/13/2024 17:00,13.0166666
5/13/2024 18:00,20.88500001
5/13/2024 19:00,29.41333335
5/13/2024 20:00,35.75238086
5/13/2024 21:00,54.60847454
5/13/2024 22:00,54.99333324
5/13/2024 23:00,56.41333319
5/14/2024,52.06833331
5/14/2024 1:00,47.67666677
5/14/2024 2:00,47.97000014
5/14/2024 3:00,47.62833335
5/14/2024 4:00,45.4649999
5/14/2024 5:00,47.11500015
5/14/2024 6:00,50.89500008
5/14/2024 7:00,52.53999996
5/14/2024 8:00,35.06500006
5/14/2024 9:00,31.92698418
5/14/2024 10:00,22.02333345
5/14/2024 11:00,15.53999999
5/14/2024 12:00,14.57333336
5/14/2024 13:00,15.49206343
5/14/2024 14:00,16.37580636
5/14/2024 15:00,16.98000003
5/14/2024 16:00,19.53166674
5/14/2024 17:00,22.78333333
5/14/2024 18:00,29.0166667
5/14/2024 19:00,36.04333315
5/14/2024 20:00,37.02666677
5/14/2024 21:00,55.32542374
5/14/2024 22:00,62.06666667
5/14/2024 23:00,58.87833347
5/15/2024,53.75166664
5/15/2024 1:00,52.58166663
5/15/2024 2:00,47.58833319
5/15/2024 3:00,46.6833334
5/15/2024 4:00,48.9083334
5/15/2024 5:00,55.54333312
5/15/2024 6:00,75.84000028
5/15/2024 7:00,63.38166644
5/15/2024 8:00,46.30833346
5/15/2024 9:00,33.22333333
5/15/2024 10:00,29.04666653
5/15/2024 11:00,24.2000001
5/15/2024 12:00,20.44333337
5/15/2024 13:00,24.82238807
5/15/2024 14:00,25.48166688
5/15/2024 15:00,32.8566665
5/15/2024 16:00,24.6583333
5/15/2024 17:00,25.59833333
5/15/2024 18:00,36.61666676
5/15/2024 19:00,38.9700003
5/15/2024 20:00,40.10666653
5/15/2024 21:00,25.20166664
5/15/2024 22:00,24.24333342
5/15/2024 23:00,15.16000002
5/16/2024,13.45666664
5/16/2024 1:00,15.96666675
5/16/2024 2:00,19.51999993
5/16/2024 3:00,21.09666669
5/16/2024 4:00,22.97333339
5/16/2024 5:00,28.12499994
5/16/2024 6:00,52.5733333
5/16/2024 7:00,35.93333324
5/16/2024 8:00,41.94499985
5/16/2024 9:00,21.98688527
5/16/2024 10:00,18.71833336
5/16/2024 11:00,15.32999999
5/16/2024 12:00,13.07000001
5/16/2024 13:00,16.98833338
5/16/2024 14:00,21.93833342
5/16/2024 15:00,18.78166676
5/16/2024 16:00,22.85081967
5/16/2024 17:00,22.07258058
5/16/2024 18:00,26.52166665
5/16/2024 19:00,30.0999999
5/16/2024 20:00,36.04285688
5/16/2024 21:00,52.72000014
5/16/2024 22:00,55.12666664
5/16/2024 23:00,56.30000006
5/17/2024,51.48870985
5/17/2024 1:00,52.05999991
5/17/2024 2:00,49.24833342
5/17/2024 3:00,44.92500006
5/17/2024 4:00,46.78500029
5/17/2024 5:00,50.42166665
5/17/2024 6:00,62.16666686
5/17/2024 7:00,89.43166701
5/17/2024 8:00,85.44833272
5/17/2024 9:00,38.6066665
5/17/2024 10:00,21.82166662
5/17/2024 11:00,21.73666668
5/17/2024 12:00,18.94833337
5/17/2024 13:00,22.60166648
5/17/2024 14:00,21.07460325
5/17/2024 15:00,20.83000015
5/17/2024 16:00,31.46999992
5/17/2024 17:00,25.20333338
5/17/2024 18:00,32.74500004
5/17/2024 19:00,39.5233333
5/17/2024 20:00,48.67999999
5/17/2024 21:00,56.87666651
5/17/2024 22:00,65.57833296
5/17/2024 23:00,59.22833328
5/18/2024,60.51999995
5/18/2024 1:00,69.19666691
5/18/2024 2:00,64.42833328
5/18/2024 3:00,66.49166622
5/18/2024 4:00,69.41833312
5/18/2024 5:00,67.32333349
5/18/2024 6:00,92.63499934
5/18/2024 7:00,116.3616669
5/18/2024 8:00,61.075
5/18/2024 9:00,56.61833331
5/18/2024 10:00,37.10666679
5/18/2024 11:00,27.97333339
5/18/2024 12:00,26.47777784
5/18/2024 13:00,26.78833323
5/18/2024 14:00,26.45666653
5/18/2024 15:00,29.20793651
5/18/2024 16:00,31.8030303
5/18/2024 17:00,39.1916667
5/18/2024 18:00,42.91500009
5/18/2024 19:00,48.38888877
5/18/2024 20:00,50.95333341
5/18/2024 21:00,50.98305072
5/18/2024 22:00,49.74499982
5/18/2024 23:00,60.56499983
5/19/2024,67.6299998
5/19/2024 1:00,40.66833305
5/19/2024 2:00,32.19666659
5/19/2024 3:00,35.82833363
5/19/2024 4:00,36.85833333
5/19/2024 5:00,39.89666659
5/19/2024 6:00,61.0316665
5/19/2024 7:00,103.8550001
5/19/2024 8:00,50.4166666
5/19/2024 9:00,28.78196716
5/19/2024 10:00,27.56333323
5/19/2024 11:00,27.59500008
5/19/2024 12:00,29.29333334
5/19/2024 13:00,28.42166656
5/19/2024 14:00,27.19000006
5/19/2024 15:00,30.80333338
5/19/2024 16:00,34.6433334
5/19/2024 17:00,35.75166661
5/19/2024 18:00,40.51666641
5/19/2024 19:00,49.17833341
5/19/2024 20:00,53.75873015
5/19/2024 21:00,69.07333323
5/19/2024 22:00,62.71666692
5/19/2024 23:00,66.19166629
5/20/2024,64.80166645
5/20/2024 1:00,60.12833309
5/20/2024 2:00,48.50666682
5/20/2024 3:00,57.12833341
5/20/2024 4:00,57.00333341
5/20/2024 5:00,58.99500027
5/20/2024 6:00,77.16999995
5/20/2024 7:00,57.40333322
5/20/2024 8:00,116.7683334
5/20/2024 9:00,134.0465511
5/20/2024 10:00,76.14666678
5/20/2024 11:00,43.86500041
5/20/2024 12:00,31.59833333
5/20/2024 13:00,21.38333332
5/20/2024 14:00,14.70333327
5/20/2024 15:00,18.59166667
5/20/2024 16:00,18.59333324
5/20/2024 17:00,22.90500018
5/20/2024 18:00,26.02666658
5/20/2024 19:00,57.09166686
5/20/2024 20:00,54.12999973
5/20/2024 21:00,42.8983333
5/20/2024 22:00,63.77500006
5/20/2024 23:00,51.8233331
5/21/2024,49.61833356
5/21/2024 1:00,38.23333349
5/21/2024 2:00,51.5183335
5/21/2024 3:00,50.83666693
5/21/2024 4:00,50.78666674
5/21/2024 5:00,49.11999982
5/21/2024 6:00,51.75833352
5/21/2024 7:00,47.2283335
5/21/2024 8:00,32.17833335
5/21/2024 9:00,23.25901638
5/21/2024 10:00,20.83500005
5/21/2024 11:00,27.49666669
5/21/2024 12:00,33.61166671
5/21/2024 13:00,15.73166674
5/21/2024 14:00,12.4416667
5/21/2024 15:00,10.09666669
5/21/2024 16:00,11.44166668
5/21/2024 17:00,14.14500001
5/21/2024 18:00,14.46833336
5/21/2024 19:00,27.29166662
5/21/2024 20:00,36.98000005
5/21/2024 21:00,33.76500006
5/21/2024 22:00,24.70333338
5/21/2024 23:00,25.96999982
5/22/2024,32.85499954
5/22/2024 1:00,25.48499997
5/22/2024 2:00,21.94666665
5/22/2024 3:00,26.50666666
5/22/2024 4:00,27.18833332
5/22/2024 5:00,29.89000003
5/22/2024 6:00,35.73499982
5/22/2024 7:00,49.52999996
5/22/2024 8:00,33.70166661
5/22/2024 9:00,24.52000008
5/22/2024 10:00,29.22666658
5/22/2024 11:00,25.49166679
5/22/2024 12:00,14.01666668
5/22/2024 13:00,19.01333338
5/22/2024 14:00,19.48939387
5/22/2024 15:00,25.58095231
5/22/2024 16:00,16.91666667
5/22/2024 17:00,18.84500001
5/22/2024 18:00,26.56833337
5/22/2024 19:00,22.75833321
5/22/2024 20:00,38.48166691
5/22/2024 21:00,33.86949138
5/22/2024 22:00,31.03833323
5/22/2024 23:00,29.33500001
5/23/2024,21.92166656
5/23/2024 1:00,27.2983333
5/23/2024 2:00,30.38666668
5/23/2024 3:00,25.2933334
5/23/2024 4:00,19.06333337
5/23/2024 5:00,16.45666668
5/23/2024 6:00,18.19000014
5/23/2024 7:00,19.52698411
5/23/2024 8:00,28.69333347
5/23/2024 9:00,21.5278689
5/23/2024 10:00,18.56999989
5/23/2024 11:00,27.68999996
5/23/2024 12:00,29.94666659
5/23/2024 13:00,16.38833335
5/23/2024 14:00,20.26833331
5/23/2024 15:00,31.24500004
5/23/2024 16:00,27.17878787
5/23/2024 17:00,29.95833327
5/23/2024 18:00,41.5116669
5/23/2024 19:00,50.1683335
5/23/2024 20:00,61.36612929
5/23/2024 21:00,69.53898271
5/23/2024 22:00,77.89666678
5/23/2024 23:00,76.89833336
5/24/2024,73.18500023
5/24/2024 1:00,60.56333345
5/24/2024 2:00,61.5816665
5/24/2024 3:00,56.86333313
5/24/2024 4:00,60.67666664
5/24/2024 5:00,58.55666656
5/24/2024 6:00,76.02166697
5/24/2024 7:00,112.7333328
5/24/2024 8:00,100.1212118
5/24/2024 9:00,57.60000004
5/24/2024 10:00,38.21833366
5/24/2024 11:00,29.90333331
5/24/2024 12:00,23.16500003
5/24/2024 13:00,25.74285713
5/24/2024 14:00,24.78888887
5/24/2024 15:00,32.21746039
5/24/2024 16:00,49.30499964
5/24/2024 17:00,41.18000005
5/24/2024 18:00,40.03666652
5/24/2024 19:00,58.24126991
5/24/2024 20:00,61.11999995
5/24/2024 21:00,48.68500017
5/24/2024 22:00,53.82166665
5/24/2024 23:00,55.22833341
5/25/2024,51.7283336
5/25/2024 1:00,43.8316665
5/25/2024 2:00,37.45166658
5/25/2024 3:00,42.92833354
5/25/2024 4:00,39.73833319
5/25/2024 5:00,48.24666665
5/25/2024 6:00,57.87333355
5/25/2024 7:00,56.72833366
5/25/2024 8:00,66.89166622
5/25/2024 9:00,51.94166679
5/25/2024 10:00,36.57833331
5/25/2024 11:00,30.75322576
5/25/2024 12:00,27.42343751
5/25/2024 13:00,26.93606552
5/25/2024 14:00,33.08833342
5/25/2024 15:00,34.32258077
5/25/2024 16:00,44.04666678
5/25/2024 17:00,43.40999972
5/25/2024 18:00,53.56999976
5/25/2024 19:00,72.11666692
5/25/2024 20:00,93.39000009
5/25/2024 21:00,67.71016913
5/25/2024 22:00,62.36333338
5/25/2024 23:00,46.83999983
5/26/2024,36.88166656
5/26/2024 1:00,33.20500031
5/26/2024 2:00,34.78833351
5/26/2024 3:00,36.7850001
5/26/2024 4:00,34.8249999
5/26/2024 5:00,32.73833319
5/26/2024 6:00,45.63333346
5/26/2024 7:00,31.73000002
5/26/2024 8:00,24.08666681
5/26/2024 9:00,34.39508188
5/26/2024 10:00,33.95396814
5/26/2024 11:00,36.39333337
5/26/2024 12:00,31.58333349
5/26/2024 13:00,30.63833332
5/26/2024 14:00,31.97741936
5/26/2024 15:00,34.04666659
5/26/2024 16:00,34.54500001
5/26/2024 17:00,32.62000004
5/26/2024 18:00,36.28870983
5/26/2024 19:00,46.46166662
5/26/2024 20:00,47.09000009
5/26/2024 21:00,47.51206911
5/26/2024 22:00,51.55714277
5/26/2024 23:00,60.90833365
5/27/2024,54.09333331
5/27/2024 1:00,52.24500008
5/27/2024 2:00,51.78499997
5/27/2024 3:00,53.13166669
5/27/2024 4:00,54.78833338
5/27/2024 5:00,60.1016667
5/27/2024 6:00,69.80166639
5/27/2024 7:00,103.8051721
5/27/2024 8:00,73.92857113
5/27/2024 9:00,47.87575751
5/27/2024 10:00,40.57000046
5/27/2024 11:00,30.96999995
5/27/2024 12:00,26.67096778
5/27/2024 13:00,26.53666665
5/27/2024 14:00,26.42272722
5/27/2024 15:00,12.94285717
5/27/2024 16:00,12.84285716
5/27/2024 17:00,13.71969696
5/27/2024 18:00,16.92857138
5/27/2024 19:00,15.44166673
5/27/2024 20:00,15.38666663
5/27/2024 21:00,15.17333333
5/27/2024 22:00,16.87000003
5/27/2024 23:00,20.8365078
5/28/2024,21.05666653
5/28/2024 1:00,34.50166667
5/28/2024 2:00,14.69166671
5/28/2024 3:00,17.86333318
5/28/2024 4:00,19.85166677
5/28/2024 5:00,21.17666655
5/28/2024 6:00,33.02698435
5/28/2024 7:00,89.15872955
5/28/2024 8:00,66.50000019
5/28/2024 9:00,28.31967204
5/28/2024 10:00,34.84999997
5/28/2024 11:00,31.78999999
5/28/2024 12:00,28.13636358
5/28/2024 13:00,28.60999994
5/28/2024 14:00,27.0619047
5/28/2024 15:00,31.63787871
5/28/2024 16:00,38.35000025
5/28/2024 17:00,40.31000004
5/28/2024 18:00,38.71166643
5/28/2024 19:00,39.45555557
5/28/2024 20:00,51.26666673
5/28/2024 21:00,52.76949142
5/28/2024 22:00,63.10166651
5/28/2024 23:00,56.14833336
5/29/2024,59.33166669
5/29/2024 1:00,58.79166673
5/29/2024 2:00,59.05000032
5/29/2024 3:00,56.54999994
5/29/2024 4:00,62.43666668
5/29/2024 5:00,72.18666687
5/29/2024 6:00,147.7434785
5/29/2024 7:00,243.8447771
5/29/2024 8:00,234.9066677
5/29/2024 9:00,88.54626841
5/29/2024 10:00,33.29000025
5/29/2024 11:00,33.9190477
5/29/2024 12:00,23.67499994
5/29/2024 13:00,25.04126973
5/29/2024 14:00,32.12380939
5/29/2024 15:00,31.56333338
5/29/2024 16:00,33.40833343
5/29/2024 17:00,32.40333328
5/29/2024 18:00,39.7916666
5/29/2024 19:00,53.53500036
5/29/2024 20:00,53.05166664
5/29/2024 21:00,66.65666688
5/29/2024 22:00,77.54666697
5/29/2024 23:00,76.48999964
5/30/2024,66.95333354
5/30/2024 1:00,65.41499964
5/30/2024 2:00,63.06000017
5/30/2024 3:00,64.45666663
5/30/2024 4:00,73.25499954
5/30/2024 5:00,79.98666687
5/30/2024 6:00,111.5983337
5/30/2024 7:00,165.1599991
5/30/2024 8:00,53.39833323
5/30/2024 9:00,28.51451609
5/30/2024 10:00,18.73499996
5/30/2024 11:00,18.16166671
5/30/2024 12:00,18.84761898
5/30/2024 13:00,26.16499991
5/30/2024 14:00,39.42222205
5/30/2024 15:00,42.24761902
5/30/2024 16:00,40.41428593
5/30/2024 17:00,49.43235285
5/30/2024 18:00,61.73833359
5/30/2024 19:00,11.46666662
5/30/2024 20:00,15.53098586
5/30/2024 21:00,16.60357145
5/30/2024 22:00,22.30666669
5/30/2024 23:00,24.71500006
5/31/2024,22.28833329
5/31/2024 1:00,24.82500006
5/31/2024 2:00,25.12833341
5/31/2024 3:00,25.17166675
5/31/2024 4:00,28.82999992
5/31/2024 5:00,29.09500001
5/31/2024 6:00,30.17166659
5/31/2024 7:00,40.69206359
5/31/2024 8:00,41.81029398
5/31/2024 9:00,38.8131146
5/31/2024 10:00,41.25645127
5/31/2024 11:00,46.90895553
5/31/2024 12:00,43.63650785
5/31/2024 13:00,41.83492049
5/31/2024 14:00,41.15999985
5/31/2024 15:00,32.54333336
5/31/2024 16:00,35.53999999
5/31/2024 17:00,15.99999998
5/31/2024 18:00,22.85873029
5/31/2024 19:00,22.33166676
5/31/2024 20:00,8.381666732
5/31/2024 21:00,10.74843743
5/31/2024 22:00,15.4583334
5/31/2024 23:00,19.83833343
6/1/2024,21.48833342
6/1/2024 1:00,19.33333327
6/1/2024 2:00,22.09499998
6/1/2024 3:00,23.5816665
6/1/2024 4:00,26.30333319
6/1/2024 5:00,30.52333326
6/1/2024 6:00,39.06000004
6/1/2024 7:00,43.82666651
6/1/2024 8:00,49.61333319
6/1/2024 9:00,60.70645172
6/1/2024 10:00,51.71833312
6/1/2024 11:00,40.10793628
6/1/2024 12:00,38.75666652
6/1/2024 13:00,17.34000001
6/1/2024 14:00,35.92000001
6/1/2024 15:00,45.83333327
6/1/2024 16:00,33.09999989
6/1/2024 17:00,34.93548387
6/1/2024 18:00,38.91500003
6/1/2024 19:00,41.7967741
6/1/2024 20:00,39.30161292
6/1/2024 21:00,37.27580609
6/1/2024 22:00,40.1266667
6/1/2024 23:00,41.46166662
6/2/2024,43.53666649
6/2/2024 1:00,40.88666668
6/2/2024 2:00,45.87000001
6/2/2024 3:00,44.11333338
6/2/2024 4:00,38.62833322
6/2/2024 5:00,55.98333321
6/2/2024 6:00,47.32999992
6/2/2024 7:00,51.71166636
6/2/2024 8:00,58.58412691
6/2/2024 9:00,45.58852449
6/2/2024 10:00,39.63809534
6/2/2024 11:00,41.82833316
6/2/2024 12:00,34.96666687
6/2/2024 13:00,34.11499999
6/2/2024 14:00,33.11269833
6/2/2024 15:00,29.77258082
6/2/2024 16:00,32.70333331
6/2/2024 17:00,38.83333314
6/2/2024 18:00,46.70833321
6/2/2024 19:00,52.43500004
6/2/2024 20:00,49.63166676
6/2/2024 21:00,40.67500013
6/2/2024 22:00,55.38666636
6/2/2024 23:00,55.23666681
6/3/2024,47.12166653
6/3/2024 1:00,57.97500013
6/3/2024 2:00,57.7766667
6/3/2024 3:00,59.22333342
6/3/2024 4:00,54.92666683
6/3/2024 5:00,61.4766667
6/3/2024 6:00,70.84499969
6/3/2024 7:00,80.70166683
6/3/2024 8:00,59.48833319
6/3/2024 9:00,49.96874982
6/3/2024 10:00,41.36451617
6/3/2024 11:00,41.95151508
6/3/2024 12:00,31.85072457
6/3/2024 13:00,29.54833336
6/3/2024 14:00,29.46507935
6/3/2024 15:00,30.37656239
6/3/2024 16:00,35.34333321
6/3/2024 17:00,39.53499978
6/3/2024 18:00,40.00000013
6/3/2024 19:00,48.38484862
6/3/2024 20:00,53.88666693
6/3/2024 21:00,59.26557366
6/3/2024 22:00,74.30000019
6/3/2024 23:00,70.73499991
6/4/2024,57.07999999
6/4/2024 1:00,64.60666663
6/4/2024 2:00,65.2466671
6/4/2024 3:00,59.47460284
6/4/2024 4:00,63.16833337
6/4/2024 5:00,68.78253979
6/4/2024 6:00,78.85499992
6/4/2024 7:00,91.22666664
6/4/2024 8:00,73.06333326
6/4/2024 9:00,56.25333341
6/4/2024 10:00,48.14848484
6/4/2024 11:00,26.12833329
6/4/2024 12:00,16.60156251
6/4/2024 13:00,13.56166668
6/4/2024 14:00,13.98999996
6/4/2024 15:00,12.86349203
6/4/2024 16:00,16.43387085
6/4/2024 17:00,21.74000015
6/4/2024 18:00,22.82923079
6/4/2024 19:00,28.84393935
6/4/2024 20:00,32.9016668
6/4/2024 21:00,40.5416666
6/4/2024 22:00,42.55
6/4/2024 23:00,38.72333323
6/5/2024,37.28500004
6/5/2024 1:00,37.83333333
6/5/2024 2:00,37.66666673
6/5/2024 3:00,32.88166669
6/5/2024 4:00,33.61666667
6/5/2024 5:00,34.21666667
6/5/2024 6:00,46.21666677
6/5/2024 7:00,54.95333335
6/5/2024 8:00,42.33650789
6/5/2024 9:00,31.59230766
6/5/2024 10:00,24.76290331
6/5/2024 11:00,26.69333331
6/5/2024 12:00,30.38730158
6/5/2024 13:00,29.63166653
6/5/2024 14:00,32.99677424
6/5/2024 15:00,35.87166662
6/5/2024 16:00,34.12121215
6/5/2024 17:00,37.92166678
6/5/2024 18:00,40.53968248
6/5/2024 19:00,45.49999975
6/5/2024 20:00,48.5566665
6/5/2024 21:00,53.13538466
6/5/2024 22:00,64.37833322
6/5/2024 23:00,67.54166698
6/6/2024,61.42166665
6/6/2024 1:00,38.90666653
6/6/2024 2:00,13.98500001
6/6/2024 3:00,14.99333337
6/6/2024 4:00,23.08333335
6/6/2024 5:00,21.09999997
6/6/2024 6:00,20.0359374
6/6/2024 7:00,27.5666667
6/6/2024 8:00,41.961667
6/6/2024 9:00,39.21363646
6/6/2024 10:00,32.97166662
6/6/2024 11:00,29.72307695
6/6/2024 12:00,29.964706
6/6/2024 13:00,25.19062492
6/6/2024 14:00,24.55000003
6/6/2024 15:00,27.07611932
6/6/2024 16:00,24.19500001
6/6/2024 17:00,21.00833327
6/6/2024 18:00,24.1741936
6/6/2024 19:00,27.33906236
6/6/2024 20:00,27.95156246
6/6/2024 21:00,25.46212133
6/6/2024 22:00,32.47333326
6/6/2024 23:00,45.07166678
6/7/2024,50.50666714
6/7/2024 1:00,38.89833298
6/7/2024 2:00,32.02500003
6/7/2024 3:00,39.32166659
6/7/2024 4:00,34.00999985
6/7/2024 5:00,33.05500011
6/7/2024 6:00,35.68666652
6/7/2024 7:00,42.87619031
6/7/2024 8:00,49.08235309
6/7/2024 9:00,36.66333335
6/7/2024 10:00,48.52833319
6/7/2024 11:00,29.04411776
6/7/2024 12:00,25.1637681
6/7/2024 13:00,23.14444439
6/7/2024 14:00,21.13783775
6/7/2024 15:00,21.86617644
6/7/2024 16:00,24.75322576
6/7/2024 17:00,26.74761905
6/7/2024 18:00,27.69999998
6/7/2024 19:00,28.11166665
6/7/2024 20:00,37.76166655
6/7/2024 21:00,38.44333337
6/7/2024 22:00,45.94603166
6/7/2024 23:00,47.20666669
6/8/2024,49.82333323
6/8/2024 1:00,48.06166674
6/8/2024 2:00,44.18666662
6/8/2024 3:00,42.73666655
6/8/2024 4:00,37.53000005
6/8/2024 5:00,54.28333289
6/8/2024 6:00,71.64166654
6/8/2024 7:00,118.0766666
6/8/2024 8:00,74.89499995
6/8/2024 9:00,49.96666654
6/8/2024 10:00,40.20151531
6/8/2024 11:00,39.26999976
6/8/2024 12:00,36.27500033
6/8/2024 13:00,32.83913035
6/8/2024 14:00,31.47903239
6/8/2024 15:00,33.02741937
6/8/2024 16:00,38.1516128
6/8/2024 17:00,40.14500001
6/8/2024 18:00,41.54848498
6/8/2024 19:00,43.44166698
6/8/2024 20:00,47.825
6/8/2024 21:00,58.62500006
6/8/2024 22:00,64.60333328
6/8/2024 23:00,62.8799998
6/9/2024,47.4316665
6/9/2024 1:00,50.15166658
6/9/2024 2:00,53.57333336
6/9/2024 3:00,53.16999982
6/9/2024 4:00,60.74833336
6/9/2024 5:00,71.3612901
6/9/2024 6:00,82.98095231
6/9/2024 7:00,69.12580613
6/9/2024 8:00,64.2766667
6/9/2024 9:00,57.49999994
6/9/2024 10:00,48.75714287
6/9/2024 11:00,45.68833338
6/9/2024 12:00,37.23166656
6/9/2024 13:00,35.2217394
6/9/2024 14:00,35.80606073
6/9/2024 15:00,52.68095186
6/9/2024 16:00,37.26093727
6/9/2024 17:00,38.27258073
6/9/2024 18:00,25.74666665
6/9/2024 19:00,26.44666669
6/9/2024 20:00,32.00833362
6/9/2024 21:00,37.89833342
6/9/2024 22:00,37.39499982
6/9/2024 23:00,41.63666681
6/10/2024,45.15333354
6/10/2024 1:00,44.57833341
6/10/2024 2:00,48.59166679
6/10/2024 3:00,50.64999994
6/10/2024 4:00,50.61499996
6/10/2024 5:00,60.11746095
6/10/2024 6:00,58.7349208
6/10/2024 7:00,51.36166668
6/10/2024 8:00,60.33666662
6/10/2024 9:00,52.69374985
6/10/2024 10:00,41.20833346
6/10/2024 11:00,34.31451598
6/10/2024 12:00,29.41999995
6/10/2024 13:00,32.64920652
6/10/2024 14:00,34.16666656
6/10/2024 15:00,34.7730157
6/10/2024 16:00,34.40645181
6/10/2024 17:00,35.88166647
6/10/2024 18:00,40.45499992
6/10/2024 19:00,50.5283336
6/10/2024 20:00,52.60454554
6/10/2024 21:00,52.43728773
6/10/2024 22:00,53.525
6/10/2024 23:00,53.31904753
6/11/2024,59.3766667
6/11/2024 1:00,55.52333349
6/11/2024 2:00,61.00499992
6/11/2024 3:00,58.55833314
6/11/2024 4:00,67.24833336
6/11/2024 5:00,76.24090865
6/11/2024 6:00,94.09841265
6/11/2024 7:00,81.59166616
6/11/2024 8:00,78.9296869
6/11/2024 9:00,59.95999972
6/11/2024 10:00,47.11904768
6/11/2024 11:00,45.09206342
6/11/2024 12:00,41.76999989
6/11/2024 13:00,42.92580641
6/11/2024 14:00,43.50166664
6/11/2024 15:00,41.09333324
6/11/2024 16:00,39.25999966
6/11/2024 17:00,42.62698407
6/11/2024 18:00,49.49841272
6/11/2024 19:00,48.56515162
6/11/2024 20:00,51.74032248
6/11/2024 21:00,55.69032257
6/11/2024 22:00,56.05833346
6/11/2024 23:00,56.9399999
6/12/2024,62.93833313
6/12/2024 1:00,64.50833352
6/12/2024 2:00,56.43833345
6/12/2024 3:00,68.5683335
6/12/2024 4:00,72.10333366
6/12/2024 5:00,76.18253944
6/12/2024 6:00,79.07999992
6/12/2024 7:00,77.62166595
6/12/2024 8:00,73.16333377
6/12/2024 9:00,60.44333331
6/12/2024 10:00,47.98999977
6/12/2024 11:00,40.73333346
6/12/2024 12:00,39.10500011
6/12/2024 13:00,38.25666663
6/12/2024 14:00,39.13666674
6/12/2024 15:00,40.08840544
6/12/2024 16:00,38.17142838
6/12/2024 17:00,40.56129031
6/12/2024 18:00,43.04833317
6/12/2024 19:00,50.66166649
6/12/2024 20:00,56.16833337
6/12/2024 21:00,53.36885246
6/12/2024 22:00,57.22166672
6/12/2024 23:00,59.35166664
6/13/2024,54.70833308
6/13/2024 1:00,55.37499987
6/13/2024 2:00,55.12333323
6/13/2024 3:00,64.58333346
6/13/2024 4:00,69.94666672
6/13/2024 5:00,73.79841226
6/13/2024 6:00,88.18030305
6/13/2024 7:00,87.27936518
6/13/2024 8:00,68.87333368
6/13/2024 9:00,58.48499978
6/13/2024 10:00,45.88064514
6/13/2024 11:00,37.52500006
6/13/2024 12:00,39.29499963
6/13/2024 13:00,39.0758064
6/13/2024 14:00,41.25294124
6/13/2024 15:00,43.48382322
6/13/2024 16:00,47.48437512
6/13/2024 17:00,47.18095228
6/13/2024 18:00,48.10909104
6/13/2024 19:00,52.35873013
6/13/2024 20:00,54.87500019
6/13/2024 21:00,57.73333314
6/13/2024 22:00,56.89354823
6/13/2024 23:00,56.59666653
6/14/2024,55.09333331
6/14/2024 1:00,55.84333356
6/14/2024 2:00,58.12166627
6/14/2024 3:00,62.53499997
6/14/2024 4:00,65.40166677
6/14/2024 5:00,68.40500005
6/14/2024 6:00,73.03492022
6/14/2024 7:00,80.21833318
6/14/2024 8:00,81.32419377
6/14/2024 9:00,69.30158706
6/14/2024 10:00,66.76461475
6/14/2024 11:00,61.69193514
6/14/2024 12:00,54.81935464
6/14/2024 13:00,48.40819656
6/14/2024 14:00,49.57049173
6/14/2024 15:00,49.53333327
6/14/2024 16:00,50.52333349
6/14/2024 17:00,50.19076908
6/14/2024 18:00,52.99333318
6/14/2024 19:00,53.29499995
6/14/2024 20:00,57.13999977
6/14/2024 21:00,58.83499997
6/14/2024 22:00,60.86333338
6/14/2024 23:00,64.49500001
6/15/2024,63.07333317
6/15/2024 1:00,66.09999968
6/15/2024 2:00,67.41333338
6/15/2024 3:00,63.20666707
6/15/2024 4:00,64.42666632
6/15/2024 5:00,66.2149999
6/15/2024 6:00,73.55333328
6/15/2024 7:00,79.43333295
6/15/2024 8:00,72.74285683
6/15/2024 9:00,65.84166705
6/15/2024 10:00,58.28999983
6/15/2024 11:00,53.23387091
6/15/2024 12:00,51.73333321
6/15/2024 13:00,48.49333324
6/15/2024 14:00,45.31166668
6/15/2024 15:00,47.13650767
6/15/2024 16:00,42.61587294
6/15/2024 17:00,46.67741923
6/15/2024 18:00,49.32537318
6/15/2024 19:00,51.11666667
6/15/2024 20:00,45.70333347
6/15/2024 21:00,48.21333313
6/15/2024 22:00,50.28333327
6/15/2024 23:00,46.53000011
6/16/2024,44.72166665
6/16/2024 1:00,48.56833344
6/16/2024 2:00,51.0816665
6/16/2024 3:00,17.21166666
6/16/2024 4:00,18.69833339
6/16/2024 5:00,19.95166661
6/16/2024 6:00,60.83499997
6/16/2024 7:00,57.50499999
6/16/2024 8:00,155.4733342
6/16/2024 9:00,65.86333313
6/16/2024 10:00,51.32166691
6/16/2024 11:00,50.32833328
6/16/2024 12:00,51.82333342
6/16/2024 13:00,52.21499996
6/16/2024 14:00,44.1049998
6/16/2024 15:00,41.52419355
6/16/2024 16:00,37.44166651
6/16/2024 17:00,49.64333324
6/16/2024 18:00,56.10158757
6/16/2024 19:00,60.44666653
6/16/2024 20:00,65.48666649
6/16/2024 21:00,59.03559326
6/16/2024 22:00,74.39666716
6/16/2024 23:00,67.64833361
6/17/2024,59.07166672
6/17/2024 1:00,40.05833324
6/17/2024 2:00,24.67999996
6/17/2024 3:00,28.17833325
6/17/2024 4:00,33.59999978
6/17/2024 5:00,38.71666679
6/17/2024 6:00,49.64333344
6/17/2024 7:00,70.08000056
6/17/2024 8:00,128.4799998
6/17/2024 9:00,68.85573759
6/17/2024 10:00,35.92333342
6/17/2024 11:00,39.25499992
6/17/2024 12:00,41.65999991
6/17/2024 13:00,38.38833313
6/17/2024 14:00,45.0433335
6/17/2024 15:00,43.23999971
6/17/2024 16:00,51.18253986
6/17/2024 17:00,46.85833346
6/17/2024 18:00,52.70333341
6/17/2024 19:00,58.99666665
6/17/2024 20:00,58.03666668
6/17/2024 21:00,61.3262296
6/17/2024 22:00,63.31000017
6/17/2024 23:00,58.70000006
6/18/2024,61.79047612
6/18/2024 1:00,53.34666678
6/18/2024 2:00,46.45666656
6/18/2024 3:00,41.40500005
6/18/2024 4:00,48.49666691
6/18/2024 5:00,62.12166653
6/18/2024 6:00,96.06500041
6/18/2024 7:00,90.43166682
6/18/2024 8:00,63.45166696
6/18/2024 9:00,90.19499982
6/18/2024 10:00,161.9933324
6/18/2024 11:00,52.6200002
6/18/2024 12:00,46.17000027
6/18/2024 13:00,46.87833335
6/18/2024 14:00,43.80166683
6/18/2024 15:00,45.77499987
6/18/2024 16:00,45.65166658
6/18/2024 17:00,44.13333321
6/18/2024 18:00,55.78333321
6/18/2024 19:00,60.39166667
6/18/2024 20:00,67.75714293
6/18/2024 21:00,60.81475411
6/18/2024 22:00,73.18500004
6/18/2024 23:00,75.45000013
6/19/2024,26.63999999
6/19/2024 1:00,24.42666664
6/19/2024 2:00,26.63666681
6/19/2024 3:00,31.77166675
6/19/2024 4:00,32.83166701
6/19/2024 5:00,37.01999998
6/19/2024 6:00,41.45666669
6/19/2024 7:00,82.14000028
6/19/2024 8:00,93.02499962
6/19/2024 9:00,57.49344279
6/19/2024 10:00,43.21333319
6/19/2024 11:00,41.26333326
6/19/2024 12:00,42.15666669
6/19/2024 13:00,38.91499996
6/19/2024 14:00,26.24000003
6/19/2024 15:00,23.09166654
6/19/2024 16:00,35.32000011
6/19/2024 17:00,41.98666636
6/19/2024 18:00,45.89166673
6/19/2024 19:00,48.90000006
6/19/2024 20:00,56.49166673
6/19/2024 21:00,38.31999998
6/19/2024 22:00,27.55833337
6/19/2024 23:00,21.51166665
6/20/2024,15.13666671
6/20/2024 1:00,26.54500017
6/20/2024 2:00,25.00499989
6/20/2024 3:00,30.51166655
6/20/2024 4:00,42.69999981
6/20/2024 5:00,60.50500031
6/20/2024 6:00,49.77666683
6/20/2024 7:00,34.4766667
6/20/2024 8:00,58.83166672
6/20/2024 9:00,54.74590161
6/20/2024 10:00,29.47833322
6/20/2024 11:00,24.17903236
6/20/2024 12:00,21.43999996
6/20/2024 13:00,23.7499999
6/20/2024 14:00,25.49333347
6/20/2024 15:00,24.96333329
6/20/2024 16:00,23.80952384
6/20/2024 17:00,22.29193549
6/20/2024 18:00,20.84000009
6/20/2024 19:00,18.34500006
6/20/2024 20:00,17.53387094
6/20/2024 21:00,16.36774191
6/20/2024 22:00,14.62096774
6/20/2024 23:00,14.22333333
6/21/2024,18.35333336
6/21/2024 1:00,18.28000008
6/21/2024 2:00,18.28166653
6/21/2024 3:00,17.95500008
6/21/2024 4:00,19.41999995
6/21/2024 5:00,24.68999993
6/21/2024 6:00,25.06666679
6/21/2024 7:00,24.92166665
6/21/2024 8:00,23.46833344
6/21/2024 9:00,20.80999997
6/21/2024 10:00,20.78095242
6/21/2024 11:00,22.04838704
6/21/2024 12:00,26.21833347
6/21/2024 13:00,25.68166669
6/21/2024 14:00,21.11451623
6/21/2024 15:00,17.58181829
6/21/2024 16:00,16.99166652
6/21/2024 17:00,18.15483865
6/21/2024 18:00,20.1416667
6/21/2024 19:00,24.43500004
6/21/2024 20:00,24.59166676
6/21/2024 21:00,22.66666663
6/21/2024 22:00,19.05500003
6/21/2024 23:00,10.63500001
6/22/2024,12.01166666
6/22/2024 1:00,19.55999999
6/22/2024 2:00,22.75833324
6/22/2024 3:00,25.37833341
6/22/2024 4:00,29.98999999
6/22/2024 5:00,31.57666651
6/22/2024 6:00,33.96333345
6/22/2024 7:00,32.09500011
6/22/2024 8:00,28.54166667
6/22/2024 9:00,23.43833326
6/22/2024 10:00,20.37166653
6/22/2024 11:00,20.91587312
6/22/2024 12:00,22.19666665
6/22/2024 13:00,21.29333337
6/22/2024 14:00,21.11500006
6/22/2024 15:00,22.91666655
6/22/2024 16:00,20.2583333
6/22/2024 17:00,17.35333339
6/22/2024 18:00,20.5500001
6/22/2024 19:00,23.4666667
6/22/2024 20:00,24.77333326
6/22/2024 21:00,25.11694924
6/22/2024 22:00,26.43333337
6/22/2024 23:00,32.64285726
6/23/2024,20.82666674
6/23/2024 1:00,19.46166665
6/23/2024 2:00,19.62333342
6/23/2024 3:00,25.12000001
6/23/2024 4:00,22.92499997
6/23/2024 5:00,23.32333336
6/23/2024 6:00,23.38666662
6/23/2024 7:00,19.37666661
6/23/2024 8:00,18.28500001
6/23/2024 9:00,14.7
6/23/2024 10:00,13.36833328
6/23/2024 11:00,24.07666664
6/23/2024 12:00,16.78730159
6/23/2024 13:00,19.70666676
6/23/2024 14:00,24.67301578
6/23/2024 15:00,20.90634924
6/23/2024 16:00,19.40317451
6/23/2024 17:00,18.62063478
6/23/2024 18:00,17.89000006
6/23/2024 19:00,18.96999995
6/23/2024 20:00,20.66166671
6/23/2024 21:00,21.86500006
6/23/2024 22:00,28.67166684
6/23/2024 23:00,27.52000008
6/24/2024,27.79666675
6/24/2024 1:00,24.68666658
6/24/2024 2:00,20.74666659
6/24/2024 3:00,19.00499999
6/24/2024 4:00,22.33500001
6/24/2024 5:00,26.08833342
6/24/2024 6:00,27.37000001
6/24/2024 7:00,31.61666667
6/24/2024 8:00,28.75166664
6/24/2024 9:00,23.20327865
6/24/2024 10:00,18.76499988
6/24/2024 11:00,22.37500002
6/24/2024 12:00,23.67719289
6/24/2024 13:00,19.41111095
6/24/2024 14:00,18.37666664
6/24/2024 15:00,20.70454548
6/24/2024 16:00,23.14285717
6/24/2024 17:00,22.15166667
6/24/2024 18:00,22.18412693
6/24/2024 19:00,26.69344267
6/24/2024 20:00,39.90606062
6/24/2024 21:00,29.45500002
6/24/2024 22:00,32.52666667
6/24/2024 23:00,30.74666665
6/25/2024,37.86833344
6/25/2024 1:00,34.06999995
6/25/2024 2:00,32.5500001
6/25/2024 3:00,35.37666677
6/25/2024 4:00,39.23333327
6/25/2024 5:00,42.95166677
6/25/2024 6:00,55.06666692
6/25/2024 7:00,51.14166648
6/25/2024 8:00,45.11499964
6/25/2024 9:00,40.89508191
6/25/2024 10:00,32.41500003
6/25/2024 11:00,40.28333333
6/25/2024 12:00,32.78666668
6/25/2024 13:00,30.91500015
6/25/2024 14:00,26.85396806
6/25/2024 15:00,24.83166669
6/25/2024 16:00,27.32741928
6/25/2024 17:00,24.48000002
6/25/2024 18:00,34.84603158
6/25/2024 19:00,26.37000001
6/25/2024 20:00,27.97333314
6/25/2024 21:00,30.06774204
6/25/2024 22:00,32.7416666
6/25/2024 23:00,36.03333343
6/26/2024,40.98833345
6/26/2024 1:00,40.67499994
6/26/2024 2:00,58.98833313
6/26/2024 3:00,31.12166681
6/26/2024 4:00,22.47666658
6/26/2024 5:00,21.02000004
6/26/2024 6:00,29.70833327
6/26/2024 7:00,40.15000006
6/26/2024 8:00,43.02833347
6/26/2024 9:00,36.4491802
6/26/2024 10:00,23.30333335
6/26/2024 11:00,20.45833333
6/26/2024 12:00,18.75333347
6/26/2024 13:00,19.84444449
6/26/2024 14:00,18.80999999
6/26/2024 15:00,18.25666668
6/26/2024 16:00,18.92833328
6/26/2024 17:00,16.83333335
6/26/2024 18:00,20.44999998
6/26/2024 19:00,27.93000008
6/26/2024 20:00,32.41666673
6/26/2024 21:00,25.7322034
6/26/2024 22:00,30.07166669
6/26/2024 23:00,29.35689656
6/27/2024,28.96833334
6/27/2024 1:00,24.3816666
6/27/2024 2:00,30.08166663
6/27/2024 3:00,27.80666676
6/27/2024 4:00,30.53999993
6/27/2024 5:00,28.78499991
6/27/2024 6:00,46.81833356
6/27/2024 7:00,57.52698402
6/27/2024 8:00,49.15500005
6/27/2024 9:00,21.3149999
6/27/2024 10:00,21.68166666
6/27/2024 11:00,18.62833344
6/27/2024 12:00,28.81499996
6/27/2024 13:00,26.03166676
6/27/2024 14:00,22.92999999
6/27/2024 15:00,22.71166674
6/27/2024 16:00,22.30166664
6/27/2024 17:00,21.2516667
6/27/2024 18:00,24.96833328
6/27/2024 19:00,34.20833343
6/27/2024 20:00,NA
6/27/2024 21:00,NA
6/27/2024 22:00,32.53809541
6/27/2024 23:00,24.61166671
6/28/2024,23.30499999
6/28/2024 1:00,16.84666668
6/28/2024 2:00,11.10333334
6/28/2024 3:00,13.4266667
6/28/2024 4:00,10.61666668
6/28/2024 5:00,12.37833343
6/28/2024 6:00,15.6633334
6/28/2024 7:00,32.73000002
6/28/2024 8:00,62.89666634
6/28/2024 9:00,48.6566666
6/28/2024 10:00,25.7016667
6/28/2024 11:00,25.02166672
6/28/2024 12:00,16.74666672
6/28/2024 13:00,14.06666659
6/28/2024 14:00,9.65333333
6/28/2024 15:00,8.460000078
6/28/2024 16:00,8.696666662
6/28/2024 17:00,9.249206346
6/28/2024 18:00,10.79166675
6/28/2024 19:00,13.10163936
6/28/2024 20:00,14.73968253
6/28/2024 21:00,11.43492063
6/28/2024 22:00,11.30666671
6/28/2024 23:00,12.46666665
6/29/2024,13.54833339
6/29/2024 1:00,16.15079365
6/29/2024 2:00,12.46166666
6/29/2024 3:00,7.376666705
6/29/2024 4:00,9.318333387
6/29/2024 5:00,8.408333405
6/29/2024 6:00,14.17333328
6/29/2024 7:00,18.25396825
6/29/2024 8:00,29.35833317
6/29/2024 9:00,20.11016943
6/29/2024 10:00,16.98253968
6/29/2024 11:00,18.92000009
6/29/2024 12:00,10.63833337
6/29/2024 13:00,5.426666653
6/29/2024 14:00,5.456666684
6/29/2024 15:00,7.655000011
6/29/2024 16:00,7.590000017
6/29/2024 17:00,9.271666646
6/29/2024 18:00,16.78412707
6/29/2024 19:00,24.18499996
6/29/2024 20:00,28.66333332
6/29/2024 21:00,32.73666671
6/29/2024 22:00,20.8716667
6/29/2024 23:00,13.52666661
6/30/2024,12.54000004
6/30/2024 1:00,26.19666675
6/30/2024 2:00,45.16166681
6/30/2024 3:00,52.62500004
6/30/2024 4:00,NA
6/30/2024 5:00,NA
6/30/2024 6:00,NA
6/30/2024 7:00,NA
6/30/2024 8:00,99.20833295
6/30/2024 9:00,NA
6/30/2024 10:00,NA
6/30/2024 11:00,12.28166666
6/30/2024 12:00,18.72333318
6/30/2024 13:00,24.94333324
6/30/2024 14:00,24.34333331
6/30/2024 15:00,20.12000003
6/30/2024 16:00,13.85322582
6/30/2024 17:00,20.72499995
6/30/2024 18:00,26.8983333
6/30/2024 19:00,43.74333337
6/30/2024 20:00,134.4933334
6/30/2024 21:00,61.5240747
6/30/2024 22:00,55.31666654
6/30/2024 23:00,58.97457601
7/1/2024,57.33166676
7/1/2024 1:00,57.39666678
7/1/2024 2:00,71.63833345
7/1/2024 3:00,75.51000017
7/1/2024 4:00,83.9016669
7/1/2024 5:00,76.55666625
7/1/2024 6:00,73.16499996
7/1/2024 7:00,80.52363654
7/1/2024 8:00,NA
7/1/2024 9:00,49.21176434
7/1/2024 10:00,22.70833357
7/1/2024 11:00,20.46166671
7/1/2024 12:00,15.31500009
7/1/2024 13:00,13.00833338
7/1/2024 14:00,9.771666662
7/1/2024 15:00,13.61166668
7/1/2024 16:00,12.88833335
7/1/2024 17:00,17.67499998
7/1/2024 18:00,27.1416667
7/1/2024 19:00,38.11833356
7/1/2024 20:00,29.4016667
7/1/2024 21:00,26.20166663
7/1/2024 22:00,31.85333341
7/1/2024 23:00,40.81525421
7/2/2024,53.2172414
7/2/2024 1:00,53.18928538
7/2/2024 2:00,55.35555551
7/2/2024 3:00,66.52586253
7/2/2024 4:00,59.40943403
7/2/2024 5:00,NA
7/2/2024 6:00,NA
7/2/2024 7:00,35.64313724
7/2/2024 8:00,61.25666688
7/2/2024 9:00,37.59473694
7/2/2024 10:00,38.84200016
7/2/2024 11:00,27.64999999
7/2/2024 12:00,51.61666686
7/2/2024 13:00,37.21166668
7/2/2024 14:00,30.39499992
7/2/2024 15:00,27.65833324
7/2/2024 16:00,19.78
7/2/2024 17:00,6.764999994
7/2/2024 18:00,12.06181819
7/2/2024 19:00,42.81833344
7/2/2024 20:00,40.08999999
7/2/2024 21:00,NA
7/2/2024 22:00,NA
7/2/2024 23:00,21.17166662
7/3/2024,NA
7/3/2024 1:00,NA
7/3/2024 2:00,NA
7/3/2024 3:00,37.79166656
7/3/2024 4:00,68.77500013
7/3/2024 5:00,NA
7/3/2024 6:00,NA
7/3/2024 7:00,NA
7/3/2024 8:00,9.680000043
7/3/2024 9:00,13.28166668
7/3/2024 10:00,12.36999997
7/3/2024 11:00,13.33666671
7/3/2024 12:00,26.3350001
7/3/2024 13:00,34.86000004
7/3/2024 14:00,17.99666672
7/3/2024 15:00,15.47333341
7/3/2024 16:00,35.87166659
7/3/2024 17:00,NA
7/3/2024 18:00,NA
7/3/2024 19:00,36.76551698
7/3/2024 20:00,NA
7/3/2024 21:00,43.30892897
7/3/2024 22:00,NA
7/3/2024 23:00,NA
7/4/2024,NA
7/4/2024 1:00,50.26833337
7/4/2024 2:00,NA
7/4/2024 3:00,NA
7/4/2024 4:00,85.76833344
7/4/2024 5:00,46.4377355
7/4/2024 6:00,NA
7/4/2024 7:00,NA
7/4/2024 8:00,NA
7/4/2024 9:00,94.69215617
7/4/2024 10:00,NA
7/4/2024 11:00,98.4350001
7/4/2024 12:00,NA
7/4/2024 13:00,NA
7/4/2024 14:00,29.53749994
7/4/2024 15:00,NA
7/4/2024 16:00,NA
7/4/2024 17:00,8.603333322
7/4/2024 18:00,7.149999992
7/4/2024 19:00,7.079999987
7/4/2024 20:00,7.594999989
7/4/2024 21:00,4.850000008
7/4/2024 22:00,5.503333322
7/4/2024 23:00,6.538333344
7/5/2024,6.470000005
7/5/2024 1:00,8.293333292
7/5/2024 2:00,8.298333351
7/5/2024 3:00,9.323333327
7/5/2024 4:00,11.92999999
7/5/2024 5:00,9.419999989
7/5/2024 6:00,15.39999995
7/5/2024 7:00,101.5633333
7/5/2024 8:00,NA
7/5/2024 9:00,NA
7/5/2024 10:00,50.10357162
7/5/2024 11:00,NA
7/5/2024 12:00,NA
7/5/2024 13:00,47.28833332
7/5/2024 14:00,30.62000008
7/5/2024 15:00,23.69666667
7/5/2024 16:00,20.46833336
7/5/2024 17:00,NA
7/5/2024 18:00,NA
7/5/2024 19:00,48.45166696
7/5/2024 20:00,NA
7/5/2024 21:00,NA
7/5/2024 22:00,44.84310341
7/5/2024 23:00,92.85000013
7/6/2024,NA
7/6/2024 1:00,NA
7/6/2024 2:00,NA
7/6/2024 3:00,NA
7/6/2024 4:00,2.901666669
7/6/2024 5:00,6.393333308
7/6/2024 6:00,13.18999998
7/6/2024 7:00,24.06481467
7/6/2024 8:00,NA
7/6/2024 9:00,NA
7/6/2024 10:00,NA
7/6/2024 11:00,NA
7/6/2024 12:00,NA
7/6/2024 13:00,NA
7/6/2024 14:00,NA
7/6/2024 15:00,15.06190479
7/6/2024 16:00,15.78709667
7/6/2024 17:00,NA
7/6/2024 18:00,NA
7/6/2024 19:00,NA
7/6/2024 20:00,NA
7/6/2024 21:00,NA
7/6/2024 22:00,6.49841273
7/6/2024 23:00,NA
7/7/2024,NA
7/7/2024 1:00,4.672549009
7/7/2024 2:00,10.24500003
7/7/2024 3:00,14.07499995
7/7/2024 4:00,12.21833334
7/7/2024 5:00,24.43500005
7/7/2024 6:00,NA
7/7/2024 7:00,NA
7/7/2024 8:00,NA
7/7/2024 9:00,NA
7/7/2024 10:00,NA
7/7/2024 11:00,NA
7/7/2024 12:00,NA
7/7/2024 13:00,NA
7/7/2024 14:00,NA
7/7/2024 15:00,NA
7/7/2024 16:00,NA
7/7/2024 17:00,NA
7/7/2024 18:00,NA
7/7/2024 19:00,45.36896485
7/7/2024 20:00,NA
7/7/2024 21:00,NA
7/7/2024 22:00,NA
7/7/2024 23:00,NA
7/8/2024,NA
7/8/2024 1:00,NA
7/8/2024 2:00,NA
7/8/2024 3:00,NA
7/8/2024 4:00,NA
7/8/2024 5:00,NA
7/8/2024 6:00,NA
7/8/2024 7:00,NA
7/8/2024 8:00,NA
7/8/2024 9:00,NA
7/8/2024 10:00,42.03148142
7/8/2024 11:00,NA
7/8/2024 12:00,42.26500022
7/8/2024 13:00,NA
7/8/2024 14:00,16.81000002
7/8/2024 15:00,17.19000001
7/8/2024 16:00,21.03500007
7/8/2024 17:00,35.96349211
7/8/2024 18:00,51.48113193
7/8/2024 19:00,NA
7/8/2024 20:00,NA
7/8/2024 21:00,NA
7/8/2024 22:00,NA
7/8/2024 23:00,NA
7/9/2024,NA
7/9/2024 1:00,NA
7/9/2024 2:00,NA
7/9/2024 3:00,NA
7/9/2024 4:00,NA
7/9/2024 5:00,NA
7/9/2024 6:00,NA
7/9/2024 7:00,NA
7/9/2024 8:00,NA
7/9/2024 9:00,NA
7/9/2024 10:00,NA
7/9/2024 11:00,54.51500015
7/9/2024 12:00,38.10499986
7/9/2024 13:00,36.53500036
7/9/2024 14:00,40.50175372
7/9/2024 15:00,NA
7/9/2024 16:00,30.52333342
7/9/2024 17:00,29.98166663
7/9/2024 18:00,33.88448304
7/9/2024 19:00,37.676364
7/9/2024 20:00,38.20192245
7/9/2024 21:00,32.81481443
7/9/2024 22:00,NA
7/9/2024 23:00,NA
7/10/2024,NA
7/10/2024 1:00,NA
7/10/2024 2:00,NA
7/10/2024 3:00,NA
7/10/2024 4:00,NA
7/10/2024 5:00,NA
7/10/2024 6:00,NA
7/10/2024 7:00,NA
7/10/2024 8:00,NA
7/10/2024 9:00,NA
7/10/2024 10:00,NA
7/10/2024 11:00,NA
7/10/2024 12:00,50.89803984
7/10/2024 13:00,NA
7/10/2024 14:00,NA
7/10/2024 15:00,24.89200044
7/10/2024 16:00,12.19666669
7/10/2024 17:00,NA
7/10/2024 18:00,27.47142877
7/10/2024 19:00,NA
7/10/2024 20:00,NA
7/10/2024 21:00,NA
7/10/2024 22:00,NA
7/10/2024 23:00,18.31836726
7/11/2024,NA
7/11/2024 1:00,NA
7/11/2024 2:00,NA
7/11/2024 3:00,NA
7/11/2024 4:00,NA
7/11/2024 5:00,NA
7/11/2024 6:00,NA
7/11/2024 7:00,NA
7/11/2024 8:00,NA
7/11/2024 9:00,NA
7/11/2024 10:00,NA
7/11/2024 11:00,NA
7/11/2024 12:00,NA
7/11/2024 13:00,NA
7/11/2024 14:00,NA
7/11/2024 15:00,NA
7/11/2024 16:00,NA
7/11/2024 17:00,NA
7/11/2024 18:00,27.30185212
7/11/2024 19:00,NA
7/11/2024 20:00,NA
7/11/2024 21:00,NA
7/11/2024 22:00,NA
7/11/2024 23:00,NA
7/12/2024,NA
7/12/2024 1:00,NA
7/12/2024 2:00,NA
7/12/2024 3:00,NA
7/12/2024 4:00,NA
7/12/2024 5:00,NA
7/12/2024 6:00,NA
7/12/2024 7:00,NA
7/12/2024 8:00,NA
7/12/2024 9:00,NA
7/12/2024 10:00,NA
7/12/2024 11:00,NA
7/12/2024 12:00,NA
7/12/2024 13:00,15.36603784
7/12/2024 14:00,13.68448284
7/12/2024 15:00,7.207936514
7/12/2024 16:00,8.491666714
7/12/2024 17:00,9.5482758
7/12/2024 18:00,12.99206342
7/12/2024 19:00,12.65555542
7/12/2024 20:00,16.09795899
7/12/2024 21:00,NA
7/12/2024 22:00,NA
7/12/2024 23:00,NA
7/13/2024,NA
7/13/2024 1:00,NA
7/13/2024 2:00,NA
7/13/2024 3:00,NA
7/13/2024 4:00,NA
7/13/2024 5:00,NA
7/13/2024 6:00,NA
7/13/2024 7:00,NA
7/13/2024 8:00,NA
7/13/2024 9:00,NA
7/13/2024 10:00,NA
7/13/2024 11:00,15.13499996
7/13/2024 12:00,18.82333341
7/13/2024 13:00,27.34666678
7/13/2024 14:00,15.99206348
7/13/2024 15:00,13.13666665
7/13/2024 16:00,14.33499994
7/13/2024 17:00,14.275
7/13/2024 18:00,17.27166664
7/13/2024 19:00,23.83500026
7/13/2024 20:00,24.84827558
7/13/2024 21:00,24.99795918
7/13/2024 22:00,24.13018878
7/13/2024 23:00,NA
7/14/2024,NA
7/14/2024 1:00,NA
7/14/2024 2:00,NA
7/14/2024 3:00,NA
7/14/2024 4:00,NA
7/14/2024 5:00,NA
7/14/2024 6:00,NA
7/14/2024 7:00,NA
7/14/2024 8:00,NA
7/14/2024 9:00,NA
7/14/2024 10:00,27.38200022
7/14/2024 11:00,20.83157854
7/14/2024 12:00,29.3150002
7/14/2024 13:00,20.9451611
7/14/2024 14:00,13.41166663
7/14/2024 15:00,12.12333331
7/14/2024 16:00,25.50166643
7/14/2024 17:00,11.58500009
7/14/2024 18:00,10.98499997
7/14/2024 19:00,12.11166671
7/14/2024 20:00,12.7666667
7/14/2024 21:00,13.99833333
7/14/2024 22:00,13.10500007
7/14/2024 23:00,12.95166669
7/15/2024,13.04166667
7/15/2024 1:00,13.05500002
7/15/2024 2:00,14.43833334
7/15/2024 3:00,15.02166665
7/15/2024 4:00,15.25166669
7/15/2024 5:00,13.49500003
7/15/2024 6:00,16.24333331
7/15/2024 7:00,21.69499998
7/15/2024 8:00,74.36166585
7/15/2024 9:00,63.46922936
7/15/2024 10:00,31.14444454
7/15/2024 11:00,22.12500006
7/15/2024 12:00,15.04603174
7/15/2024 13:00,17.88333322
7/15/2024 14:00,18.43809526
7/15/2024 15:00,11.29833326
7/15/2024 16:00,12.15833335
7/15/2024 17:00,21.20833333
7/15/2024 18:00,21.87000017
7/15/2024 19:00,22.59333344
7/15/2024 20:00,26.12833363
7/15/2024 21:00,27.71296286
7/15/2024 22:00,NA
7/15/2024 23:00,26.99215672
7/16/2024,NA
7/16/2024 1:00,NA
7/16/2024 2:00,NA
7/16/2024 3:00,NA
7/16/2024 4:00,NA
7/16/2024 5:00,NA
7/16/2024 6:00,NA
7/16/2024 7:00,NA
7/16/2024 8:00,NA
7/16/2024 9:00,32.90925951
7/16/2024 10:00,27.72575766
7/16/2024 11:00,24.07894755
7/16/2024 12:00,18.5416667
7/16/2024 13:00,21.57049176
7/16/2024 14:00,10.77540979
7/16/2024 15:00,8.905000011
7/16/2024 16:00,13.67166675
7/16/2024 17:00,18.36000002
7/16/2024 18:00,16.47833335
7/16/2024 19:00,16.21818182
7/16/2024 20:00,26.4999999
7/16/2024 21:00,24.96666658
7/16/2024 22:00,NA
7/16/2024 23:00,21.67142852
7/17/2024,NA
7/17/2024 1:00,NA
7/17/2024 2:00,NA
7/17/2024 3:00,NA
7/17/2024 4:00,NA
7/17/2024 5:00,NA
7/17/2024 6:00,NA
7/17/2024 7:00,NA
7/17/2024 8:00,NA
7/17/2024 9:00,42.66923046
7/17/2024 10:00,65.08889001
7/17/2024 11:00,60.73818033
7/17/2024 12:00,38.31403578
7/17/2024 13:00,18.91999985
7/17/2024 14:00,13.93000005
7/17/2024 15:00,10.74000008
7/17/2024 16:00,14.86774175
7/17/2024 17:00,10.79206331
7/17/2024 18:00,11.50566033
7/17/2024 19:00,NA
7/17/2024 20:00,NA
7/17/2024 21:00,NA
7/17/2024 22:00,NA
7/17/2024 23:00,NA
7/18/2024,NA
7/18/2024 1:00,NA
7/18/2024 2:00,NA
7/18/2024 3:00,NA
7/18/2024 4:00,NA
7/18/2024 5:00,NA
7/18/2024 6:00,NA
7/18/2024 7:00,NA
7/18/2024 8:00,NA
7/18/2024 9:00,45.10714282
7/18/2024 10:00,55.20333287
7/18/2024 11:00,26.45932183
7/18/2024 12:00,16.56000001
7/18/2024 13:00,15.295
7/18/2024 14:00,12.26000005
7/18/2024 15:00,7.344999981
7/18/2024 16:00,17.87500005
7/18/2024 17:00,23.60166677
7/18/2024 18:00,20.03389843
7/18/2024 19:00,20.24999979
7/18/2024 20:00,24.14821454
7/18/2024 21:00,25.30200039
7/18/2024 22:00,NA
7/18/2024 23:00,NA
7/19/2024,NA
7/19/2024 1:00,NA
7/19/2024 2:00,NA
7/19/2024 3:00,NA
7/19/2024 4:00,NA
7/19/2024 5:00,NA
7/19/2024 6:00,NA
7/19/2024 7:00,NA
7/19/2024 8:00,NA
7/19/2024 9:00,NA
7/19/2024 10:00,42.50363638
7/19/2024 11:00,20.12666656
7/19/2024 12:00,10.16999996
7/19/2024 13:00,12.9966667
7/19/2024 14:00,7.363333384
7/19/2024 15:00,5.399999984
7/19/2024 16:00,7.038333352
7/19/2024 17:00,8.631666676
7/19/2024 18:00,8.745000021
7/19/2024 19:00,24.14915276
7/19/2024 20:00,15.47592589
7/19/2024 21:00,15.00877198
7/19/2024 22:00,NA
7/19/2024 23:00,NA
7/20/2024,NA
7/20/2024 1:00,NA
7/20/2024 2:00,NA
7/20/2024 3:00,NA
7/20/2024 4:00,NA
7/20/2024 5:00,NA
7/20/2024 6:00,NA
7/20/2024 7:00,NA
7/20/2024 8:00,50.672549
7/20/2024 9:00,49.2830508
7/20/2024 10:00,40.48833443
7/20/2024 11:00,24.1350001
7/20/2024 12:00,22.2683334
7/20/2024 13:00,21.15151535
7/20/2024 14:00,12.81666668
7/20/2024 15:00,16.2050001
7/20/2024 16:00,8.176190467
7/20/2024 17:00,NA
7/20/2024 18:00,7.742857252
7/20/2024 19:00,12.10892873
7/20/2024 20:00,13.46226419
7/20/2024 21:00,NA
7/20/2024 22:00,NA
7/20/2024 23:00,NA
7/21/2024,NA
7/21/2024 1:00,NA
7/21/2024 2:00,NA
7/21/2024 3:00,NA
7/21/2024 4:00,NA
7/21/2024 5:00,NA
7/21/2024 6:00,NA
7/21/2024 7:00,NA
7/21/2024 8:00,11.3109091
7/21/2024 9:00,31.3983332
7/21/2024 10:00,67.1156878
7/21/2024 11:00,50.63333337
7/21/2024 12:00,34.7366663
7/21/2024 13:00,33.02096776
7/21/2024 14:00,28.46833286
7/21/2024 15:00,21.16060595
7/21/2024 16:00,6.566666651
7/21/2024 17:00,6.535000022
7/21/2024 18:00,7.023333359
7/21/2024 19:00,12.15333335
7/21/2024 20:00,13.98923074
7/21/2024 21:00,13.81904764
7/21/2024 22:00,16.6866667
7/21/2024 23:00,14.73833335
7/22/2024,12.61666671
7/22/2024 1:00,7.684999986
7/22/2024 2:00,2.538333325
7/22/2024 3:00,3.423333347
7/22/2024 4:00,2.728333324
7/22/2024 5:00,3.623333323
7/22/2024 6:00,5.962068969
7/22/2024 7:00,7.255000011
7/22/2024 8:00,29.44999946
7/22/2024 9:00,NA
7/22/2024 10:00,NA
7/22/2024 11:00,28.01403551
7/22/2024 12:00,24.90666669
7/22/2024 13:00,33.91774218
7/22/2024 14:00,27.00000016
7/22/2024 15:00,19.07333345
7/22/2024 16:00,22.41833344
7/22/2024 17:00,14.27666672
7/22/2024 18:00,16.95999993
7/22/2024 19:00,20.80172391
7/22/2024 20:00,25.23275905
7/22/2024 21:00,NA
7/22/2024 22:00,NA
7/22/2024 23:00,NA
7/23/2024,NA
7/23/2024 1:00,NA
7/23/2024 2:00,NA
7/23/2024 3:00,NA
7/23/2024 4:00,NA
7/23/2024 5:00,NA
7/23/2024 6:00,NA
7/23/2024 7:00,NA
7/23/2024 8:00,NA
7/23/2024 9:00,NA
7/23/2024 10:00,31.15087717
7/23/2024 11:00,48.8716671
7/23/2024 12:00,14.35666695
7/23/2024 13:00,13.88939401
7/23/2024 14:00,9.956666573
7/23/2024 15:00,9.593846226
7/23/2024 16:00,9.117910506
7/23/2024 17:00,9.364999978
7/23/2024 18:00,9.539999906
7/23/2024 19:00,12.50000002
7/23/2024 20:00,14.71249996
7/23/2024 21:00,NA
7/23/2024 22:00,NA
7/23/2024 23:00,NA
7/24/2024,NA
7/24/2024 1:00,NA
7/24/2024 2:00,NA
7/24/2024 3:00,NA
7/24/2024 4:00,NA
7/24/2024 5:00,NA
7/24/2024 6:00,NA
7/24/2024 7:00,NA
7/24/2024 8:00,NA
7/24/2024 9:00,NA
7/24/2024 10:00,35.0767855
7/24/2024 11:00,31.06833328
7/24/2024 12:00,29.00317425
7/24/2024 13:00,34.8733331
7/24/2024 14:00,15.81833339
7/24/2024 15:00,7.090476218
7/24/2024 16:00,6.729032263
7/24/2024 17:00,8.453333251
7/24/2024 18:00,8.969841374
7/24/2024 19:00,12.20000001
7/24/2024 20:00,14.16545464
7/24/2024 21:00,14.08431382
7/24/2024 22:00,NA
7/24/2024 23:00,NA
7/25/2024,NA
7/25/2024 1:00,NA
7/25/2024 2:00,NA
7/25/2024 3:00,NA
7/25/2024 4:00,NA
7/25/2024 5:00,NA
7/25/2024 6:00,NA
7/25/2024 7:00,NA
7/25/2024 8:00,NA
7/25/2024 9:00,NA
7/25/2024 10:00,24.55499978
7/25/2024 11:00,13.90833343
7/25/2024 12:00,11.58333319
7/25/2024 13:00,15.11500019
7/25/2024 14:00,15.71818183
7/25/2024 15:00,12.32166662
7/25/2024 16:00,10.3533334
7/25/2024 17:00,9.59833324
7/25/2024 18:00,7.341666539
7/25/2024 19:00,7.916129189
7/25/2024 20:00,NA
7/25/2024 21:00,8.374999881
7/25/2024 22:00,NA
7/25/2024 23:00,NA
7/26/2024,NA
7/26/2024 1:00,NA
7/26/2024 2:00,NA
7/26/2024 3:00,NA
7/26/2024 4:00,NA
7/26/2024 5:00,NA
7/26/2024 6:00,NA
7/26/2024 7:00,NA
7/26/2024 8:00,NA
7/26/2024 9:00,22.94999989
7/26/2024 10:00,14.68166691
7/26/2024 11:00,9.110000014
7/26/2024 12:00,15.31833347
7/26/2024 13:00,9.4950001
7/26/2024 14:00,6.913636381
7/26/2024 15:00,7.703333346
7/26/2024 16:00,10.3532259
7/26/2024 17:00,11.19499998
7/26/2024 18:00,10.72063495
7/26/2024 19:00,15.15873007
7/26/2024 20:00,9.911290292
7/26/2024 21:00,11.51694906
7/26/2024 22:00,11.18571433
7/26/2024 23:00,NA
7/27/2024,NA
7/27/2024 1:00,NA
7/27/2024 2:00,NA
7/27/2024 3:00,NA
7/27/2024 4:00,NA
7/27/2024 5:00,NA
7/27/2024 6:00,NA
7/27/2024 7:00,NA
7/27/2024 8:00,NA
7/27/2024 9:00,33.95087714
7/27/2024 10:00,23.80166675
7/27/2024 11:00,21.94166676
7/27/2024 12:00,18.65538459
7/27/2024 13:00,13.15333343
7/27/2024 14:00,14.23833335
7/27/2024 15:00,8.59666667
7/27/2024 16:00,8.790476231
7/27/2024 17:00,9.680000004
7/27/2024 18:00,8.358333325
7/27/2024 19:00,7.029230881
7/27/2024 20:00,9.663333138
7/27/2024 21:00,9.223333279
7/27/2024 22:00,12.44821439
7/27/2024 23:00,NA
7/28/2024,3.821666682
7/28/2024 1:00,6.133333272
7/28/2024 2:00,NA
7/28/2024 3:00,NA
7/28/2024 4:00,NA
7/28/2024 5:00,NA
7/28/2024 6:00,NA
7/28/2024 7:00,NA
7/28/2024 8:00,NA
7/28/2024 9:00,NA
7/28/2024 10:00,NA
7/28/2024 11:00,18.77586227
7/28/2024 12:00,4.891666702
7/28/2024 13:00,7.118333324
7/28/2024 14:00,6.163492051
7/28/2024 15:00,5.053125024
7/28/2024 16:00,6.343333348
7/28/2024 17:00,9.082539695
7/28/2024 18:00,9.815873101
7/28/2024 19:00,15.69655187
7/28/2024 20:00,17.5428574
7/28/2024 21:00,NA
7/28/2024 22:00,NA
7/28/2024 23:00,NA
7/29/2024,NA
7/29/2024 1:00,NA
7/29/2024 2:00,NA
7/29/2024 3:00,NA
7/29/2024 4:00,NA
7/29/2024 5:00,NA
7/29/2024 6:00,NA
7/29/2024 7:00,NA
7/29/2024 8:00,NA
7/29/2024 9:00,NA
7/29/2024 10:00,26.56666669
7/29/2024 11:00,12.1539684
7/29/2024 12:00,6.940322584
7/29/2024 13:00,8.50333333
7/29/2024 14:00,4.744444454
7/29/2024 15:00,4.962121205
7/29/2024 16:00,5.703174595
7/29/2024 17:00,7.198333343
7/29/2024 18:00,8.89666663
7/29/2024 19:00,10.91000004
7/29/2024 20:00,11.21803279
7/29/2024 21:00,8.293333371
7/29/2024 22:00,6.973333343
7/29/2024 23:00,5.614999994
7/30/2024,2.890000012
7/30/2024 1:00,3.195000015
7/30/2024 2:00,4.449999988
7/30/2024 3:00,7.633928461
7/30/2024 4:00,NA
7/30/2024 5:00,NA
7/30/2024 6:00,NA
7/30/2024 7:00,NA
7/30/2024 8:00,NA
7/30/2024 9:00,NA
7/30/2024 10:00,NA
7/30/2024 11:00,18.27966103
7/30/2024 12:00,17.45666651
7/30/2024 13:00,11.11166662
7/30/2024 14:00,14.24333323
7/30/2024 15:00,12.75079359
7/30/2024 16:00,12.70999991
7/30/2024 17:00,12.70666671
7/30/2024 18:00,15.06333342
7/30/2024 19:00,16.51929803
7/30/2024 20:00,15.71886784
7/30/2024 21:00,11.096
7/30/2024 22:00,NA
7/30/2024 23:00,NA
7/31/2024,NA
7/31/2024 1:00,NA
7/31/2024 2:00,NA
7/31/2024 3:00,NA
7/31/2024 4:00,NA
7/31/2024 5:00,NA
7/31/2024 6:00,NA
7/31/2024 7:00,NA
7/31/2024 8:00,NA
7/31/2024 9:00,NA
7/31/2024 10:00,14.5053571
7/31/2024 11:00,7.873333367
7/31/2024 12:00,6.940322614
7/31/2024 13:00,3.106666648
7/31/2024 14:00,4.546666666
7/31/2024 15:00,3.421666674
7/31/2024 16:00,3.641666655
7/31/2024 17:00,4.089999994
7/31/2024 18:00,6.151666673
7/31/2024 19:00,9.57666657
7/31/2024 20:00,10.07333317
7/31/2024 21:00,10.79821415
7/31/2024 22:00,10.59019614
7/31/2024 23:00,9.950000029
8/1/2024,7.207407466
8/1/2024 1:00,NA
8/1/2024 2:00,NA
8/1/2024 3:00,NA
8/1/2024 4:00,NA
8/1/2024 5:00,NA
8/1/2024 6:00,NA
8/1/2024 7:00,NA
8/1/2024 8:00,15.33620673
8/1/2024 9:00,15.32631591
8/1/2024 10:00,7.841269841
8/1/2024 11:00,9.903333394
8/1/2024 12:00,7.720000013
8/1/2024 13:00,5.611666683
8/1/2024 14:00,8.583333365
8/1/2024 15:00,8.025000032
8/1/2024 16:00,9.371666654
8/1/2024 17:00,9.898333295
8/1/2024 18:00,12.29499992
8/1/2024 19:00,14.79999996
8/1/2024 20:00,15.0032256
8/1/2024 21:00,NA
8/1/2024 22:00,6.810909094
8/1/2024 23:00,2.509803933
8/2/2024,NA
8/2/2024 1:00,NA
8/2/2024 2:00,NA
8/2/2024 3:00,NA
8/2/2024 4:00,NA
8/2/2024 5:00,NA
8/2/2024 6:00,NA
8/2/2024 7:00,NA
8/2/2024 8:00,NA
8/2/2024 9:00,NA
8/2/2024 10:00,9.508333365
8/2/2024 11:00,9.864999866
8/2/2024 12:00,8.353333314
8/2/2024 13:00,7.95614033
8/2/2024 14:00,5.381538453
8/2/2024 15:00,11.48939399
8/2/2024 16:00,15.02413774
8/2/2024 17:00,14.35689637
8/2/2024 18:00,NA
8/2/2024 19:00,NA
8/2/2024 20:00,NA
8/2/2024 21:00,NA
8/2/2024 22:00,NA
8/2/2024 23:00,NA
8/3/2024,NA
8/3/2024 1:00,NA
8/3/2024 2:00,NA
8/3/2024 3:00,NA
8/3/2024 4:00,NA
8/3/2024 5:00,NA
8/3/2024 6:00,NA
8/3/2024 7:00,NA
8/3/2024 8:00,NA
8/3/2024 9:00,NA
8/3/2024 10:00,4.850746297
8/3/2024 11:00,3.384931499
8/3/2024 12:00,3.069333347
8/3/2024 13:00,3.286666656
8/3/2024 14:00,3.268333344
8/3/2024 15:00,3.019999999
8/3/2024 16:00,3.283333353
8/3/2024 17:00,3.659999994
8/3/2024 18:00,4.965000006
8/3/2024 19:00,4.765000017
8/3/2024 20:00,4.14000001
8/3/2024 21:00,6.246551686
8/3/2024 22:00,5.769642855
8/3/2024 23:00,NA
8/4/2024,5.3964285
8/4/2024 1:00,NA
8/4/2024 2:00,NA
8/4/2024 3:00,NA
8/4/2024 4:00,NA
8/4/2024 5:00,NA
8/4/2024 6:00,NA
8/4/2024 7:00,NA
8/4/2024 8:00,10.57959185
8/4/2024 9:00,5.491525424
8/4/2024 10:00,4.576666657
8/4/2024 11:00,4.570000025
8/4/2024 12:00,4.16833334
8/4/2024 13:00,3.651666665
8/4/2024 14:00,4.520000033
8/4/2024 15:00,4.854999987
8/4/2024 16:00,5.613333321
8/4/2024 17:00,6.656666652
8/4/2024 18:00,8.046666678
8/4/2024 19:00,10.46666673
8/4/2024 20:00,11.90666661
8/4/2024 21:00,12.17457639
8/4/2024 22:00,14.82599993
8/4/2024 23:00,NA
8/5/2024,NA
8/5/2024 1:00,NA
8/5/2024 2:00,NA
8/5/2024 3:00,NA
8/5/2024 4:00,NA
8/5/2024 5:00,NA
8/5/2024 6:00,NA
8/5/2024 7:00,NA
8/5/2024 8:00,22.81929848
8/5/2024 9:00,22.67666645
8/5/2024 10:00,17.20317456
8/5/2024 11:00,10.28499997
8/5/2024 12:00,11.30833333
8/5/2024 13:00,14.02380957
8/5/2024 14:00,13.42333331
8/5/2024 15:00,13.20000003
8/5/2024 16:00,13.83833337
8/5/2024 17:00,14.65666666
8/5/2024 18:00,14.6633331
8/5/2024 19:00,16.00819685
8/5/2024 20:00,NA
8/5/2024 21:00,NA
8/5/2024 22:00,NA
8/5/2024 23:00,NA
8/6/2024,NA
8/6/2024 1:00,NA
8/6/2024 2:00,NA
8/6/2024 3:00,NA
8/6/2024 4:00,NA
8/6/2024 5:00,NA
8/6/2024 6:00,NA
8/6/2024 7:00,NA
8/6/2024 8:00,NA
8/6/2024 9:00,NA
8/6/2024 10:00,NA
8/6/2024 11:00,NA
8/6/2024 12:00,NA
8/6/2024 13:00,3.881034473
8/6/2024 14:00,4.73666664
8/6/2024 15:00,5.913333289
8/6/2024 16:00,5.945000029
8/6/2024 17:00,8.89193551
8/6/2024 18:00,10.01499991
8/6/2024 19:00,10.32181804
8/6/2024 20:00,NA
8/6/2024 21:00,NA
8/6/2024 22:00,NA
8/6/2024 23:00,NA
8/7/2024,NA
8/7/2024 1:00,NA
8/7/2024 2:00,NA
8/7/2024 3:00,NA
8/7/2024 4:00,NA
8/7/2024 5:00,NA
8/7/2024 6:00,NA
8/7/2024 7:00,NA
8/7/2024 8:00,NA
8/7/2024 9:00,14.90757595
8/7/2024 10:00,18.04999977
8/7/2024 11:00,8.983333198
8/7/2024 12:00,5.731666644
8/7/2024 13:00,5.430508509
8/7/2024 14:00,5.430000003
8/7/2024 15:00,5.656666716
8/7/2024 16:00,5.448333359
8/7/2024 17:00,6.088333376
8/7/2024 18:00,4.642857232
8/7/2024 19:00,NA
8/7/2024 20:00,NA
8/7/2024 21:00,NA
8/7/2024 22:00,NA
8/7/2024 23:00,NA
8/8/2024,NA
8/8/2024 1:00,NA
8/8/2024 2:00,NA
8/8/2024 3:00,NA
8/8/2024 4:00,NA
8/8/2024 5:00,NA
8/8/2024 6:00,NA
8/8/2024 7:00,NA
8/8/2024 8:00,NA
8/8/2024 9:00,NA
8/8/2024 10:00,21.69000034
8/8/2024 11:00,20.08450707
8/8/2024 12:00,15.52328768
8/8/2024 13:00,5.811940279
8/8/2024 14:00,5.65499992
8/8/2024 15:00,NA
8/8/2024 16:00,NA
8/8/2024 17:00,5.378431301
8/8/2024 18:00,NA
8/8/2024 19:00,NA
8/8/2024 20:00,NA
8/8/2024 21:00,NA
8/8/2024 22:00,NA
8/8/2024 23:00,NA
8/9/2024,NA
8/9/2024 1:00,NA
8/9/2024 2:00,NA
8/9/2024 3:00,NA
8/9/2024 4:00,NA
8/9/2024 5:00,NA
8/9/2024 6:00,NA
8/9/2024 7:00,NA
8/9/2024 8:00,NA
8/9/2024 9:00,NA
8/9/2024 10:00,15.97586196
8/9/2024 11:00,14.34264702
8/9/2024 12:00,12.38732388
8/9/2024 13:00,8.46603784
8/9/2024 14:00,NA
8/9/2024 15:00,14.01607151
8/9/2024 16:00,NA
8/9/2024 17:00,10.9461539
8/9/2024 18:00,9.191836561
8/9/2024 19:00,NA
8/9/2024 20:00,NA
8/9/2024 21:00,NA
8/9/2024 22:00,NA
8/9/2024 23:00,NA
8/10/2024,NA
8/10/2024 1:00,NA
8/10/2024 2:00,NA
8/10/2024 3:00,NA
8/10/2024 4:00,NA
8/10/2024 5:00,NA
8/10/2024 6:00,NA
8/10/2024 7:00,NA
8/10/2024 8:00,NA
8/10/2024 9:00,NA
8/10/2024 10:00,17.55593204
8/10/2024 11:00,14.30158741
8/10/2024 12:00,12.90793658
8/10/2024 13:00,NA
8/10/2024 14:00,5.898039238
8/10/2024 15:00,8.608771985
8/10/2024 16:00,12.325
8/10/2024 17:00,16.10416698
8/10/2024 18:00,14.69672131
8/10/2024 19:00,NA
8/10/2024 20:00,NA
8/10/2024 21:00,NA
8/10/2024 22:00,NA
8/10/2024 23:00,NA
8/11/2024,NA
8/11/2024 1:00,NA
8/11/2024 2:00,NA
8/11/2024 3:00,NA
8/11/2024 4:00,NA
8/11/2024 5:00,NA
8/11/2024 6:00,NA
8/11/2024 7:00,NA
8/11/2024 8:00,NA
8/11/2024 9:00,NA
8/11/2024 10:00,NA
8/11/2024 11:00,6.417543758
8/11/2024 12:00,7.39696973
8/11/2024 13:00,8.850000024
8/11/2024 14:00,7.771666749
8/11/2024 15:00,11.46708865
8/11/2024 16:00,11.91159429
8/11/2024 17:00,13.32982448
8/11/2024 18:00,NA
8/11/2024 19:00,NA
8/11/2024 20:00,NA
8/11/2024 21:00,NA
8/11/2024 22:00,NA
8/11/2024 23:00,NA
8/12/2024,NA
8/12/2024 1:00,NA
8/12/2024 2:00,NA
8/12/2024 3:00,NA
8/12/2024 4:00,NA
8/12/2024 5:00,NA
8/12/2024 6:00,NA
8/12/2024 7:00,NA
8/12/2024 8:00,NA
8/12/2024 9:00,NA
8/12/2024 10:00,25.57399979
8/12/2024 11:00,17.50508475
8/12/2024 12:00,13.35873016
8/12/2024 13:00,12.44499989
8/12/2024 14:00,9.626666713
8/12/2024 15:00,7.798333319
8/12/2024 16:00,10.83999998
8/12/2024 17:00,17.30333319
8/12/2024 18:00,20.175
8/12/2024 19:00,NA
8/12/2024 20:00,NA
8/12/2024 21:00,NA
8/12/2024 22:00,NA
8/12/2024 23:00,NA
8/13/2024,NA
8/13/2024 1:00,NA
8/13/2024 2:00,NA
8/13/2024 3:00,NA
8/13/2024 4:00,NA
8/13/2024 5:00,NA
8/13/2024 6:00,NA
8/13/2024 7:00,NA
8/13/2024 8:00,NA
8/13/2024 9:00,NA
8/13/2024 10:00,26.86712341
8/13/2024 11:00,16.98915649
8/13/2024 12:00,15.61486484
8/13/2024 13:00,11.54666664
8/13/2024 14:00,10.83833339
8/13/2024 15:00,15.63787879
8/13/2024 16:00,14.96249992
8/13/2024 17:00,NA
8/13/2024 18:00,NA
8/13/2024 19:00,NA
8/13/2024 20:00,NA
8/13/2024 21:00,28.697959
8/13/2024 22:00,NA
8/13/2024 23:00,NA
8/14/2024,NA
8/14/2024 1:00,NA
8/14/2024 2:00,NA
8/14/2024 3:00,NA
8/14/2024 4:00,NA
8/14/2024 5:00,NA
8/14/2024 6:00,NA
8/14/2024 7:00,NA
8/14/2024 8:00,NA
8/14/2024 9:00,NA
8/14/2024 10:00,43.49600119
8/14/2024 11:00,18.80000046
8/14/2024 12:00,12.32380959
8/14/2024 13:00,7.131666613
8/14/2024 14:00,4.741666651
8/14/2024 15:00,9.156666676
8/14/2024 16:00,6.93666664
8/14/2024 17:00,6.36500001
8/14/2024 18:00,8.205000003
8/14/2024 19:00,NA
8/14/2024 20:00,NA
8/14/2024 21:00,14.27551018
8/14/2024 22:00,NA
8/14/2024 23:00,NA
8/15/2024,NA
8/15/2024 1:00,NA
8/15/2024 2:00,NA
8/15/2024 3:00,NA
8/15/2024 4:00,NA
8/15/2024 5:00,NA
8/15/2024 6:00,NA
8/15/2024 7:00,NA
8/15/2024 8:00,13.82999985
8/15/2024 9:00,27.96140353
8/15/2024 10:00,25.65737652
8/15/2024 11:00,13.11999997
8/15/2024 12:00,5.398333319
8/15/2024 13:00,5.804999987
8/15/2024 14:00,5.503333346
8/15/2024 15:00,6.55333333
8/15/2024 16:00,8.963333289
8/15/2024 17:00,10.53620699
8/15/2024 18:00,13.14799988
8/15/2024 19:00,NA
8/15/2024 20:00,NA
8/15/2024 21:00,NA
8/15/2024 22:00,NA
8/15/2024 23:00,NA
8/16/2024,NA
8/16/2024 1:00,4.591071367
8/16/2024 2:00,NA
8/16/2024 3:00,5.167999969
8/16/2024 4:00,8.798333462
8/16/2024 5:00,NA
8/16/2024 6:00,NA
8/16/2024 7:00,NA
8/16/2024 8:00,8.902000151
8/16/2024 9:00,NA
8/16/2024 10:00,10.9927536
8/16/2024 11:00,9.118333332
8/16/2024 12:00,9.388333376
8/16/2024 13:00,NA
8/16/2024 14:00,6.477586204
8/16/2024 15:00,6.804999987
8/16/2024 16:00,6.481666652
8/16/2024 17:00,6.806666668
8/16/2024 18:00,13.18166678
8/16/2024 19:00,17.92264141
8/16/2024 20:00,NA
8/16/2024 21:00,NA
8/16/2024 22:00,NA
8/16/2024 23:00,NA
8/17/2024,NA
8/17/2024 1:00,NA
8/17/2024 2:00,NA
8/17/2024 3:00,NA
8/17/2024 4:00,NA
8/17/2024 5:00,NA
8/17/2024 6:00,NA
8/17/2024 7:00,NA
8/17/2024 8:00,NA
8/17/2024 9:00,NA
8/17/2024 10:00,12.5803922
8/17/2024 11:00,14.57142844
8/17/2024 12:00,17.63492076
8/17/2024 13:00,11.67833327
8/17/2024 14:00,10.36833334
8/17/2024 15:00,8.800000008
8/17/2024 16:00,9.366666635
8/17/2024 17:00,13.63166668
8/17/2024 18:00,16.03666685
8/17/2024 19:00,14.704762
8/17/2024 20:00,11.98333338
8/17/2024 21:00,NA
8/17/2024 22:00,NA
8/17/2024 23:00,NA
8/18/2024,NA
8/18/2024 1:00,NA
8/18/2024 2:00,NA
8/18/2024 3:00,NA
8/18/2024 4:00,NA
8/18/2024 5:00,NA
8/18/2024 6:00,NA
8/18/2024 7:00,NA
8/18/2024 8:00,NA
8/18/2024 9:00,NA
8/18/2024 10:00,14.1641508
8/18/2024 11:00,16.10555543
8/18/2024 12:00,16.15517263
8/18/2024 13:00,11.28499994
8/18/2024 14:00,10.15
8/18/2024 15:00,5.793333312
8/18/2024 16:00,5.893333324
8/18/2024 17:00,6.006896611
8/18/2024 18:00,10.83999991
8/18/2024 19:00,NA
8/18/2024 20:00,NA
8/18/2024 21:00,NA
8/18/2024 22:00,NA
8/18/2024 23:00,NA
8/19/2024,NA
8/19/2024 1:00,NA
8/19/2024 2:00,NA
8/19/2024 3:00,NA
8/19/2024 4:00,NA
8/19/2024 5:00,NA
8/19/2024 6:00,NA
8/19/2024 7:00,NA
8/19/2024 8:00,NA
8/19/2024 9:00,NA
8/19/2024 10:00,22.71176432
8/19/2024 11:00,18.20517254
8/19/2024 12:00,11.2820896
8/19/2024 13:00,13.35396818
8/19/2024 14:00,6.333333302
8/19/2024 15:00,8.389830549
8/19/2024 16:00,NA
8/19/2024 17:00,NA
8/19/2024 18:00,NA
8/19/2024 19:00,NA
8/19/2024 20:00,NA
8/19/2024 21:00,NA
8/19/2024 22:00,NA
8/19/2024 23:00,NA
8/20/2024,NA
8/20/2024 1:00,NA
8/20/2024 2:00,NA
8/20/2024 3:00,NA
8/20/2024 4:00,NA
8/20/2024 5:00,NA
8/20/2024 6:00,NA
8/20/2024 7:00,NA
8/20/2024 8:00,NA
8/20/2024 9:00,3.309677416
8/20/2024 10:00,3.803333334
8/20/2024 11:00,NA
8/20/2024 12:00,4.966666718
8/20/2024 13:00,8.748333327
8/20/2024 14:00,21.77333326
8/20/2024 15:00,10.9016667
8/20/2024 16:00,8.866666563
8/20/2024 17:00,11.09166667
8/20/2024 18:00,11.01454546
8/20/2024 19:00,12.17551039
8/20/2024 20:00,13.9897959
8/20/2024 21:00,NA
8/20/2024 22:00,NA
8/20/2024 23:00,NA
8/21/2024,NA
8/21/2024 1:00,NA
8/21/2024 2:00,NA
8/21/2024 3:00,NA
8/21/2024 4:00,NA
8/21/2024 5:00,NA
8/21/2024 6:00,NA
8/21/2024 7:00,NA
8/21/2024 8:00,NA
8/21/2024 9:00,NA
8/21/2024 10:00,NA
8/21/2024 11:00,NA
8/21/2024 12:00,NA
8/21/2024 13:00,14.93137246
8/21/2024 14:00,8.537036966
8/21/2024 15:00,NA
8/21/2024 16:00,NA
8/21/2024 17:00,NA
8/21/2024 18:00,NA
8/21/2024 19:00,NA
8/21/2024 20:00,NA
8/21/2024 21:00,NA
8/21/2024 22:00,NA
8/21/2024 23:00,NA
8/22/2024,NA
8/22/2024 1:00,NA
8/22/2024 2:00,NA
8/22/2024 3:00,NA
8/22/2024 4:00,NA
8/22/2024 5:00,NA
8/22/2024 6:00,NA
8/22/2024 7:00,9.1467742
8/22/2024 8:00,8.458064495
8/22/2024 9:00,10.34499998
8/22/2024 10:00,9.611666671
8/22/2024 11:00,5.203333314
8/22/2024 12:00,4.566129035
8/22/2024 13:00,7.316666643
8/22/2024 14:00,17.78166679
8/22/2024 15:00,12.79999994
8/22/2024 16:00,13.3083333
8/22/2024 17:00,13.83666663
8/22/2024 18:00,18.65833324
8/22/2024 19:00,NA
8/22/2024 20:00,NA
8/22/2024 21:00,NA
8/22/2024 22:00,NA
8/22/2024 23:00,NA
8/23/2024,NA
8/23/2024 1:00,NA
8/23/2024 2:00,NA
8/23/2024 3:00,NA
8/23/2024 4:00,NA
8/23/2024 5:00,NA
8/23/2024 6:00,NA
8/23/2024 7:00,NA
8/23/2024 8:00,NA
8/23/2024 9:00,NA
8/23/2024 10:00,NA
8/23/2024 11:00,11.81739116
8/23/2024 12:00,15.50757573
8/23/2024 13:00,13.47500004
8/23/2024 14:00,9.930434801
8/23/2024 15:00,5.170769204
8/23/2024 16:00,5.242857201
8/23/2024 17:00,NA
8/23/2024 18:00,NA
8/23/2024 19:00,NA
8/23/2024 20:00,NA
8/23/2024 21:00,NA
8/23/2024 22:00,NA
8/23/2024 23:00,NA
8/24/2024,NA
8/24/2024 1:00,NA
8/24/2024 2:00,NA
8/24/2024 3:00,NA
8/24/2024 4:00,NA
8/24/2024 5:00,NA
8/24/2024 6:00,NA
8/24/2024 7:00,NA
8/24/2024 8:00,NA
8/24/2024 9:00,NA
8/24/2024 10:00,10.82307698
8/24/2024 11:00,8.24347825
8/24/2024 12:00,9.408333286
8/24/2024 13:00,8.998387137
8/24/2024 14:00,6.62833333
8/24/2024 15:00,7.016129017
8/24/2024 16:00,6.936507944
8/24/2024 17:00,7.516666691
8/24/2024 18:00,9.165573863
8/24/2024 19:00,NA
8/24/2024 20:00,NA
8/24/2024 21:00,NA
8/24/2024 22:00,NA
8/24/2024 23:00,NA
8/25/2024,NA
8/25/2024 1:00,NA
8/25/2024 2:00,NA
8/25/2024 3:00,NA
8/25/2024 4:00,NA
8/25/2024 5:00,NA
8/25/2024 6:00,NA
8/25/2024 7:00,NA
8/25/2024 8:00,NA
8/25/2024 9:00,NA
8/25/2024 10:00,21.77962948
8/25/2024 11:00,11.60277771
8/25/2024 12:00,10.84999999
8/25/2024 13:00,7.691935462
8/25/2024 14:00,7.652238803
8/25/2024 15:00,NA
8/25/2024 16:00,NA
8/25/2024 17:00,NA
8/25/2024 18:00,13.29333332
8/25/2024 19:00,17.12500022
8/25/2024 20:00,NA
8/25/2024 21:00,NA
8/25/2024 22:00,NA
8/25/2024 23:00,NA
8/26/2024,NA
8/26/2024 1:00,NA
8/26/2024 2:00,NA
8/26/2024 3:00,NA
8/26/2024 4:00,NA
8/26/2024 5:00,NA
8/26/2024 6:00,NA
8/26/2024 7:00,NA
8/26/2024 8:00,NA
8/26/2024 9:00,NA
8/26/2024 10:00,NA
8/26/2024 11:00,18.20333335
8/26/2024 12:00,11.78333332
8/26/2024 13:00,7.941666667
8/26/2024 14:00,NA
8/26/2024 15:00,NA
8/26/2024 16:00,6.738333344
8/26/2024 17:00,6.411666663
8/26/2024 18:00,7.296666678
8/26/2024 19:00,9.513333305
8/26/2024 20:00,NA
8/26/2024 21:00,NA
8/26/2024 22:00,NA
8/26/2024 23:00,NA
8/27/2024,NA
8/27/2024 1:00,NA
8/27/2024 2:00,NA
8/27/2024 3:00,NA
8/27/2024 4:00,NA
8/27/2024 5:00,NA
8/27/2024 6:00,NA
8/27/2024 7:00,NA
8/27/2024 8:00,NA
8/27/2024 9:00,NA
8/27/2024 10:00,NA
8/27/2024 11:00,NA
8/27/2024 12:00,17.96451624
8/27/2024 13:00,10.7696969
8/27/2024 14:00,7.673333359
8/27/2024 15:00,6.248437487
8/27/2024 16:00,6.571641808
8/27/2024 17:00,6.551020457
8/27/2024 18:00,NA
8/27/2024 19:00,NA
8/27/2024 20:00,NA
8/27/2024 21:00,NA
8/27/2024 22:00,NA
8/27/2024 23:00,NA
8/28/2024,NA
8/28/2024 1:00,NA
8/28/2024 2:00,NA
8/28/2024 3:00,NA
8/28/2024 4:00,NA
8/28/2024 5:00,NA
8/28/2024 6:00,NA
8/28/2024 7:00,NA
8/28/2024 8:00,NA
8/28/2024 9:00,NA
8/28/2024 10:00,NA
8/28/2024 11:00,14.24406785
8/28/2024 12:00,12.10000002
8/28/2024 13:00,7.110000038
8/28/2024 14:00,6.751666665
8/28/2024 15:00,7.41499997
8/28/2024 16:00,10.97096779
8/28/2024 17:00,10.55666667
8/28/2024 18:00,14.64500011
8/28/2024 19:00,15.61818163
8/28/2024 20:00,NA
8/28/2024 21:00,NA
8/28/2024 22:00,NA
8/28/2024 23:00,NA
8/29/2024,NA
8/29/2024 1:00,NA
8/29/2024 2:00,NA
8/29/2024 3:00,NA
8/29/2024 4:00,NA
8/29/2024 5:00,NA
8/29/2024 6:00,NA
8/29/2024 7:00,NA
8/29/2024 8:00,NA
8/29/2024 9:00,NA
8/29/2024 10:00,NA
8/29/2024 11:00,12.18965512
8/29/2024 12:00,10.63666671
8/29/2024 13:00,9.459999943
8/29/2024 14:00,9.733333309
8/29/2024 15:00,13.22692315
8/29/2024 16:00,NA
8/29/2024 17:00,NA
8/29/2024 18:00,NA
8/29/2024 19:00,NA
8/29/2024 20:00,NA
8/29/2024 21:00,NA
8/29/2024 22:00,NA
8/29/2024 23:00,NA
8/30/2024,NA
8/30/2024 1:00,12.88039207
8/30/2024 2:00,NA
8/30/2024 3:00,NA
8/30/2024 4:00,7.440384581
8/30/2024 5:00,NA
8/30/2024 6:00,NA
8/30/2024 7:00,NA
8/30/2024 8:00,NA
8/30/2024 9:00,NA
8/30/2024 10:00,NA
8/30/2024 11:00,11.09499998
8/30/2024 12:00,10.70333333
8/30/2024 13:00,9.279365063
8/30/2024 14:00,10.41285713
8/30/2024 15:00,10.04166671
8/30/2024 16:00,8.5816667
8/30/2024 17:00,10.13166669
8/30/2024 18:00,13.45000002
8/30/2024 19:00,18.32499997
8/30/2024 20:00,16.22456107
8/30/2024 21:00,NA
8/30/2024 22:00,NA
8/30/2024 23:00,NA
8/31/2024,NA
8/31/2024 1:00,NA
8/31/2024 2:00,NA
8/31/2024 3:00,NA
8/31/2024 4:00,NA
8/31/2024 5:00,NA
8/31/2024 6:00,NA
8/31/2024 7:00,NA
8/31/2024 8:00,NA
8/31/2024 9:00,NA
8/31/2024 10:00,30.8775509
8/31/2024 11:00,20.03166669
8/31/2024 12:00,12.85833335
8/31/2024 13:00,10.06507936
8/31/2024 14:00,10.31617657
8/31/2024 15:00,13.19666669
8/31/2024 16:00,16.9383333
8/31/2024 17:00,13.50677965
8/31/2024 18:00,8.437036973
8/31/2024 19:00,8.649999967
8/31/2024 20:00,NA
8/31/2024 21:00,NA
8/31/2024 22:00,NA
8/31/2024 23:00,NA
9/1/2024,NA
9/1/2024 1:00,NA
9/1/2024 2:00,NA
9/1/2024 3:00,NA
9/1/2024 4:00,NA
9/1/2024 5:00,NA
9/1/2024 6:00,NA
9/1/2024 7:00,NA
9/1/2024 8:00,NA
9/1/2024 9:00,NA
9/1/2024 10:00,NA
9/1/2024 11:00,NA
9/1/2024 12:00,NA
9/1/2024 13:00,NA
9/1/2024 14:00,NA
9/1/2024 15:00,NA
9/1/2024 16:00,NA
9/1/2024 17:00,NA
9/1/2024 18:00,NA
9/1/2024 19:00,NA
9/1/2024 20:00,NA
9/1/2024 21:00,NA
9/1/2024 22:00,NA
9/1/2024 23:00,NA
9/2/2024,NA
9/2/2024 1:00,NA
9/2/2024 2:00,NA
9/2/2024 3:00,NA
9/2/2024 4:00,NA
9/2/2024 5:00,NA
9/2/2024 6:00,NA
9/2/2024 7:00,NA
9/2/2024 8:00,NA
9/2/2024 9:00,NA
9/2/2024 10:00,NA
9/2/2024 11:00,NA
9/2/2024 12:00,13.07333331
9/2/2024 13:00,7.256666644
9/2/2024 14:00,4.973333311
9/2/2024 15:00,6.876470573
9/2/2024 16:00,6.658333325
9/2/2024 17:00,6.926666673
9/2/2024 18:00,8.613333305
9/2/2024 19:00,11.12711861
9/2/2024 20:00,12.54905663
9/2/2024 21:00,NA
9/2/2024 22:00,NA
9/2/2024 23:00,NA
9/3/2024,NA
9/3/2024 1:00,NA
9/3/2024 2:00,NA
9/3/2024 3:00,NA
9/3/2024 4:00,NA
9/3/2024 5:00,NA
9/3/2024 6:00,NA
9/3/2024 7:00,NA
9/3/2024 8:00,NA
9/3/2024 9:00,NA
9/3/2024 10:00,NA
9/3/2024 11:00,11.77017543
9/3/2024 12:00,8.75333337
9/3/2024 13:00,5.35070422
9/3/2024 14:00,6.181666676
9/3/2024 15:00,6.066666643
9/3/2024 16:00,8.335294237
9/3/2024 17:00,NA
9/3/2024 18:00,NA
9/3/2024 19:00,NA
9/3/2024 20:00,NA
9/3/2024 21:00,NA
9/3/2024 22:00,NA
9/3/2024 23:00,NA
9/4/2024,NA
9/4/2024 1:00,4.258730173
9/4/2024 2:00,4.641666659
9/4/2024 3:00,4.28360658
9/4/2024 4:00,4.224999994
9/4/2024 5:00,4.046969733
9/4/2024 6:00,11.89310323
9/4/2024 7:00,NA
9/4/2024 8:00,NA
9/4/2024 9:00,NA
9/4/2024 10:00,NA
9/4/2024 11:00,19.10508476
9/4/2024 12:00,22.46999985
9/4/2024 13:00,10.94166662
9/4/2024 14:00,9.958333302
9/4/2024 15:00,9.951666649
9/4/2024 16:00,8.843333364
9/4/2024 17:00,NA
9/4/2024 18:00,NA
9/4/2024 19:00,NA
9/4/2024 20:00,NA
9/4/2024 21:00,NA
9/4/2024 22:00,NA
9/4/2024 23:00,NA
9/5/2024,NA
9/5/2024 1:00,NA
9/5/2024 2:00,NA
9/5/2024 3:00,NA
9/5/2024 4:00,NA
9/5/2024 5:00,NA
9/5/2024 6:00,NA
9/5/2024 7:00,NA
9/5/2024 8:00,NA
9/5/2024 9:00,NA
9/5/2024 10:00,NA
9/5/2024 11:00,NA
9/5/2024 12:00,NA
9/5/2024 13:00,NA
9/5/2024 14:00,NA
9/5/2024 15:00,NA
9/5/2024 16:00,NA
9/5/2024 17:00,NA
9/5/2024 18:00,NA
9/5/2024 19:00,NA
9/5/2024 20:00,NA
9/5/2024 21:00,NA
9/5/2024 22:00,NA
9/5/2024 23:00,NA
9/6/2024,NA
9/6/2024 1:00,NA
9/6/2024 2:00,NA
9/6/2024 3:00,NA
9/6/2024 4:00,NA
9/6/2024 5:00,NA
9/6/2024 6:00,NA
9/6/2024 7:00,NA
9/6/2024 8:00,NA
9/6/2024 9:00,NA
9/6/2024 10:00,NA
9/6/2024 11:00,NA
9/6/2024 12:00,NA
9/6/2024 13:00,NA
9/6/2024 14:00,NA
9/6/2024 15:00,NA
9/6/2024 16:00,NA
9/6/2024 17:00,NA
9/6/2024 18:00,NA
9/6/2024 19:00,NA
9/6/2024 20:00,NA
9/6/2024 21:00,NA
9/6/2024 22:00,NA
9/6/2024 23:00,NA
9/7/2024,NA
9/7/2024 1:00,NA
9/7/2024 2:00,NA
9/7/2024 3:00,NA
9/7/2024 4:00,NA
9/7/2024 5:00,NA
9/7/2024 6:00,NA
9/7/2024 7:00,NA
9/7/2024 8:00,NA
9/7/2024 9:00,NA
9/7/2024 10:00,NA
9/7/2024 11:00,NA
9/7/2024 12:00,NA
9/7/2024 13:00,NA
9/7/2024 14:00,NA
9/7/2024 15:00,NA
9/7/2024 16:00,NA
9/7/2024 17:00,NA
9/7/2024 18:00,NA
9/7/2024 19:00,NA
9/7/2024 20:00,NA
9/7/2024 21:00,NA
9/7/2024 22:00,NA
9/7/2024 23:00,NA
9/8/2024,NA
9/8/2024 1:00,NA
9/8/2024 2:00,NA
9/8/2024 3:00,NA
9/8/2024 4:00,NA
9/8/2024 5:00,NA
9/8/2024 6:00,NA
9/8/2024 7:00,NA
9/8/2024 8:00,NA
9/8/2024 9:00,NA
9/8/2024 10:00,NA
9/8/2024 11:00,NA
9/8/2024 12:00,NA
9/8/2024 13:00,NA
9/8/2024 14:00,NA
9/8/2024 15:00,NA
9/8/2024 16:00,NA
9/8/2024 17:00,NA
9/8/2024 18:00,NA
9/8/2024 19:00,NA
9/8/2024 20:00,NA
9/8/2024 21:00,NA
9/8/2024 22:00,NA
9/8/2024 23:00,NA
9/9/2024,NA
9/9/2024 1:00,NA
9/9/2024 2:00,NA
9/9/2024 3:00,NA
9/9/2024 4:00,NA
9/9/2024 5:00,NA
9/9/2024 6:00,NA
9/9/2024 7:00,NA
9/9/2024 8:00,NA
9/9/2024 9:00,NA
9/9/2024 10:00,NA
9/9/2024 11:00,NA
9/9/2024 12:00,NA
9/9/2024 13:00,NA
9/9/2024 14:00,NA
9/9/2024 15:00,NA
9/9/2024 16:00,NA
9/9/2024 17:00,NA
9/9/2024 18:00,NA
9/9/2024 19:00,NA
9/9/2024 20:00,NA
9/9/2024 21:00,NA
9/9/2024 22:00,NA
9/9/2024 23:00,NA
9/10/2024,NA
9/10/2024 1:00,NA
9/10/2024 2:00,NA
9/10/2024 3:00,NA
9/10/2024 4:00,NA
9/10/2024 5:00,NA
9/10/2024 6:00,NA
9/10/2024 7:00,NA
9/10/2024 8:00,NA
9/10/2024 9:00,NA
9/10/2024 10:00,NA
9/10/2024 11:00,NA
9/10/2024 12:00,NA
9/10/2024 13:00,NA
9/10/2024 14:00,NA
9/10/2024 15:00,NA
9/10/2024 16:00,NA
9/10/2024 17:00,NA
9/10/2024 18:00,NA
9/10/2024 19:00,NA
9/10/2024 20:00,NA
9/10/2024 21:00,NA
9/10/2024 22:00,NA
9/10/2024 23:00,NA
9/11/2024,NA
9/11/2024 1:00,NA
9/11/2024 2:00,NA
9/11/2024 3:00,NA
9/11/2024 4:00,NA
9/11/2024 5:00,NA
9/11/2024 6:00,NA
9/11/2024 7:00,NA
9/11/2024 8:00,NA
9/11/2024 9:00,NA
9/11/2024 10:00,NA
9/11/2024 11:00,NA
9/11/2024 12:00,NA
9/11/2024 13:00,NA
9/11/2024 14:00,NA
9/11/2024 15:00,NA
9/11/2024 16:00,NA
9/11/2024 17:00,NA
9/11/2024 18:00,NA
9/11/2024 19:00,NA
9/11/2024 20:00,NA
9/11/2024 21:00,NA
9/11/2024 22:00,NA
9/11/2024 23:00,NA
9/12/2024,NA
9/12/2024 1:00,NA
9/12/2024 2:00,NA
9/12/2024 3:00,NA
9/12/2024 4:00,NA
9/12/2024 5:00,NA
9/12/2024 6:00,NA
9/12/2024 7:00,NA
9/12/2024 8:00,NA
9/12/2024 9:00,NA
9/12/2024 10:00,NA
9/12/2024 11:00,NA
9/12/2024 12:00,NA
9/12/2024 13:00,NA
9/12/2024 14:00,NA
9/12/2024 15:00,NA
9/12/2024 16:00,NA
9/12/2024 17:00,NA
9/12/2024 18:00,NA
9/12/2024 19:00,NA
9/12/2024 20:00,NA
9/12/2024 21:00,NA
9/12/2024 22:00,NA
9/12/2024 23:00,NA
9/13/2024,NA
9/13/2024 1:00,NA
9/13/2024 2:00,NA
9/13/2024 3:00,NA
9/13/2024 4:00,NA
9/13/2024 5:00,NA
9/13/2024 6:00,NA
9/13/2024 7:00,NA
9/13/2024 8:00,NA
9/13/2024 9:00,NA
9/13/2024 10:00,NA
9/13/2024 11:00,NA
9/13/2024 12:00,NA
9/13/2024 13:00,NA
9/13/2024 14:00,NA
9/13/2024 15:00,NA
9/13/2024 16:00,NA
9/13/2024 17:00,NA
9/13/2024 18:00,NA
9/13/2024 19:00,NA
9/13/2024 20:00,NA
9/13/2024 21:00,NA
9/13/2024 22:00,NA
9/13/2024 23:00,NA
9/14/2024,NA
9/14/2024 1:00,NA
9/14/2024 2:00,NA
9/14/2024 3:00,NA
9/14/2024 4:00,NA
9/14/2024 5:00,NA
9/14/2024 6:00,NA
9/14/2024 7:00,NA
9/14/2024 8:00,NA
9/14/2024 9:00,NA
9/14/2024 10:00,NA
9/14/2024 11:00,NA
9/14/2024 12:00,NA
9/14/2024 13:00,NA
9/14/2024 14:00,NA
9/14/2024 15:00,NA
9/14/2024 16:00,NA
9/14/2024 17:00,NA
9/14/2024 18:00,NA
9/14/2024 19:00,NA
9/14/2024 20:00,NA
9/14/2024 21:00,NA
9/14/2024 22:00,NA
9/14/2024 23:00,NA
9/15/2024,NA
9/15/2024 1:00,NA
9/15/2024 2:00,NA
9/15/2024 3:00,NA
9/15/2024 4:00,NA
9/15/2024 5:00,NA
9/15/2024 6:00,NA
9/15/2024 7:00,NA
9/15/2024 8:00,NA
9/15/2024 9:00,NA
9/15/2024 10:00,NA
9/15/2024 11:00,NA
9/15/2024 12:00,NA
9/15/2024 13:00,NA
9/15/2024 14:00,NA
9/15/2024 15:00,NA
9/15/2024 16:00,NA
9/15/2024 17:00,NA
9/15/2024 18:00,NA
9/15/2024 19:00,NA
9/15/2024 20:00,NA
9/15/2024 21:00,NA
9/15/2024 22:00,NA
9/15/2024 23:00,NA
9/16/2024,NA
9/16/2024 1:00,NA
9/16/2024 2:00,NA
9/16/2024 3:00,NA
9/16/2024 4:00,NA
9/16/2024 5:00,NA
9/16/2024 6:00,NA
9/16/2024 7:00,NA
9/16/2024 8:00,NA
9/16/2024 9:00,NA
9/16/2024 10:00,NA
9/16/2024 11:00,NA
9/16/2024 12:00,NA
9/16/2024 13:00,NA
9/16/2024 14:00,NA
9/16/2024 15:00,NA
9/16/2024 16:00,NA
9/16/2024 17:00,NA
9/16/2024 18:00,NA
9/16/2024 19:00,NA
9/16/2024 20:00,NA
9/16/2024 21:00,NA
9/16/2024 22:00,NA
9/16/2024 23:00,NA
9/17/2024,NA
9/17/2024 1:00,NA
9/17/2024 2:00,NA
9/17/2024 3:00,NA
9/17/2024 4:00,NA
9/17/2024 5:00,NA
9/17/2024 6:00,NA
9/17/2024 7:00,NA
9/17/2024 8:00,NA
9/17/2024 9:00,NA
9/17/2024 10:00,NA
9/17/2024 11:00,NA
9/17/2024 12:00,NA
9/17/2024 13:00,NA
9/17/2024 14:00,NA
9/17/2024 15:00,NA
9/17/2024 16:00,NA
9/17/2024 17:00,NA
9/17/2024 18:00,NA
9/17/2024 19:00,NA
9/17/2024 20:00,NA
9/17/2024 21:00,NA
9/17/2024 22:00,NA
9/17/2024 23:00,NA
9/18/2024,NA
9/18/2024 1:00,NA
9/18/2024 2:00,NA
9/18/2024 3:00,NA
9/18/2024 4:00,NA
9/18/2024 5:00,NA
9/18/2024 6:00,NA
9/18/2024 7:00,NA
9/18/2024 8:00,NA
9/18/2024 9:00,NA
9/18/2024 10:00,NA
9/18/2024 11:00,NA
9/18/2024 12:00,NA
9/18/2024 13:00,NA
9/18/2024 14:00,NA
9/18/2024 15:00,NA
9/18/2024 16:00,NA
9/18/2024 17:00,NA
9/18/2024 18:00,NA
9/18/2024 19:00,NA
9/18/2024 20:00,NA
9/18/2024 21:00,NA
9/18/2024 22:00,NA
9/18/2024 23:00,NA
9/19/2024,NA
9/19/2024 1:00,NA
9/19/2024 2:00,NA
9/19/2024 3:00,NA
9/19/2024 4:00,NA
9/19/2024 5:00,NA
9/19/2024 6:00,NA
9/19/2024 7:00,NA
9/19/2024 8:00,NA
9/19/2024 9:00,NA
9/19/2024 10:00,NA
9/19/2024 11:00,NA
9/19/2024 12:00,NA
9/19/2024 13:00,NA
9/19/2024 14:00,NA
9/19/2024 15:00,NA
9/19/2024 16:00,NA
9/19/2024 17:00,NA
9/19/2024 18:00,NA
9/19/2024 19:00,NA
9/19/2024 20:00,NA
9/19/2024 21:00,NA
9/19/2024 22:00,NA
9/19/2024 23:00,NA
9/20/2024,NA
9/20/2024 1:00,NA
9/20/2024 2:00,NA
9/20/2024 3:00,NA
9/20/2024 4:00,NA
9/20/2024 5:00,NA
9/20/2024 6:00,NA
9/20/2024 7:00,NA
9/20/2024 8:00,NA
9/20/2024 9:00,NA
9/20/2024 10:00,NA
9/20/2024 11:00,NA
9/20/2024 12:00,NA
9/20/2024 13:00,NA
9/20/2024 14:00,NA
9/20/2024 15:00,NA
9/20/2024 16:00,NA
9/20/2024 17:00,NA
9/20/2024 18:00,NA
9/20/2024 19:00,NA
9/20/2024 20:00,NA
9/20/2024 21:00,NA
9/20/2024 22:00,NA
9/20/2024 23:00,NA
9/21/2024,NA
9/21/2024 1:00,NA
9/21/2024 2:00,NA
9/21/2024 3:00,NA
9/21/2024 4:00,NA
9/21/2024 5:00,NA
9/21/2024 6:00,NA
9/21/2024 7:00,NA
9/21/2024 8:00,NA
9/21/2024 9:00,NA
9/21/2024 10:00,NA
9/21/2024 11:00,NA
9/21/2024 12:00,NA
9/21/2024 13:00,NA
9/21/2024 14:00,NA
9/21/2024 15:00,NA
9/21/2024 16:00,NA
9/21/2024 17:00,NA
9/21/2024 18:00,NA
9/21/2024 19:00,NA
9/21/2024 20:00,NA
9/21/2024 21:00,NA
9/21/2024 22:00,NA
9/21/2024 23:00,NA
9/22/2024,NA
9/22/2024 1:00,NA
9/22/2024 2:00,NA
9/22/2024 3:00,NA
9/22/2024 4:00,NA
9/22/2024 5:00,NA
9/22/2024 6:00,NA
9/22/2024 7:00,NA
9/22/2024 8:00,NA
9/22/2024 9:00,NA
9/22/2024 10:00,NA
9/22/2024 11:00,NA
9/22/2024 12:00,NA
9/22/2024 13:00,NA
9/22/2024 14:00,NA
9/22/2024 15:00,NA
9/22/2024 16:00,NA
9/22/2024 17:00,NA
9/22/2024 18:00,NA
9/22/2024 19:00,NA
9/22/2024 20:00,NA
9/22/2024 21:00,NA
9/22/2024 22:00,NA
9/22/2024 23:00,NA
9/23/2024,NA
9/23/2024 1:00,NA
9/23/2024 2:00,NA
9/23/2024 3:00,NA
9/23/2024 4:00,NA
9/23/2024 5:00,NA
9/23/2024 6:00,NA
9/23/2024 7:00,NA
9/23/2024 8:00,NA
9/23/2024 9:00,NA
9/23/2024 10:00,NA
9/23/2024 11:00,NA
9/23/2024 12:00,NA
9/23/2024 13:00,NA
9/23/2024 14:00,NA
9/23/2024 15:00,NA
9/23/2024 16:00,NA
9/23/2024 17:00,NA
9/23/2024 18:00,NA
9/23/2024 19:00,NA
9/23/2024 20:00,NA
9/23/2024 21:00,NA
9/23/2024 22:00,NA
9/23/2024 23:00,NA
9/24/2024,NA
9/24/2024 1:00,NA
9/24/2024 2:00,NA
9/24/2024 3:00,NA
9/24/2024 4:00,NA
9/24/2024 5:00,NA
9/24/2024 6:00,NA
9/24/2024 7:00,NA
9/24/2024 8:00,NA
9/24/2024 9:00,NA
9/24/2024 10:00,NA
9/24/2024 11:00,NA
9/24/2024 12:00,NA
9/24/2024 13:00,NA
9/24/2024 14:00,NA
9/24/2024 15:00,NA
9/24/2024 16:00,NA
9/24/2024 17:00,NA
9/24/2024 18:00,NA
9/24/2024 19:00,NA
9/24/2024 20:00,NA
9/24/2024 21:00,NA
9/24/2024 22:00,NA
9/24/2024 23:00,NA
9/25/2024,NA
9/25/2024 1:00,NA
9/25/2024 2:00,NA
9/25/2024 3:00,NA
9/25/2024 4:00,NA
9/25/2024 5:00,NA
9/25/2024 6:00,NA
9/25/2024 7:00,NA
9/25/2024 8:00,NA
9/25/2024 9:00,NA
9/25/2024 10:00,NA
9/25/2024 11:00,NA
9/25/2024 12:00,NA
9/25/2024 13:00,NA
9/25/2024 14:00,NA
9/25/2024 15:00,NA
9/25/2024 16:00,NA
9/25/2024 17:00,NA
9/25/2024 18:00,NA
9/25/2024 19:00,NA
9/25/2024 20:00,NA
9/25/2024 21:00,NA
9/25/2024 22:00,NA
9/25/2024 23:00,NA
9/26/2024,NA
9/26/2024 1:00,NA
9/26/2024 2:00,NA
9/26/2024 3:00,NA
9/26/2024 4:00,NA
9/26/2024 5:00,NA
9/26/2024 6:00,NA
9/26/2024 7:00,NA
9/26/2024 8:00,NA
9/26/2024 9:00,NA
9/26/2024 10:00,NA
9/26/2024 11:00,NA
9/26/2024 12:00,NA
9/26/2024 13:00,NA
9/26/2024 14:00,NA
9/26/2024 15:00,NA
9/26/2024 16:00,NA
9/26/2024 17:00,NA
9/26/2024 18:00,NA
9/26/2024 19:00,NA
9/26/2024 20:00,NA
9/26/2024 21:00,NA
9/26/2024 22:00,NA
9/26/2024 23:00,NA
9/27/2024,NA
9/27/2024 1:00,NA
9/27/2024 2:00,NA
9/27/2024 3:00,NA
9/27/2024 4:00,NA
9/27/2024 5:00,NA
9/27/2024 6:00,NA
9/27/2024 7:00,NA
9/27/2024 8:00,NA
9/27/2024 9:00,NA
9/27/2024 10:00,NA
9/27/2024 11:00,NA
9/27/2024 12:00,NA
9/27/2024 13:00,NA
9/27/2024 14:00,NA
9/27/2024 15:00,NA
9/27/2024 16:00,NA
9/27/2024 17:00,NA
9/27/2024 18:00,NA
9/27/2024 19:00,NA
9/27/2024 20:00,NA
9/27/2024 21:00,NA
9/27/2024 22:00,NA
9/27/2024 23:00,NA
9/28/2024,NA
9/28/2024 1:00,NA
9/28/2024 2:00,NA
9/28/2024 3:00,NA
9/28/2024 4:00,NA
9/28/2024 5:00,NA
9/28/2024 6:00,NA
9/28/2024 7:00,NA
9/28/2024 8:00,NA
9/28/2024 9:00,NA
9/28/2024 10:00,NA
9/28/2024 11:00,NA
9/28/2024 12:00,NA
9/28/2024 13:00,NA
9/28/2024 14:00,NA
9/28/2024 15:00,NA
9/28/2024 16:00,NA
9/28/2024 17:00,NA
9/28/2024 18:00,NA
9/28/2024 19:00,NA
9/28/2024 20:00,NA
9/28/2024 21:00,NA
9/28/2024 22:00,NA
9/28/2024 23:00,NA
9/29/2024,NA
9/29/2024 1:00,NA
9/29/2024 2:00,NA
9/29/2024 3:00,NA
9/29/2024 4:00,NA
9/29/2024 5:00,NA
9/29/2024 6:00,NA
9/29/2024 7:00,NA
9/29/2024 8:00,NA
9/29/2024 9:00,NA
9/29/2024 10:00,NA
9/29/2024 11:00,NA
9/29/2024 12:00,NA
9/29/2024 13:00,NA
9/29/2024 14:00,NA
9/29/2024 15:00,NA
9/29/2024 16:00,NA
9/29/2024 17:00,NA
9/29/2024 18:00,NA
9/29/2024 19:00,NA
9/29/2024 20:00,NA
9/29/2024 21:00,NA
9/29/2024 22:00,NA
9/29/2024 23:00,NA
9/30/2024,NA
9/30/2024 1:00,NA
9/30/2024 2:00,NA
9/30/2024 3:00,NA
9/30/2024 4:00,NA
9/30/2024 5:00,NA
9/30/2024 6:00,NA
9/30/2024 7:00,NA
9/30/2024 8:00,NA
9/30/2024 9:00,NA
9/30/2024 10:00,NA
9/30/2024 11:00,NA
9/30/2024 12:00,NA
9/30/2024 13:00,NA
9/30/2024 14:00,NA
9/30/2024 15:00,NA
9/30/2024 16:00,NA
9/30/2024 17:00,NA
9/30/2024 18:00,NA
9/30/2024 19:00,NA
9/30/2024 20:00,NA
9/30/2024 21:00,NA
9/30/2024 22:00,NA
9/30/2024 23:00,NA
10/1/2024,NA
10/1/2024 1:00,NA
10/1/2024 2:00,NA
10/1/2024 3:00,NA
10/1/2024 4:00,NA
10/1/2024 5:00,NA
10/1/2024 6:00,NA
10/1/2024 7:00,NA
10/1/2024 8:00,NA
10/1/2024 9:00,NA
10/1/2024 10:00,NA
10/1/2024 11:00,NA
10/1/2024 12:00,NA
10/1/2024 13:00,NA
10/1/2024 14:00,NA
10/1/2024 15:00,NA
10/1/2024 16:00,NA
10/1/2024 17:00,NA
10/1/2024 18:00,NA
10/1/2024 19:00,NA
10/1/2024 20:00,NA
10/1/2024 21:00,NA
10/1/2024 22:00,NA
10/1/2024 23:00,NA
10/2/2024,NA
10/2/2024 1:00,NA
10/2/2024 2:00,NA
10/2/2024 3:00,NA
10/2/2024 4:00,NA
10/2/2024 5:00,NA
10/2/2024 6:00,NA
10/2/2024 7:00,NA
10/2/2024 8:00,NA
10/2/2024 9:00,NA
10/2/2024 10:00,NA
10/2/2024 11:00,NA
10/2/2024 12:00,NA
10/2/2024 13:00,NA
10/2/2024 14:00,NA
10/2/2024 15:00,NA
10/2/2024 16:00,NA
10/2/2024 17:00,NA
10/2/2024 18:00,NA
10/2/2024 19:00,NA
10/2/2024 20:00,NA
10/2/2024 21:00,NA
10/2/2024 22:00,NA
10/2/2024 23:00,NA
10/3/2024,NA
10/3/2024 1:00,NA
10/3/2024 2:00,NA
10/3/2024 3:00,NA
10/3/2024 4:00,NA
10/3/2024 5:00,NA
10/3/2024 6:00,NA
10/3/2024 7:00,NA
10/3/2024 8:00,NA
10/3/2024 9:00,NA
10/3/2024 10:00,NA
10/3/2024 11:00,NA
10/3/2024 12:00,NA
10/3/2024 13:00,NA
10/3/2024 14:00,NA
10/3/2024 15:00,NA
10/3/2024 16:00,NA
10/3/2024 17:00,NA
10/3/2024 18:00,NA
10/3/2024 19:00,NA
10/3/2024 20:00,NA
10/3/2024 21:00,NA
10/3/2024 22:00,NA
10/3/2024 23:00,NA
10/4/2024,NA
10/4/2024 1:00,NA
10/4/2024 2:00,NA
10/4/2024 3:00,NA
10/4/2024 4:00,NA
10/4/2024 5:00,NA
10/4/2024 6:00,NA
10/4/2024 7:00,NA
10/4/2024 8:00,NA
10/4/2024 9:00,NA
10/4/2024 10:00,NA
10/4/2024 11:00,NA
10/4/2024 12:00,NA
10/4/2024 13:00,NA
10/4/2024 14:00,NA
10/4/2024 15:00,NA
10/4/2024 16:00,NA
10/4/2024 17:00,NA
10/4/2024 18:00,NA
10/4/2024 19:00,NA
10/4/2024 20:00,NA
10/4/2024 21:00,NA
10/4/2024 22:00,NA
10/4/2024 23:00,NA
10/5/2024,NA
10/5/2024 1:00,NA
10/5/2024 2:00,NA
10/5/2024 3:00,NA
10/5/2024 4:00,NA
10/5/2024 5:00,NA
10/5/2024 6:00,NA
10/5/2024 7:00,NA
10/5/2024 8:00,NA
10/5/2024 9:00,NA
10/5/2024 10:00,NA
10/5/2024 11:00,NA
10/5/2024 12:00,NA
10/5/2024 13:00,NA
10/5/2024 14:00,NA
10/5/2024 15:00,NA
10/5/2024 16:00,NA
10/5/2024 17:00,NA
10/5/2024 18:00,NA
10/5/2024 19:00,NA
10/5/2024 20:00,NA
10/5/2024 21:00,NA
10/5/2024 22:00,NA
10/5/2024 23:00,NA
10/6/2024,NA
10/6/2024 1:00,NA
10/6/2024 2:00,NA
10/6/2024 3:00,NA
10/6/2024 4:00,NA
10/6/2024 5:00,NA
10/6/2024 6:00,NA
10/6/2024 7:00,NA
10/6/2024 8:00,NA
10/6/2024 9:00,NA
10/6/2024 10:00,NA
10/6/2024 11:00,NA
10/6/2024 12:00,NA
10/6/2024 13:00,NA
10/6/2024 14:00,NA
10/6/2024 15:00,NA
10/6/2024 16:00,NA
10/6/2024 17:00,NA
10/6/2024 18:00,NA
10/6/2024 19:00,NA
10/6/2024 20:00,NA
10/6/2024 21:00,NA
10/6/2024 22:00,NA
10/6/2024 23:00,NA
10/7/2024,NA
10/7/2024 1:00,NA
10/7/2024 2:00,NA
10/7/2024 3:00,NA
10/7/2024 4:00,NA
10/7/2024 5:00,NA
10/7/2024 6:00,NA
10/7/2024 7:00,NA
10/7/2024 8:00,NA
10/7/2024 9:00,NA
10/7/2024 10:00,NA
10/7/2024 11:00,NA
10/7/2024 12:00,NA
10/7/2024 13:00,NA
10/7/2024 14:00,NA
10/7/2024 15:00,NA
10/7/2024 16:00,NA
10/7/2024 17:00,NA
10/7/2024 18:00,NA
10/7/2024 19:00,NA
10/7/2024 20:00,NA
10/7/2024 21:00,NA
10/7/2024 22:00,NA
10/7/2024 23:00,NA
10/8/2024,NA
10/8/2024 1:00,NA
10/8/2024 2:00,NA
10/8/2024 3:00,NA
10/8/2024 4:00,NA
10/8/2024 5:00,NA
10/8/2024 6:00,NA
10/8/2024 7:00,NA
10/8/2024 8:00,NA
10/8/2024 9:00,NA
10/8/2024 10:00,NA
10/8/2024 11:00,NA
10/8/2024 12:00,NA
10/8/2024 13:00,NA
10/8/2024 14:00,NA
10/8/2024 15:00,NA
10/8/2024 16:00,NA
10/8/2024 17:00,NA
10/8/2024 18:00,NA
10/8/2024 19:00,NA
10/8/2024 20:00,NA
10/8/2024 21:00,NA
10/8/2024 22:00,NA
10/8/2024 23:00,NA
10/9/2024,NA
10/9/2024 1:00,NA
10/9/2024 2:00,NA
10/9/2024 3:00,NA
10/9/2024 4:00,NA
10/9/2024 5:00,NA
10/9/2024 6:00,NA
10/9/2024 7:00,NA
10/9/2024 8:00,NA
10/9/2024 9:00,NA
10/9/2024 10:00,NA
10/9/2024 11:00,NA
10/9/2024 12:00,NA
10/9/2024 13:00,9.6287879
10/9/2024 14:00,11.06764712
10/9/2024 15:00,11.4383333
10/9/2024 16:00,13.45000005
10/9/2024 17:00,15.86833332
10/9/2024 18:00,18.73999996
10/9/2024 19:00,18.0183334
10/9/2024 20:00,17.7
10/9/2024 21:00,21.64000003
10/9/2024 22:00,24.96999992
10/9/2024 23:00,22.70952382
10/10/2024,24.65
10/10/2024 1:00,25.25593215
10/10/2024 2:00,25.10303046
10/10/2024 3:00,24.58666652
10/10/2024 4:00,37.12343743
10/10/2024 5:00,34.66500003
10/10/2024 6:00,32.42539666
10/10/2024 7:00,42.59666659
10/10/2024 8:00,31.18000005
10/10/2024 9:00,28.24833333
10/10/2024 10:00,22.76500006
10/10/2024 11:00,16.55000006
10/10/2024 12:00,15.78499999
10/10/2024 13:00,13.99629637
10/10/2024 14:00,15.58333343
10/10/2024 15:00,17.94237298
10/10/2024 16:00,20.10833314
10/10/2024 17:00,22.42318831
10/10/2024 18:00,26.53000008
10/10/2024 19:00,27.7319444
10/10/2024 20:00,30.06060609
10/10/2024 21:00,31.92133349
10/10/2024 22:00,32.71833321
10/10/2024 23:00,32.41166671
10/11/2024,32.70333344
10/11/2024 1:00,30.51111113
10/11/2024 2:00,31.13676453
10/11/2024 3:00,31.03235295
10/11/2024 4:00,29.93571434
10/11/2024 5:00,32.22458999
10/11/2024 6:00,37.45000001
10/11/2024 7:00,45.98714294
10/11/2024 8:00,42.96619727
10/11/2024 9:00,32.92333339
10/11/2024 10:00,25.97575757
10/11/2024 11:00,17.56833326
10/11/2024 12:00,16.07796616
10/11/2024 13:00,15.27031256
10/11/2024 14:00,11.1647059
10/11/2024 15:00,10.9138462
10/11/2024 16:00,19.56721317
10/11/2024 17:00,25.08870965
10/11/2024 18:00,27.84693885
10/11/2024 19:00,36.34032246
10/11/2024 20:00,43.87258099
10/11/2024 21:00,43.80666663
10/11/2024 22:00,38.57936544
10/11/2024 23:00,37.25396825
10/12/2024,37.30923092
10/12/2024 1:00,38.82000014
10/12/2024 2:00,38.26333351
10/12/2024 3:00,37.05499986
10/12/2024 4:00,36.3047618
10/12/2024 5:00,35.16833337
10/12/2024 6:00,37.86333338
10/12/2024 7:00,49.90307688
10/12/2024 8:00,45.21111092
10/12/2024 9:00,32.97833331
10/12/2024 10:00,23.40909079
10/12/2024 11:00,19.26666668
10/12/2024 12:00,15.54833331
10/12/2024 13:00,14.14000004
10/12/2024 14:00,16.07833328
10/12/2024 15:00,17.295
10/12/2024 16:00,21.69180326
10/12/2024 17:00,27.13432833
10/12/2024 18:00,30.27333326
10/12/2024 19:00,30.92162168
10/12/2024 20:00,35.83888894
10/12/2024 21:00,35.8603175
10/12/2024 22:00,32.78970598
10/12/2024 23:00,31.3619049
10/13/2024,28.79104478
10/13/2024 1:00,27.83432832
10/13/2024 2:00,27.69180338
10/13/2024 3:00,26.49666684
10/13/2024 4:00,26.76166665
10/13/2024 5:00,27.02333336
10/13/2024 6:00,28.23166672
10/13/2024 7:00,37.20481921
10/13/2024 8:00,41.68333327
10/13/2024 9:00,25.93333327
10/13/2024 10:00,20.91500009
10/13/2024 11:00,17.91846159
10/13/2024 12:00,13.86363642
10/13/2024 13:00,16.70625003
10/13/2024 14:00,17.50333339
10/13/2024 15:00,19.13833338
10/13/2024 16:00,23.35396818
10/13/2024 17:00,26.72063488
10/13/2024 18:00,33.79682541
10/13/2024 19:00,36.84444434
10/13/2024 20:00,37.45735306
10/13/2024 21:00,37.11369867
10/13/2024 22:00,37.76349174
10/13/2024 23:00,38.45230766
10/14/2024,35.30999991
10/14/2024 1:00,33.01406235
10/14/2024 2:00,33.08805958
10/14/2024 3:00,34.47049188
10/14/2024 4:00,32.81060612
10/14/2024 5:00,34.84754087
10/14/2024 6:00,37.68970596
10/14/2024 7:00,46.74788746
10/14/2024 8:00,39.59000004
10/14/2024 9:00,32.70447759
10/14/2024 10:00,21.78499991
10/14/2024 11:00,16.67666664
10/14/2024 12:00,18.85333333
10/14/2024 13:00,19.2424244
10/14/2024 14:00,22.53650795
10/14/2024 15:00,24.36333332
10/14/2024 16:00,26.97538461
10/14/2024 17:00,34.12876709
10/14/2024 18:00,37.85945928
10/14/2024 19:00,41.36712338
10/14/2024 20:00,46.68833319
10/14/2024 21:00,43.93499997
10/14/2024 22:00,43.84262273
10/14/2024 23:00,41.50317443
10/15/2024,38.54666662
10/15/2024 1:00,38.09666672
10/15/2024 2:00,37.51166655
10/15/2024 3:00,37.29333344
10/15/2024 4:00,40.42666664
10/15/2024 5:00,41.59666678
10/15/2024 6:00,46.65333316
10/15/2024 7:00,57.03648619
10/15/2024 8:00,54.9824327
10/15/2024 9:00,40.53499985
10/15/2024 10:00,31.20999991
10/15/2024 11:00,25.74833323
10/15/2024 12:00,24.47101449
10/15/2024 13:00,22.79333333
10/15/2024 14:00,23.98032798
10/15/2024 15:00,25.60714286
10/15/2024 16:00,31.93499997
10/15/2024 17:00,39.27500019
10/15/2024 18:00,38.97222259
10/15/2024 19:00,41.5433335
10/15/2024 20:00,45.62666651
10/15/2024 21:00,45.30634907
10/15/2024 22:00,46.81746032
10/15/2024 23:00,47.64545446
10/16/2024,47.20322566
10/16/2024 1:00,45.85245908
10/16/2024 2:00,46.4985508
10/16/2024 3:00,43.37968737
10/16/2024 4:00,43.40156239
10/16/2024 5:00,49.08059721
10/16/2024 6:00,50.86406243
10/16/2024 7:00,52.75517255
10/16/2024 8:00,52.65156251
10/16/2024 9:00,42.06333345
10/16/2024 10:00,31.40666644
10/16/2024 11:00,25.53833329
10/16/2024 12:00,24.90781257
10/16/2024 13:00,22.59499992
10/16/2024 14:00,33.64833326
10/16/2024 15:00,36.78484879
10/16/2024 16:00,42.74848487
10/16/2024 17:00,49.30158736
10/16/2024 18:00,54.80923092
10/16/2024 19:00,56.88593763
10/16/2024 20:00,56.91818185
10/16/2024 21:00,60.83484817
10/16/2024 22:00,57.95820868
10/16/2024 23:00,54.013846
10/17/2024,53.19999987
10/17/2024 1:00,50.61333326
10/17/2024 2:00,53.96666667
10/17/2024 3:00,53.77333336
10/17/2024 4:00,53.65166664
10/17/2024 5:00,53.73666674
10/17/2024 6:00,58.45223862
10/17/2024 7:00,69.08500017
10/17/2024 8:00,61.75303049
10/17/2024 9:00,51.82435872
10/17/2024 10:00,45.95833314
10/17/2024 11:00,38.85000006
10/17/2024 12:00,44.36500003
10/17/2024 13:00,31.37666664
10/17/2024 14:00,28.77391318
10/17/2024 15:00,33.55079354
10/17/2024 16:00,42.60333316
10/17/2024 17:00,50.55797101
10/17/2024 18:00,54.74333324
10/17/2024 19:00,60.90000004
10/17/2024 20:00,62.85999997
10/17/2024 21:00,61.33492061
10/17/2024 22:00,57.10793662
10/17/2024 23:00,59.08333333
10/18/2024,59.00499986
10/18/2024 1:00,54.73283586
10/18/2024 2:00,54.07580622
10/18/2024 3:00,52.85500005
10/18/2024 4:00,55.23333346
10/18/2024 5:00,52.78166676
10/18/2024 6:00,56.85166677
10/18/2024 7:00,61.168254
10/18/2024 8:00,60.40476197
10/18/2024 9:00,53.56515156
10/18/2024 10:00,45.58833338
10/18/2024 11:00,39.17499975
10/18/2024 12:00,37.41500009
10/18/2024 13:00,31.8760563
10/18/2024 14:00,33.28064516
10/18/2024 15:00,38.66774171
10/18/2024 16:00,47.53717941
10/18/2024 17:00,52.7185712
10/18/2024 18:00,55.85250001
10/18/2024 19:00,59.75373094
10/18/2024 20:00,66.91016976
10/18/2024 21:00,64.88166637
10/18/2024 22:00,68.82499962
10/18/2024 23:00,62.43166669
10/19/2024,59.30333328
10/19/2024 1:00,56.81694923
10/19/2024 2:00,57.38000005
10/19/2024 3:00,57.63833338
10/19/2024 4:00,64.64920625
10/19/2024 5:00,65.5649999
10/19/2024 6:00,66.49500058
10/19/2024 7:00,77.03833313
10/19/2024 8:00,79.44999981
10/19/2024 9:00,53.8296876
10/19/2024 10:00,42.92166653
10/19/2024 11:00,40.21166662
10/19/2024 12:00,34.83809544
10/19/2024 13:00,31.69999999
10/19/2024 14:00,32.4025973
10/19/2024 15:00,35.76666673
10/19/2024 16:00,41.06500034
10/19/2024 17:00,51.40666669
10/19/2024 18:00,59.99166698
10/19/2024 19:00,61.51333326
10/19/2024 20:00,58.71499996
10/19/2024 21:00,57.58500004
10/19/2024 22:00,55.6899999
10/19/2024 23:00,58.38833345
10/20/2024,58.42999973
10/20/2024 1:00,53.31666705
10/20/2024 2:00,50.77818173
10/20/2024 3:00,53.97666677
10/20/2024 4:00,55.51999969
10/20/2024 5:00,55.70999997
10/20/2024 6:00,58.57258058
10/20/2024 7:00,71.62166754
10/20/2024 8:00,57.25166658
10/20/2024 9:00,47.54000022
10/20/2024 10:00,38.39104499
10/20/2024 11:00,34.68225796
10/20/2024 12:00,32.47121195
10/20/2024 13:00,23.72333333
10/20/2024 14:00,22.15384612
10/20/2024 15:00,25.69016385
10/20/2024 16:00,30.30793656
10/20/2024 17:00,43.94166673
10/20/2024 18:00,45.86166649
10/20/2024 19:00,39.1399999
10/20/2024 20:00,39.2100001
10/20/2024 21:00,39.1177418
10/20/2024 22:00,40.33174636
10/20/2024 23:00,46.60499999
10/21/2024,48.41166655
10/21/2024 1:00,51.44210508
10/21/2024 2:00,47.54333337
10/21/2024 3:00,53.42333304
10/21/2024 4:00,61.18666681
10/21/2024 5:00,45.01833318
10/21/2024 6:00,50.65833352
10/21/2024 7:00,58.04333331
10/21/2024 8:00,68.10952371
10/21/2024 9:00,65.30333354
10/21/2024 10:00,38.15999988
10/21/2024 11:00,24.01499987
10/21/2024 12:00,19.967742
10/21/2024 13:00,20.17704939
10/21/2024 14:00,27.3433334
10/21/2024 15:00,25.45645157
10/21/2024 16:00,23.11093754
10/21/2024 17:00,34.40500024
10/21/2024 18:00,50.25499986
10/21/2024 19:00,55.25483814
10/21/2024 20:00,59.75606051
10/21/2024 21:00,48.34333356
10/21/2024 22:00,39.73999971
10/21/2024 23:00,40.42063486
10/22/2024,34.75333335
10/22/2024 1:00,35.55441178
10/22/2024 2:00,39.16166674
10/22/2024 3:00,36.56999982
10/22/2024 4:00,39.87230747
10/22/2024 5:00,39.91666673
10/22/2024 6:00,44.48709679
10/22/2024 7:00,56.51166693
10/22/2024 8:00,94.086667
10/22/2024 9:00,73.54027769
10/22/2024 10:00,31.80312499
10/22/2024 11:00,18.61333342
10/22/2024 12:00,16.56000001
10/22/2024 13:00,15.54999994
10/22/2024 14:00,12.69682542
10/22/2024 15:00,11.75806449
10/22/2024 16:00,19.42833335
10/22/2024 17:00,31.20151511
10/22/2024 18:00,52.36166649
10/22/2024 19:00,54.13000024
10/22/2024 20:00,50.59841265
10/22/2024 21:00,50.18225781
10/22/2024 22:00,43.49180315
10/22/2024 23:00,37.77424237
10/23/2024,36.06212125
10/23/2024 1:00,35.54833345
10/23/2024 2:00,32.60307702
10/23/2024 3:00,33.7048386
10/23/2024 4:00,34.14923043
10/23/2024 5:00,37.44242399
10/23/2024 6:00,41.48833332
10/23/2024 7:00,52.25999985
10/23/2024 8:00,56.3233333
10/23/2024 9:00,41.53333321
10/23/2024 10:00,31.60476179
10/23/2024 11:00,25.05238094
10/23/2024 12:00,17.67575749
10/23/2024 13:00,14.56393442
10/23/2024 14:00,10.60166667
10/23/2024 15:00,10.86231879
10/23/2024 16:00,16.27460315
10/23/2024 17:00,23.67999989
10/23/2024 18:00,27.57166684
10/23/2024 19:00,41.52499987
10/23/2024 20:00,43.14000003
10/23/2024 21:00,40.8466664
10/23/2024 22:00,41.2183335
10/23/2024 23:00,36.19000003
10/24/2024,31.81499977
10/24/2024 1:00,32.78999993
10/24/2024 2:00,33.89166683
10/24/2024 3:00,30.86333338
10/24/2024 4:00,30.75166667
10/24/2024 5:00,35.44666656
10/24/2024 6:00,41.12499987
10/24/2024 7:00,48.89333324
10/24/2024 8:00,54.08166688
10/24/2024 9:00,32.89206347
10/24/2024 10:00,17.8383334
10/24/2024 11:00,19.0116667
10/24/2024 12:00,20.37301583
10/24/2024 13:00,11.96499998
10/24/2024 14:00,13.56000006
10/24/2024 15:00,12.51269839
10/24/2024 16:00,18.91500007
10/24/2024 17:00,18.26000017
10/24/2024 18:00,21.02333333
10/24/2024 19:00,18.99500003
10/24/2024 20:00,19.91833334
10/24/2024 21:00,19.29500008
10/24/2024 22:00,19.31500003
10/24/2024 23:00,21.21000004
10/25/2024,20.38000008
10/25/2024 1:00,20.88245606
10/25/2024 2:00,24.55499999
10/25/2024 3:00,24.20606055
10/25/2024 4:00,26.27999992
10/25/2024 5:00,34.03999999
10/25/2024 6:00,36.55500002
10/25/2024 7:00,47.79166679
10/25/2024 8:00,50.56499996
10/25/2024 9:00,NA
10/25/2024 10:00,27.07272731
10/25/2024 11:00,22.86333329
10/25/2024 12:00,23.17384614
10/25/2024 13:00,18.08636358
10/25/2024 14:00,16.40833332
10/25/2024 15:00,15.37666666
10/25/2024 16:00,13.48999998
10/25/2024 17:00,17.57999992
10/25/2024 18:00,19.52833322
10/25/2024 19:00,30.00499986
10/25/2024 20:00,35.16666667
10/25/2024 21:00,44.13999993
10/25/2024 22:00,34.53387107
10/25/2024 23:00,35.06500003
10/26/2024,41.77499984
10/26/2024 1:00,28.23636364
10/26/2024 2:00,46.50333316
10/26/2024 3:00,40.88787894
10/26/2024 4:00,25.96833334
10/26/2024 5:00,29.13666668
10/26/2024 6:00,38.37000001
10/26/2024 7:00,37.78166663
10/26/2024 8:00,32.73666671
10/26/2024 9:00,37.65666669
10/26/2024 10:00,35.37166643
10/26/2024 11:00,20.05238096
10/26/2024 12:00,17.88999995
10/26/2024 13:00,17.73500001
10/26/2024 14:00,20.85312502
10/26/2024 15:00,14.50333336
10/26/2024 16:00,12.76666665
10/26/2024 17:00,15.65000003
10/26/2024 18:00,26.97333336
10/26/2024 19:00,26.55999994
10/26/2024 20:00,22.20499999
10/26/2024 21:00,42.76333345
10/26/2024 22:00,40.78333314
10/26/2024 23:00,42.34999987
10/27/2024,38.01500009
10/27/2024 1:00,34.61363645
10/27/2024 2:00,31.69166679
10/27/2024 3:00,32.28999999
10/27/2024 4:00,34.16833334
10/27/2024 5:00,33.91333342
10/27/2024 6:00,34.93000005
10/27/2024 7:00,44.94166667
10/27/2024 8:00,38.34500027
10/27/2024 9:00,29.05396816
10/27/2024 10:00,23.32222215
10/27/2024 11:00,19.69000007
10/27/2024 12:00,20.28166668
10/27/2024 13:00,17.29848474
10/27/2024 14:00,17.94057954
10/27/2024 15:00,14.5516667
10/27/2024 16:00,18.26666667
10/27/2024 17:00,28.77000008
10/27/2024 18:00,36.14999994
10/27/2024 19:00,30.7316666
10/27/2024 20:00,34.4066666
10/27/2024 21:00,42.71500003
10/27/2024 22:00,36.89666675
10/27/2024 23:00,35.46166655
10/28/2024,32.5666666
10/28/2024 1:00,32.04838707
10/28/2024 2:00,30.81000007
10/28/2024 3:00,30.34561391
10/28/2024 4:00,26.78166653
10/28/2024 5:00,25.72499994
10/28/2024 6:00,30.55833321
10/28/2024 7:00,47.58666668
10/28/2024 8:00,43.03389821
10/28/2024 9:00,24.42166659
10/28/2024 10:00,17.93833343
10/28/2024 11:00,18.73968258
10/28/2024 12:00,18.15000011
10/28/2024 13:00,15.0169492
10/28/2024 14:00,9.311666703
10/28/2024 15:00,11.72380953
10/28/2024 16:00,NA
10/28/2024 17:00,20.27833322
10/28/2024 18:00,26.63499994
10/28/2024 19:00,26.37000001
10/28/2024 20:00,23.32333339
10/28/2024 21:00,21.88000002
10/28/2024 22:00,27.18166682
10/28/2024 23:00,37.60499973
10/29/2024,32.66666667
10/29/2024 1:00,30.28596497
10/29/2024 2:00,32.2333334
10/29/2024 3:00,29.73999996
10/29/2024 4:00,30.38000008
10/29/2024 5:00,33.18999996
10/29/2024 6:00,35.3333333
10/29/2024 7:00,51.31333345
10/29/2024 8:00,55.65999991
10/29/2024 9:00,39.06499996
10/29/2024 10:00,36.96949172
10/29/2024 11:00,20.79206355
10/29/2024 12:00,9.91111109
10/29/2024 13:00,8.759677441
10/29/2024 14:00,12.40500007
10/29/2024 15:00,12.66166663
10/29/2024 16:00,14.00499996
10/29/2024 17:00,21.05166667
10/29/2024 18:00,19.57384617
10/29/2024 19:00,24.69333328
10/29/2024 20:00,33.02833341
10/29/2024 21:00,35.93333333
10/29/2024 22:00,34.20166696
10/29/2024 23:00,39.72499997
10/30/2024,32.7935484
10/30/2024 1:00,32.76779656
10/30/2024 2:00,33.09333328
10/30/2024 3:00,32.54218736
10/30/2024 4:00,37.69166663
10/30/2024 5:00,42.69365096
10/30/2024 6:00,47.01166662
10/30/2024 7:00,43.05999997
10/30/2024 8:00,52.37833316
10/30/2024 9:00,40.69333334
10/30/2024 10:00,21.2150001
10/30/2024 11:00,13.47333338
10/30/2024 12:00,11.82166657
10/30/2024 13:00,11.38387103
10/30/2024 14:00,18.44500001
10/30/2024 15:00,24.19500004
10/30/2024 16:00,30.77999999
10/30/2024 17:00,34.42166662
10/30/2024 18:00,35.57499984
10/30/2024 19:00,42.15833321
10/30/2024 20:00,49.54000009
10/30/2024 21:00,51.11000004
10/30/2024 22:00,50.5600001
10/30/2024 23:00,47.97741933
10/31/2024,47.98095225
10/31/2024 1:00,46.45636361
10/31/2024 2:00,46.63809543
10/31/2024 3:00,46.79682523
10/31/2024 4:00,43.90000006
10/31/2024 5:00,43.72461507
10/31/2024 6:00,46.05333335
10/31/2024 7:00,92.73499978
10/31/2024 8:00,65.72333349
10/31/2024 9:00,49.21833337
10/31/2024 10:00,34.12833325
10/31/2024 11:00,25.76166662
10/31/2024 12:00,23.82499987
10/31/2024 13:00,21.57575769
10/31/2024 14:00,20.61269842
10/31/2024 15:00,27.28166669
10/31/2024 16:00,32.23833329
10/31/2024 17:00,40.60666688
10/31/2024 18:00,50.01499983
10/31/2024 19:00,55.65166683
10/31/2024 20:00,58.66666648
10/31/2024 21:00,65.33499978
10/31/2024 22:00,60.22499987
10/31/2024 23:00,57.66833312
11/1/2024,56.17999986
11/1/2024 1:00,54.64482742
11/1/2024 2:00,54.38666668
11/1/2024 3:00,58.09666678
11/1/2024 4:00,62.50666669
11/1/2024 5:00,55.24333337
11/1/2024 6:00,54.82000001
11/1/2024 7:00,69.57833354
11/1/2024 8:00,71.77833385
11/1/2024 9:00,65.78666668
11/1/2024 10:00,50.7049998
11/1/2024 11:00,35.86166643
11/1/2024 12:00,36.89999994
11/1/2024 13:00,28.28970598
11/1/2024 14:00,29.45322569
11/1/2024 15:00,34.775
11/1/2024 16:00,36.79833298
11/1/2024 17:00,44.76333326
11/1/2024 18:00,47.43500004
11/1/2024 19:00,55.73833351
11/1/2024 20:00,55.90666676
11/1/2024 21:00,56.37499987
11/1/2024 22:00,55.37499994
11/1/2024 23:00,55.69666665
11/2/2024,54.81666667
11/2/2024 1:00,56.47321429
11/2/2024 2:00,51.16166662
11/2/2024 3:00,51.70999985
11/2/2024 4:00,53.68666662
11/2/2024 5:00,54.49166654
11/2/2024 6:00,56.82666677
11/2/2024 7:00,63.90333335
11/2/2024 8:00,65.75499967
11/2/2024 9:00,64.68000018
11/2/2024 10:00,51.7096773
11/2/2024 11:00,49.31500003
11/2/2024 12:00,41.80833352
11/2/2024 13:00,46.92698403
11/2/2024 14:00,43.65333322
11/2/2024 15:00,38.49499995
11/2/2024 16:00,44.50952336
11/2/2024 17:00,56.16833344
11/2/2024 18:00,61.90499973
11/2/2024 19:00,61.71333338
11/2/2024 20:00,70.52000033
11/2/2024 21:00,73.3283336
11/2/2024 22:00,77.35166715
11/2/2024 23:00,80.20166715
11/3/2024,73.90499954
11/3/2024 1:00,64.91016931
11/3/2024 2:00,62.42000001
11/3/2024 3:00,69.16500034
11/3/2024 4:00,63.12000001
11/3/2024 5:00,69.31833312
11/3/2024 6:00,79.22166659
11/3/2024 7:00,72.85500005
11/3/2024 8:00,75.9350001
11/3/2024 9:00,73.94166667
11/3/2024 10:00,64.85166683
11/3/2024 11:00,56.43333326
11/3/2024 12:00,40.9532256
11/3/2024 13:00,37.61044784
11/3/2024 14:00,34.19999994
11/3/2024 15:00,31.40333335
11/3/2024 16:00,21.62499997
11/3/2024 17:00,24.53666665
11/3/2024 18:00,32.39166663
11/3/2024 19:00,37.16499996
11/3/2024 20:00,38.21500003
11/3/2024 21:00,39.91666673
11/3/2024 22:00,39.56833331
11/3/2024 23:00,37.17833341
11/4/2024,35.50666669
11/4/2024 1:00,35.01090899
11/4/2024 2:00,35.62999967
11/4/2024 3:00,37.7516669
11/4/2024 4:00,37.06833331
11/4/2024 5:00,36.9100001
11/4/2024 6:00,40.29166679
11/4/2024 7:00,43.49666691
11/4/2024 8:00,54.18500036
11/4/2024 9:00,43.97333349
11/4/2024 10:00,33.63666658
11/4/2024 11:00,26.01333316
11/4/2024 12:00,20.19333312
11/4/2024 13:00,16.78
11/4/2024 14:00,14.57166667
11/4/2024 15:00,9.18833336
11/4/2024 16:00,9.35333333
11/4/2024 17:00,11.93999994
11/4/2024 18:00,19.8966667
11/4/2024 19:00,17.71666665
11/4/2024 20:00,19.69833337
11/4/2024 21:00,41.61166679
11/4/2024 22:00,15.66166662
11/4/2024 23:00,12.68666663
11/5/2024,12.22499995
11/5/2024 1:00,14.29565222
11/5/2024 2:00,11.08000003
11/5/2024 3:00,11.95833333
11/5/2024 4:00,14.28999996
11/5/2024 5:00,19.39838717
11/5/2024 6:00,20.79499998
11/5/2024 7:00,26.28499985
11/5/2024 8:00,32.8799998
11/5/2024 9:00,30.92258057
11/5/2024 10:00,26.23499997
11/5/2024 11:00,14.43333335
11/5/2024 12:00,6.219354814
11/5/2024 13:00,3.821212126
11/5/2024 14:00,6.169841271
11/5/2024 15:00,11.68499997
11/5/2024 16:00,12.73000005
11/5/2024 17:00,19.50166672
11/5/2024 18:00,28.18833338
11/5/2024 19:00,36.2111111
11/5/2024 20:00,36.81999966
11/5/2024 21:00,36.2483333
11/5/2024 22:00,32.58166669
11/5/2024 23:00,30.60333306
11/6/2024,28.21833337
11/6/2024 1:00,28.5542373
11/6/2024 2:00,25.99333337
11/6/2024 3:00,24.85882355
11/6/2024 4:00,24.86333326
11/6/2024 5:00,26.0269842
11/6/2024 6:00,26.34696963
11/6/2024 7:00,35.85999991
11/6/2024 8:00,50.10833327
11/6/2024 9:00,56.77333336
11/6/2024 10:00,27.10666663
11/6/2024 11:00,19.32999994
11/6/2024 12:00,11.16129042
11/6/2024 13:00,12.6542857
11/6/2024 14:00,8.416666675
11/6/2024 15:00,12.31499995
11/6/2024 16:00,22.92166672
11/6/2024 17:00,25.87166672
11/6/2024 18:00,28.9249999
11/6/2024 19:00,47.91666673
11/6/2024 20:00,51.81166662
11/6/2024 21:00,49.56333338
11/6/2024 22:00,40.71333364
11/6/2024 23:00,43.65333322
11/7/2024,35.76833312
11/7/2024 1:00,32.93103442
11/7/2024 2:00,29.09999994
11/7/2024 3:00,27.25499999
11/7/2024 4:00,26.21999992
11/7/2024 5:00,26.97666664
11/7/2024 6:00,33.87833335
11/7/2024 7:00,43.1216664
11/7/2024 8:00,67.18999964
11/7/2024 9:00,46.71500003
11/7/2024 10:00,30.28166666
11/7/2024 11:00,18.32539683
11/7/2024 12:00,15.39833337
11/7/2024 13:00,13.68281242
11/7/2024 14:00,12.38225815
11/7/2024 15:00,9.483333357
11/7/2024 16:00,11.37586199
11/7/2024 17:00,31.54333356
11/7/2024 18:00,37.17833322
11/7/2024 19:00,58.42166672
11/7/2024 20:00,56.09333324
11/7/2024 21:00,81.9683328
11/7/2024 22:00,79.85499986
11/7/2024 23:00,75.32499994
11/8/2024,43.70500011
11/8/2024 1:00,39.71206908
11/8/2024 2:00,48.59499969
11/8/2024 3:00,70.58333327
11/8/2024 4:00,42.34333337
11/8/2024 5:00,35.97666648
11/8/2024 6:00,38.86500009
11/8/2024 7:00,53.18499978
11/8/2024 8:00,54.12000001
11/8/2024 9:00,42.53666681
11/8/2024 10:00,32.65555536
11/8/2024 11:00,30.56833334
11/8/2024 12:00,16.09499998
11/8/2024 13:00,22.48709679
11/8/2024 14:00,17.68499999
11/8/2024 15:00,18.62333341
11/8/2024 16:00,21.54603174
11/8/2024 17:00,34.27424217
11/8/2024 18:00,47.55079372
11/8/2024 19:00,54.09666653
11/8/2024 20:00,62.62166684
11/8/2024 21:00,64.18999996
11/8/2024 22:00,66.33333391
11/8/2024 23:00,68.2733333
11/9/2024,58.3666666
11/9/2024 1:00,62.56551769
11/9/2024 2:00,69.00333347
11/9/2024 3:00,51.95333347
11/9/2024 4:00,52.31833331
11/9/2024 5:00,50.44333344
11/9/2024 6:00,56.25666644
11/9/2024 7:00,60.82833316
11/9/2024 8:00,73.10666669
11/9/2024 9:00,62.01833324
11/9/2024 10:00,38.38666665
11/9/2024 11:00,29.02698411
11/9/2024 12:00,24.39218754
11/9/2024 13:00,20.26499995
11/9/2024 14:00,18.02419356
11/9/2024 15:00,19.40499994
11/9/2024 16:00,25.91363641
11/9/2024 17:00,40.89852939
11/9/2024 18:00,52.56190454
11/9/2024 19:00,71.80606039
11/9/2024 20:00,67.78000037
11/9/2024 21:00,64.39999994
11/9/2024 22:00,62.66833324
11/9/2024 23:00,57.94307674
11/10/2024,50.67166665
11/10/2024 1:00,51.00163944
11/10/2024 2:00,48.31333345
11/10/2024 3:00,47.94666678
11/10/2024 4:00,45.12833328
11/10/2024 5:00,51.64117656
11/10/2024 6:00,59.21904791
11/10/2024 7:00,58.94333337
11/10/2024 8:00,62.32833322
11/10/2024 9:00,62.8629031
11/10/2024 10:00,42.55396804
11/10/2024 11:00,37.69999984
11/10/2024 12:00,25.8233332
11/10/2024 13:00,27.20441173
11/10/2024 14:00,25.52380949
11/10/2024 15:00,24.27999992
11/10/2024 16:00,26.27605624
11/10/2024 17:00,43.0566666
11/10/2024 18:00,72.47000001
11/10/2024 19:00,81.40666599
11/10/2024 20:00,84.97499975
11/10/2024 21:00,75.39666672
11/10/2024 22:00,89.07666677
11/10/2024 23:00,85.46333326
11/11/2024,79.87333285
11/11/2024 1:00,71.09344282
11/11/2024 2:00,53.3399999
11/11/2024 3:00,55.17166684
11/11/2024 4:00,48.44666653
11/11/2024 5:00,53.43666668
11/11/2024 6:00,59.28499991
11/11/2024 7:00,73.18833313
11/11/2024 8:00,75.16833318
11/11/2024 9:00,69.43999977
11/11/2024 10:00,54.50499992
11/11/2024 11:00,24.9166667
11/11/2024 12:00,21.1566666
11/11/2024 13:00,21.56323547
11/11/2024 14:00,23.10666672
11/11/2024 15:00,23.50333331
11/11/2024 16:00,28.3666667
11/11/2024 17:00,37.68499972
11/11/2024 18:00,42.99718287
11/11/2024 19:00,47.62999992
11/11/2024 20:00,59.35500024
11/11/2024 21:00,56.0777778
11/11/2024 22:00,57.46166674
11/11/2024 23:00,46.52923097
11/12/2024,49.96999989
11/12/2024 1:00,50.81818175
11/12/2024 2:00,44.82333304
11/12/2024 3:00,41.1233333
11/12/2024 4:00,40.74166679
11/12/2024 5:00,39.1241935
11/12/2024 6:00,44.43166656
11/12/2024 7:00,70.86499971
11/12/2024 8:00,83.31666667
11/12/2024 9:00,75.67999961
11/12/2024 10:00,44.48000005
11/12/2024 11:00,31.7666666
11/12/2024 12:00,23.73999993
11/12/2024 13:00,20.64057969
11/12/2024 14:00,18.45846169
11/12/2024 15:00,25.58906248
11/12/2024 16:00,39.40000016
11/12/2024 17:00,50.72698393
11/12/2024 18:00,55.62833303
11/12/2024 19:00,63.40500011
11/12/2024 20:00,66.96833312
11/12/2024 21:00,71.3899999
11/12/2024 22:00,75.56999995
11/12/2024 23:00,99.03166644
11/13/2024,84.45499967
11/13/2024 1:00,71.43965517
11/13/2024 2:00,59.1633337
11/13/2024 3:00,52.70166683
11/13/2024 4:00,49.0549998
11/13/2024 5:00,54.32741953
11/13/2024 6:00,51.67666677
11/13/2024 7:00,73.45499999
11/13/2024 8:00,90.82333349
11/13/2024 9:00,86.19166679
11/13/2024 10:00,72.32575752
11/13/2024 11:00,39.09393938
11/13/2024 12:00,29.33166672
11/13/2024 13:00,25.77846154
11/13/2024 14:00,31.61935489
11/13/2024 15:00,NA
11/13/2024 16:00,59.1283018
11/13/2024 17:00,71.7079363
11/13/2024 18:00,84.34861098
11/13/2024 19:00,81.79508197
11/13/2024 20:00,97.76349168
11/13/2024 21:00,90.3
11/13/2024 22:00,91.088333
11/13/2024 23:00,82.45833359
11/14/2024,81.97833328
11/14/2024 1:00,78.34237283
11/14/2024 2:00,80.2783329
11/14/2024 3:00,74.35000038
11/14/2024 4:00,72.05500018
11/14/2024 5:00,72.56666667
11/14/2024 6:00,72.80952357
11/14/2024 7:00,76.07999992
11/14/2024 8:00,75.64833349
11/14/2024 9:00,83.3833341
11/14/2024 10:00,70.59333356
11/14/2024 11:00,44.48833313
11/14/2024 12:00,34.56166649
11/14/2024 13:00,29.57377059
11/14/2024 14:00,29.86507927
11/14/2024 15:00,42.2733333
11/14/2024 16:00,54.94500001
11/14/2024 17:00,66.1366663
11/14/2024 18:00,70.00952366
11/14/2024 19:00,73.84833361
11/14/2024 20:00,89.84833361
11/14/2024 21:00,87.60166651
11/14/2024 22:00,71.5983333
11/14/2024 23:00,68.22909081
11/15/2024,65.60666663
11/15/2024 1:00,58.42758619
11/15/2024 2:00,54.71666679
11/15/2024 3:00,56.41833331
11/15/2024 4:00,52.11333338
11/15/2024 5:00,56.40166664
11/15/2024 6:00,54.75833321
11/15/2024 7:00,89.05500024
11/15/2024 8:00,92.0766669
11/15/2024 9:00,77.55238112
11/15/2024 10:00,66.20634866
11/15/2024 11:00,44.97391305
11/15/2024 12:00,35.9850002
11/15/2024 13:00,26.92656249
11/15/2024 14:00,28.02083315
11/15/2024 15:00,31.18000015
11/15/2024 16:00,38.23666684
11/15/2024 17:00,56.35645165
11/15/2024 18:00,54.72666651
11/15/2024 19:00,77.80967712
11/15/2024 20:00,77.09166654
11/15/2024 21:00,74.47666651
11/15/2024 22:00,68.67499987
11/15/2024 23:00,63.48666655
11/16/2024,60.06333332
11/16/2024 1:00,57.71551731
11/16/2024 2:00,56.8583334
11/16/2024 3:00,51.11500003
11/16/2024 4:00,50.2507694
11/16/2024 5:00,50.84193593
11/16/2024 6:00,51.86166693
11/16/2024 7:00,61.50952379
11/16/2024 8:00,110.5538469
11/16/2024 9:00,60.5733333
11/16/2024 10:00,36.88095238
11/16/2024 11:00,35.66000004
11/16/2024 12:00,33.07419359
11/16/2024 13:00,30.27903221
11/16/2024 14:00,35.13188404
11/16/2024 15:00,41.27166659
11/16/2024 16:00,43.39354823
11/16/2024 17:00,49.72999992
11/16/2024 18:00,54.50793645
11/16/2024 19:00,51.75538465
11/16/2024 20:00,70.62833335
11/16/2024 21:00,70.35076928
11/16/2024 22:00,72.63064464
11/16/2024 23:00,64.14333344
11/17/2024,58.62166672
11/17/2024 1:00,57.05789486
11/17/2024 2:00,52.17500032
11/17/2024 3:00,53.32833335
11/17/2024 4:00,53.05999985
11/17/2024 5:00,55.1816665
11/17/2024 6:00,54.14848489
11/17/2024 7:00,75.04166686
11/17/2024 8:00,105.1451609
11/17/2024 9:00,62.54999987
11/17/2024 10:00,40.47166678
11/17/2024 11:00,35.46166668
11/17/2024 12:00,31.48500007
11/17/2024 13:00,31.04761887
11/17/2024 14:00,31.77666677
11/17/2024 15:00,37.20833337
11/17/2024 16:00,38.9238096
11/17/2024 17:00,40.81176489
11/17/2024 18:00,40.55500018
11/17/2024 19:00,74.60000006
11/17/2024 20:00,65.91267599
11/17/2024 21:00,65.03833351
11/17/2024 22:00,59.53636354
11/17/2024 23:00,60.64833355
11/18/2024,55.67833316
11/18/2024 1:00,55.30333341
11/18/2024 2:00,57.13833338
11/18/2024 3:00,56.47999999
11/18/2024 4:00,52.41333345
11/18/2024 5:00,47.39666672
11/18/2024 6:00,55.08666655
11/18/2024 7:00,78.46307737
11/18/2024 8:00,87.92833322
11/18/2024 9:00,67.13666687
11/18/2024 10:00,59.39833355
11/18/2024 11:00,41.11833299
11/18/2024 12:00,30.94333331
11/18/2024 13:00,26.83870968
11/18/2024 14:00,21.43166671
11/18/2024 15:00,24.89365087
11/18/2024 16:00,30.15666676
11/18/2024 17:00,39.13999964
11/18/2024 18:00,44.50434798
11/18/2024 19:00,58.18281233
11/18/2024 20:00,64.62222187
11/18/2024 21:00,68.60634934
11/18/2024 22:00,57.05333335
11/18/2024 23:00,55.60999991
11/19/2024,47.19166686
11/19/2024 1:00,43.69491519
11/19/2024 2:00,43.20666663
11/19/2024 3:00,37.03333378
11/19/2024 4:00,35.08333302
11/19/2024 5:00,33.7350001
11/19/2024 6:00,41.37936492
11/19/2024 7:00,63.85833384
11/19/2024 8:00,104.3794123
11/19/2024 9:00,58.19848488
11/19/2024 10:00,49.54666665
11/19/2024 11:00,33.28166634
11/19/2024 12:00,21.18166669
11/19/2024 13:00,20.80166667
11/19/2024 14:00,18.6000001
11/19/2024 15:00,20.91000001
11/19/2024 16:00,25.10333335
11/19/2024 17:00,30.7
11/19/2024 18:00,41.8316665
11/19/2024 19:00,37.16999989
11/19/2024 20:00,59.26500009
11/19/2024 21:00,57.14333344
11/19/2024 22:00,67.99333356
11/19/2024 23:00,49.31333357
11/20/2024,45.74499995
11/20/2024 1:00,45.58196734
11/20/2024 2:00,37.34166679
11/20/2024 3:00,39.76166706
11/20/2024 4:00,36.50166667
11/20/2024 5:00,39.80476192
11/20/2024 6:00,37.28333314
11/20/2024 7:00,66.96153829
11/20/2024 8:00,72.31111109
11/20/2024 9:00,74.54354871
11/20/2024 10:00,58.43088223
11/20/2024 11:00,32.52333342
11/20/2024 12:00,21.64516111
11/20/2024 13:00,17.06031746
11/20/2024 14:00,14.23380284
11/20/2024 15:00,13.30666663
11/20/2024 16:00,19.87666677
11/20/2024 17:00,26.85000003
11/20/2024 18:00,36.54833349
11/20/2024 19:00,36.93999993
11/20/2024 20:00,46.92537308
11/20/2024 21:00,53.72571444
11/20/2024 22:00,58.84923143
11/20/2024 23:00,51.80166677
11/21/2024,38.43999993
11/21/2024 1:00,36.49253743
11/21/2024 2:00,37.90483881
11/21/2024 3:00,36.9833334
11/21/2024 4:00,32.94333328
11/21/2024 5:00,36.72096775
11/21/2024 6:00,40.51692323
11/21/2024 7:00,52.74838706
11/21/2024 8:00,68.71846143
11/21/2024 9:00,53.02666664
11/21/2024 10:00,51.73999987
11/21/2024 11:00,32.5846153
11/21/2024 12:00,22.33999993
11/21/2024 13:00,16.29166665
11/21/2024 14:00,19.05882356
11/21/2024 15:00,28.20333325
11/21/2024 16:00,27.7350002
11/21/2024 17:00,30.93500013
11/21/2024 18:00,35.26499977
11/21/2024 19:00,35.6566665
11/21/2024 20:00,38.32833312
11/21/2024 21:00,58.50166651
11/21/2024 22:00,58.30333328
11/21/2024 23:00,48.91612896
11/22/2024,42.87666677
11/22/2024 1:00,42.56333319
11/22/2024 2:00,40.16833324
11/22/2024 3:00,39.75666656
11/22/2024 4:00,38.30333347
11/22/2024 5:00,48.76666654
11/22/2024 6:00,50.87166672
11/22/2024 7:00,63.18000005
11/22/2024 8:00,63.1683328
11/22/2024 9:00,67.66461557
11/22/2024 10:00,59.54590188
11/22/2024 11:00,36.48709672
11/22/2024 12:00,17.40666658
11/22/2024 13:00,16.2859375
11/22/2024 14:00,21.97333341
11/22/2024 15:00,32.96500006
11/22/2024 16:00,24.75833343
11/22/2024 17:00,36.25396813
11/22/2024 18:00,43.41333357
11/22/2024 19:00,46.66666673
11/22/2024 20:00,54.01833331
11/22/2024 21:00,60.54333356
11/22/2024 22:00,55.43833357
11/22/2024 23:00,56.43166669
11/23/2024,54.67500019
11/23/2024 1:00,42.61551712
11/23/2024 2:00,37.21000013
11/23/2024 3:00,36.2933335
11/23/2024 4:00,38.21666667
11/23/2024 5:00,39.65500005
11/23/2024 6:00,39.21500003
11/23/2024 7:00,72.65333354
11/23/2024 8:00,88.20333341
11/23/2024 9:00,65.38225722
11/23/2024 10:00,45.3000001
11/23/2024 11:00,26.80166664
11/23/2024 12:00,17.62580661
11/23/2024 13:00,16.02121199
11/23/2024 14:00,19.94677421
11/23/2024 15:00,20.9833334
11/23/2024 16:00,25.29833333
11/23/2024 17:00,29.18333346
11/23/2024 18:00,38.05333322
11/23/2024 19:00,40.28166669
11/23/2024 20:00,54.30666669
11/23/2024 21:00,55.17666658
11/23/2024 22:00,55.04333337
11/23/2024 23:00,50.61499983
11/24/2024,46.82000008
11/24/2024 1:00,36.48666687
11/24/2024 2:00,38.53499997
11/24/2024 3:00,31.43833329
11/24/2024 4:00,29.28499997
11/24/2024 5:00,42.31269858
11/24/2024 6:00,45.47166662
11/24/2024 7:00,127.9741939
11/24/2024 8:00,70.33000011
11/24/2024 9:00,63.85714274
11/24/2024 10:00,51.0749999
11/24/2024 11:00,36.00499983
11/24/2024 12:00,26.45166666
11/24/2024 13:00,17.56000001
11/24/2024 14:00,16.26833321
11/24/2024 15:00,24.75333351
11/24/2024 16:00,23.50333341
11/24/2024 17:00,35.02352936
11/24/2024 18:00,46.93666649
11/24/2024 19:00,52.47166653
11/24/2024 20:00,58.05666663
11/24/2024 21:00,64.17666639
11/24/2024 22:00,53.27741943
11/24/2024 23:00,51.72666683
11/25/2024,49.51000023
11/25/2024 1:00,51.16333307
11/25/2024 2:00,40.05333328
11/25/2024 3:00,34.99333347
11/25/2024 4:00,33.27619038
11/25/2024 5:00,39.30833333
11/25/2024 6:00,50.76984133
11/25/2024 7:00,57.80999972
11/25/2024 8:00,58.88412706
11/25/2024 9:00,94.60999928
11/25/2024 10:00,50.48918899
11/25/2024 11:00,34.52500003
11/25/2024 12:00,26.40333344
11/25/2024 13:00,19.47666661
11/25/2024 14:00,15.11833332
11/25/2024 15:00,24.8866667
11/25/2024 16:00,38.68166656
11/25/2024 17:00,51.31500009
11/25/2024 18:00,65.83833357
11/25/2024 19:00,70.13833351
11/25/2024 20:00,66.90166677
11/25/2024 21:00,68.73166707
11/25/2024 22:00,70.17166684
11/25/2024 23:00,72.52615392
11/26/2024,76.80666695
11/26/2024 1:00,64.49833361
11/26/2024 2:00,62.66499996
11/26/2024 3:00,75.95666644
11/26/2024 4:00,57.3419355
11/26/2024 5:00,58.5583334
11/26/2024 6:00,64.33833364
11/26/2024 7:00,75.99666646
11/26/2024 8:00,110.3499999
11/26/2024 9:00,76.15322618
11/26/2024 10:00,70.01833324
11/26/2024 11:00,41.41666676
11/26/2024 12:00,27.88714289
11/26/2024 13:00,24.7683334
11/26/2024 14:00,27.94666672
11/26/2024 15:00,64.0350001
11/26/2024 16:00,73.45999947
11/26/2024 17:00,83.82000033
11/26/2024 18:00,88.45714242
11/26/2024 19:00,93.01641789
11/26/2024 20:00,103.3575761
11/26/2024 21:00,90.89861075
11/26/2024 22:00,92.20666707
11/26/2024 23:00,80.33833377
11/27/2024,81.23333377
11/27/2024 1:00,80.68103461
11/27/2024 2:00,73.13666674
11/27/2024 3:00,68.24666672
11/27/2024 4:00,62.78000011
11/27/2024 5:00,64.44833304
11/27/2024 6:00,67.46923089
11/27/2024 7:00,81.44920603
11/27/2024 8:00,95.62985059
11/27/2024 9:00,87.32166684
11/27/2024 10:00,81.27428556
11/27/2024 11:00,60.09999975
11/27/2024 12:00,45.78166637
11/27/2024 13:00,40.96451636
11/27/2024 14:00,38.8227272
11/27/2024 15:00,45.34000009
11/27/2024 16:00,48.58833332
11/27/2024 17:00,55.65500005
11/27/2024 18:00,57.67638901
11/27/2024 19:00,65.14333331
11/27/2024 20:00,69.54833342
11/27/2024 21:00,70.69677451
11/27/2024 22:00,74.80166651
11/27/2024 23:00,67.64603218
11/28/2024,66.92166659
11/28/2024 1:00,67.8952383
11/28/2024 2:00,52.67833328
11/28/2024 3:00,47.55500024
11/28/2024 4:00,46.85
11/28/2024 5:00,46.77575747
11/28/2024 6:00,48.08888886
11/28/2024 7:00,72.80833314
11/28/2024 8:00,83.48833326
11/28/2024 9:00,81.97121256
11/28/2024 10:00,75.3216664
11/28/2024 11:00,45.02499981
11/28/2024 12:00,27.44166663
11/28/2024 13:00,28.65333338
11/28/2024 14:00,20.73333338
11/28/2024 15:00,27.04833325
11/28/2024 16:00,41.01406229
11/28/2024 17:00,45.21500009
11/28/2024 18:00,46.39499995
11/28/2024 19:00,64.68115925
11/28/2024 20:00,66.62753622
11/28/2024 21:00,64.39166667
11/28/2024 22:00,62.68591561
11/28/2024 23:00,58.61587294
11/29/2024,53.56500003
11/29/2024 1:00,42.74561404
11/29/2024 2:00,35.56461525
11/29/2024 3:00,37.00166677
11/29/2024 4:00,37.225
11/29/2024 5:00,35.46666654
11/29/2024 6:00,33.56825387
11/29/2024 7:00,53.65238093
11/29/2024 8:00,77.4222222
11/29/2024 9:00,71.97258076
11/29/2024 10:00,60.04166679
11/29/2024 11:00,48.26612888
11/29/2024 12:00,21.47656243
11/29/2024 13:00,19.91746034
11/29/2024 14:00,25.36666657
11/29/2024 15:00,19.21499999
11/29/2024 16:00,20.01500018
11/29/2024 17:00,26.17833325
11/29/2024 18:00,29.18833319
11/29/2024 19:00,44.27000001
11/29/2024 20:00,64.82833277
11/29/2024 21:00,53.53333302
11/29/2024 22:00,59.60312486
11/29/2024 23:00,44.15373139
11/30/2024,45.92166646
11/30/2024 1:00,35.98813558
11/30/2024 2:00,35.32166678
11/30/2024 3:00,32.80166658
11/30/2024 4:00,32.90000002
11/30/2024 5:00,31.1354838
11/30/2024 6:00,35.19193542
11/30/2024 7:00,57.35999997
11/30/2024 8:00,85.07499936
11/30/2024 9:00,69.90294126
11/30/2024 10:00,56.26166681
11/30/2024 11:00,33.77333349
11/30/2024 12:00,26.27166662
11/30/2024 13:00,21.80666676
11/30/2024 14:00,21.29210529
11/30/2024 15:00,28.71833328
11/30/2024 16:00,27.78333327
11/30/2024 17:00,34.36499993
11/30/2024 18:00,43.98166669
11/30/2024 19:00,71.21166655
11/30/2024 20:00,73.49333293
11/30/2024 21:00,73.22999999
11/30/2024 22:00,66.8550005
11/30/2024 23:00,52.52666664
12/1/2024,46.35833346
12/1/2024 1:00,43.38833319
12/1/2024 2:00,46.60483896
12/1/2024 3:00,51.88064514
12/1/2024 4:00,49.92580672
12/1/2024 5:00,46.55500011
12/1/2024 6:00,44.40499992
12/1/2024 7:00,57.48904132
12/1/2024 8:00,78.90327829
12/1/2024 9:00,67.73833357
12/1/2024 10:00,54.13833326
12/1/2024 11:00,32.99499998
12/1/2024 12:00,32.01384612
12/1/2024 13:00,23.87999996
12/1/2024 14:00,23.98750016
12/1/2024 15:00,23.87818177
12/1/2024 16:00,25.1166667
12/1/2024 17:00,40.57833312
12/1/2024 18:00,42.54166686
12/1/2024 19:00,54.12333342
12/1/2024 20:00,72.79499982
12/1/2024 21:00,64.95833346
12/1/2024 22:00,69.89516129
12/1/2024 23:00,63.01639313
12/2/2024,59.18333359
12/2/2024 1:00,57.60175431
12/2/2024 2:00,50.71666673
12/2/2024 3:00,46.06166662
12/2/2024 4:00,40.90333347
12/2/2024 5:00,45.85500018
12/2/2024 6:00,50.46086972
12/2/2024 7:00,79.53650805
12/2/2024 8:00,104.4883335
12/2/2024 9:00,87.08000005
12/2/2024 10:00,59.10833327
12/2/2024 11:00,48.90999978
12/2/2024 12:00,43.9833334
12/2/2024 13:00,51.77999989
12/2/2024 14:00,34.97499994
12/2/2024 15:00,28.89999994
12/2/2024 16:00,37.36166649
12/2/2024 17:00,45.12121189
12/2/2024 18:00,45.1741936
12/2/2024 19:00,82.25499986
12/2/2024 20:00,85.39833323
12/2/2024 21:00,77.11833305
12/2/2024 22:00,67.62318863
12/2/2024 23:00,64.23472193
12/3/2024,67.52833341
12/3/2024 1:00,56.94561433
12/3/2024 2:00,52.16666648
12/3/2024 3:00,42.13666649
12/3/2024 4:00,51.71833318
12/3/2024 5:00,45.61111093
12/3/2024 6:00,60.74857129
12/3/2024 7:00,76.55872993
12/3/2024 8:00,80.59166654
12/3/2024 9:00,84.44833374
12/3/2024 10:00,79.64833298
12/3/2024 11:00,49.74166657
12/3/2024 12:00,43.7166667
12/3/2024 13:00,33.54677419
12/3/2024 14:00,20.83499999
12/3/2024 15:00,22.25333335
12/3/2024 16:00,29.49166657
12/3/2024 17:00,41.9583334
12/3/2024 18:00,59.13492076
12/3/2024 19:00,85.26249976
12/3/2024 20:00,85.31000074
12/3/2024 21:00,70.8633337
12/3/2024 22:00,70.29166673
12/3/2024 23:00,55.82666664
12/4/2024,50.21333326
12/4/2024 1:00,42.70499986
12/4/2024 2:00,37.49833342
12/4/2024 3:00,37.05000013
12/4/2024 4:00,39.13000011
12/4/2024 5:00,36.62333323
12/4/2024 6:00,43.88999983
12/4/2024 7:00,125.8316669
12/4/2024 8:00,165.7950001
12/4/2024 9:00,77.69833336
12/4/2024 10:00,65.40317481
12/4/2024 11:00,38.21746024
12/4/2024 12:00,24.62000006
12/4/2024 13:00,27.69508196
12/4/2024 14:00,20.55666672
12/4/2024 15:00,20.91818185
12/4/2024 16:00,28.07000024
12/4/2024 17:00,42.44166663
12/4/2024 18:00,49.54666659
12/4/2024 19:00,72.03650823
12/4/2024 20:00,85.97166659
12/4/2024 21:00,81.98333308
12/4/2024 22:00,76.18999996
12/4/2024 23:00,59.54833342
12/5/2024,52.62000001
12/5/2024 1:00,41.82931025
12/5/2024 2:00,45.90333322
12/5/2024 3:00,42.75833333
12/5/2024 4:00,39.89166673
12/5/2024 5:00,39.50645164
12/5/2024 6:00,45.63166656
12/5/2024 7:00,70.39833317
12/5/2024 8:00,88.1516667
12/5/2024 9:00,63.96333332
12/5/2024 10:00,59.07166678
12/5/2024 11:00,50.17333339
12/5/2024 12:00,27.74166673
12/5/2024 13:00,28.98166669
12/5/2024 14:00,27.59833333
12/5/2024 15:00,34.07333345
12/5/2024 16:00,34.95666672
12/5/2024 17:00,45.77142861
12/5/2024 18:00,57.89833323
12/5/2024 19:00,80.12833303
12/5/2024 20:00,75.46166674
12/5/2024 21:00,81.19838764
12/5/2024 22:00,70.44666634
12/5/2024 23:00,71.35500005
12/6/2024,67.42500038
12/6/2024 1:00,63.27301564
12/6/2024 2:00,57.61500022
12/6/2024 3:00,55.8
12/6/2024 4:00,58.675
12/6/2024 5:00,54.91333332
12/6/2024 6:00,56.72698418
12/6/2024 7:00,73.17333323
12/6/2024 8:00,93.98307706
12/6/2024 9:00,68.24722232
12/6/2024 10:00,41.1028571
12/6/2024 11:00,41.03714267
12/6/2024 12:00,38.15833333
12/6/2024 13:00,37.63492063
12/6/2024 14:00,41.25500002
12/6/2024 15:00,47.80666682
12/6/2024 16:00,47.1799998
12/6/2024 17:00,60.77000001
12/6/2024 18:00,72.14333331
12/6/2024 19:00,88.56666692
12/6/2024 20:00,93.04333318
12/6/2024 21:00,83.5433328
12/6/2024 22:00,83.60000051
12/6/2024 23:00,71.66333338
12/7/2024,70.61166687
12/7/2024 1:00,66.31333377
12/7/2024 2:00,64.41999969
12/7/2024 3:00,66.81833318
12/7/2024 4:00,60.14166667
12/7/2024 5:00,62.88666681
12/7/2024 6:00,66.55333328
12/7/2024 7:00,79.80923122
12/7/2024 8:00,99.00666707
12/7/2024 9:00,73.15283038
12/7/2024 10:00,63.26078452
12/7/2024 11:00,48.1850001
12/7/2024 12:00,44.71333338
12/7/2024 13:00,44.69166692
12/7/2024 14:00,39.96833321
12/7/2024 15:00,54.50833346
12/7/2024 16:00,56.80483873
12/7/2024 17:00,59.29833323
12/7/2024 18:00,62.12500006
12/7/2024 19:00,68.02333361
12/7/2024 20:00,62.63000037
12/7/2024 21:00,75.56333351
12/7/2024 22:00,71.80727282
12/7/2024 23:00,57.65499999
12/8/2024,59.02166646
12/8/2024 1:00,62.45
12/8/2024 2:00,56.56333326
12/8/2024 3:00,56.09333337
12/8/2024 4:00,48.53500023
12/8/2024 5:00,47.6049998
12/8/2024 6:00,54.77166672
12/8/2024 7:00,61.84666665
12/8/2024 8:00,86.40999985
12/8/2024 9:00,87.77500013
12/8/2024 10:00,69.89000047
12/8/2024 11:00,51.68000005
12/8/2024 12:00,37.9066666
12/8/2024 13:00,39.67500025
12/8/2024 14:00,43.31818182
12/8/2024 15:00,45.38166676
12/8/2024 16:00,50.19666665
12/8/2024 17:00,54.43666668
12/8/2024 18:00,64.11833331
12/8/2024 19:00,65.20144919
12/8/2024 20:00,78.34626861
12/8/2024 21:00,75.94500058
12/8/2024 22:00,76.36470615
12/8/2024 23:00,67.67333342
12/9/2024,57.42500013
12/9/2024 1:00,52.75833333
12/9/2024 2:00,49.39333363
12/9/2024 3:00,44.0433335
12/9/2024 4:00,43.64000034
12/9/2024 5:00,47.39000009
12/9/2024 6:00,49.58730165
12/9/2024 7:00,72.25833352
12/9/2024 8:00,85.35238078
12/9/2024 9:00,72.80333322
12/9/2024 10:00,60.54333324
12/9/2024 11:00,36.32222209
12/9/2024 12:00,23.19000009
12/9/2024 13:00,28.01166674
12/9/2024 14:00,34.60327874
12/9/2024 15:00,38.81500003
12/9/2024 16:00,44.32833335
12/9/2024 17:00,48.80161298
12/9/2024 18:00,54.91166662
12/9/2024 19:00,53.92539681
12/9/2024 20:00,47.275
12/9/2024 21:00,42.33666674
12/9/2024 22:00,44.78333346
12/9/2024 23:00,46.7350001
12/10/2024,42.99000003
12/10/2024 1:00,39.83000018
12/10/2024 2:00,39.07166672
12/10/2024 3:00,39.12833347
12/10/2024 4:00,32.57931052
12/10/2024 5:00,38.31833324
12/10/2024 6:00,36.10666666
12/10/2024 7:00,54.70333303
12/10/2024 8:00,78.01666692
12/10/2024 9:00,68.83114743
12/10/2024 10:00,58.05384615
12/10/2024 11:00,41.48333346
12/10/2024 12:00,29.87272716
12/10/2024 13:00,22.60499989
12/10/2024 14:00,19.03166676
12/10/2024 15:00,19.81499993
12/10/2024 16:00,26.34333328
12/10/2024 17:00,43.57166665
12/10/2024 18:00,40.56500003
12/10/2024 19:00,77.12794124
12/10/2024 20:00,73.43692298
12/10/2024 21:00,61.22388065
12/10/2024 22:00,59.24237261
12/10/2024 23:00,52.48243239
12/11/2024,45.22307692
12/11/2024 1:00,38.7983871
12/11/2024 2:00,30.09848482
12/11/2024 3:00,31.36060614
12/11/2024 4:00,32.17042243
12/11/2024 5:00,30.97333323
12/11/2024 6:00,45.60333338
12/11/2024 7:00,55.75166658
12/11/2024 8:00,78.1571427
12/11/2024 9:00,67.62333355
12/11/2024 10:00,45.3649999
12/11/2024 11:00,37.22333323
12/11/2024 12:00,30.73235285
12/11/2024 13:00,33.07833328
12/11/2024 14:00,24.42333325
12/11/2024 15:00,17.91333337
12/11/2024 16:00,23.31166668
12/11/2024 17:00,35.76206875
12/11/2024 18:00,43.00000006
12/11/2024 19:00,69.19722207
12/11/2024 20:00,79.33623184
12/11/2024 21:00,67.8955882
12/11/2024 22:00,57.07611938
12/11/2024 23:00,51.20461526
12/12/2024,43.16615372
12/12/2024 1:00,40.92089548
12/12/2024 2:00,38.26571426
12/12/2024 3:00,33.4544117
12/12/2024 4:00,30.50166658
12/12/2024 5:00,30.44499995
12/12/2024 6:00,32.94166667
12/12/2024 7:00,44.03500017
12/12/2024 8:00,77.34999987
12/12/2024 9:00,72.71999982
12/12/2024 10:00,63.8466671
12/12/2024 11:00,29.98499982
12/12/2024 12:00,31.76000005
12/12/2024 13:00,47.99354849
12/12/2024 14:00,21.64333328
12/12/2024 15:00,21.42333339
12/12/2024 16:00,24.09666672
12/12/2024 17:00,28.72499997
12/12/2024 18:00,34.64499998
12/12/2024 19:00,49.35833314
12/12/2024 20:00,53.86999995
12/12/2024 21:00,57.05409835
12/12/2024 22:00,48.31166643
12/12/2024 23:00,43.60666669
12/13/2024,38.58833338
12/13/2024 1:00,34.7466665
12/13/2024 2:00,26.84333324
12/13/2024 3:00,23.68333324
12/13/2024 4:00,23.04333331
12/13/2024 5:00,24.34333353
12/13/2024 6:00,25.91666657
12/13/2024 7:00,45.32166672
12/13/2024 8:00,83.53666636
12/13/2024 9:00,57.00909112
12/13/2024 10:00,55.79682529
12/13/2024 11:00,34.92833338
12/13/2024 12:00,25.8063493
12/13/2024 13:00,21.64500016
12/13/2024 14:00,7.481666708
12/13/2024 15:00,11.22166661
12/13/2024 16:00,15.02333337
12/13/2024 17:00,18.32419351
12/13/2024 18:00,36.74666643
12/13/2024 19:00,57.11833312
12/13/2024 20:00,53.92666677
12/13/2024 21:00,58.02363663
12/13/2024 22:00,49.64137932
12/13/2024 23:00,40.63166656
12/14/2024,45.62000008
12/14/2024 1:00,38.01666673
12/14/2024 2:00,33.15333328
12/14/2024 3:00,27.50000003
12/14/2024 4:00,28.26333345
12/14/2024 5:00,28.90999997
12/14/2024 6:00,27.58500004
12/14/2024 7:00,45.23166663
12/14/2024 8:00,61.52000033
12/14/2024 9:00,66.30322549
12/14/2024 10:00,49.85166648
12/14/2024 11:00,27.48333343
12/14/2024 12:00,22.30500008
12/14/2024 13:00,23.39000009
12/14/2024 14:00,19.79000007
12/14/2024 15:00,17.36500004
12/14/2024 16:00,20.09333318
12/14/2024 17:00,23.37499994
12/14/2024 18:00,34.16000013
12/14/2024 19:00,55.28833332
12/14/2024 20:00,68.99500058
12/14/2024 21:00,63.06507952
12/14/2024 22:00,50.38833332
12/14/2024 23:00,61.53166676
12/15/2024,51.03166663
12/15/2024 1:00,47.58166669
12/15/2024 2:00,44.05666669
12/15/2024 3:00,35.38999996
12/15/2024 4:00,43.8766669
12/15/2024 5:00,36.37500013
12/15/2024 6:00,36.84166683
12/15/2024 7:00,61.94499957
12/15/2024 8:00,93.61333351
12/15/2024 9:00,65.45000011
12/15/2024 10:00,52.01666654
12/15/2024 11:00,45.39833349
12/15/2024 12:00,29.01129024
12/15/2024 13:00,20.55079369
12/15/2024 14:00,17.38333333
12/15/2024 15:00,17.66666686
12/15/2024 16:00,31.18166641
12/15/2024 17:00,49.33968244
12/15/2024 18:00,62.59264705
12/15/2024 19:00,75.89666653
12/15/2024 20:00,87.18611134
12/15/2024 21:00,77.79696944
12/15/2024 22:00,85.59999982
12/15/2024 23:00,77.86285706
12/16/2024,60.77333355
12/16/2024 1:00,43.59000022
12/16/2024 2:00,42.01833344
12/16/2024 3:00,35.38833357
12/16/2024 4:00,33.31666657
12/16/2024 5:00,34.14666665
12/16/2024 6:00,34.72333336
12/16/2024 7:00,64.80499999
12/16/2024 8:00,87.72000008
12/16/2024 9:00,85.61960826
12/16/2024 10:00,87.70666707
12/16/2024 11:00,58.21166662
12/16/2024 12:00,31.35322586
12/16/2024 13:00,22.90666679
12/16/2024 14:00,21.76999993
12/16/2024 15:00,19.0266667
12/16/2024 16:00,22.83166669
12/16/2024 17:00,37.92833325
12/16/2024 18:00,49.7850001
12/16/2024 19:00,64.66166681
12/16/2024 20:00,63.9516669
12/16/2024 21:00,72.05172427
12/16/2024 22:00,69.15593189
12/16/2024 23:00,60.14833368
12/17/2024,57.34666704
12/17/2024 1:00,38.35999991
12/17/2024 2:00,33.11833337
12/17/2024 3:00,29.31333329
12/17/2024 4:00,28.45166674
12/17/2024 5:00,26.90166664
12/17/2024 6:00,31.43666662
12/17/2024 7:00,65.61833318
12/17/2024 8:00,92.2600001
12/17/2024 9:00,77.99999988
12/17/2024 10:00,49.64761916
12/17/2024 11:00,39.38333324
12/17/2024 12:00,32.25666644
12/17/2024 13:00,30.90166664
12/17/2024 14:00,19.95999999
12/17/2024 15:00,17.605
12/17/2024 16:00,19.90000003
12/17/2024 17:00,24.78412695
12/17/2024 18:00,45.18666665
12/17/2024 19:00,71.5275362
12/17/2024 20:00,61.83472204
12/17/2024 21:00,80.76724177
12/17/2024 22:00,63.12295113
12/17/2024 23:00,54.82878789
12/18/2024,58.72222216
12/18/2024 1:00,39.09206363
12/18/2024 2:00,40.19333318
12/18/2024 3:00,30.73333346
12/18/2024 4:00,24.86833321
12/18/2024 5:00,25.49000006
12/18/2024 6:00,32.48333343
12/18/2024 7:00,50.97936506
12/18/2024 8:00,76.80666656
12/18/2024 9:00,75.15312505
12/18/2024 10:00,61.43285686
12/18/2024 11:00,50.02166704
12/18/2024 12:00,39.02380949
12/18/2024 13:00,30.09499995
12/18/2024 14:00,18.72499989
12/18/2024 15:00,18.59833337
12/18/2024 16:00,24.00833343
12/18/2024 17:00,42.3999999
12/18/2024 18:00,58.48906195
12/18/2024 19:00,67.11999982
12/18/2024 20:00,69.47999992
12/18/2024 21:00,74.17818208
12/18/2024 22:00,62.93666649
12/18/2024 23:00,47.17500006
12/19/2024,42.96499996
12/19/2024 1:00,42.40666676
12/19/2024 2:00,35.12166672
12/19/2024 3:00,32.21500012
12/19/2024 4:00,37.23500036
12/19/2024 5:00,35.25499992
12/19/2024 6:00,35.47833341
12/19/2024 7:00,46.87500013
12/19/2024 8:00,57.29666659
12/19/2024 9:00,69.46363703
12/19/2024 10:00,53.99516124
12/19/2024 11:00,31.82666661
12/19/2024 12:00,23.21999995
12/19/2024 13:00,25.75714293
12/19/2024 14:00,23.55333331
12/19/2024 15:00,30.36333329
12/19/2024 16:00,27.77936502
12/19/2024 17:00,30.18333337
12/19/2024 18:00,34.78666665
12/19/2024 19:00,60.36166674
12/19/2024 20:00,62.17000001
12/19/2024 21:00,62.56499977
12/19/2024 22:00,57.22166659
12/19/2024 23:00,47.15666663
12/20/2024,35.59833336
12/20/2024 1:00,31.17666661
12/20/2024 2:00,28.18999993
12/20/2024 3:00,29.80166674
12/20/2024 4:00,28.90666669
12/20/2024 5:00,28.63666655
12/20/2024 6:00,30.69166667
12/20/2024 7:00,59.72499975
12/20/2024 8:00,88.31166662
12/20/2024 9:00,57.28000024
12/20/2024 10:00,50.07187504
12/20/2024 11:00,35.62499997
12/20/2024 12:00,23.43500004
12/20/2024 13:00,23.31587304
12/20/2024 14:00,27.36774205
12/20/2024 15:00,30.6233333
12/20/2024 16:00,26.40000006
12/20/2024 17:00,36.31333345
12/20/2024 18:00,73.88500042
12/20/2024 19:00,67.55333354
12/20/2024 20:00,79.09666697
12/20/2024 21:00,80.42388073
12/20/2024 22:00,67.15428598
12/20/2024 23:00,58.48666674
12/21/2024,44.29500014
12/21/2024 1:00,36.4899999
12/21/2024 2:00,33.17166665
12/21/2024 3:00,30.5266667
12/21/2024 4:00,30.46166674
12/21/2024 5:00,30.37166656
12/21/2024 6:00,32.95166674
12/21/2024 7:00,47.83666655
12/21/2024 8:00,78.8790322
12/21/2024 9:00,60.26521721
12/21/2024 10:00,50.55666656
12/21/2024 11:00,35.06333348
12/21/2024 12:00,29.34166663
12/21/2024 13:00,29.75500021
12/21/2024 14:00,15.08333333
12/21/2024 15:00,19.27000009
12/21/2024 16:00,21.70666672
12/21/2024 17:00,31.09999984
12/21/2024 18:00,37.68166676
12/21/2024 19:00,40.89047614
12/21/2024 20:00,54.48333359
12/21/2024 21:00,49.6825395
12/21/2024 22:00,49.6806453
12/21/2024 23:00,43.06500022
12/22/2024,32.27666674
12/22/2024 1:00,29.72166665
12/22/2024 2:00,27.54333337
12/22/2024 3:00,27.53500001
12/22/2024 4:00,22.14666662
12/22/2024 5:00,25.01333329
12/22/2024 6:00,34.66833344
12/22/2024 7:00,43.20666676
12/22/2024 8:00,65.66166674
12/22/2024 9:00,59.32833366
12/22/2024 10:00,49.71666679
12/22/2024 11:00,40.30166661
12/22/2024 12:00,25.09833336
12/22/2024 13:00,22.03787886
12/22/2024 14:00,26.12666655
12/22/2024 15:00,19.28333335
12/22/2024 16:00,22.84833333
12/22/2024 17:00,24.99682545
12/22/2024 18:00,34.73030301
12/22/2024 19:00,52.8666667
12/22/2024 20:00,54.82999986
12/22/2024 21:00,52.87499994
12/22/2024 22:00,48.19833342
12/22/2024 23:00,43.49499995
12/23/2024,37.00333331
12/23/2024 1:00,32.26499996
12/23/2024 2:00,26.92166659
12/23/2024 3:00,27.51666692
12/23/2024 4:00,37.97166646
12/23/2024 5:00,32.18833338
12/23/2024 6:00,40.30500015
12/23/2024 7:00,46.59833336
12/23/2024 8:00,72.56612919
12/23/2024 9:00,54.60655744
12/23/2024 10:00,51.42054801
12/23/2024 11:00,31.81666648
12/23/2024 12:00,24.51311465
12/23/2024 13:00,31.78358209
12/23/2024 14:00,25.29333318
12/23/2024 15:00,35.84615358
12/23/2024 16:00,31.57000017
12/23/2024 17:00,42.3383331
12/23/2024 18:00,39.94666659
12/23/2024 19:00,62.82222239
12/23/2024 20:00,67.42833296
12/23/2024 21:00,68.08307706
12/23/2024 22:00,67.43174586
12/23/2024 23:00,55.13709653
12/24/2024,36.47333345
12/24/2024 1:00,33.02500006
12/24/2024 2:00,27.95833311
12/24/2024 3:00,27.2666666
12/24/2024 4:00,33.79333337
12/24/2024 5:00,31.6766668
12/24/2024 6:00,39.84166667
12/24/2024 7:00,50.49500033
12/24/2024 8:00,56.00166683
12/24/2024 9:00,59.92903211
12/24/2024 10:00,58.61052637
12/24/2024 11:00,31.73999998
12/24/2024 12:00,30.33833335
12/24/2024 13:00,30.29682556
12/24/2024 14:00,33.87727278
12/24/2024 15:00,30.36833337
12/24/2024 16:00,39.91166665
12/24/2024 17:00,57.82333291
12/24/2024 18:00,60.19999962
12/24/2024 19:00,49.46833331
12/24/2024 20:00,41.08333352
12/24/2024 21:00,34.85499992
12/24/2024 22:00,43.70666672
12/24/2024 23:00,41.84666653
12/25/2024,36.61999995
12/25/2024 1:00,34.53833342
12/25/2024 2:00,34.04499989
12/25/2024 3:00,30.6083333
12/25/2024 4:00,28.54333334
12/25/2024 5:00,32.15666656
12/25/2024 6:00,34.27999999
12/25/2024 7:00,40.66833312
12/25/2024 8:00,69.21833324
12/25/2024 9:00,57.19666665
12/25/2024 10:00,39.03968266
12/25/2024 11:00,34.97666642
12/25/2024 12:00,27.99833323
12/25/2024 13:00,22.45666653
12/25/2024 14:00,16.66333337
12/25/2024 15:00,14.06666668
12/25/2024 16:00,17.59500008
12/25/2024 17:00,21.57833335
12/25/2024 18:00,36.55166664
12/25/2024 19:00,33.97499997
12/25/2024 20:00,41.70500002
12/25/2024 21:00,47.51052629
12/25/2024 22:00,39.74237297
12/25/2024 23:00,35.94499995
12/26/2024,33.98166682
12/26/2024 1:00,32.4416667
12/26/2024 2:00,28.02833344
12/26/2024 3:00,29.02500003
12/26/2024 4:00,21.93999996
12/26/2024 5:00,23.5166666
12/26/2024 6:00,NA
12/26/2024 7:00,NA
12/26/2024 8:00,NA
12/26/2024 9:00,NA
12/26/2024 10:00,NA
12/26/2024 11:00,NA
12/26/2024 12:00,17.82105275
12/26/2024 13:00,18.77833327
12/26/2024 14:00,13.30333336
12/26/2024 15:00,14.61333343
12/26/2024 16:00,17.17333344
12/26/2024 17:00,21.57166675
12/26/2024 18:00,24.51166658
12/26/2024 19:00,50.80166674
12/26/2024 20:00,53.07142833
12/26/2024 21:00,49.92982436
12/26/2024 22:00,47.97857114
12/26/2024 23:00,43.88833338
12/27/2024,33.8850001
12/27/2024 1:00,28.37333336
12/27/2024 2:00,NA
12/27/2024 3:00,NA
12/27/2024 4:00,NA
12/27/2024 5:00,NA
12/27/2024 6:00,NA
12/27/2024 7:00,NA
12/27/2024 8:00,NA
12/27/2024 9:00,NA
12/27/2024 10:00,NA
12/27/2024 11:00,NA
12/27/2024 12:00,NA
12/27/2024 13:00,12.89848485
12/27/2024 14:00,13.1416667
12/27/2024 15:00,17.5416667
12/27/2024 16:00,24.33666662
12/27/2024 17:00,35.24500001
12/27/2024 18:00,25.86333332
12/27/2024 19:00,43.10999988
12/27/2024 20:00,54.9627123
12/27/2024 21:00,55.43281257
12/27/2024 22:00,66.33749992
12/27/2024 23:00,39.5516667
12/28/2024,48.22499978
12/28/2024 1:00,44.23833351
12/28/2024 2:00,38.2483333
12/28/2024 3:00,36.5533336
12/28/2024 4:00,33.47333355
12/28/2024 5:00,36.60499996
12/28/2024 6:00,43.14166667
12/28/2024 7:00,52.56499977
12/28/2024 8:00,73.61428561
12/28/2024 9:00,60.20806473
12/28/2024 10:00,74.89841255
12/28/2024 11:00,66.60161277
12/28/2024 12:00,68.02833328
12/28/2024 13:00,60.98833351
12/28/2024 14:00,32.27460301
12/28/2024 15:00,44.61499993
12/28/2024 16:00,86.97166678
12/28/2024 17:00,111.1183332
12/28/2024 18:00,120.7033333
12/28/2024 19:00,118.5952381
12/28/2024 20:00,115.3848487
12/28/2024 21:00,110.6649998
12/28/2024 22:00,93.35945934
12/28/2024 23:00,94.22686528
12/29/2024,92.66612933
12/29/2024 1:00,87.84126984
12/29/2024 2:00,81.81333275
12/29/2024 3:00,76.19666646
12/29/2024 4:00,60.31666629
12/29/2024 5:00,NA
12/29/2024 6:00,NA
12/29/2024 7:00,NA
12/29/2024 8:00,NA
12/29/2024 9:00,NA
12/29/2024 10:00,NA
12/29/2024 11:00,NA
12/29/2024 12:00,NA
12/29/2024 13:00,20.02666672
12/29/2024 14:00,17.54500005
12/29/2024 15:00,20.24500001
12/29/2024 16:00,18.82166678
12/29/2024 17:00,25.74666662
12/29/2024 18:00,34.94500001
12/29/2024 19:00,60.9283336
12/29/2024 20:00,64.30333303
12/29/2024 21:00,60.22727284
12/29/2024 22:00,70.26666686
12/29/2024 23:00,53.71666667
12/30/2024,NA
12/30/2024 1:00,NA
12/30/2024 2:00,NA
12/30/2024 3:00,NA
12/30/2024 4:00,NA
12/30/2024 5:00,NA
12/30/2024 6:00,NA
12/30/2024 7:00,NA
12/30/2024 8:00,NA
12/30/2024 9:00,NA
12/30/2024 10:00,NA
12/30/2024 11:00,NA
12/30/2024 12:00,NA
12/30/2024 13:00,14.37666669
12/30/2024 14:00,16.2269841
12/30/2024 15:00,17.33666668
12/30/2024 16:00,18.52000017
12/30/2024 17:00,28.32833341
12/30/2024 18:00,44.61166681
12/30/2024 19:00,52.58181809
12/30/2024 20:00,66.68833294
12/30/2024 21:00,65.44642912
12/30/2024 22:00,62.20833365
12/30/2024 23:00,NA
12/31/2024,NA
12/31/2024 1:00,NA
12/31/2024 2:00,NA
12/31/2024 3:00,NA
12/31/2024 4:00,NA
12/31/2024 5:00,NA
12/31/2024 6:00,NA
12/31/2024 7:00,NA
12/31/2024 8:00,NA
12/31/2024 9:00,NA
12/31/2024 10:00,NA
12/31/2024 11:00,NA
12/31/2024 12:00,NA
12/31/2024 13:00,16.16271187
12/31/2024 14:00,19.45238098
12/31/2024 15:00,26.45333331
12/31/2024 16:00,22.57000004
12/31/2024 17:00,27.69833336
12/31/2024 18:00,37.37166665
12/31/2024 19:00,59.02769224
12/31/2024 20:00,75.10666669
12/31/2024 21:00,68.19818178
12/31/2024 22:00,61.8814811
12/31/2024 23:00,NA
