Date,PM2.5
1/1/2024,53.2933342
1/1/2024 1:00,45.61500085
1/1/2024 2:00,45.13965594
1/1/2024 3:00,51.34067872
1/1/2024 4:00,54.40333405
1/1/2024 5:00,60.62456278
1/1/2024 6:00,71.97666829
1/1/2024 7:00,95.77166812
1/1/2024 8:00,101.2610188
1/1/2024 9:00,90.76610345
1/1/2024 10:00,85.49833514
1/1/2024 11:00,71.06000188
1/1/2024 12:00,42.52333406
1/1/2024 13:00,38.0559328
1/1/2024 14:00,32.84666739
1/1/2024 15:00,31.38644128
1/1/2024 16:00,30.68135646
1/1/2024 17:00,38.46949212
1/1/2024 18:00,41.774577
1/1/2024 19:00,41.27017647
1/1/2024 20:00,37.10666746
1/1/2024 21:00,44.48644147
1/1/2024 22:00,53.62542421
1/1/2024 23:00,45.83500093
1/2/2024,37.03965608
1/2/2024 1:00,41.04833406
1/2/2024 2:00,36.15000076
1/2/2024 3:00,37.76833401
1/2/2024 4:00,41.79833412
1/2/2024 5:00,NA
1/2/2024 6:00,NA
1/2/2024 7:00,NA
1/2/2024 8:00,NA
1/2/2024 9:00,76.99500154
1/2/2024 10:00,59.72833474
1/2/2024 11:00,56.2650006
1/2/2024 12:00,36.96101764
1/2/2024 13:00,36.2932211
1/2/2024 14:00,33.18135672
1/2/2024 15:00,25.19166714
1/2/2024 16:00,30.87500051
1/2/2024 17:00,39.25500081
1/2/2024 18:00,35.87627168
1/2/2024 19:00,27.67627163
1/2/2024 20:00,26.58245652
1/2/2024 21:00,27.0423732
1/2/2024 22:00,34.50833416
1/2/2024 23:00,39.28474653
1/3/2024,33.57500086
1/3/2024 1:00,41.08833392
1/3/2024 2:00,32.12931084
1/3/2024 3:00,31.98666716
1/3/2024 4:00,33.70000083
1/3/2024 5:00,39.21525509
1/3/2024 6:00,51.62166735
1/3/2024 7:00,NA
1/3/2024 8:00,NA
1/3/2024 9:00,74.36491394
1/3/2024 10:00,71.05500145
1/3/2024 11:00,47.54000079
1/3/2024 12:00,26.34000047
1/3/2024 13:00,22.12833376
1/3/2024 14:00,21.74166714
1/3/2024 15:00,20.93157936
1/3/2024 16:00,30.80000054
1/3/2024 17:00,28.29000044
1/3/2024 18:00,35.2033907
1/3/2024 19:00,32.66949207
1/3/2024 20:00,50.22203471
1/3/2024 21:00,50.27627195
1/3/2024 22:00,51.45172481
1/3/2024 23:00,52.42241439
1/4/2024,41.49500109
1/4/2024 1:00,33.80166715
1/4/2024 2:00,37.26333421
1/4/2024 3:00,38.66166719
1/4/2024 4:00,46.2155179
1/4/2024 5:00,51.12069018
1/4/2024 6:00,56.88166765
1/4/2024 7:00,87.70333455
1/4/2024 8:00,107.5650016
1/4/2024 9:00,89.45833448
1/4/2024 10:00,88.45000195
1/4/2024 11:00,91.73166784
1/4/2024 12:00,57.43666757
1/4/2024 13:00,36.63833399
1/4/2024 14:00,30.82000046
1/4/2024 15:00,28.00000036
1/4/2024 16:00,36.1683341
1/4/2024 17:00,40.15084823
1/4/2024 18:00,73.20847566
1/4/2024 19:00,101.9288154
1/4/2024 20:00,101.885002
1/4/2024 21:00,83.68983188
1/4/2024 22:00,66.77333457
1/4/2024 23:00,37.55254312
1/5/2024,31.28448319
1/5/2024 1:00,35.31356026
1/5/2024 2:00,37.35084831
1/5/2024 3:00,39.56610237
1/5/2024 4:00,41.41525508
1/5/2024 5:00,NA
1/5/2024 6:00,NA
1/5/2024 7:00,NA
1/5/2024 8:00,NA
1/5/2024 9:00,78.8233345
1/5/2024 10:00,70.55593355
1/5/2024 11:00,102.3016969
1/5/2024 12:00,69.2516681
1/5/2024 13:00,35.59000076
1/5/2024 14:00,26.33898347
1/5/2024 15:00,29.50862115
1/5/2024 16:00,39.75172484
1/5/2024 17:00,41.05166734
1/5/2024 18:00,47.35166753
1/5/2024 19:00,47.5166673
1/5/2024 20:00,52.52758677
1/5/2024 21:00,63.61754454
1/5/2024 22:00,49.79666751
1/5/2024 23:00,34.65087753
1/6/2024,38.25000057
1/6/2024 1:00,39.13157982
1/6/2024 2:00,43.86500079
1/6/2024 3:00,41.18833396
1/6/2024 4:00,40.86949229
1/6/2024 5:00,45.50333424
1/6/2024 6:00,54.74833419
1/6/2024 7:00,NA
1/6/2024 8:00,NA
1/6/2024 9:00,85.6033911
1/6/2024 10:00,101.6137944
1/6/2024 11:00,82.82373047
1/6/2024 12:00,42.10000087
1/6/2024 13:00,30.4800005
1/6/2024 14:00,31.39500046
1/6/2024 15:00,43.61356034
1/6/2024 16:00,39.27894813
1/6/2024 17:00,52.03965601
1/6/2024 18:00,73.79500122
1/6/2024 19:00,127.623336
1/6/2024 20:00,88.36779798
1/6/2024 21:00,84.65593357
1/6/2024 22:00,65.45862165
1/6/2024 23:00,59.48947458
1/7/2024,48.7066672
1/7/2024 1:00,53.84745802
1/7/2024 2:00,53.28135642
1/7/2024 3:00,47.35084805
1/7/2024 4:00,52.27457693
1/7/2024 5:00,52.0766674
1/7/2024 6:00,NA
1/7/2024 7:00,NA
1/7/2024 8:00,NA
1/7/2024 9:00,101.3847471
1/7/2024 10:00,76.9700016
1/7/2024 11:00,98.5551742
1/7/2024 12:00,70.50339101
1/7/2024 13:00,34.80847537
1/7/2024 14:00,28.51186487
1/7/2024 15:00,32.96101767
1/7/2024 16:00,40.01017024
1/7/2024 17:00,42.36166738
1/7/2024 18:00,55.75932273
1/7/2024 19:00,105.0433352
1/7/2024 20:00,100.7779673
1/7/2024 21:00,100.4633349
1/7/2024 22:00,90.09661206
1/7/2024 23:00,65.8423738
1/8/2024,79.4816686
1/8/2024 1:00,75.08448449
1/8/2024 2:00,69.78983229
1/8/2024 3:00,65.23389952
1/8/2024 4:00,61.56333415
1/8/2024 5:00,65.62666785
1/8/2024 6:00,77.13000132
1/8/2024 7:00,103.8881373
1/8/2024 8:00,107.9283346
1/8/2024 9:00,79.98135699
1/8/2024 10:00,70.58500099
1/8/2024 11:00,86.44745895
1/8/2024 12:00,46.44666729
1/8/2024 13:00,35.60689729
1/8/2024 14:00,35.6016675
1/8/2024 15:00,37.32586285
1/8/2024 16:00,36.93275932
1/8/2024 17:00,44.33157964
1/8/2024 18:00,100.4728835
1/8/2024 19:00,136.8482777
1/8/2024 20:00,95.13333511
1/8/2024 21:00,84.88103538
1/8/2024 22:00,68.03620865
1/8/2024 23:00,65.40333405
1/9/2024,63.09138022
1/9/2024 1:00,51.75833422
1/9/2024 2:00,50.1000008
1/9/2024 3:00,51.42069027
1/9/2024 4:00,56.00000083
1/9/2024 5:00,56.94166737
1/9/2024 6:00,70.34482864
1/9/2024 7:00,NA
1/9/2024 8:00,NA
1/9/2024 9:00,102.5483355
1/9/2024 10:00,99.62833468
1/9/2024 11:00,104.8016682
1/9/2024 12:00,79.38305211
1/9/2024 13:00,35.75172467
1/9/2024 14:00,30.96101748
1/9/2024 15:00,30.86833385
1/9/2024 16:00,39.07288218
1/9/2024 17:00,50.86101784
1/9/2024 18:00,64.92456269
1/9/2024 19:00,83.51333478
1/9/2024 20:00,110.7152557
1/9/2024 21:00,110.6150016
1/9/2024 22:00,88.62586383
1/9/2024 23:00,80.83050977
1/10/2024,69.31525596
1/10/2024 1:00,61.10000097
1/10/2024 2:00,60.52372949
1/10/2024 3:00,58.21666724
1/10/2024 4:00,64.98166752
1/10/2024 5:00,68.88305237
1/10/2024 6:00,79.29333522
1/10/2024 7:00,110.3327604
1/10/2024 8:00,115.1416683
1/10/2024 9:00,102.2881374
1/10/2024 10:00,112.8500017
1/10/2024 11:00,66.29491612
1/10/2024 12:00,36.21034563
1/10/2024 13:00,26.4627123
1/10/2024 14:00,20.75254282
1/10/2024 15:00,22.83000046
1/10/2024 16:00,24.95689695
1/10/2024 17:00,35.33559389
1/10/2024 18:00,48.72166761
1/10/2024 19:00,46.24067869
1/10/2024 20:00,42.33000081
1/10/2024 21:00,39.18474682
1/10/2024 22:00,36.98000094
1/10/2024 23:00,37.1650006
1/11/2024,41.54166721
1/11/2024 1:00,33.8250006
1/11/2024 2:00,30.03275911
1/11/2024 3:00,34.23793155
1/11/2024 4:00,58.14138044
1/11/2024 5:00,52.16333415
1/11/2024 6:00,89.58000145
1/11/2024 7:00,99.96207047
1/11/2024 8:00,90.74737013
1/11/2024 9:00,71.47500153
1/11/2024 10:00,57.74035149
1/11/2024 11:00,56.15500069
1/11/2024 12:00,53.76271283
1/11/2024 13:00,48.14464358
1/11/2024 14:00,27.39000034
1/11/2024 15:00,30.65500053
1/11/2024 16:00,28.66724192
1/11/2024 17:00,55.23833421
1/11/2024 18:00,53.86610257
1/11/2024 19:00,54.06271259
1/11/2024 20:00,62.93103567
1/11/2024 21:00,103.3586221
1/11/2024 22:00,80.81896683
1/11/2024 23:00,55.83559424
1/12/2024,59.31186553
1/12/2024 1:00,59.26333402
1/12/2024 2:00,58.58500099
1/12/2024 3:00,49.4457636
1/12/2024 4:00,52.33000069
1/12/2024 5:00,58.05689759
1/12/2024 6:00,67.2833346
1/12/2024 7:00,96.4733345
1/12/2024 8:00,130.9627141
1/12/2024 9:00,99.56166776
1/12/2024 10:00,87.97457821
1/12/2024 11:00,66.79666843
1/12/2024 12:00,46.77118728
1/12/2024 13:00,42.02982538
1/12/2024 14:00,36.24833399
1/12/2024 15:00,33.60333395
1/12/2024 16:00,36.32000043
1/12/2024 17:00,50.68666757
1/12/2024 18:00,88.55166785
1/12/2024 19:00,116.0932223
1/12/2024 20:00,101.5850019
1/12/2024 21:00,92.41864557
1/12/2024 22:00,77.98070312
1/12/2024 23:00,65.05423827
1/13/2024,65.6883344
1/13/2024 1:00,58.45254336
1/13/2024 2:00,56.24333433
1/13/2024 3:00,58.91333408
1/13/2024 4:00,66.16034613
1/13/2024 5:00,66.46551875
1/13/2024 6:00,84.17758744
1/13/2024 7:00,108.630511
1/13/2024 8:00,114.6172441
1/13/2024 9:00,100.3666682
1/13/2024 10:00,88.02333501
1/13/2024 11:00,79.54666799
1/13/2024 12:00,72.54500109
1/13/2024 13:00,34.74067837
1/13/2024 14:00,30.28500055
1/13/2024 15:00,29.56271233
1/13/2024 16:00,40.36949235
1/13/2024 17:00,40.15500069
1/13/2024 18:00,59.52711959
1/13/2024 19:00,91.65593364
1/13/2024 20:00,99.47666855
1/13/2024 21:00,89.92373011
1/13/2024 22:00,70.00508557
1/13/2024 23:00,58.55762805
1/14/2024,55.30689739
1/14/2024 1:00,48.57288199
1/14/2024 2:00,44.64576372
1/14/2024 3:00,50.86833394
1/14/2024 4:00,50.90000089
1/14/2024 5:00,54.80847543
1/14/2024 6:00,63.70166766
1/14/2024 7:00,94.62333463
1/14/2024 8:00,121.3864427
1/14/2024 9:00,93.88333499
1/14/2024 10:00,76.11864523
1/14/2024 11:00,67.86842192
1/14/2024 12:00,32.17413856
1/14/2024 13:00,20.01000029
1/14/2024 14:00,31.1250006
1/14/2024 15:00,30.58135653
1/14/2024 16:00,29.47413839
1/14/2024 17:00,36.13166742
1/14/2024 18:00,43.46610254
1/14/2024 19:00,41.92000078
1/14/2024 20:00,87.62241548
1/14/2024 21:00,81.60000153
1/14/2024 22:00,76.0474593
1/14/2024 23:00,61.15254367
1/15/2024,48.51017031
1/15/2024 1:00,51.28474653
1/15/2024 2:00,46.4516674
1/15/2024 3:00,47.23728865
1/15/2024 4:00,59.97413918
1/15/2024 5:00,64.82333438
1/15/2024 6:00,81.01333491
1/15/2024 7:00,107.9766679
1/15/2024 8:00,101.3677976
1/15/2024 9:00,89.26779783
1/15/2024 10:00,88.18983175
1/15/2024 11:00,46.40877255
1/15/2024 12:00,36.4220347
1/15/2024 13:00,25.10677994
1/15/2024 14:00,22.48166704
1/15/2024 15:00,23.33666706
1/15/2024 16:00,28.31551779
1/15/2024 17:00,34.36896597
1/15/2024 18:00,36.75762794
1/15/2024 19:00,35.56166738
1/15/2024 20:00,36.9932208
1/15/2024 21:00,42.62542456
1/15/2024 22:00,55.09833393
1/15/2024 23:00,39.06896617
1/16/2024,44.75172497
1/16/2024 1:00,34.98333397
1/16/2024 2:00,30.54500055
1/16/2024 3:00,34.75932286
1/16/2024 4:00,38.25762778
1/16/2024 5:00,44.87000084
1/16/2024 6:00,52.42807074
1/16/2024 7:00,72.7433349
1/16/2024 8:00,94.63620784
1/16/2024 9:00,76.64833514
1/16/2024 10:00,74.88644228
1/16/2024 11:00,52.47586257
1/16/2024 12:00,41.76101752
1/16/2024 13:00,22.98333381
1/16/2024 14:00,30.49122877
1/16/2024 15:00,45.61017014
1/16/2024 16:00,37.37166748
1/16/2024 17:00,47.54166733
1/16/2024 18:00,41.87500079
1/16/2024 19:00,44.13454631
1/16/2024 20:00,73.30666841
1/16/2024 21:00,67.32500089
1/16/2024 22:00,57.26034592
1/16/2024 23:00,55.8779668
1/17/2024,36.1181825
1/17/2024 1:00,39.04666716
1/17/2024 2:00,38.45862139
1/17/2024 3:00,43.84138015
1/17/2024 4:00,41.07666747
1/17/2024 5:00,47.87719385
1/17/2024 6:00,56.73103517
1/17/2024 7:00,85.25254414
1/17/2024 8:00,94.12666804
1/17/2024 9:00,76.81333478
1/17/2024 10:00,55.05593264
1/17/2024 11:00,38.28474649
1/17/2024 12:00,23.80166709
1/17/2024 13:00,22.4389834
1/17/2024 14:00,24.8716671
1/17/2024 15:00,24.65833378
1/17/2024 16:00,24.60517288
1/17/2024 17:00,31.33833389
1/17/2024 18:00,33.01896608
1/17/2024 19:00,38.26500066
1/17/2024 20:00,53.76333408
1/17/2024 21:00,41.82033972
1/17/2024 22:00,55.98833402
1/17/2024 23:00,31.87627172
1/18/2024,36.95000055
1/18/2024 1:00,53.5789479
1/18/2024 2:00,56.42033981
1/18/2024 3:00,37.4677971
1/18/2024 4:00,41.08245702
1/18/2024 5:00,58.39333445
1/18/2024 6:00,63.50666784
1/18/2024 7:00,91.69000155
1/18/2024 8:00,97.89333496
1/18/2024 9:00,80.84745892
1/18/2024 10:00,57.23448352
1/18/2024 11:00,31.22711909
1/18/2024 12:00,23.71833369
1/18/2024 13:00,22.04406819
1/18/2024 14:00,27.4542377
1/18/2024 15:00,29.41551764
1/18/2024 16:00,31.53333387
1/18/2024 17:00,37.04915321
1/18/2024 18:00,42.74915333
1/18/2024 19:00,42.91186523
1/18/2024 20:00,39.24166737
1/18/2024 21:00,44.78833402
1/18/2024 22:00,49.09152623
1/18/2024 23:00,61.60000074
1/19/2024,49.94838776
1/19/2024 1:00,41.05084823
1/19/2024 2:00,59.46166795
1/19/2024 3:00,61.27666779
1/19/2024 4:00,61.7237298
1/19/2024 5:00,50.97166742
1/19/2024 6:00,60.08103575
1/19/2024 7:00,79.15932381
1/19/2024 8:00,119.5650019
1/19/2024 9:00,74.71186576
1/19/2024 10:00,74.11695021
1/19/2024 11:00,59.45833391
1/19/2024 12:00,53.02166793
1/19/2024 13:00,40.23000081
1/19/2024 14:00,44.39655251
1/19/2024 15:00,53.10500081
1/19/2024 16:00,57.12500095
1/19/2024 17:00,68.36101804
1/19/2024 18:00,78.4881372
1/19/2024 19:00,75.78474711
1/19/2024 20:00,70.91166852
1/19/2024 21:00,65.81186598
1/19/2024 22:00,79.87000198
1/19/2024 23:00,75.60833518
1/20/2024,62.65500088
1/20/2024 1:00,67.40678121
1/20/2024 2:00,67.60689821
1/20/2024 3:00,70.31724298
1/20/2024 4:00,68.72586349
1/20/2024 5:00,74.63333499
1/20/2024 6:00,80.87758755
1/20/2024 7:00,99.55932346
1/20/2024 8:00,117.2466682
1/20/2024 9:00,100.7796627
1/20/2024 10:00,88.87333488
1/20/2024 11:00,65.07288277
1/20/2024 12:00,57.10689768
1/20/2024 13:00,52.07818257
1/20/2024 14:00,40.58500074
1/20/2024 15:00,33.55762769
1/20/2024 16:00,34.38474639
1/20/2024 17:00,38.58333419
1/20/2024 18:00,48.09137982
1/20/2024 19:00,53.55166759
1/20/2024 20:00,52.60508547
1/20/2024 21:00,47.92333425
1/20/2024 22:00,43.32203467
1/20/2024 23:00,50.95166753
1/21/2024,57.69322121
1/21/2024 1:00,68.30833422
1/21/2024 2:00,59.38135671
1/21/2024 3:00,51.71379379
1/21/2024 4:00,54.21186518
1/21/2024 5:00,60.45423799
1/21/2024 6:00,60.27193049
1/21/2024 7:00,88.67627276
1/21/2024 8:00,116.3186457
1/21/2024 9:00,83.71525574
1/21/2024 10:00,80.7542391
1/21/2024 11:00,66.47288255
1/21/2024 12:00,48.60339065
1/21/2024 13:00,38.25833416
1/21/2024 14:00,35.33220424
1/21/2024 15:00,38.68793198
1/21/2024 16:00,43.55344904
1/21/2024 17:00,45.63793182
1/21/2024 18:00,50.62666766
1/21/2024 19:00,46.87666747
1/21/2024 20:00,43.35000065
1/21/2024 21:00,48.32500057
1/21/2024 22:00,60.81833439
1/21/2024 23:00,53.70847534
1/22/2024,50.26000086
1/22/2024 1:00,42.3830514
1/22/2024 2:00,42.74166768
1/22/2024 3:00,44.29661082
1/22/2024 4:00,51.56379371
1/22/2024 5:00,59.61052684
1/22/2024 6:00,75.83333454
1/22/2024 7:00,105.9866683
1/22/2024 8:00,120.792065
1/22/2024 9:00,90.4431055
1/22/2024 10:00,62.43166777
1/22/2024 11:00,56.21034556
1/22/2024 12:00,49.81896624
1/22/2024 13:00,44.82166754
1/22/2024 14:00,43.45593301
1/22/2024 15:00,36.45500056
1/22/2024 16:00,37.11333408
1/22/2024 17:00,44.14166718
1/22/2024 18:00,48.1694923
1/22/2024 19:00,47.67457723
1/22/2024 20:00,45.71551816
1/22/2024 21:00,55.47796721
1/22/2024 22:00,73.67666804
1/22/2024 23:00,69.97118804
1/23/2024,56.58070246
1/23/2024 1:00,54.6745771
1/23/2024 2:00,48.65254295
1/23/2024 3:00,50.56551802
1/23/2024 4:00,57.2833341
1/23/2024 5:00,54.65166734
1/23/2024 6:00,69.16610317
1/23/2024 7:00,91.09649324
1/23/2024 8:00,119.9086227
1/23/2024 9:00,91.02666804
1/23/2024 10:00,87.2827597
1/23/2024 11:00,70.93500156
1/23/2024 12:00,46.78644142
1/23/2024 13:00,35.30333379
1/23/2024 14:00,32.73050903
1/23/2024 15:00,31.21666705
1/23/2024 16:00,35.17966173
1/23/2024 17:00,44.91666737
1/23/2024 18:00,64.48620849
1/23/2024 19:00,71.83000183
1/23/2024 20:00,70.20333532
1/23/2024 21:00,59.85254333
1/23/2024 22:00,62.21666832
1/23/2024 23:00,61.74000072
1/24/2024,47.22000071
1/24/2024 1:00,45.64210584
1/24/2024 2:00,50.17069054
1/24/2024 3:00,61.04500097
1/24/2024 4:00,67.38833466
1/24/2024 5:00,66.68474702
1/24/2024 6:00,85.07966265
1/24/2024 7:00,107.6137952
1/24/2024 8:00,110.671188
1/24/2024 9:00,99.26666819
1/24/2024 10:00,75.84067891
1/24/2024 11:00,61.76166757
1/24/2024 12:00,43.36000074
1/24/2024 13:00,35.31525518
1/24/2024 14:00,36.95000076
1/24/2024 15:00,37.93728883
1/24/2024 16:00,37.61017053
1/24/2024 17:00,48.24310415
1/24/2024 18:00,51.52542457
1/24/2024 19:00,54.53275937
1/24/2024 20:00,54.70000083
1/24/2024 21:00,55.64210604
1/24/2024 22:00,51.2881363
1/24/2024 23:00,53.91833413
1/25/2024,64.11166757
1/25/2024 1:00,55.45666746
1/25/2024 2:00,50.58813632
1/25/2024 3:00,50.14166743
1/25/2024 4:00,52.71833433
1/25/2024 5:00,57.45833397
1/25/2024 6:00,71.9491539
1/25/2024 7:00,109.4000017
1/25/2024 8:00,115.4016682
1/25/2024 9:00,89.74912463
1/25/2024 10:00,69.86101823
1/25/2024 11:00,65.47627239
1/25/2024 12:00,36.68103504
1/25/2024 13:00,37.41356032
1/25/2024 14:00,36.6850008
1/25/2024 15:00,35.94915325
1/25/2024 16:00,45.43728896
1/25/2024 17:00,48.82000071
1/25/2024 18:00,54.74000098
1/25/2024 19:00,52.12372964
1/25/2024 20:00,49.06896604
1/25/2024 21:00,47.50666752
1/25/2024 22:00,59.62542498
1/25/2024 23:00,63.07000128
1/26/2024,74.21333516
1/26/2024 1:00,65.81356049
1/26/2024 2:00,64.09661128
1/26/2024 3:00,70.97833455
1/26/2024 4:00,68.52131259
1/26/2024 5:00,69.97333501
1/26/2024 6:00,83.31724285
1/26/2024 7:00,109.6616684
1/26/2024 8:00,99.66551893
1/26/2024 9:00,78.72203529
1/26/2024 10:00,75.70339125
1/26/2024 11:00,81.99827694
1/26/2024 12:00,46.83333403
1/26/2024 13:00,41.1100008
1/26/2024 14:00,41.71551783
1/26/2024 15:00,39.85000076
1/26/2024 16:00,38.97333406
1/26/2024 17:00,46.15166753
1/26/2024 18:00,56.14210597
1/26/2024 19:00,61.30000066
1/26/2024 20:00,68.37000167
1/26/2024 21:00,70.39830638
1/26/2024 22:00,65.93859823
1/26/2024 23:00,62.70678077
1/27/2024,57.71207
1/27/2024 1:00,56.79166756
1/27/2024 2:00,53.99655263
1/27/2024 3:00,53.50000091
1/27/2024 4:00,59.28500093
1/27/2024 5:00,67.8183349
1/27/2024 6:00,69.81000106
1/27/2024 7:00,98.38965672
1/27/2024 8:00,102.2406792
1/27/2024 9:00,80.064408
1/27/2024 10:00,75.32833506
1/27/2024 11:00,59.25423826
1/27/2024 12:00,44.83793144
1/27/2024 13:00,37.14576343
1/27/2024 14:00,36.2389838
1/27/2024 15:00,33.41166728
1/27/2024 16:00,36.49491585
1/27/2024 17:00,41.41551814
1/27/2024 18:00,46.4100008
1/27/2024 19:00,47.93898366
1/27/2024 20:00,61.24310421
1/27/2024 21:00,89.67288305
1/27/2024 22:00,69.67118751
1/27/2024 23:00,59.56949234
1/28/2024,70.48333492
1/28/2024 1:00,71.95593404
1/28/2024 2:00,72.68772018
1/28/2024 3:00,68.51186655
1/28/2024 4:00,71.26610345
1/28/2024 5:00,76.763795
1/28/2024 6:00,86.28103611
1/28/2024 7:00,101.7457643
1/28/2024 8:00,123.3233355
1/28/2024 9:00,98.88833529
1/28/2024 10:00,78.92666868
1/28/2024 11:00,57.26333408
1/28/2024 12:00,57.65000083
1/28/2024 13:00,39.69310418
1/28/2024 14:00,39.23000081
1/28/2024 15:00,41.59000092
1/28/2024 16:00,42.91034567
1/28/2024 17:00,53.06779771
1/28/2024 18:00,81.83666782
1/28/2024 19:00,89.15000179
1/28/2024 20:00,95.39333471
1/28/2024 21:00,90.1271202
1/28/2024 22:00,82.73389952
1/28/2024 23:00,79.68983188
1/29/2024,77.41000163
1/29/2024 1:00,73.45084885
1/29/2024 2:00,65.61166821
1/29/2024 3:00,65.87288284
1/29/2024 4:00,68.36379479
1/29/2024 5:00,79.00000127
1/29/2024 6:00,88.39666824
1/29/2024 7:00,116.4724159
1/29/2024 8:00,134.676273
1/29/2024 9:00,112.2833354
1/29/2024 10:00,106.1172434
1/29/2024 11:00,97.8965533
1/29/2024 12:00,85.29500109
1/29/2024 13:00,55.94166762
1/29/2024 14:00,39.7666673
1/29/2024 15:00,44.5827592
1/29/2024 16:00,43.44333413
1/29/2024 17:00,47.55166715
1/29/2024 18:00,58.60000064
1/29/2024 19:00,65.05689772
1/29/2024 20:00,80.31833458
1/29/2024 21:00,69.35084851
1/29/2024 22:00,80.57833455
1/29/2024 23:00,73.98000145
1/30/2024,80.15423901
1/30/2024 1:00,82.22542507
1/30/2024 2:00,67.49333445
1/30/2024 3:00,71.04138078
1/30/2024 4:00,78.3050863
1/30/2024 5:00,85.47118779
1/30/2024 6:00,100.5366679
1/30/2024 7:00,129.9850029
1/30/2024 8:00,131.2616697
1/30/2024 9:00,143.0473716
1/30/2024 10:00,110.0389849
1/30/2024 11:00,78.46166782
1/30/2024 12:00,72.0483345
1/30/2024 13:00,55.44406859
1/30/2024 14:00,58.12833424
1/30/2024 15:00,64.96949257
1/30/2024 16:00,65.09655308
1/30/2024 17:00,65.31666819
1/30/2024 18:00,67.26034579
1/30/2024 19:00,84.81000163
1/30/2024 20:00,94.31525563
1/30/2024 21:00,86.76964446
1/30/2024 22:00,85.19500198
1/30/2024 23:00,94.24576426
1/31/2024,79.53103598
1/31/2024 1:00,74.63559477
1/31/2024 2:00,73.18813725
1/31/2024 3:00,75.28103585
1/31/2024 4:00,76.11166801
1/31/2024 5:00,84.56666819
1/31/2024 6:00,93.09166807
1/31/2024 7:00,126.5457642
1/31/2024 8:00,137.2728842
1/31/2024 9:00,115.8551742
1/31/2024 10:00,98.43166784
1/31/2024 11:00,76.64386107
1/31/2024 12:00,55.28474678
1/31/2024 13:00,56.80000084
1/31/2024 14:00,64.99000104
1/31/2024 15:00,70.82542497
1/31/2024 16:00,72.81379489
1/31/2024 17:00,78.33275999
1/31/2024 18:00,88.59322189
1/31/2024 19:00,96.11695099
1/31/2024 20:00,101.9533352
1/31/2024 21:00,105.3694935
1/31/2024 22:00,101.9228087
1/31/2024 23:00,103.2050863
2/1/2024,89.94333471
2/1/2024 1:00,87.11250114
2/1/2024 2:00,80.54237469
2/1/2024 3:00,76.64237407
2/1/2024 4:00,77.92833455
2/1/2024 5:00,84.69827784
2/1/2024 6:00,94.58666776
2/1/2024 7:00,112.6542389
2/1/2024 8:00,124.9610192
2/1/2024 9:00,110.6288144
2/1/2024 10:00,105.7316685
2/1/2024 11:00,84.50833486
2/1/2024 12:00,76.74745941
2/1/2024 13:00,71.79833488
2/1/2024 14:00,81.15000165
2/1/2024 15:00,78.21166814
2/1/2024 16:00,88.21864539
2/1/2024 17:00,89.53620845
2/1/2024 18:00,81.71333516
2/1/2024 19:00,83.26724309
2/1/2024 20:00,68.63390008
2/1/2024 21:00,59.26666781
2/1/2024 22:00,55.792983
2/1/2024 23:00,53.0561407
2/2/2024,44.24576355
2/2/2024 1:00,46.37833408
2/2/2024 2:00,62.11695054
2/2/2024 3:00,56.33275913
2/2/2024 4:00,42.36833382
2/2/2024 5:00,53.26610287
2/2/2024 6:00,63.2366677
2/2/2024 7:00,91.50833499
2/2/2024 8:00,79.6915269
2/2/2024 9:00,72.83559482
2/2/2024 10:00,61.18421133
2/2/2024 11:00,35.72758678
2/2/2024 12:00,33.03793197
2/2/2024 13:00,27.98983099
2/2/2024 14:00,24.36333373
2/2/2024 15:00,36.4067804
2/2/2024 16:00,39.51694999
2/2/2024 17:00,39.97666734
2/2/2024 18:00,38.30833422
2/2/2024 19:00,40.85438665
2/2/2024 20:00,53.75000083
2/2/2024 21:00,60.96833426
2/2/2024 22:00,46.53166739
2/2/2024 23:00,49.26949239
2/3/2024,48.21017003
2/3/2024 1:00,55.71186551
2/3/2024 2:00,54.80000083
2/3/2024 3:00,44.63965594
2/3/2024 4:00,43.65000083
2/3/2024 5:00,52.9206904
2/3/2024 6:00,55.68500055
2/3/2024 7:00,79.45333474
2/3/2024 8:00,87.36166795
2/3/2024 9:00,82.96379484
2/3/2024 10:00,74.86949261
2/3/2024 11:00,69.52807129
2/3/2024 12:00,51.23859727
2/3/2024 13:00,30.0983339
2/3/2024 14:00,28.31833372
2/3/2024 15:00,30.98833412
2/3/2024 16:00,40.83000091
2/3/2024 17:00,58.10172502
2/3/2024 18:00,71.59322228
2/3/2024 19:00,72.29152692
2/3/2024 20:00,75.9750014
2/3/2024 21:00,72.369493
2/3/2024 22:00,72.27627253
2/3/2024 23:00,65.03500137
2/4/2024,61.85172522
2/4/2024 1:00,53.72033969
2/4/2024 2:00,71.93833472
2/4/2024 3:00,72.9526329
2/4/2024 4:00,70.27118799
2/4/2024 5:00,62.90339105
2/4/2024 6:00,78.38474733
2/4/2024 7:00,98.79000117
2/4/2024 8:00,69.92881503
2/4/2024 9:00,85.67457839
2/4/2024 10:00,74.51207089
2/4/2024 11:00,75.47000154
2/4/2024 12:00,87.29000181
2/4/2024 13:00,80.28833485
2/4/2024 14:00,67.38666808
2/4/2024 15:00,71.87833468
2/4/2024 16:00,70.65084865
2/4/2024 17:00,90.80833448
2/4/2024 18:00,87.34576455
2/4/2024 19:00,87.28474737
2/4/2024 20:00,98.62241521
2/4/2024 21:00,104.1300017
2/4/2024 22:00,96.40166791
2/4/2024 23:00,98.19830607
2/5/2024,95.8189671
2/5/2024 1:00,90.80678145
2/5/2024 2:00,110.0310361
2/5/2024 3:00,105.8948289
2/5/2024 4:00,98.14666824
2/5/2024 5:00,122.2516692
2/5/2024 6:00,115.2576286
2/5/2024 7:00,115.3416686
2/5/2024 8:00,130.4982784
2/5/2024 9:00,141.8517269
2/5/2024 10:00,133.6982794
2/5/2024 11:00,112.7433359
2/5/2024 12:00,32.20172481
2/5/2024 13:00,44.62666756
2/5/2024 14:00,31.59152581
2/5/2024 15:00,31.69833393
2/5/2024 16:00,28.25500037
2/5/2024 17:00,43.64666732
2/5/2024 18:00,53.51000074
2/5/2024 19:00,63.49491598
2/5/2024 20:00,92.04666799
2/5/2024 21:00,88.89333522
2/5/2024 22:00,69.66666756
2/5/2024 23:00,53.32666759
2/6/2024,41.09152603
2/6/2024 1:00,33.04915325
2/6/2024 2:00,32.78305154
2/6/2024 3:00,34.81000055
2/6/2024 4:00,44.03898414
2/6/2024 5:00,36.02413855
2/6/2024 6:00,56.18772032
2/6/2024 7:00,89.31525563
2/6/2024 8:00,101.2416683
2/6/2024 9:00,85.36000163
2/6/2024 10:00,66.83333422
2/6/2024 11:00,60.00000076
2/6/2024 12:00,32.47966146
2/6/2024 13:00,26.95762767
2/6/2024 14:00,30.05833375
2/6/2024 15:00,30.55666717
2/6/2024 16:00,33.62203465
2/6/2024 17:00,47.2050855
2/6/2024 18:00,54.97966165
2/6/2024 19:00,57.61356069
2/6/2024 20:00,59.0220346
2/6/2024 21:00,69.46333466
2/6/2024 22:00,50.42033994
2/6/2024 23:00,57.64000104
2/7/2024,54.07758732
2/7/2024 1:00,53.92000058
2/7/2024 2:00,60.81000137
2/7/2024 3:00,55.61666749
2/7/2024 4:00,50.34237354
2/7/2024 5:00,60.81166738
2/7/2024 6:00,77.84576429
2/7/2024 7:00,105.1333351
2/7/2024 8:00,114.2965529
2/7/2024 9:00,93.97833468
2/7/2024 10:00,76.26271322
2/7/2024 11:00,54.43220423
2/7/2024 12:00,55.0068971
2/7/2024 13:00,31.56896601
2/7/2024 14:00,18.59830541
2/7/2024 15:00,8.721666797
2/7/2024 16:00,17.82068988
2/7/2024 17:00,39.39833393
2/7/2024 18:00,49.98000094
2/7/2024 19:00,50.91864499
2/7/2024 20:00,49.38644163
2/7/2024 21:00,49.16610239
2/7/2024 22:00,44.23833421
2/7/2024 23:00,45.62000065
2/8/2024,40.03666738
2/8/2024 1:00,45.38333397
2/8/2024 2:00,45.51206997
2/8/2024 3:00,48.69166743
2/8/2024 4:00,58.32241473
2/8/2024 5:00,59.41694997
2/8/2024 6:00,72.76610307
2/8/2024 7:00,95.73928683
2/8/2024 8:00,99.24745902
2/8/2024 9:00,81.8344843
2/8/2024 10:00,68.72413918
2/8/2024 11:00,53.90000108
2/8/2024 12:00,27.93000031
2/8/2024 13:00,27.4816673
2/8/2024 14:00,27.23448316
2/8/2024 15:00,34.83559405
2/8/2024 16:00,49.44827665
2/8/2024 17:00,61.82372989
2/8/2024 18:00,79.76440818
2/8/2024 19:00,82.10500196
2/8/2024 20:00,80.65517386
2/8/2024 21:00,76.61333491
2/8/2024 22:00,73.31579054
2/8/2024 23:00,65.84333464
2/9/2024,56.14166743
2/9/2024 1:00,45.76896621
2/9/2024 2:00,48.47586283
2/9/2024 3:00,56.13898384
2/9/2024 4:00,57.95789551
2/9/2024 5:00,64.67288247
2/9/2024 6:00,74.68166828
2/9/2024 7:00,103.1677986
2/9/2024 8:00,116.2440699
2/9/2024 9:00,95.57288257
2/9/2024 10:00,74.01500142
2/9/2024 11:00,68.78166796
2/9/2024 12:00,66.94745888
2/9/2024 13:00,65.70508614
2/9/2024 14:00,64.39830638
2/9/2024 15:00,66.90175589
2/9/2024 16:00,71.60169647
2/9/2024 17:00,76.33389968
2/9/2024 18:00,82.52203563
2/9/2024 19:00,91.52712004
2/9/2024 20:00,101.344829
2/9/2024 21:00,123.4457651
2/9/2024 22:00,145.0067821
2/9/2024 23:00,93.00333468
2/10/2024,93.03620871
2/10/2024 1:00,87.07966252
2/10/2024 2:00,87.79333509
2/10/2024 3:00,91.68793198
2/10/2024 4:00,93.78448407
2/10/2024 5:00,98.57288309
2/10/2024 6:00,104.2796314
2/10/2024 7:00,128.3733359
2/10/2024 8:00,128.5916697
2/10/2024 9:00,119.8842131
2/10/2024 10:00,96.92241603
2/10/2024 11:00,88.18644236
2/10/2024 12:00,53.73000132
2/10/2024 13:00,29.85593262
2/10/2024 14:00,28.3172419
2/10/2024 15:00,34.63389888
2/10/2024 16:00,43.29830564
2/10/2024 17:00,45.26333415
2/10/2024 18:00,57.00678033
2/10/2024 19:00,68.98474722
2/10/2024 20:00,86.77966218
2/10/2024 21:00,98.85000176
2/10/2024 22:00,84.53278889
2/10/2024 23:00,78.37193138
2/11/2024,76.8689666
2/11/2024 1:00,69.83620848
2/11/2024 2:00,66.80847621
2/11/2024 3:00,67.73793221
2/11/2024 4:00,76.12373029
2/11/2024 5:00,83.13276041
2/11/2024 6:00,93.75263335
2/11/2024 7:00,122.9785727
2/11/2024 8:00,125.0551751
2/11/2024 9:00,100.0155188
2/11/2024 10:00,78.94406871
2/11/2024 11:00,62.74915391
2/11/2024 12:00,30.1883338
2/11/2024 13:00,25.18000037
2/11/2024 14:00,23.23666706
2/11/2024 15:00,25.08333375
2/11/2024 16:00,28.06666712
2/11/2024 17:00,37.06000061
2/11/2024 18:00,53.51186513
2/11/2024 19:00,60.25333392
2/11/2024 20:00,55.80833403
2/11/2024 21:00,64.82500083
2/11/2024 22:00,73.84035244
2/11/2024 23:00,54.77500114
2/12/2024,50.02241457
2/12/2024 1:00,52.76779724
2/12/2024 2:00,58.20333411
2/12/2024 3:00,58.81017038
2/12/2024 4:00,63.10833416
2/12/2024 5:00,69.54067896
2/12/2024 6:00,87.47833455
2/12/2024 7:00,111.8700013
2/12/2024 8:00,122.8169508
2/12/2024 9:00,94.84166794
2/12/2024 10:00,79.87627256
2/12/2024 11:00,56.68275965
2/12/2024 12:00,28.7050854
2/12/2024 13:00,26.07833389
2/12/2024 14:00,29.93728851
2/12/2024 15:00,35.133334
2/12/2024 16:00,42.76833413
2/12/2024 17:00,47.83508863
2/12/2024 18:00,54.61186503
2/12/2024 19:00,63.26271264
2/12/2024 20:00,79.1438608
2/12/2024 21:00,83.00000165
2/12/2024 22:00,92.69333483
2/12/2024 23:00,76.08793272
2/13/2024,94.535595
2/13/2024 1:00,80.50666835
2/13/2024 2:00,73.90166759
2/13/2024 3:00,90.02982638
2/13/2024 4:00,77.11833458
2/13/2024 5:00,83.7316686
2/13/2024 6:00,95.59310492
2/13/2024 7:00,115.9950016
2/13/2024 8:00,114.8034505
2/13/2024 9:00,103.758335
2/13/2024 10:00,91.9210541
2/13/2024 11:00,61.44406868
2/13/2024 12:00,22.04107186
2/13/2024 13:00,30.52586236
2/13/2024 14:00,36.56610263
2/13/2024 15:00,36.25254298
2/13/2024 16:00,36.11017004
2/13/2024 17:00,38.75000072
2/13/2024 18:00,45.75000064
2/13/2024 19:00,42.38166758
2/13/2024 20:00,48.07333419
2/13/2024 21:00,54.48448372
2/13/2024 22:00,59.68813667
2/13/2024 23:00,67.35000153
2/14/2024,59.64067892
2/14/2024 1:00,63.20500081
2/14/2024 2:00,62.5327595
2/14/2024 3:00,67.88474707
2/14/2024 4:00,70.33166796
2/14/2024 5:00,75.21833458
2/14/2024 6:00,87.27000186
2/14/2024 7:00,99.49333509
2/14/2024 8:00,117.9965541
2/14/2024 9:00,115.9200022
2/14/2024 10:00,108.3716679
2/14/2024 11:00,104.2210546
2/14/2024 12:00,105.1864421
2/14/2024 13:00,114.0783349
2/14/2024 14:00,122.6711889
2/14/2024 15:00,109.0706917
2/14/2024 16:00,55.55254325
2/14/2024 17:00,53.08983137
2/14/2024 18:00,82.04067916
2/14/2024 19:00,85.77666779
2/14/2024 20:00,103.2807038
2/14/2024 21:00,80.50000129
2/14/2024 22:00,68.53833447
2/14/2024 23:00,61.21525503
2/15/2024,72.20339061
2/15/2024 1:00,62.18135679
2/15/2024 2:00,62.67796701
2/15/2024 3:00,63.28333441
2/15/2024 4:00,63.72542475
2/15/2024 5:00,75.03166835
2/15/2024 6:00,85.25084932
2/15/2024 7:00,110.3440695
2/15/2024 8:00,117.6366684
2/15/2024 9:00,92.47118804
2/15/2024 10:00,94.97333514
2/15/2024 11:00,65.74166819
2/15/2024 12:00,34.05762776
2/15/2024 13:00,32.30847511
2/15/2024 14:00,30.66101753
2/15/2024 15:00,29.7949157
2/15/2024 16:00,36.77931085
2/15/2024 17:00,37.7084756
2/15/2024 18:00,59.61333434
2/15/2024 19:00,85.55666847
2/15/2024 20:00,98.27118812
2/15/2024 21:00,91.71724359
2/15/2024 22:00,75.53390024
2/15/2024 23:00,66.1610185
2/16/2024,61.47118772
2/16/2024 1:00,58.07413884
2/16/2024 2:00,55.9813568
2/16/2024 3:00,60.33666757
2/16/2024 4:00,56.27931134
2/16/2024 5:00,68.36333459
2/16/2024 6:00,81.48666827
2/16/2024 7:00,101.3666688
2/16/2024 8:00,104.0966681
2/16/2024 9:00,71.98166784
2/16/2024 10:00,73.79322143
2/16/2024 11:00,72.5491536
2/16/2024 12:00,38.11864462
2/16/2024 13:00,34.73166717
2/16/2024 14:00,45.57666753
2/16/2024 15:00,54.95932285
2/16/2024 16:00,63.51017082
2/16/2024 17:00,67.74745889
2/16/2024 18:00,74.57833506
2/16/2024 19:00,77.11525584
2/16/2024 20:00,77.77333438
2/16/2024 21:00,80.74333496
2/16/2024 22:00,80.81579081
2/16/2024 23:00,88.46666857
2/17/2024,78.08000132
2/17/2024 1:00,73.26000137
2/17/2024 2:00,74.63448452
2/17/2024 3:00,72.95172553
2/17/2024 4:00,76.48833516
2/17/2024 5:00,75.48305253
2/17/2024 6:00,87.96034635
2/17/2024 7:00,95.8596506
2/17/2024 8:00,119.9355947
2/17/2024 9:00,103.2576285
2/17/2024 10:00,81.94237402
2/17/2024 11:00,81.87413933
2/17/2024 12:00,50.31403572
2/17/2024 13:00,45.05423795
2/17/2024 14:00,57.53166746
2/17/2024 15:00,63.69666742
2/17/2024 16:00,77.27069131
2/17/2024 17:00,78.152633
2/17/2024 18:00,84.03051034
2/17/2024 19:00,86.07966239
2/17/2024 20:00,85.49333483
2/17/2024 21:00,83.10172614
2/17/2024 22:00,79.1383344
2/17/2024 23:00,66.98474664
2/18/2024,51.52333419
2/18/2024 1:00,50.14827649
2/18/2024 2:00,54.52711939
2/18/2024 3:00,53.38983135
2/18/2024 4:00,52.10847544
2/18/2024 5:00,52.43898372
2/18/2024 6:00,74.69666767
2/18/2024 7:00,97.1583346
2/18/2024 8:00,118.7051743
2/18/2024 9:00,94.48135738
2/18/2024 10:00,83.89649261
2/18/2024 11:00,60.84237367
2/18/2024 12:00,61.06379391
2/18/2024 13:00,65.12373022
2/18/2024 14:00,75.31052773
2/18/2024 15:00,74.26779821
2/18/2024 16:00,72.31525589
2/18/2024 17:00,75.96440797
2/18/2024 18:00,76.42034046
2/18/2024 19:00,76.47166837
2/18/2024 20:00,76.02881493
2/18/2024 21:00,75.26500155
2/18/2024 22:00,75.84576403
2/18/2024 23:00,78.44915409
2/19/2024,86.46500117
2/19/2024 1:00,79.21724293
2/19/2024 2:00,83.44138073
2/19/2024 3:00,93.52931174
2/19/2024 4:00,86.48474716
2/19/2024 5:00,95.95666784
2/19/2024 6:00,105.993222
2/19/2024 7:00,129.4568992
2/19/2024 8:00,132.0728837
2/19/2024 9:00,123.7898331
2/19/2024 10:00,117.3066686
2/19/2024 11:00,115.7000017
2/19/2024 12:00,88.2650013
2/19/2024 13:00,82.41186562
2/19/2024 14:00,76.73166809
2/19/2024 15:00,72.61864601
2/19/2024 16:00,77.8000014
2/19/2024 17:00,80.93793277
2/19/2024 18:00,85.76666809
2/19/2024 19:00,89.80351016
2/19/2024 20:00,94.94237441
2/19/2024 21:00,90.33500163
2/19/2024 22:00,90.57931216
2/19/2024 23:00,87.3310364
2/20/2024,93.41551814
2/20/2024 1:00,105.7067819
2/20/2024 2:00,106.6796625
2/20/2024 3:00,107.594829
2/20/2024 4:00,102.4258633
2/20/2024 5:00,108.450002
2/20/2024 6:00,120.0620709
2/20/2024 7:00,138.0491553
2/20/2024 8:00,140.8950025
2/20/2024 9:00,140.452545
2/20/2024 10:00,160.6800026
2/20/2024 11:00,145.8900018
2/20/2024 12:00,62.27796677
2/20/2024 13:00,43.15254321
2/20/2024 14:00,35.99655266
2/20/2024 15:00,37.41500066
2/20/2024 16:00,41.05932275
2/20/2024 17:00,49.06166725
2/20/2024 18:00,65.84745911
2/20/2024 19:00,70.62666849
2/20/2024 20:00,68.28000113
2/20/2024 21:00,55.58666732
2/20/2024 22:00,45.61017027
2/20/2024 23:00,54.59830585
2/21/2024,59.40000101
2/21/2024 1:00,57.05254299
2/21/2024 2:00,66.77678701
2/21/2024 3:00,63.93050979
2/21/2024 4:00,72.47166799
2/21/2024 5:00,67.14166794
2/21/2024 6:00,89.06500155
2/21/2024 7:00,93.35263302
2/21/2024 8:00,115.4200025
2/21/2024 9:00,134.7762732
2/21/2024 10:00,62.19310465
2/21/2024 11:00,58.37719385
2/21/2024 12:00,53.68644132
2/21/2024 13:00,58.93833415
2/21/2024 14:00,54.90166734
2/21/2024 15:00,49.78983132
2/21/2024 16:00,55.04406848
2/21/2024 17:00,62.83103542
2/21/2024 18:00,65.51454613
2/21/2024 19:00,61.15166772
2/21/2024 20:00,69.82758746
2/21/2024 21:00,70.25762862
2/21/2024 22:00,69.88965692
2/21/2024 23:00,62.47894823
2/22/2024,63.52166793
2/22/2024 1:00,63.6189664
2/22/2024 2:00,62.55000114
2/22/2024 3:00,62.1216678
2/22/2024 4:00,65.94576412
2/22/2024 5:00,72.0220355
2/22/2024 6:00,89.3627137
2/22/2024 7:00,107.4783347
2/22/2024 8:00,110.2258638
2/22/2024 9:00,92.53965667
2/22/2024 10:00,58.36779759
2/22/2024 11:00,42.00000092
2/22/2024 12:00,43.56500079
2/22/2024 13:00,49.40344909
2/22/2024 14:00,41.93620777
2/22/2024 15:00,46.97966172
2/22/2024 16:00,35.75087788
2/22/2024 17:00,32.69500058
2/22/2024 18:00,29.54745816
2/22/2024 19:00,40.27627176
2/22/2024 20:00,53.09666729
2/22/2024 21:00,39.77069059
2/22/2024 22:00,33.60847522
2/22/2024 23:00,35.01000064
2/23/2024,35.95833387
2/23/2024 1:00,33.20678029
2/23/2024 2:00,34.20339051
2/23/2024 3:00,37.36833375
2/23/2024 4:00,52.90339092
2/23/2024 5:00,54.37288226
2/23/2024 6:00,60.43728896
2/23/2024 7:00,78.85000176
2/23/2024 8:00,75.75344921
2/23/2024 9:00,73.03000202
2/23/2024 10:00,58.02166761
2/23/2024 11:00,43.69000053
2/23/2024 12:00,22.56271217
2/23/2024 13:00,23.05166702
2/23/2024 14:00,27.34000047
2/23/2024 15:00,34.72033976
2/23/2024 16:00,39.68833408
2/23/2024 17:00,39.56666724
2/23/2024 18:00,47.01694999
2/23/2024 19:00,52.97166767
2/23/2024 20:00,47.92666721
2/23/2024 21:00,46.44500065
2/23/2024 22:00,49.37118711
2/23/2024 23:00,48.11666724
2/24/2024,94.11551818
2/24/2024 1:00,55.30833454
2/24/2024 2:00,51.60169563
2/24/2024 3:00,45.99833425
2/24/2024 4:00,77.8728833
2/24/2024 5:00,79.14035262
2/24/2024 6:00,79.7186459
2/24/2024 7:00,97.48500163
2/24/2024 8:00,90.6758632
2/24/2024 9:00,84.23276
2/24/2024 10:00,72.10000134
2/24/2024 11:00,41.66949217
2/24/2024 12:00,30.13500036
2/24/2024 13:00,27.23166707
2/24/2024 14:00,26.00862099
2/24/2024 15:00,26.6508479
2/24/2024 16:00,29.09322066
2/24/2024 17:00,34.49322106
2/24/2024 18:00,41.57627196
2/24/2024 19:00,47.7416673
2/24/2024 20:00,48.53793177
2/24/2024 21:00,49.97413885
2/24/2024 22:00,56.96000086
2/24/2024 23:00,61.58644162
2/25/2024,60.62833398
2/25/2024 1:00,65.08103522
2/25/2024 2:00,59.57586288
2/25/2024 3:00,55.33220414
2/25/2024 4:00,51.23620776
2/25/2024 5:00,59.90000101
2/25/2024 6:00,72.06896696
2/25/2024 7:00,84.34333496
2/25/2024 8:00,92.46440823
2/25/2024 9:00,82.14333496
2/25/2024 10:00,57.99827674
2/25/2024 11:00,39.0933341
2/25/2024 12:00,31.92033962
2/25/2024 13:00,20.54137967
2/25/2024 14:00,27.14137965
2/25/2024 15:00,29.82166719
2/25/2024 16:00,31.98771979
2/25/2024 17:00,50.33898396
2/25/2024 18:00,56.95666733
2/25/2024 19:00,57.76101756
2/25/2024 20:00,61.25172523
2/25/2024 21:00,61.09661122
2/25/2024 22:00,64.68666795
2/25/2024 23:00,62.17500095
2/26/2024,67.58305236
2/26/2024 1:00,56.84666742
2/26/2024 2:00,61.65084852
2/26/2024 3:00,57.9067805
2/26/2024 4:00,61.85964993
2/26/2024 5:00,70.34166813
2/26/2024 6:00,88.85166842
2/26/2024 7:00,107.0300013
2/26/2024 8:00,107.4500013
2/26/2024 9:00,93.52931213
2/26/2024 10:00,73.13898429
2/26/2024 11:00,31.90333382
2/26/2024 12:00,23.43050869
2/26/2024 13:00,33.22333396
2/26/2024 14:00,32.41333386
2/26/2024 15:00,34.58983134
2/26/2024 16:00,37.08644152
2/26/2024 17:00,42.62881437
2/26/2024 18:00,53.64912348
2/26/2024 19:00,58.33620755
2/26/2024 20:00,58.17627173
2/26/2024 21:00,58.90344889
2/26/2024 22:00,60.73000088
2/26/2024 23:00,65.65084891
2/27/2024,56.19444525
2/27/2024 1:00,64.1655184
2/27/2024 2:00,56.66724225
2/27/2024 3:00,59.68644139
2/27/2024 4:00,63.61525545
2/27/2024 5:00,67.13833466
2/27/2024 6:00,83.10862219
2/27/2024 7:00,98.95500145
2/27/2024 8:00,103.5210542
2/27/2024 9:00,91.52034022
2/27/2024 10:00,68.38666814
2/27/2024 11:00,67.22333457
2/27/2024 12:00,47.82166742
2/27/2024 13:00,43.62166748
2/27/2024 14:00,56.48275921
2/27/2024 15:00,59.09152616
2/27/2024 16:00,55.96666749
2/27/2024 17:00,56.95833429
2/27/2024 18:00,91.72666791
2/27/2024 19:00,108.1796631
2/27/2024 20:00,101.5396567
2/27/2024 21:00,101.2500012
2/27/2024 22:00,78.55762811
2/27/2024 23:00,65.13220473
2/28/2024,61.66101785
2/28/2024 1:00,57.3915265
2/28/2024 2:00,67.30833441
2/28/2024 3:00,67.09166813
2/28/2024 4:00,66.00351026
2/28/2024 5:00,82.16666819
2/28/2024 6:00,93.17627263
2/28/2024 7:00,105.8779674
2/28/2024 8:00,108.9833349
2/28/2024 9:00,113.4482774
2/28/2024 10:00,102.9186452
2/28/2024 11:00,39.60833422
2/28/2024 12:00,31.65762766
2/28/2024 13:00,31.89000057
2/28/2024 14:00,33.07288186
2/28/2024 15:00,42.46206961
2/28/2024 16:00,59.73050916
2/28/2024 17:00,73.93276004
2/28/2024 18:00,69.40833499
2/28/2024 19:00,71.35000165
2/28/2024 20:00,62.07758693
2/28/2024 21:00,63.54386105
2/28/2024 22:00,65.76551825
2/28/2024 23:00,74.07833506
2/29/2024,70.83051022
2/29/2024 1:00,70.42413975
2/29/2024 2:00,71.33448423
2/29/2024 3:00,72.56034654
2/29/2024 4:00,69.89152708
2/29/2024 5:00,75.76166814
2/29/2024 6:00,85.854239
2/29/2024 7:00,106.6000016
2/29/2024 8:00,92.09661115
2/29/2024 9:00,81.84166819
2/29/2024 10:00,75.22034047
2/29/2024 11:00,53.42203489
2/29/2024 12:00,31.86271247
2/29/2024 13:00,40.45932275
2/29/2024 14:00,40.03000088
2/29/2024 15:00,42.72372954
2/29/2024 16:00,52.60678049
2/29/2024 17:00,62.11186574
2/29/2024 18:00,69.01724296
2/29/2024 19:00,72.52500114
2/29/2024 20:00,74.43898502
2/29/2024 21:00,68.78983184
2/29/2024 22:00,58.99491572
2/29/2024 23:00,60.76551825
3/1/2024,58.77457732
3/1/2024 1:00,50.50526401
3/1/2024 2:00,62.72586283
3/1/2024 3:00,64.62372984
3/1/2024 4:00,66.03276029
3/1/2024 5:00,72.79661185
3/1/2024 6:00,90.17118784
3/1/2024 7:00,111.1983065
3/1/2024 8:00,106.5500023
3/1/2024 9:00,86.28644238
3/1/2024 10:00,80.47586356
3/1/2024 11:00,59.54166787
3/1/2024 12:00,44.46724227
3/1/2024 13:00,48.80000085
3/1/2024 14:00,63.81864509
3/1/2024 15:00,65.85084876
3/1/2024 16:00,73.22500178
3/1/2024 17:00,74.6550017
3/1/2024 18:00,77.88500163
3/1/2024 19:00,82.28833466
3/1/2024 20:00,84.36833445
3/1/2024 21:00,83.59482903
3/1/2024 22:00,83.25593373
3/1/2024 23:00,86.1300017
3/2/2024,90.17333527
3/2/2024 1:00,95.69666812
3/2/2024 2:00,94.91500117
3/2/2024 3:00,107.5700022
3/2/2024 4:00,113.0379327
3/2/2024 5:00,102.2491542
3/2/2024 6:00,96.08666789
3/2/2024 7:00,115.2810365
3/2/2024 8:00,138.2983358
3/2/2024 9:00,106.463335
3/2/2024 10:00,81.10333506
3/2/2024 11:00,66.0883344
3/2/2024 12:00,71.25689842
3/2/2024 13:00,65.91333421
3/2/2024 14:00,56.19322088
3/2/2024 15:00,64.01000118
3/2/2024 16:00,61.54166762
3/2/2024 17:00,66.20000162
3/2/2024 18:00,70.2183349
3/2/2024 19:00,72.79322181
3/2/2024 20:00,73.53793269
3/2/2024 21:00,78.73220515
3/2/2024 22:00,85.54912447
3/2/2024 23:00,83.71166827
3/3/2024,82.00166817
3/3/2024 1:00,79.20500183
3/3/2024 2:00,75.22666842
3/3/2024 3:00,68.43559524
3/3/2024 4:00,58.17666753
3/3/2024 5:00,62.33898396
3/3/2024 6:00,69.47796676
3/3/2024 7:00,85.56610379
3/3/2024 8:00,77.72833443
3/3/2024 9:00,69.97333508
3/3/2024 10:00,77.04138118
3/3/2024 11:00,69.15166779
3/3/2024 12:00,63.67586333
3/3/2024 13:00,40.59666754
3/3/2024 14:00,36.25000072
3/3/2024 15:00,32.26440727
3/3/2024 16:00,27.967797
3/3/2024 17:00,38.25166753
3/3/2024 18:00,26.30172453
3/3/2024 19:00,30.75254295
3/3/2024 20:00,31.66440725
3/3/2024 21:00,27.52033935
3/3/2024 22:00,28.04237324
3/3/2024 23:00,19.76206941
3/4/2024,21.04500033
3/4/2024 1:00,21.07166707
3/4/2024 2:00,17.25166702
3/4/2024 3:00,20.4036369
3/4/2024 4:00,26.5550004
3/4/2024 5:00,32.6267863
3/4/2024 6:00,42.30678035
3/4/2024 7:00,46.43220449
3/4/2024 8:00,55.21379392
3/4/2024 9:00,61.74237377
3/4/2024 10:00,56.57796717
3/4/2024 11:00,38.32807096
3/4/2024 12:00,18.25166705
3/4/2024 13:00,16.82881386
3/4/2024 14:00,17.31016982
3/4/2024 15:00,17.71034519
3/4/2024 16:00,22.01052676
3/4/2024 17:00,26.26949184
3/4/2024 18:00,29.19322059
3/4/2024 19:00,31.72333406
3/4/2024 20:00,51.16333418
3/4/2024 21:00,34.71355981
3/4/2024 22:00,34.37166713
3/4/2024 23:00,31.04827641
3/5/2024,36.70000054
3/5/2024 1:00,35.30172476
3/5/2024 2:00,28.96896596
3/5/2024 3:00,26.23728852
3/5/2024 4:00,31.07586252
3/5/2024 5:00,37.067242
3/5/2024 6:00,56.78965628
3/5/2024 7:00,78.96000163
3/5/2024 8:00,70.3655187
3/5/2024 9:00,60.90847571
3/5/2024 10:00,46.45000089
3/5/2024 11:00,30.53050895
3/5/2024 12:00,20.69298277
3/5/2024 13:00,11.7900002
3/5/2024 14:00,10.95172431
3/5/2024 15:00,14.05500019
3/5/2024 16:00,15.9915257
3/5/2024 17:00,18.48166698
3/5/2024 18:00,24.05833378
3/5/2024 19:00,36.70169549
3/5/2024 20:00,45.12000109
3/5/2024 21:00,51.95593294
3/5/2024 22:00,49.77118738
3/5/2024 23:00,36.95423776
3/6/2024,36.05000067
3/6/2024 1:00,27.71166703
3/6/2024 2:00,43.28644145
3/6/2024 3:00,43.71551823
3/6/2024 4:00,40.2183342
3/6/2024 5:00,45.1101702
3/6/2024 6:00,75.31833433
3/6/2024 7:00,89.76333504
3/6/2024 8:00,91.45762854
3/6/2024 9:00,68.51666794
3/6/2024 10:00,54.16666743
3/6/2024 11:00,41.38833377
3/6/2024 12:00,15.78644088
3/6/2024 13:00,13.48448301
3/6/2024 14:00,11.35000022
3/6/2024 15:00,9.90166688
3/6/2024 16:00,11.92982476
3/6/2024 17:00,41.42666736
3/6/2024 18:00,69.79666812
3/6/2024 19:00,78.84333445
3/6/2024 20:00,70.84000174
3/6/2024 21:00,65.7271199
3/6/2024 22:00,73.99661126
3/6/2024 23:00,51.63050926
3/7/2024,57.52333425
3/7/2024 1:00,53.10517298
3/7/2024 2:00,60.4898315
3/7/2024 3:00,63.02203479
3/7/2024 4:00,57.46333415
3/7/2024 5:00,65.46206961
3/7/2024 6:00,79.7050017
3/7/2024 7:00,103.8305098
3/7/2024 8:00,91.9898317
3/7/2024 9:00,73.50847606
3/7/2024 10:00,37.00339033
3/7/2024 11:00,23.19310392
3/7/2024 12:00,24.86666698
3/7/2024 13:00,20.46000036
3/7/2024 14:00,15.09661039
3/7/2024 15:00,18.00339025
3/7/2024 16:00,18.10689686
3/7/2024 17:00,28.88644118
3/7/2024 18:00,53.73898393
3/7/2024 19:00,69.96896671
3/7/2024 20:00,63.745764
3/7/2024 21:00,57.69649191
3/7/2024 22:00,57.3796615
3/7/2024 23:00,44.3433341
3/8/2024,33.91666727
3/8/2024 1:00,28.41017012
3/8/2024 2:00,27.31355965
3/8/2024 3:00,26.21016994
3/8/2024 4:00,34.63728856
3/8/2024 5:00,44.91166744
3/8/2024 6:00,69.67758757
3/8/2024 7:00,104.0169514
3/8/2024 8:00,88.08666814
3/8/2024 9:00,75.9779676
3/8/2024 10:00,44.57069032
3/8/2024 11:00,34.62833398
3/8/2024 12:00,26.2949156
3/8/2024 13:00,24.39661052
3/8/2024 14:00,25.90000043
3/8/2024 15:00,43.41379389
3/8/2024 16:00,74.39482899
3/8/2024 17:00,67.91967304
3/8/2024 18:00,71.84333502
3/8/2024 19:00,82.26333478
3/8/2024 20:00,87.32833519
3/8/2024 21:00,101.0728832
3/8/2024 22:00,106.6827599
3/8/2024 23:00,120.1155192
3/9/2024,110.2084762
3/9/2024 1:00,95.03666852
3/9/2024 2:00,95.079662
3/9/2024 3:00,96.23166784
3/9/2024 4:00,92.38393021
3/9/2024 5:00,96.03050995
3/9/2024 6:00,108.4881373
3/9/2024 7:00,126.9233354
3/9/2024 8:00,120.2482769
3/9/2024 9:00,117.3661027
3/9/2024 10:00,109.2762728
3/9/2024 11:00,73.63559471
3/9/2024 12:00,42.04000092
3/9/2024 13:00,46.84035177
3/9/2024 14:00,43.40166734
3/9/2024 15:00,41.98474638
3/9/2024 16:00,44.18983136
3/9/2024 17:00,51.63728895
3/9/2024 18:00,64.14500154
3/9/2024 19:00,70.59491665
3/9/2024 20:00,70.83051016
3/9/2024 21:00,73.36166814
3/9/2024 22:00,74.05862203
3/9/2024 23:00,73.10175578
3/10/2024,69.23965691
3/10/2024 1:00,70.32372995
3/10/2024 2:00,66.71000125
3/10/2024 3:00,63.68305168
3/10/2024 4:00,62.48666744
3/10/2024 5:00,77.57457759
3/10/2024 6:00,87.56724246
3/10/2024 7:00,110.3949171
3/10/2024 8:00,102.9689673
3/10/2024 9:00,86.90862222
3/10/2024 10:00,59.51695025
3/10/2024 11:00,48.36666756
3/10/2024 12:00,49.88833396
3/10/2024 13:00,48.85333417
3/10/2024 14:00,54.33559398
3/10/2024 15:00,57.46271263
3/10/2024 16:00,60.15666758
3/10/2024 17:00,70.87966266
3/10/2024 18:00,78.75172595
3/10/2024 19:00,79.93666801
3/10/2024 20:00,74.88000196
3/10/2024 21:00,78.77500216
3/10/2024 22:00,94.92931156
3/10/2024 23:00,91.40517399
3/11/2024,82.60166829
3/11/2024 1:00,82.28333499
3/11/2024 2:00,79.97544004
3/11/2024 3:00,83.8810363
3/11/2024 4:00,81.69833501
3/11/2024 5:00,96.03666814
3/11/2024 6:00,99.55762844
3/11/2024 7:00,118.6672433
3/11/2024 8:00,122.9728833
3/11/2024 9:00,106.7350018
3/11/2024 10:00,74.64666761
3/11/2024 11:00,65.35689795
3/11/2024 12:00,56.31666762
3/11/2024 13:00,60.89491628
3/11/2024 14:00,54.52666753
3/11/2024 15:00,54.90169577
3/11/2024 16:00,65.59491697
3/11/2024 17:00,70.29166857
3/11/2024 18:00,80.36500168
3/11/2024 19:00,79.94310445
3/11/2024 20:00,78.76271329
3/11/2024 21:00,78.97118804
3/11/2024 22:00,84.46551829
3/11/2024 23:00,79.2216685
3/12/2024,93.23729033
3/12/2024 1:00,80.62833468
3/12/2024 2:00,92.40169577
3/12/2024 3:00,91.28833453
3/12/2024 4:00,87.84310492
3/12/2024 5:00,82.58448423
3/12/2024 6:00,106.9983071
3/12/2024 7:00,125.2516692
3/12/2024 8:00,120.0816685
3/12/2024 9:00,102.901668
3/12/2024 10:00,91.69322179
3/12/2024 11:00,55.755001
3/12/2024 12:00,48.47857223
3/12/2024 13:00,49.05000087
3/12/2024 14:00,43.22500072
3/12/2024 15:00,45.90000089
3/12/2024 16:00,55.67166748
3/12/2024 17:00,60.49833419
3/12/2024 18:00,65.19830607
3/12/2024 19:00,67.09322183
3/12/2024 20:00,63.20508569
3/12/2024 21:00,85.90333468
3/12/2024 22:00,60.63898384
3/12/2024 23:00,53.42833411
3/13/2024,56.6881366
3/13/2024 1:00,64.66271307
3/13/2024 2:00,60.70339054
3/13/2024 3:00,68.14138097
3/13/2024 4:00,69.80508617
3/13/2024 5:00,73.09827693
3/13/2024 6:00,83.28500163
3/13/2024 7:00,107.0116685
3/13/2024 8:00,91.49500122
3/13/2024 9:00,93.70847644
3/13/2024 10:00,75.0689669
3/13/2024 11:00,37.78333413
3/13/2024 12:00,24.95333379
3/13/2024 13:00,27.68833377
3/13/2024 14:00,31.3483339
3/13/2024 15:00,35.20847534
3/13/2024 16:00,46.51896641
3/13/2024 17:00,52.88793176
3/13/2024 18:00,47.41206985
3/13/2024 19:00,42.44166743
3/13/2024 20:00,47.55614117
3/13/2024 21:00,56.18666744
3/13/2024 22:00,56.19322108
3/13/2024 23:00,51.24464342
3/14/2024,54.82105342
3/14/2024 1:00,63.54166756
3/14/2024 2:00,56.52931128
3/14/2024 3:00,51.67457716
3/14/2024 4:00,56.28000132
3/14/2024 5:00,62.03559397
3/14/2024 6:00,79.94237402
3/14/2024 7:00,112.1034502
3/14/2024 8:00,114.4016965
3/14/2024 9:00,101.6103463
3/14/2024 10:00,73.4413804
3/14/2024 11:00,49.96379372
3/14/2024 12:00,39.21551767
3/14/2024 13:00,33.96949228
3/14/2024 14:00,32.76779747
3/14/2024 15:00,35.29661091
3/14/2024 16:00,31.44067842
3/14/2024 17:00,38.21724198
3/14/2024 18:00,57.16071504
3/14/2024 19:00,52.00339055
3/14/2024 20:00,63.58793213
3/14/2024 21:00,67.5016681
3/14/2024 22:00,60.96896658
3/14/2024 23:00,45.7362075
3/15/2024,53.82833398
3/15/2024 1:00,52.18771998
3/15/2024 2:00,56.44067874
3/15/2024 3:00,55.14745842
3/15/2024 4:00,57.91579016
3/15/2024 5:00,68.48666776
3/15/2024 6:00,82.07288257
3/15/2024 7:00,106.4366681
3/15/2024 8:00,80.93050966
3/15/2024 9:00,79.56724292
3/15/2024 10:00,65.21864526
3/15/2024 11:00,40.13103511
3/15/2024 12:00,30.06071469
3/15/2024 13:00,32.2400005
3/15/2024 14:00,33.43559372
3/15/2024 15:00,29.5983339
3/15/2024 16:00,31.25254301
3/15/2024 17:00,39.09482831
3/15/2024 18:00,46.21052699
3/15/2024 19:00,53.88333391
3/15/2024 20:00,54.41166744
3/15/2024 21:00,46.55000062
3/15/2024 22:00,54.6542381
3/15/2024 23:00,58.9271193
3/16/2024,63.0633344
3/16/2024 1:00,57.30000075
3/16/2024 2:00,61.19322146
3/16/2024 3:00,58.35084805
3/16/2024 4:00,59.21166732
3/16/2024 5:00,66.11333478
3/16/2024 6:00,79.16833509
3/16/2024 7:00,114.1150017
3/16/2024 8:00,81.94745888
3/16/2024 9:00,71.65166829
3/16/2024 10:00,64.21379458
3/16/2024 11:00,27.1534486
3/16/2024 12:00,25.4533337
3/16/2024 13:00,29.68214338
3/16/2024 14:00,45.8033906
3/16/2024 15:00,46.26206957
3/16/2024 16:00,41.68666757
3/16/2024 17:00,50.48833421
3/16/2024 18:00,46.92280773
3/16/2024 19:00,65.02711972
3/16/2024 20:00,87.36949352
3/16/2024 21:00,79.44500122
3/16/2024 22:00,83.60508599
3/16/2024 23:00,81.18666827
3/17/2024,73.90833524
3/17/2024 1:00,85.22586375
3/17/2024 2:00,74.46379484
3/17/2024 3:00,63.51551812
3/17/2024 4:00,67.04333477
3/17/2024 5:00,66.76166782
3/17/2024 6:00,80.06271311
3/17/2024 7:00,111.9850019
3/17/2024 8:00,96.03500137
3/17/2024 9:00,82.4607157
3/17/2024 10:00,60.0847468
3/17/2024 11:00,25.41833375
3/17/2024 12:00,21.73508801
3/17/2024 13:00,28.10169527
3/17/2024 14:00,34.87241456
3/17/2024 15:00,42.68644158
3/17/2024 16:00,53.58000081
3/17/2024 17:00,69.670691
3/17/2024 18:00,94.35500132
3/17/2024 19:00,96.96666807
3/17/2024 20:00,99.71166801
3/17/2024 21:00,87.25344954
3/17/2024 22:00,86.28474737
3/17/2024 23:00,85.06500168
3/18/2024,80.4650013
3/18/2024 1:00,82.20000122
3/18/2024 2:00,81.92203522
3/18/2024 3:00,90.68833466
3/18/2024 4:00,104.8491545
3/18/2024 5:00,103.4016679
3/18/2024 6:00,117.9293125
3/18/2024 7:00,133.0169526
3/18/2024 8:00,115.2474592
3/18/2024 9:00,114.6482775
3/18/2024 10:00,89.86964417
3/18/2024 11:00,53.90877289
3/18/2024 12:00,42.19833406
3/18/2024 13:00,48.12166742
3/18/2024 14:00,40.53559391
3/18/2024 15:00,43.34406853
3/18/2024 16:00,64.25666784
3/18/2024 17:00,68.86271299
3/18/2024 18:00,74.32203545
3/18/2024 19:00,83.12280876
3/18/2024 20:00,78.60877335
3/18/2024 21:00,81.10508663
3/18/2024 22:00,86.51052803
3/18/2024 23:00,96.74500135
3/19/2024,94.62712058
3/19/2024 1:00,114.7566685
3/19/2024 2:00,118.2864424
3/19/2024 3:00,121.5423743
3/19/2024 4:00,118.4610184
3/19/2024 5:00,120.7288154
3/19/2024 6:00,145.7016693
3/19/2024 7:00,154.9333366
3/19/2024 8:00,132.8833357
3/19/2024 9:00,124.028336
3/19/2024 10:00,109.7316685
3/19/2024 11:00,46.4866677
3/19/2024 12:00,26.63000043
3/19/2024 13:00,26.53050891
3/19/2024 14:00,29.19830555
3/19/2024 15:00,33.62758686
3/19/2024 16:00,55.77543935
3/19/2024 17:00,72.22500159
3/19/2024 18:00,80.77069131
3/19/2024 19:00,81.13276015
3/19/2024 20:00,84.92542551
3/19/2024 21:00,100.3500015
3/19/2024 22:00,90.18000145
3/19/2024 23:00,97.98474781
3/20/2024,101.4033347
3/20/2024 1:00,111.1750017
3/20/2024 2:00,108.2534503
3/20/2024 3:00,117.3864423
3/20/2024 4:00,110.9508489
3/20/2024 5:00,102.3275879
3/20/2024 6:00,121.5155194
3/20/2024 7:00,112.7000019
3/20/2024 8:00,115.054239
3/20/2024 9:00,83.49166845
3/20/2024 10:00,100.1033917
3/20/2024 11:00,71.72500172
3/20/2024 12:00,48.53000056
3/20/2024 13:00,38.53275924
3/20/2024 14:00,34.84333407
3/20/2024 15:00,37.90339053
3/20/2024 16:00,43.28983106
3/20/2024 17:00,65.01551825
3/20/2024 18:00,64.52069052
3/20/2024 19:00,71.41186627
3/20/2024 20:00,74.54915399
3/20/2024 21:00,71.98500188
3/20/2024 22:00,75.82373112
3/20/2024 23:00,76.23000183
3/21/2024,83.13666852
3/21/2024 1:00,83.09491678
3/21/2024 2:00,86.15333481
3/21/2024 3:00,83.21864565
3/21/2024 4:00,86.78833453
3/21/2024 5:00,84.14576411
3/21/2024 6:00,87.11525571
3/21/2024 7:00,100.2166683
3/21/2024 8:00,90.42203522
3/21/2024 9:00,76.56440864
3/21/2024 10:00,67.15333487
3/21/2024 11:00,49.25593299
3/21/2024 12:00,24.51166709
3/21/2024 13:00,73.81034641
3/21/2024 14:00,86.70689866
3/21/2024 15:00,63.94000111
3/21/2024 16:00,38.89666732
3/21/2024 17:00,71.28135726
3/21/2024 18:00,78.26440843
3/21/2024 19:00,65.20000083
3/21/2024 20:00,56.00833435
3/21/2024 21:00,68.33000107
3/21/2024 22:00,75.97457731
3/21/2024 23:00,74.11356095
3/22/2024,64.61356018
3/22/2024 1:00,62.96610273
3/22/2024 2:00,72.01017102
3/22/2024 3:00,51.17288208
3/22/2024 4:00,34.44576351
3/22/2024 5:00,41.31166744
3/22/2024 6:00,47.84000079
3/22/2024 7:00,52.36166751
3/22/2024 8:00,61.03666776
3/22/2024 9:00,61.61272812
3/22/2024 10:00,56.3966111
3/22/2024 11:00,55.46666724
3/22/2024 12:00,50.91864505
3/22/2024 13:00,42.13050933
3/22/2024 14:00,41.1293112
3/22/2024 15:00,33.63000043
3/22/2024 16:00,35.55254312
3/22/2024 17:00,36.49661077
3/22/2024 18:00,45.12881437
3/22/2024 19:00,43.72166761
3/22/2024 20:00,47.71333408
3/22/2024 21:00,53.61017027
3/22/2024 22:00,38.72666721
3/22/2024 23:00,47.68666738
3/23/2024,43.16000093
3/23/2024 1:00,56.20000096
3/23/2024 2:00,40.27118722
3/23/2024 3:00,35.36551798
3/23/2024 4:00,31.3379315
3/23/2024 5:00,24.58166704
3/23/2024 6:00,22.30000035
3/23/2024 7:00,28.39333394
3/23/2024 8:00,25.42931083
3/23/2024 9:00,27.84500036
3/23/2024 10:00,28.58965568
3/23/2024 11:00,14.94385987
3/23/2024 12:00,15.21000029
3/23/2024 13:00,20.49824591
3/23/2024 14:00,25.15593267
3/23/2024 15:00,31.9466671
3/23/2024 16:00,41.70833422
3/23/2024 17:00,54.51000061
3/23/2024 18:00,61.20169572
3/23/2024 19:00,67.78000132
3/23/2024 20:00,76.94576406
3/23/2024 21:00,66.83898434
3/23/2024 22:00,64.83220466
3/23/2024 23:00,69.55087856
3/24/2024,71.60333519
3/24/2024 1:00,67.99666862
3/24/2024 2:00,67.1516681
3/24/2024 3:00,69.38965607
3/24/2024 4:00,72.12666804
3/24/2024 5:00,75.71666807
3/24/2024 6:00,85.13051049
3/24/2024 7:00,98.68983188
3/24/2024 8:00,101.4508487
3/24/2024 9:00,89.99500186
3/24/2024 10:00,66.24035216
3/24/2024 11:00,67.92333482
3/24/2024 12:00,56.2033343
3/24/2024 13:00,52.59491607
3/24/2024 14:00,54.930001
3/24/2024 15:00,57.76779731
3/24/2024 16:00,63.23559409
3/24/2024 17:00,67.64237407
3/24/2024 18:00,69.13729005
3/24/2024 19:00,73.14000155
3/24/2024 20:00,69.37193164
3/24/2024 21:00,65.71500161
3/24/2024 22:00,64.60000172
3/24/2024 23:00,68.72758819
3/25/2024,67.84237438
3/25/2024 1:00,71.68983188
3/25/2024 2:00,69.56949286
3/25/2024 3:00,70.14666799
3/25/2024 4:00,73.36833445
3/25/2024 5:00,77.72203555
3/25/2024 6:00,75.98276007
3/25/2024 7:00,92.17586346
3/25/2024 8:00,71.75666803
3/25/2024 9:00,59.55666739
3/25/2024 10:00,46.29500058
3/25/2024 11:00,41.16666734
3/25/2024 12:00,39.70500075
3/25/2024 13:00,41.77758704
3/25/2024 14:00,36.39000082
3/25/2024 15:00,36.36000061
3/25/2024 16:00,36.98500086
3/25/2024 17:00,47.02982565
3/25/2024 18:00,56.05254293
3/25/2024 19:00,62.30000083
3/25/2024 20:00,68.0033912
3/25/2024 21:00,62.13389937
3/25/2024 22:00,57.20689747
3/25/2024 23:00,46.70666749
3/26/2024,36.88474626
3/26/2024 1:00,32.0830512
3/26/2024 2:00,33.99138013
3/26/2024 3:00,44.46779742
3/26/2024 4:00,37.59666735
3/26/2024 5:00,63.72881518
3/26/2024 6:00,70.79166845
3/26/2024 7:00,75.97758747
3/26/2024 8:00,80.2610184
3/26/2024 9:00,68.41833477
3/26/2024 10:00,56.46724221
3/26/2024 11:00,50.72666715
3/26/2024 12:00,54.26271264
3/26/2024 13:00,56.88474662
3/26/2024 14:00,58.40689699
3/26/2024 15:00,55.54406861
3/26/2024 16:00,55.16779735
3/26/2024 17:00,60.70333398
3/26/2024 18:00,68.42373004
3/26/2024 19:00,68.48474742
3/26/2024 20:00,70.28474762
3/26/2024 21:00,72.88135723
3/26/2024 22:00,71.80666835
3/26/2024 23:00,68.76166789
3/27/2024,67.635089
3/27/2024 1:00,67.79138092
3/27/2024 2:00,67.47241513
3/27/2024 3:00,67.78983203
3/27/2024 4:00,69.54406932
3/27/2024 5:00,71.82069173
3/27/2024 6:00,74.77833506
3/27/2024 7:00,85.8491542
3/27/2024 8:00,84.5152553
3/27/2024 9:00,83.54000168
3/27/2024 10:00,69.11186548
3/27/2024 11:00,69.27166786
3/27/2024 12:00,58.28644148
3/27/2024 13:00,52.80500056
3/27/2024 14:00,51.77586306
3/27/2024 15:00,57.70000083
3/27/2024 16:00,59.40833416
3/27/2024 17:00,65.21896691
3/27/2024 18:00,66.57796756
3/27/2024 19:00,64.87333431
3/27/2024 20:00,57.22711964
3/27/2024 21:00,43.12166748
3/27/2024 22:00,43.20000083
3/27/2024 23:00,46.08813625
3/28/2024,39.66724225
3/28/2024 1:00,38.21695011
3/28/2024 2:00,43.98500055
3/28/2024 3:00,48.63728901
3/28/2024 4:00,44.0033343
3/28/2024 5:00,43.75000089
3/28/2024 6:00,46.01525491
3/28/2024 7:00,49.08166752
3/28/2024 8:00,64.48333454
3/28/2024 9:00,67.90339072
3/28/2024 10:00,44.00500097
3/28/2024 11:00,20.18666708
3/28/2024 12:00,17.57666691
3/28/2024 13:00,16.97500024
3/28/2024 14:00,27.9983338
3/28/2024 15:00,31.32413831
3/28/2024 16:00,32.72833411
3/28/2024 17:00,41.71579006
3/28/2024 18:00,46.69666754
3/28/2024 19:00,60.44000098
3/28/2024 20:00,69.06101873
3/28/2024 21:00,66.6448284
3/28/2024 22:00,63.12000135
3/28/2024 23:00,60.30339057
3/29/2024,59.3583341
3/29/2024 1:00,56.53965588
3/29/2024 2:00,51.94000085
3/29/2024 3:00,51.16500085
3/29/2024 4:00,49.50000091
3/29/2024 5:00,50.64833406
3/29/2024 6:00,60.00833441
3/29/2024 7:00,88.62711981
3/29/2024 8:00,69.35932315
3/29/2024 9:00,54.1850008
3/29/2024 10:00,44.85333436
3/29/2024 11:00,40.98474664
3/29/2024 12:00,39.5067804
3/29/2024 13:00,31.30666733
3/29/2024 14:00,28.43220397
3/29/2024 15:00,30.9233338
3/29/2024 16:00,32.57758673
3/29/2024 17:00,35.66949224
3/29/2024 18:00,43.70508556
3/29/2024 19:00,60.09491626
3/29/2024 20:00,79.9413802
3/29/2024 21:00,75.76207023
3/29/2024 22:00,50.15517327
3/29/2024 23:00,47.84406862
3/30/2024,49.36779753
3/30/2024 1:00,63.2169503
3/30/2024 2:00,58.28644174
3/30/2024 3:00,66.88833453
3/30/2024 4:00,72.24915372
3/30/2024 5:00,83.88333486
3/30/2024 6:00,82.83898409
3/30/2024 7:00,63.70847586
3/30/2024 8:00,91.64333509
3/30/2024 9:00,74.28448388
3/30/2024 10:00,41.85438685
3/30/2024 11:00,37.83666744
3/30/2024 12:00,35.09166743
3/30/2024 13:00,34.71228148
3/30/2024 14:00,36.3800005
3/30/2024 15:00,34.64166756
3/30/2024 16:00,38.81500072
3/30/2024 17:00,47.96271263
3/30/2024 18:00,61.66333453
3/30/2024 19:00,64.80172558
3/30/2024 20:00,19.34821456
3/30/2024 21:00,22.18983091
3/30/2024 22:00,28.46271227
3/30/2024 23:00,27.02333371
3/31/2024,32.40689705
3/31/2024 1:00,38.07166742
3/31/2024 2:00,42.72881434
3/31/2024 3:00,36.46949238
3/31/2024 4:00,50.12758725
3/31/2024 5:00,73.58135747
3/31/2024 6:00,79.23333492
3/31/2024 7:00,55.0172423
3/31/2024 8:00,59.58103575
3/31/2024 9:00,53.82881449
3/31/2024 10:00,48.66315882
3/31/2024 11:00,20.47796634
3/31/2024 12:00,14.09491537
3/31/2024 13:00,16.46333359
3/31/2024 14:00,20.06440724
3/31/2024 15:00,22.45166709
3/31/2024 16:00,26.03666703
3/31/2024 17:00,32.85438658
3/31/2024 18:00,38.87966214
3/31/2024 19:00,33.56000055
3/31/2024 20:00,23.65254276
3/31/2024 21:00,24.14833358
3/31/2024 22:00,42.81500072
3/31/2024 23:00,35.82881417
4/1/2024,64.14915356
4/1/2024 1:00,53.30678086
4/1/2024 2:00,42.44406852
4/1/2024 3:00,44.73000081
4/1/2024 4:00,48.64500065
4/1/2024 5:00,47.78000081
4/1/2024 6:00,81.85833486
4/1/2024 7:00,71.68305239
4/1/2024 8:00,53.29500071
4/1/2024 9:00,67.93050953
4/1/2024 10:00,46.38275942
4/1/2024 11:00,24.29482802
4/1/2024 12:00,25.19500027
4/1/2024 13:00,24.3254241
4/1/2024 14:00,23.62280742
4/1/2024 15:00,20.76833367
4/1/2024 16:00,25.36896584
4/1/2024 17:00,33.2400006
4/1/2024 18:00,48.2089292
4/1/2024 19:00,53.90847513
4/1/2024 20:00,67.74915417
4/1/2024 21:00,60.20166798
4/1/2024 22:00,58.80172519
4/1/2024 23:00,58.08421165
4/2/2024,61.64745874
4/2/2024 1:00,60.62500102
4/2/2024 2:00,55.52203486
4/2/2024 3:00,58.54482874
4/2/2024 4:00,67.96500117
4/2/2024 5:00,77.73448418
4/2/2024 6:00,93.16000125
4/2/2024 7:00,111.4071444
4/2/2024 8:00,81.62881496
4/2/2024 9:00,66.76666807
4/2/2024 10:00,51.09322105
4/2/2024 11:00,36.53103519
4/2/2024 12:00,26.68181863
4/2/2024 13:00,35.5983339
4/2/2024 14:00,55.79322123
4/2/2024 15:00,88.31695026
4/2/2024 16:00,112.7593232
4/2/2024 17:00,98.73166822
4/2/2024 18:00,82.34482877
4/2/2024 19:00,76.40508658
4/2/2024 20:00,71.64482906
4/2/2024 21:00,89.06379489
4/2/2024 22:00,82.84833476
4/2/2024 23:00,79.66000112
4/3/2024,86.41666819
4/3/2024 1:00,85.98793319
4/3/2024 2:00,82.53103598
4/3/2024 3:00,84.32000135
4/3/2024 4:00,94.45000114
4/3/2024 5:00,96.73833491
4/3/2024 6:00,101.6830518
4/3/2024 7:00,115.2616681
4/3/2024 8:00,95.58000196
4/3/2024 9:00,83.32203584
4/3/2024 10:00,58.91666749
4/3/2024 11:00,42.47118707
4/3/2024 12:00,34.4372888
4/3/2024 13:00,36.3600008
4/3/2024 14:00,48.14500065
4/3/2024 15:00,79.71551869
4/3/2024 16:00,97.93103567
4/3/2024 17:00,110.4966682
4/3/2024 18:00,123.9701766
4/3/2024 19:00,116.1491544
4/3/2024 20:00,106.2833349
4/3/2024 21:00,101.9416682
4/3/2024 22:00,103.6864422
4/3/2024 23:00,116.1655185
4/4/2024,108.7433348
4/4/2024 1:00,114.2322046
4/4/2024 2:00,112.4327607
4/4/2024 3:00,105.0450016
4/4/2024 4:00,102.5051738
4/4/2024 5:00,102.415256
4/4/2024 6:00,121.898335
4/4/2024 7:00,137.0186488
4/4/2024 8:00,116.2736861
4/4/2024 9:00,97.81864554
4/4/2024 10:00,65.39491686
4/4/2024 11:00,30.24576316
4/4/2024 12:00,26.7490912
4/4/2024 13:00,21.3152547
4/4/2024 14:00,23.88500032
4/4/2024 15:00,23.05172453
4/4/2024 16:00,39.49830563
4/4/2024 17:00,56.08166758
4/4/2024 18:00,74.57796763
4/4/2024 19:00,83.99649262
4/4/2024 20:00,85.10666847
4/4/2024 21:00,105.5600019
4/4/2024 22:00,106.3166679
4/4/2024 23:00,85.69500148
4/5/2024,79.6216685
4/5/2024 1:00,94.69830658
4/5/2024 2:00,105.6810363
4/5/2024 3:00,96.15500196
4/5/2024 4:00,77.09500097
4/5/2024 5:00,71.14576379
4/5/2024 6:00,85.22881485
4/5/2024 7:00,97.67166773
4/5/2024 8:00,90.9950016
4/5/2024 9:00,94.1220354
4/5/2024 10:00,68.09491646
4/5/2024 11:00,37.08500074
4/5/2024 12:00,30.47758658
4/5/2024 13:00,32.93965586
4/5/2024 14:00,52.26101775
4/5/2024 15:00,97.72542533
4/5/2024 16:00,98.2733345
4/5/2024 17:00,99.98333499
4/5/2024 18:00,101.2866679
4/5/2024 19:00,99.96896717
4/5/2024 20:00,109.9550012
4/5/2024 21:00,94.12373003
4/5/2024 22:00,98.9949174
4/5/2024 23:00,87.54310516
4/6/2024,80.76551871
4/6/2024 1:00,80.22833468
4/6/2024 2:00,86.452544
4/6/2024 3:00,84.80333455
4/6/2024 4:00,90.42203535
4/6/2024 5:00,91.68644223
4/6/2024 6:00,168.5576302
4/6/2024 7:00,139.1655188
4/6/2024 8:00,103.2050867
4/6/2024 9:00,107.8254251
4/6/2024 10:00,89.09830695
4/6/2024 11:00,52.6948283
4/6/2024 12:00,37.80000043
4/6/2024 13:00,37.76779724
4/6/2024 14:00,31.49830572
4/6/2024 15:00,29.82456204
4/6/2024 16:00,71.62931192
4/6/2024 17:00,61.05500107
4/6/2024 18:00,74.11896719
4/6/2024 19:00,85.24666837
4/6/2024 20:00,103.400001
4/6/2024 21:00,91.01379473
4/6/2024 22:00,88.25000197
4/6/2024 23:00,82.36000163
4/7/2024,83.15333494
4/7/2024 1:00,77.36610348
4/7/2024 2:00,79.39500186
4/7/2024 3:00,83.01929996
4/7/2024 4:00,78.5450016
4/7/2024 5:00,84.77017694
4/7/2024 6:00,99.44666824
4/7/2024 7:00,110.4433355
4/7/2024 8:00,83.31929966
4/7/2024 9:00,68.84000149
4/7/2024 10:00,56.00169586
4/7/2024 11:00,33.57288205
4/7/2024 12:00,35.5271191
4/7/2024 13:00,46.20166759
4/7/2024 14:00,86.61166833
4/7/2024 15:00,91.8000015
4/7/2024 16:00,99.7327598
4/7/2024 17:00,85.37333488
4/7/2024 18:00,84.94827744
4/7/2024 19:00,95.42373037
4/7/2024 20:00,95.53833466
4/7/2024 21:00,88.9600015
4/7/2024 22:00,71.69166838
4/7/2024 23:00,71.72833494
4/8/2024,74.39827728
4/8/2024 1:00,70.05172545
4/8/2024 2:00,78.37457806
4/8/2024 3:00,70.09491684
4/8/2024 4:00,69.22500153
4/8/2024 5:00,74.22833449
4/8/2024 6:00,95.89138084
4/8/2024 7:00,109.2300016
4/8/2024 8:00,99.42069073
4/8/2024 9:00,85.97288319
4/8/2024 10:00,68.3847472
4/8/2024 11:00,56.05254351
4/8/2024 12:00,53.8616677
4/8/2024 13:00,58.96779749
4/8/2024 14:00,63.82833417
4/8/2024 15:00,57.23728885
4/8/2024 16:00,57.54138013
4/8/2024 17:00,56.38947437
4/8/2024 18:00,74.86271286
4/8/2024 19:00,88.31071608
4/8/2024 20:00,95.5779675
4/8/2024 21:00,91.41333542
4/8/2024 22:00,83.31525589
4/8/2024 23:00,83.90000217
4/9/2024,85.25666847
4/9/2024 1:00,87.44386144
4/9/2024 2:00,89.88166758
4/9/2024 3:00,89.29298374
4/9/2024 4:00,91.84333471
4/9/2024 5:00,101.3440691
4/9/2024 6:00,128.6383354
4/9/2024 7:00,135.1016992
4/9/2024 8:00,136.2800025
4/9/2024 9:00,122.8816689
4/9/2024 10:00,100.5700013
4/9/2024 11:00,60.69827685
4/9/2024 12:00,55.93000088
4/9/2024 13:00,63.4133344
4/9/2024 14:00,68.05666771
4/9/2024 15:00,87.72166773
4/9/2024 16:00,80.33684339
4/9/2024 17:00,86.20172553
4/9/2024 18:00,105.0932218
4/9/2024 19:00,120.8491542
4/9/2024 20:00,138.6379342
4/9/2024 21:00,128.5766689
4/9/2024 22:00,125.7389859
4/9/2024 23:00,130.4916692
4/10/2024,139.3310371
4/10/2024 1:00,139.1500031
4/10/2024 2:00,144.7016696
4/10/2024 3:00,131.2300028
4/10/2024 4:00,141.5448314
4/10/2024 5:00,154.3118682
4/10/2024 6:00,166.2491556
4/10/2024 7:00,186.3237325
4/10/2024 8:00,179.8800041
4/10/2024 9:00,149.2644096
4/10/2024 10:00,97.9721327
4/10/2024 11:00,64.28333441
4/10/2024 12:00,56.86500066
4/10/2024 13:00,60.74067856
4/10/2024 14:00,60.62166735
4/10/2024 15:00,58.44745849
4/10/2024 16:00,50.47000103
4/10/2024 17:00,47.66666743
4/10/2024 18:00,60.09464407
4/10/2024 19:00,95.90333481
4/10/2024 20:00,105.4896565
4/10/2024 21:00,112.4271204
4/10/2024 22:00,100.9593236
4/10/2024 23:00,99.60339187
4/11/2024,99.47333501
4/11/2024 1:00,99.66101798
4/11/2024 2:00,102.8785731
4/11/2024 3:00,101.7491542
4/11/2024 4:00,106.0915271
4/11/2024 5:00,108.3766683
4/11/2024 6:00,131.3966125
4/11/2024 7:00,159.5666707
4/11/2024 8:00,118.1233349
4/11/2024 9:00,114.6383347
4/11/2024 10:00,114.2283351
4/11/2024 11:00,96.59491639
4/11/2024 12:00,70.97666779
4/11/2024 13:00,71.90862208
4/11/2024 14:00,84.29152692
4/11/2024 15:00,79.7583348
4/11/2024 16:00,50.00166753
4/11/2024 17:00,42.97457705
4/11/2024 18:00,52.72807105
4/11/2024 19:00,65.17288253
4/11/2024 20:00,75.76500155
4/11/2024 21:00,75.8750014
4/11/2024 22:00,80.64576372
4/11/2024 23:00,74.42203509
4/12/2024,72.20666809
4/12/2024 1:00,69.49833476
4/12/2024 2:00,66.58666795
4/12/2024 3:00,74.73000209
4/12/2024 4:00,67.81034601
4/12/2024 5:00,72.84067988
4/12/2024 6:00,108.8644086
4/12/2024 7:00,106.3683353
4/12/2024 8:00,98.53500137
4/12/2024 9:00,89.00678137
4/12/2024 10:00,72.2550017
4/12/2024 11:00,68.83728952
4/12/2024 12:00,48.22758694
4/12/2024 13:00,46.99333433
4/12/2024 14:00,48.82203474
4/12/2024 15:00,54.23500061
4/12/2024 16:00,60.06166744
4/12/2024 17:00,66.10000125
4/12/2024 18:00,88.2677977
4/12/2024 19:00,89.99322174
4/12/2024 20:00,100.9983072
4/12/2024 21:00,112.0672423
4/12/2024 22:00,101.6783351
4/12/2024 23:00,104.8271202
4/13/2024,94.4050012
4/13/2024 1:00,96.10166804
4/13/2024 2:00,97.60500158
4/13/2024 3:00,99.0983063
4/13/2024 4:00,101.089475
4/13/2024 5:00,116.8600021
4/13/2024 6:00,119.195002
4/13/2024 7:00,109.8827604
4/13/2024 8:00,110.2383348
4/13/2024 9:00,95.69500173
4/13/2024 10:00,72.90833492
4/13/2024 11:00,67.47413925
4/13/2024 12:00,60.17627173
4/13/2024 13:00,63.78983158
4/13/2024 14:00,64.5677979
4/13/2024 15:00,48.33666744
4/13/2024 16:00,48.04237372
4/13/2024 17:00,55.3327594
4/13/2024 18:00,58.25254324
4/13/2024 19:00,77.77166837
4/13/2024 20:00,77.75254343
4/13/2024 21:00,74.75423871
4/13/2024 22:00,95.89298396
4/13/2024 23:00,92.85833562
4/14/2024,88.04067941
4/14/2024 1:00,92.19482935
4/14/2024 2:00,90.98474716
4/14/2024 3:00,91.27678721
4/14/2024 4:00,94.956898
4/14/2024 5:00,108.3423746
4/14/2024 6:00,110.6950019
4/14/2024 7:00,123.1271205
4/14/2024 8:00,104.2800014
4/14/2024 9:00,85.60000161
4/14/2024 10:00,74.86610374
4/14/2024 11:00,37.26500063
4/14/2024 12:00,34.99830611
4/14/2024 13:00,36.66440776
4/14/2024 14:00,34.70339067
4/14/2024 15:00,43.03928634
4/14/2024 16:00,50.64745835
4/14/2024 17:00,57.44000092
4/14/2024 18:00,68.35172548
4/14/2024 19:00,67.82500178
4/14/2024 20:00,70.94500122
4/14/2024 21:00,71.20508608
4/14/2024 22:00,72.47500127
4/14/2024 23:00,74.38166784
4/15/2024,79.94833476
4/15/2024 1:00,83.47288306
4/15/2024 2:00,83.73666865
4/15/2024 3:00,84.88166809
4/15/2024 4:00,88.84655328
4/15/2024 5:00,97.68275978
4/15/2024 6:00,113.2135606
4/15/2024 7:00,118.3683348
4/15/2024 8:00,98.46166763
4/15/2024 9:00,86.31695065
4/15/2024 10:00,63.14912361
4/15/2024 11:00,50.7166673
4/15/2024 12:00,49.6666673
4/15/2024 13:00,52.09666729
4/15/2024 14:00,57.07500064
4/15/2024 15:00,63.9672428
4/15/2024 16:00,66.80862177
4/15/2024 17:00,59.23898393
4/15/2024 18:00,63.47833455
4/15/2024 19:00,103.3428589
4/15/2024 20:00,98.36833496
4/15/2024 21:00,98.04166756
4/15/2024 22:00,88.94666875
4/15/2024 23:00,92.53859804
4/16/2024,101.4066682
4/16/2024 1:00,108.1881367
4/16/2024 2:00,108.4385985
4/16/2024 3:00,108.233335
4/16/2024 4:00,116.369493
4/16/2024 5:00,124.4169508
4/16/2024 6:00,138.9283368
4/16/2024 7:00,128.3614056
4/16/2024 8:00,94.19833488
4/16/2024 9:00,88.3644082
4/16/2024 10:00,81.87288291
4/16/2024 11:00,67.25172536
4/16/2024 12:00,44.67333425
4/16/2024 13:00,53.00333424
4/16/2024 14:00,52.55166753
4/16/2024 15:00,56.24000092
4/16/2024 16:00,65.5300012
4/16/2024 17:00,71.22833532
4/16/2024 18:00,71.34500141
4/16/2024 19:00,84.13500163
4/16/2024 20:00,82.08833472
4/16/2024 21:00,55.35833403
4/16/2024 22:00,57.27500089
4/16/2024 23:00,60.2000007
4/17/2024,66.22166793
4/17/2024 1:00,62.02500102
4/17/2024 2:00,60.71833401
4/17/2024 3:00,56.63666763
4/17/2024 4:00,52.23333416
4/17/2024 5:00,56.66333427
4/17/2024 6:00,80.88333518
4/17/2024 7:00,89.76333427
4/17/2024 8:00,68.89500148
4/17/2024 9:00,60.01833388
4/17/2024 10:00,42.33166755
4/17/2024 11:00,39.39666723
4/17/2024 12:00,43.00000095
4/17/2024 13:00,48.50000095
4/17/2024 14:00,48.12000084
4/17/2024 15:00,54.16166738
4/17/2024 16:00,57.25833416
4/17/2024 17:00,62.59333413
4/17/2024 18:00,70.39666812
4/17/2024 19:00,81.0350015
4/17/2024 20:00,81.20172553
4/17/2024 21:00,84.79152705
4/17/2024 22:00,85.77666817
4/17/2024 23:00,81.67069126
4/18/2024,81.77627253
4/18/2024 1:00,88.15932387
4/18/2024 2:00,82.45833435
4/18/2024 3:00,83.16610304
4/18/2024 4:00,93.63158096
4/18/2024 5:00,92.78983165
4/18/2024 6:00,111.3450019
4/18/2024 7:00,115.3533351
4/18/2024 8:00,91.48166873
4/18/2024 9:00,85.00833473
4/18/2024 10:00,67.63275988
4/18/2024 11:00,51.5482767
4/18/2024 12:00,50.8950009
4/18/2024 13:00,47.2620697
4/18/2024 14:00,46.81333415
4/18/2024 15:00,55.14482834
4/18/2024 16:00,54.15862149
4/18/2024 17:00,52.8192992
4/18/2024 18:00,60.63559406
4/18/2024 19:00,63.8661029
4/18/2024 20:00,60.20678039
4/18/2024 21:00,60.09482851
4/18/2024 22:00,62.6847465
4/18/2024 23:00,70.42712001
4/19/2024,78.55000114
4/19/2024 1:00,84.33333534
4/19/2024 2:00,83.44745933
4/19/2024 3:00,103.8491543
4/19/2024 4:00,98.88245726
4/19/2024 5:00,102.4677984
4/19/2024 6:00,127.2533349
4/19/2024 7:00,111.3983345
4/19/2024 8:00,95.78103572
4/19/2024 9:00,76.71500117
4/19/2024 10:00,71.56500117
4/19/2024 11:00,64.31017051
4/19/2024 12:00,54.69152612
4/19/2024 13:00,50.5711871
4/19/2024 14:00,54.51166725
4/19/2024 15:00,53.44166743
4/19/2024 16:00,52.55166721
4/19/2024 17:00,55.48305169
4/19/2024 18:00,63.76666781
4/19/2024 19:00,86.99166845
4/19/2024 20:00,93.98500112
4/19/2024 21:00,94.44821535
4/19/2024 22:00,87.22500153
4/19/2024 23:00,83.60172522
4/20/2024,71.40500126
4/20/2024 1:00,61.87966188
4/20/2024 2:00,66.28000132
4/20/2024 3:00,66.73500144
4/20/2024 4:00,71.72000122
4/20/2024 5:00,72.31333516
4/20/2024 6:00,102.9542388
4/20/2024 7:00,88.56500142
4/20/2024 8:00,80.06034667
4/20/2024 9:00,70.34655347
4/20/2024 10:00,66.405086
4/20/2024 11:00,56.6650006
4/20/2024 12:00,40.71500092
4/20/2024 13:00,41.37000081
4/20/2024 14:00,37.71694998
4/20/2024 15:00,35.94915303
4/20/2024 16:00,40.26833401
4/20/2024 17:00,46.32000071
4/20/2024 18:00,48.36949209
4/20/2024 19:00,51.74237377
4/20/2024 20:00,45.86779721
4/20/2024 21:00,48.10892957
4/20/2024 22:00,41.8576278
4/20/2024 23:00,47.55423801
4/21/2024,52.45666746
4/21/2024 1:00,50.42203464
4/21/2024 2:00,58.05689759
4/21/2024 3:00,60.59491639
4/21/2024 4:00,65.24333452
4/21/2024 5:00,66.36206943
4/21/2024 6:00,95.10000137
4/21/2024 7:00,103.293105
4/21/2024 8:00,82.25254395
4/21/2024 9:00,78.18276004
4/21/2024 10:00,66.43103573
4/21/2024 11:00,28.46779712
4/21/2024 12:00,21.59500044
4/21/2024 13:00,23.10847496
4/21/2024 14:00,31.17193035
4/21/2024 15:00,47.7135604
4/21/2024 16:00,62.81695046
4/21/2024 17:00,71.16333504
4/21/2024 18:00,73.80847608
4/21/2024 19:00,78.6220354
4/21/2024 20:00,100.4616683
4/21/2024 21:00,101.7050012
4/21/2024 22:00,96.48333524
4/21/2024 23:00,89.86000112
4/22/2024,96.79833539
4/22/2024 1:00,113.5950019
4/22/2024 2:00,89.25500145
4/22/2024 3:00,101.2433347
4/22/2024 4:00,97.45932343
4/22/2024 5:00,110.9566686
4/22/2024 6:00,130.4216693
4/22/2024 7:00,149.9400026
4/22/2024 8:00,105.8433348
4/22/2024 9:00,99.75084893
4/22/2024 10:00,79.58275986
4/22/2024 11:00,66.69661111
4/22/2024 12:00,67.87000122
4/22/2024 13:00,60.27966244
4/22/2024 14:00,28.80833359
4/22/2024 15:00,40.92280773
4/22/2024 16:00,45.79833419
4/22/2024 17:00,43.75932306
4/22/2024 18:00,45.97288222
4/22/2024 19:00,46.30333443
4/22/2024 20:00,44.57457701
4/22/2024 21:00,42.50333405
4/22/2024 22:00,43.23166752
4/22/2024 23:00,53.3250007
4/23/2024,54.83559405
4/23/2024 1:00,62.50500069
4/23/2024 2:00,57.4016674
4/23/2024 3:00,59.86440794
4/23/2024 4:00,56.17796701
4/23/2024 5:00,60.33898376
4/23/2024 6:00,86.28421195
4/23/2024 7:00,78.76101807
4/23/2024 8:00,72.94833469
4/23/2024 9:00,48.8816672
4/23/2024 10:00,31.65932251
4/23/2024 11:00,24.86271212
4/23/2024 12:00,25.56949189
4/23/2024 13:00,30.14745806
4/23/2024 14:00,32.74333391
4/23/2024 15:00,31.98305127
4/23/2024 16:00,37.25593308
4/23/2024 17:00,39.28474633
4/23/2024 18:00,41.84500078
4/23/2024 19:00,42.86551791
4/23/2024 20:00,55.67288214
4/23/2024 21:00,60.34745892
4/23/2024 22:00,45.10169556
4/23/2024 23:00,44.96333396
4/24/2024,49.10169576
4/24/2024 1:00,64.49152665
4/24/2024 2:00,66.25084874
4/24/2024 3:00,77.30508656
4/24/2024 4:00,73.13333467
4/24/2024 5:00,75.41052735
4/24/2024 6:00,97.38666827
4/24/2024 7:00,81.7933349
4/24/2024 8:00,66.30508617
4/24/2024 9:00,71.22000078
4/24/2024 10:00,51.76833401
4/24/2024 11:00,40.11695002
4/24/2024 12:00,54.78103513
4/24/2024 13:00,48.86166732
4/24/2024 14:00,43.85500081
4/24/2024 15:00,47.10166747
4/24/2024 16:00,48.24237339
4/24/2024 17:00,50.0610177
4/24/2024 18:00,65.84333458
4/24/2024 19:00,63.2864418
4/24/2024 20:00,93.61379466
4/24/2024 21:00,77.27966296
4/24/2024 22:00,70.00508654
4/24/2024 23:00,58.11000093
4/25/2024,57.94333433
4/25/2024 1:00,60.92500102
4/25/2024 2:00,66.28666795
4/25/2024 3:00,70.75172543
4/25/2024 4:00,71.49661151
4/25/2024 5:00,85.05000174
4/25/2024 6:00,114.2633349
4/25/2024 7:00,112.2116683
4/25/2024 8:00,85.29827776
4/25/2024 9:00,83.84333496
4/25/2024 10:00,80.60833511
4/25/2024 11:00,55.3550005
4/25/2024 12:00,59.11017007
4/25/2024 13:00,58.91500066
4/25/2024 14:00,59.47833424
4/25/2024 15:00,63.1396564
4/25/2024 16:00,63.49830621
4/25/2024 17:00,70.53220477
4/25/2024 18:00,82.22500102
4/25/2024 19:00,106.1783352
4/25/2024 20:00,109.1950007
4/25/2024 21:00,89.53103585
4/25/2024 22:00,108.1396567
4/25/2024 23:00,107.9533353
4/26/2024,104.1672428
4/26/2024 1:00,79.12833494
4/26/2024 2:00,93.13166809
4/26/2024 3:00,101.3116685
4/26/2024 4:00,109.4583349
4/26/2024 5:00,134.5220371
4/26/2024 6:00,160.3542404
4/26/2024 7:00,210.689833
4/26/2024 8:00,159.5086237
4/26/2024 9:00,134.3233353
4/26/2024 10:00,120.0700026
4/26/2024 11:00,82.60847609
4/26/2024 12:00,74.60862212
4/26/2024 13:00,76.11864614
4/26/2024 14:00,76.74067921
4/26/2024 15:00,83.77627253
4/26/2024 16:00,82.58833491
4/26/2024 17:00,78.65333494
4/26/2024 18:00,78.5600015
4/26/2024 19:00,107.2566686
4/26/2024 20:00,127.7155199
4/26/2024 21:00,139.5508803
4/26/2024 22:00,123.7800025
4/26/2024 23:00,118.503451
4/27/2024,116.2542388
4/27/2024 1:00,96.97500178
4/27/2024 2:00,106.006898
4/27/2024 3:00,105.243335
4/27/2024 4:00,132.4616694
4/27/2024 5:00,130.6150031
4/27/2024 6:00,158.233902
4/27/2024 7:00,169.4118681
4/27/2024 8:00,130.1083359
4/27/2024 9:00,108.2644083
4/27/2024 10:00,97.19830658
4/27/2024 11:00,71.29333458
4/27/2024 12:00,75.20000147
4/27/2024 13:00,72.60666796
4/27/2024 14:00,61.06101789
4/27/2024 15:00,58.7728823
4/27/2024 16:00,38.83333378
4/27/2024 17:00,46.13620761
4/27/2024 18:00,66.49666773
4/27/2024 19:00,79.57457746
4/27/2024 20:00,91.54833488
4/27/2024 21:00,71.9210541
4/27/2024 22:00,58.07627216
4/27/2024 23:00,92.64166819
4/28/2024,118.3654566
4/28/2024 1:00,117.8733354
4/28/2024 2:00,97.60000184
4/28/2024 3:00,117.4964937
4/28/2024 4:00,132.6150026
4/28/2024 5:00,115.5844849
4/28/2024 6:00,139.4833352
4/28/2024 7:00,135.6750019
4/28/2024 8:00,101.3793115
4/28/2024 9:00,84.16500168
4/28/2024 10:00,54.59322144
4/28/2024 11:00,40.63166739
4/28/2024 12:00,36.955173
4/28/2024 13:00,37.00166734
4/28/2024 14:00,30.54500062
4/28/2024 15:00,34.44500081
4/28/2024 16:00,38.15423804
4/28/2024 17:00,41.08813619
4/28/2024 18:00,54.95762777
4/28/2024 19:00,59.34333394
4/28/2024 20:00,59.72000084
4/28/2024 21:00,64.55762792
4/28/2024 22:00,74.22203529
4/28/2024 23:00,64.53666763
4/29/2024,71.99824718
4/29/2024 1:00,73.83276005
4/29/2024 2:00,72.57288238
4/29/2024 3:00,82.62833481
4/29/2024 4:00,94.75932351
4/29/2024 5:00,105.6372899
4/29/2024 6:00,131.9166686
4/29/2024 7:00,141.6000029
4/29/2024 8:00,118.0203406
4/29/2024 9:00,107.023335
4/29/2024 10:00,78.31695072
4/29/2024 11:00,53.51525504
4/29/2024 12:00,54.63666744
4/29/2024 13:00,57.59491587
4/29/2024 14:00,61.5644078
4/29/2024 15:00,64.86949235
4/29/2024 16:00,62.87000116
4/29/2024 17:00,53.95666739
4/29/2024 18:00,54.00526401
4/29/2024 19:00,66.27241496
4/29/2024 20:00,56.89830612
4/29/2024 21:00,85.21525625
4/29/2024 22:00,67.78166809
4/29/2024 23:00,70.86333472
4/30/2024,100.4000014
4/30/2024 1:00,80.05762857
4/30/2024 2:00,70.62833436
4/30/2024 3:00,88.22712022
4/30/2024 4:00,90.76500155
4/30/2024 5:00,110.6383352
4/30/2024 6:00,138.7275885
4/30/2024 7:00,145.1258648
4/30/2024 8:00,104.601726
4/30/2024 9:00,99.47833468
4/30/2024 10:00,71.91695087
4/30/2024 11:00,38.22166742
4/30/2024 12:00,49.81333412
4/30/2024 13:00,55.75087771
4/30/2024 14:00,41.7465527
4/30/2024 15:00,38.34745847
4/30/2024 16:00,44.45254336
4/30/2024 17:00,49.1661022
4/30/2024 18:00,52.33620762
4/30/2024 19:00,69.47966184
4/30/2024 20:00,82.13833491
4/30/2024 21:00,102.668335
4/30/2024 22:00,94.29166819
4/30/2024 23:00,70.8263171
5/1/2024,96.97931171
5/1/2024 1:00,81.61166789
5/1/2024 2:00,86.94915435
5/1/2024 3:00,102.9644084
5/1/2024 4:00,104.0241394
5/1/2024 5:00,138.4216703
5/1/2024 6:00,176.1933365
5/1/2024 7:00,178.0440713
5/1/2024 8:00,148.9966693
5/1/2024 9:00,129.5949185
5/1/2024 10:00,94.53793289
5/1/2024 11:00,51.26379381
5/1/2024 12:00,55.61333421
5/1/2024 13:00,46.01186494
5/1/2024 14:00,37.18305187
5/1/2024 15:00,36.5600008
5/1/2024 16:00,NA
5/1/2024 17:00,NA
5/1/2024 18:00,NA
5/1/2024 19:00,NA
5/1/2024 20:00,NA
5/1/2024 21:00,NA
5/1/2024 22:00,NA
5/1/2024 23:00,NA
5/2/2024,NA
5/2/2024 1:00,NA
5/2/2024 2:00,NA
5/2/2024 3:00,NA
5/2/2024 4:00,NA
5/2/2024 5:00,NA
5/2/2024 6:00,NA
5/2/2024 7:00,NA
5/2/2024 8:00,NA
5/2/2024 9:00,NA
5/2/2024 10:00,NA
5/2/2024 11:00,NA
5/2/2024 12:00,NA
5/2/2024 13:00,NA
5/2/2024 14:00,NA
5/2/2024 15:00,NA
5/2/2024 16:00,NA
5/2/2024 17:00,NA
5/2/2024 18:00,NA
5/2/2024 19:00,NA
5/2/2024 20:00,NA
5/2/2024 21:00,NA
5/2/2024 22:00,NA
5/2/2024 23:00,NA
5/3/2024,NA
5/3/2024 1:00,NA
5/3/2024 2:00,NA
5/3/2024 3:00,NA
5/3/2024 4:00,NA
5/3/2024 5:00,NA
5/3/2024 6:00,NA
5/3/2024 7:00,NA
5/3/2024 8:00,NA
5/3/2024 9:00,NA
5/3/2024 10:00,NA
5/3/2024 11:00,NA
5/3/2024 12:00,NA
5/3/2024 13:00,91.22881459
5/3/2024 14:00,96.29827762
5/3/2024 15:00,89.89491686
5/3/2024 16:00,87.25423923
5/3/2024 17:00,85.77333476
5/3/2024 18:00,76.29310503
5/3/2024 19:00,85.69500135
5/3/2024 20:00,84.20666873
5/3/2024 21:00,94.96379484
5/3/2024 22:00,110.2900013
5/3/2024 23:00,116.380002
5/4/2024,139.6950027
5/4/2024 1:00,142.87167
5/4/2024 2:00,136.2288158
5/4/2024 3:00,133.5333366
5/4/2024 4:00,129.0745785
5/4/2024 5:00,137.1466702
5/4/2024 6:00,155.1152564
5/4/2024 7:00,161.2271201
5/4/2024 8:00,148.46667
5/4/2024 9:00,127.4850028
5/4/2024 10:00,109.2883349
5/4/2024 11:00,84.52000173
5/4/2024 12:00,79.56271343
5/4/2024 13:00,66.37666817
5/4/2024 14:00,65.65762801
5/4/2024 15:00,67.56000118
5/4/2024 16:00,72.00500158
5/4/2024 17:00,72.88644241
5/4/2024 18:00,72.19666773
5/4/2024 19:00,71.29500173
5/4/2024 20:00,66.41428784
5/4/2024 21:00,79.162713
5/4/2024 22:00,91.17543993
5/4/2024 23:00,96.70000144
5/5/2024,112.7700015
5/5/2024 1:00,117.6416687
5/5/2024 2:00,114.7440694
5/5/2024 3:00,112.855002
5/5/2024 4:00,117.3655185
5/5/2024 5:00,122.683053
5/5/2024 6:00,153.9166695
5/5/2024 7:00,142.2516697
5/5/2024 8:00,115.20345
5/5/2024 9:00,95.10678101
5/5/2024 10:00,74.71356137
5/5/2024 11:00,71.05517368
5/5/2024 12:00,63.07333393
5/5/2024 13:00,63.31724239
5/5/2024 14:00,63.48474697
5/5/2024 15:00,62.94833399
5/5/2024 16:00,61.72931092
5/5/2024 17:00,65.92203528
5/5/2024 18:00,70.88474765
5/5/2024 19:00,78.28333511
5/5/2024 20:00,73.98276013
5/5/2024 21:00,75.0983063
5/5/2024 22:00,77.01333485
5/5/2024 23:00,85.96271347
5/6/2024,96.70344991
5/6/2024 1:00,96.5948293
5/6/2024 2:00,102.9137944
5/6/2024 3:00,105.1101713
5/6/2024 4:00,112.5033918
5/6/2024 5:00,121.1423742
5/6/2024 6:00,126.6875027
5/6/2024 7:00,114.3915272
5/6/2024 8:00,105.6603465
5/6/2024 9:00,85.43500163
5/6/2024 10:00,73.98166847
5/6/2024 11:00,63.95932343
5/6/2024 12:00,55.77857249
5/6/2024 13:00,54.03448368
5/6/2024 14:00,49.66166751
5/6/2024 15:00,51.83220408
5/6/2024 16:00,50.7155179
5/6/2024 17:00,57.35965019
5/6/2024 18:00,59.00166747
5/6/2024 19:00,57.99666818
5/6/2024 20:00,28.21864437
5/6/2024 21:00,18.05500037
5/6/2024 22:00,20.67894778
5/6/2024 23:00,27.25084796
5/7/2024,37.98666712
5/7/2024 1:00,26.20000054
5/7/2024 2:00,43.11525494
5/7/2024 3:00,56.71666724
5/7/2024 4:00,49.46610266
5/7/2024 5:00,41.76779718
5/7/2024 6:00,55.36428656
5/7/2024 7:00,59.59666773
5/7/2024 8:00,61.31833407
5/7/2024 9:00,64.57966239
5/7/2024 10:00,40.98833386
5/7/2024 11:00,32.1741383
5/7/2024 12:00,34.78333403
5/7/2024 13:00,46.48596566
5/7/2024 14:00,41.85932282
5/7/2024 15:00,45.17288208
5/7/2024 16:00,44.51356047
5/7/2024 17:00,36.05689739
5/7/2024 18:00,36.86271241
5/7/2024 19:00,35.24745834
5/7/2024 20:00,25.14333382
5/7/2024 21:00,33.62333403
5/7/2024 22:00,33.63728911
5/7/2024 23:00,34.68305158
5/8/2024,45.5450009
5/8/2024 1:00,52.37457722
5/8/2024 2:00,51.4457636
5/8/2024 3:00,41.46896632
5/8/2024 4:00,42.1254246
5/8/2024 5:00,94.93833453
5/8/2024 6:00,35.50000061
5/8/2024 7:00,37.39322106
5/8/2024 8:00,43.3900006
5/8/2024 9:00,44.57758713
5/8/2024 10:00,42.65833403
5/8/2024 11:00,30.45689708
5/8/2024 12:00,23.0237292
5/8/2024 13:00,24.5576274
5/8/2024 14:00,25.78833377
5/8/2024 15:00,30.6550005
5/8/2024 16:00,41.76896661
5/8/2024 17:00,23.57666705
5/8/2024 18:00,23.65932242
5/8/2024 19:00,30.1169497
5/8/2024 20:00,37.47666737
5/8/2024 21:00,52.76949246
5/8/2024 22:00,55.09655262
5/8/2024 23:00,50.50350986
5/9/2024,41.68965583
5/9/2024 1:00,43.43666744
5/9/2024 2:00,47.00000064
5/9/2024 3:00,44.24833406
5/9/2024 4:00,54.3033907
5/9/2024 5:00,64.35344933
5/9/2024 6:00,76.49666862
5/9/2024 7:00,73.17166812
5/9/2024 8:00,66.85666809
5/9/2024 9:00,58.49322109
5/9/2024 10:00,47.51071487
5/9/2024 11:00,28.44210591
5/9/2024 12:00,23.65263199
5/9/2024 13:00,22.21500038
5/9/2024 14:00,24.67966144
5/9/2024 15:00,30.12982516
5/9/2024 16:00,29.36271221
5/9/2024 17:00,30.53833386
5/9/2024 18:00,37.11034551
5/9/2024 19:00,35.68644136
5/9/2024 20:00,57.74035203
5/9/2024 21:00,40.38135664
5/9/2024 22:00,31.35254275
5/9/2024 23:00,35.87966182
5/10/2024,34.10339065
5/10/2024 1:00,20.76000047
5/10/2024 2:00,20.37758646
5/10/2024 3:00,28.11000042
5/10/2024 4:00,34.17586277
5/10/2024 5:00,27.71551764
5/10/2024 6:00,38.61724212
5/10/2024 7:00,41.06551802
5/10/2024 8:00,43.25833391
5/10/2024 9:00,35.4423735
5/10/2024 10:00,36.79473753
5/10/2024 11:00,33.81296363
5/10/2024 12:00,23.48983091
5/10/2024 13:00,19.87457655
5/10/2024 14:00,19.26166712
5/10/2024 15:00,20.49833368
5/10/2024 16:00,22.48644108
5/10/2024 17:00,25.59500043
5/10/2024 18:00,29.60000051
5/10/2024 19:00,33.10666742
5/10/2024 20:00,36.65517353
5/10/2024 21:00,36.46363699
5/10/2024 22:00,34.18813641
5/10/2024 23:00,34.94666742
5/11/2024,36.34655268
5/11/2024 1:00,40.28166752
5/11/2024 2:00,39.9083341
5/11/2024 3:00,36.76101756
5/11/2024 4:00,35.35833416
5/11/2024 5:00,34.82542465
5/11/2024 6:00,39.64666773
5/11/2024 7:00,40.03666738
5/11/2024 8:00,37.77543928
5/11/2024 9:00,41.97966184
5/11/2024 10:00,NA
5/11/2024 11:00,NA
5/11/2024 12:00,NA
5/11/2024 13:00,NA
5/11/2024 14:00,NA
5/11/2024 15:00,NA
5/11/2024 16:00,NA
5/11/2024 17:00,NA
5/11/2024 18:00,NA
5/11/2024 19:00,NA
5/11/2024 20:00,NA
5/11/2024 21:00,NA
5/11/2024 22:00,NA
5/11/2024 23:00,NA
5/12/2024,NA
5/12/2024 1:00,NA
5/12/2024 2:00,NA
5/12/2024 3:00,NA
5/12/2024 4:00,NA
5/12/2024 5:00,NA
5/12/2024 6:00,NA
5/12/2024 7:00,NA
5/12/2024 8:00,NA
5/12/2024 9:00,NA
5/12/2024 10:00,NA
5/12/2024 11:00,NA
5/12/2024 12:00,NA
5/12/2024 13:00,NA
5/12/2024 14:00,NA
5/12/2024 15:00,NA
5/12/2024 16:00,NA
5/12/2024 17:00,NA
5/12/2024 18:00,NA
5/12/2024 19:00,NA
5/12/2024 20:00,NA
5/12/2024 21:00,NA
5/12/2024 22:00,NA
5/12/2024 23:00,NA
5/13/2024,NA
5/13/2024 1:00,NA
5/13/2024 2:00,NA
5/13/2024 3:00,NA
5/13/2024 4:00,NA
5/13/2024 5:00,NA
5/13/2024 6:00,NA
5/13/2024 7:00,NA
5/13/2024 8:00,NA
5/13/2024 9:00,NA
5/13/2024 10:00,NA
5/13/2024 11:00,NA
5/13/2024 12:00,NA
5/13/2024 13:00,NA
5/13/2024 14:00,NA
5/13/2024 15:00,NA
5/13/2024 16:00,18.45666701
5/13/2024 17:00,19.31833385
5/13/2024 18:00,24.77666709
5/13/2024 19:00,28.65862106
5/13/2024 20:00,33.66271242
5/13/2024 21:00,30.96833385
5/13/2024 22:00,31.44166718
5/13/2024 23:00,34.50500046
5/14/2024,31.82372927
5/14/2024 1:00,29.63389869
5/14/2024 2:00,31.30166718
5/14/2024 3:00,35.36440768
5/14/2024 4:00,42.5700009
5/14/2024 5:00,41.11228146
5/14/2024 6:00,56.49333426
5/14/2024 7:00,55.81000093
5/14/2024 8:00,38.0372888
5/14/2024 9:00,36.30000085
5/14/2024 10:00,23.38000034
5/14/2024 11:00,18.16833366
5/14/2024 12:00,17.0254241
5/14/2024 13:00,21.66949195
5/14/2024 14:00,21.47500041
5/14/2024 15:00,23.42280739
5/14/2024 16:00,26.67118677
5/14/2024 17:00,29.96610208
5/14/2024 18:00,38.55357255
5/14/2024 19:00,42.78135668
5/14/2024 20:00,44.6781825
5/14/2024 21:00,43.49310408
5/14/2024 22:00,42.30500094
5/14/2024 23:00,48.82500064
5/15/2024,43.48793161
5/15/2024 1:00,61.47000109
5/15/2024 2:00,53.37966156
5/15/2024 3:00,70.12203514
5/15/2024 4:00,53.74745831
5/15/2024 5:00,61.57288212
5/15/2024 6:00,79.89830631
5/15/2024 7:00,63.91500117
5/15/2024 8:00,53.55762811
5/15/2024 9:00,40.10508544
5/15/2024 10:00,30.36034518
5/15/2024 11:00,26.27666715
5/15/2024 12:00,25.30833378
5/15/2024 13:00,30.59166727
5/15/2024 14:00,23.12068992
5/15/2024 15:00,31.66379363
5/15/2024 16:00,28.13666706
5/15/2024 17:00,27.93220375
5/15/2024 18:00,31.61166722
5/15/2024 19:00,27.38166717
5/15/2024 20:00,29.10526389
5/15/2024 21:00,27.26101736
5/15/2024 22:00,41.37000052
5/15/2024 23:00,27.98813616
5/16/2024,18.19000034
5/16/2024 1:00,22.22542417
5/16/2024 2:00,37.25333408
5/16/2024 3:00,64.9016959
5/16/2024 4:00,53.21379405
5/16/2024 5:00,46.25423793
5/16/2024 6:00,76.58305191
5/16/2024 7:00,58.09500046
5/16/2024 8:00,43.87796693
5/16/2024 9:00,36.26949246
5/16/2024 10:00,29.96000058
5/16/2024 11:00,20.25000038
5/16/2024 12:00,22.00689701
5/16/2024 13:00,28.07833385
5/16/2024 14:00,31.26779734
5/16/2024 15:00,27.60545495
5/16/2024 16:00,25.95666691
5/16/2024 17:00,25.95500027
5/16/2024 18:00,36.72500083
5/16/2024 19:00,51.86440743
5/16/2024 20:00,53.76833401
5/16/2024 21:00,50.15084819
5/16/2024 22:00,50.28965575
5/16/2024 23:00,55.04333413
5/17/2024,70.791668
5/17/2024 1:00,62.21724201
5/17/2024 2:00,73.2883344
5/17/2024 3:00,43.51525485
5/17/2024 4:00,45.75357219
5/17/2024 5:00,77.02881487
5/17/2024 6:00,86.38448426
5/17/2024 7:00,71.65084858
5/17/2024 8:00,52.41833407
5/17/2024 9:00,50.86833413
5/17/2024 10:00,40.95084824
5/17/2024 11:00,30.68305132
5/17/2024 12:00,29.74406821
5/17/2024 13:00,29.89500027
5/17/2024 14:00,29.50000045
5/17/2024 15:00,30.79491564
5/17/2024 16:00,34.10847512
5/17/2024 17:00,40.25666726
5/17/2024 18:00,47.07333399
5/17/2024 19:00,52.8516674
5/17/2024 20:00,81.57894938
5/17/2024 21:00,67.92982597
5/17/2024 22:00,60.2333341
5/17/2024 23:00,69.25614146
5/18/2024,65.48666789
5/18/2024 1:00,70.28305235
5/18/2024 2:00,79.00833562
5/18/2024 3:00,74.42069067
5/18/2024 4:00,74.69473762
5/18/2024 5:00,90.07333438
5/18/2024 6:00,90.35423912
5/18/2024 7:00,89.17333501
5/18/2024 8:00,69.13500106
5/18/2024 9:00,61.05500075
5/18/2024 10:00,54.97288222
5/18/2024 11:00,45.23728923
5/18/2024 12:00,38.68983123
5/18/2024 13:00,39.24827668
5/18/2024 14:00,42.68833434
5/18/2024 15:00,44.72166773
5/18/2024 16:00,47.72372928
5/18/2024 17:00,48.62586265
5/18/2024 18:00,53.80847543
5/18/2024 19:00,59.54067883
5/18/2024 20:00,63.15254328
5/18/2024 21:00,66.86610335
5/18/2024 22:00,72.64310495
5/18/2024 23:00,71.41186575
5/19/2024,66.15423881
5/19/2024 1:00,39.75084816
5/19/2024 2:00,33.96833404
5/19/2024 3:00,38.65333392
5/19/2024 4:00,36.73666732
5/19/2024 5:00,43.34000085
5/19/2024 6:00,47.73965605
5/19/2024 7:00,53.51166732
5/19/2024 8:00,55.72203465
5/19/2024 9:00,43.33103542
5/19/2024 10:00,41.19821494
5/19/2024 11:00,40.96610247
5/19/2024 12:00,45.75166747
5/19/2024 13:00,42.61724222
5/19/2024 14:00,43.61579012
5/19/2024 15:00,48.98833402
5/19/2024 16:00,39.25000095
5/19/2024 17:00,37.81864486
5/19/2024 18:00,36.11666762
5/19/2024 19:00,39.32241466
5/19/2024 20:00,40.72000046
5/19/2024 21:00,41.38333422
5/19/2024 22:00,43.06610256
5/19/2024 23:00,52.24067843
5/20/2024,94.03684328
5/20/2024 1:00,83.98500182
5/20/2024 2:00,96.9779676
5/20/2024 3:00,102.8603462
5/20/2024 4:00,75.73448457
5/20/2024 5:00,70.60666835
5/20/2024 6:00,77.38474713
5/20/2024 7:00,41.00000073
5/20/2024 8:00,44.77586279
5/20/2024 9:00,42.88644138
5/20/2024 10:00,72.92931149
5/20/2024 11:00,80.55000141
5/20/2024 12:00,41.91355999
5/20/2024 13:00,32.02833405
5/20/2024 14:00,26.3694919
5/20/2024 15:00,25.42711904
5/20/2024 16:00,24.84137963
5/20/2024 17:00,29.67457694
5/20/2024 18:00,42.70166721
5/20/2024 19:00,46.54745826
5/20/2024 20:00,52.68166746
5/20/2024 21:00,52.97000084
5/20/2024 22:00,44.02033977
5/20/2024 23:00,46.9700009
5/21/2024,49.54500097
5/21/2024 1:00,59.7701764
5/21/2024 2:00,58.90500107
5/21/2024 3:00,63.14500116
5/21/2024 4:00,53.00833441
5/21/2024 5:00,55.13559419
5/21/2024 6:00,60.88000132
5/21/2024 7:00,41.57966171
5/21/2024 8:00,28.26206924
5/21/2024 9:00,24.71666708
5/21/2024 10:00,22.14067837
5/21/2024 11:00,23.11000039
5/21/2024 12:00,22.90678005
5/21/2024 13:00,24.47333384
5/21/2024 14:00,15.72666694
5/21/2024 15:00,16.21428604
5/21/2024 16:00,19.47666709
5/21/2024 17:00,23.97118678
5/21/2024 18:00,23.78644116
5/21/2024 19:00,19.29827619
5/21/2024 20:00,38.17118738
5/21/2024 21:00,40.97288209
5/21/2024 22:00,39.80000082
5/21/2024 23:00,38.34067878
5/22/2024,40.4000008
5/22/2024 1:00,56.0796621
5/22/2024 2:00,21.92666713
5/22/2024 3:00,15.37000031
5/22/2024 4:00,15.77758635
5/22/2024 5:00,25.771667
5/22/2024 6:00,32.89833384
5/22/2024 7:00,35.60847541
5/22/2024 8:00,34.22666734
5/22/2024 9:00,26.42711908
5/22/2024 10:00,16.86379349
5/22/2024 11:00,15.58448302
5/22/2024 12:00,18.67666721
5/22/2024 13:00,17.16500026
5/22/2024 14:00,13.59166687
5/22/2024 15:00,14.9220342
5/22/2024 16:00,19.9644071
5/22/2024 17:00,23.94745798
5/22/2024 18:00,26.02033942
5/22/2024 19:00,37.34500065
5/22/2024 20:00,41.08166758
5/22/2024 21:00,34.74833396
5/22/2024 22:00,28.93103481
5/22/2024 23:00,35.49830563
5/23/2024,45.10169569
5/23/2024 1:00,61.20339074
5/23/2024 2:00,43.07000058
5/23/2024 3:00,27.01355957
5/23/2024 4:00,25.59655206
5/23/2024 5:00,30.26034543
5/23/2024 6:00,38.50847535
5/23/2024 7:00,37.1016675
5/23/2024 8:00,46.62033977
5/23/2024 9:00,36.72000062
5/23/2024 10:00,38.31666737
5/23/2024 11:00,27.83333371
5/23/2024 12:00,26.27931072
5/23/2024 13:00,25.45172458
5/23/2024 14:00,22.89824613
5/23/2024 15:00,21.03898349
5/23/2024 16:00,19.81186476
5/23/2024 17:00,22.06440725
5/23/2024 18:00,23.78305125
5/23/2024 19:00,28.93166698
5/23/2024 20:00,37.79655243
5/23/2024 21:00,42.18833415
5/23/2024 22:00,37.49830553
5/23/2024 23:00,35.88474675
5/24/2024,39.28333384
5/24/2024 1:00,35.96166757
5/24/2024 2:00,37.40000094
5/24/2024 3:00,43.20000089
5/24/2024 4:00,63.80172565
5/24/2024 5:00,54.15789567
5/24/2024 6:00,51.75000076
5/24/2024 7:00,49.15666733
5/24/2024 8:00,51.30172453
5/24/2024 9:00,41.90000076
5/24/2024 10:00,30.13220383
5/24/2024 11:00,27.20714314
5/24/2024 12:00,25.07931075
5/24/2024 13:00,19.13275891
5/24/2024 14:00,NA
5/24/2024 15:00,21.5466671
5/24/2024 16:00,27.2050005
5/24/2024 17:00,24.62000036
5/24/2024 18:00,26.56034529
5/24/2024 19:00,42.14000063
5/24/2024 20:00,42.78813624
5/24/2024 21:00,42.43275932
5/24/2024 22:00,42.6203398
5/24/2024 23:00,39.88103538
5/25/2024,58.566668
5/25/2024 1:00,53.19500052
5/25/2024 2:00,53.08833402
5/25/2024 3:00,69.05932339
5/25/2024 4:00,46.49666716
5/25/2024 5:00,41.03220413
5/25/2024 6:00,28.20166734
5/25/2024 7:00,24.30339018
5/25/2024 8:00,23.46666711
5/25/2024 9:00,NA
5/25/2024 10:00,NA
5/25/2024 11:00,NA
5/25/2024 12:00,NA
5/25/2024 13:00,NA
5/25/2024 14:00,NA
5/25/2024 15:00,NA
5/25/2024 16:00,NA
5/25/2024 17:00,NA
5/25/2024 18:00,29.1661022
5/25/2024 19:00,34.96166747
5/25/2024 20:00,43.80000062
5/25/2024 21:00,42.77796716
5/25/2024 22:00,34.48793151
5/25/2024 23:00,39.10172499
5/26/2024,34.97627174
5/26/2024 1:00,30.97241438
5/26/2024 2:00,35.49833393
5/26/2024 3:00,36.3175447
5/26/2024 4:00,34.40833416
5/26/2024 5:00,38.33965578
5/26/2024 6:00,38.53220419
5/26/2024 7:00,49.08448351
5/26/2024 8:00,43.74166743
5/26/2024 9:00,38.57627187
5/26/2024 10:00,32.55517299
5/26/2024 11:00,31.17000062
5/26/2024 12:00,27.25666704
5/26/2024 13:00,28.52333368
5/26/2024 14:00,29.8421057
5/26/2024 15:00,22.99491572
5/26/2024 16:00,20.74666707
5/26/2024 17:00,23.75254275
5/26/2024 18:00,30.20166734
5/26/2024 19:00,31.97666734
5/26/2024 20:00,29.90169532
5/26/2024 21:00,39.09138015
5/26/2024 22:00,45.00000076
5/26/2024 23:00,40.72203439
5/27/2024,37.33559379
5/27/2024 1:00,38.61017033
5/27/2024 2:00,41.99830608
5/27/2024 3:00,46.0916673
5/27/2024 4:00,58.83965611
5/27/2024 5:00,48.75686346
5/27/2024 6:00,42.21666746
5/27/2024 7:00,40.00169579
5/27/2024 8:00,38.30339044
5/27/2024 9:00,29.58983095
5/27/2024 10:00,20.97796653
5/27/2024 11:00,19.40000023
5/27/2024 12:00,18.40333379
5/27/2024 13:00,19.16724156
5/27/2024 14:00,18.00000028
5/27/2024 15:00,11.96551748
5/27/2024 16:00,9.176666903
5/27/2024 17:00,10.72333353
5/27/2024 18:00,10.81186461
5/27/2024 19:00,9.246551925
5/27/2024 20:00,10.05172437
5/27/2024 21:00,11.89322051
5/27/2024 22:00,11.06271207
5/27/2024 23:00,13.11694942
5/28/2024,15.66379338
5/28/2024 1:00,10.74827605
5/28/2024 2:00,8.833333532
5/28/2024 3:00,8.76610191
5/28/2024 4:00,10.53666689
5/28/2024 5:00,33.68070238
5/28/2024 6:00,NA
5/28/2024 7:00,23.60508508
5/28/2024 8:00,19.24333374
5/28/2024 9:00,22.99322067
5/28/2024 10:00,22.83050886
5/28/2024 11:00,21.17413817
5/28/2024 12:00,23.31379372
5/28/2024 13:00,19.54666719
5/28/2024 14:00,21.70678003
5/28/2024 15:00,23.81186489
5/28/2024 16:00,24.78813595
5/28/2024 17:00,30.70666704
5/28/2024 18:00,29.80169535
5/28/2024 19:00,29.48070232
5/28/2024 20:00,26.94833374
5/28/2024 21:00,28.46666702
5/28/2024 22:00,36.45084818
5/28/2024 23:00,42.77166735
5/29/2024,46.3666677
5/29/2024 1:00,51.12500095
5/29/2024 2:00,69.06271349
5/29/2024 3:00,62.87118802
5/29/2024 4:00,49.50344895
5/29/2024 5:00,43.38333416
5/29/2024 6:00,46.84166737
5/29/2024 7:00,56.08103529
5/29/2024 8:00,45.65833416
5/29/2024 9:00,37.01333402
5/29/2024 10:00,25.869492
5/29/2024 11:00,18.80517282
5/29/2024 12:00,22.12586235
5/29/2024 13:00,22.58333375
5/29/2024 14:00,23.38983086
5/29/2024 15:00,26.22222265
5/29/2024 16:00,24.84500039
5/29/2024 17:00,26.89830534
5/29/2024 18:00,32.09333385
5/29/2024 19:00,35.78644148
5/29/2024 20:00,37.10847525
5/29/2024 21:00,38.87118744
5/29/2024 22:00,42.77118702
5/29/2024 23:00,42.07166773
5/30/2024,64.41500117
5/30/2024 1:00,48.90172491
5/30/2024 2:00,46.30000064
5/30/2024 3:00,49.94406878
5/30/2024 4:00,62.7450009
5/30/2024 5:00,60.26833413
5/30/2024 6:00,66.18166803
5/30/2024 7:00,51.50500088
5/30/2024 8:00,43.98305182
5/30/2024 9:00,50.39310409
5/30/2024 10:00,37.42807074
5/30/2024 11:00,31.44827629
5/30/2024 12:00,28.40833378
5/30/2024 13:00,27.11379354
5/30/2024 14:00,33.76271235
5/30/2024 15:00,31.27666737
5/30/2024 16:00,31.54067864
5/30/2024 17:00,37.10666749
5/30/2024 18:00,40.83050925
5/30/2024 19:00,22.60333363
5/30/2024 20:00,22.60339018
5/30/2024 21:00,28.54000053
5/30/2024 22:00,34.50339043
5/30/2024 23:00,29.00175483
5/31/2024,26.711667
5/31/2024 1:00,26.61666702
5/31/2024 2:00,20.94237331
5/31/2024 3:00,26.43050886
5/31/2024 4:00,29.01864443
5/31/2024 5:00,29.90169532
5/31/2024 6:00,34.63220425
5/31/2024 7:00,36.51666733
5/31/2024 8:00,40.66500111
5/31/2024 9:00,42.36315858
5/31/2024 10:00,38.56206953
5/31/2024 11:00,34.57457685
5/31/2024 12:00,31.22833398
5/31/2024 13:00,29.58166704
5/31/2024 14:00,25.15084781
5/31/2024 15:00,22.86724179
5/31/2024 16:00,23.18166704
5/31/2024 17:00,23.3152547
5/31/2024 18:00,28.08333384
5/31/2024 19:00,26.43166701
5/31/2024 20:00,15.65172442
5/31/2024 21:00,17.08305129
5/31/2024 22:00,20.15263196
5/31/2024 23:00,26.13500051
6/1/2024,23.10166712
6/1/2024 1:00,24.49166702
6/1/2024 2:00,18.16271224
6/1/2024 3:00,16.73833362
6/1/2024 4:00,22.64333375
6/1/2024 5:00,31.53898378
6/1/2024 6:00,38.2050853
6/1/2024 7:00,34.31694994
6/1/2024 8:00,29.42542419
6/1/2024 9:00,30.13559354
6/1/2024 10:00,29.29166721
6/1/2024 11:00,27.54833361
6/1/2024 12:00,28.69322066
6/1/2024 13:00,31.40000065
6/1/2024 14:00,31.24655217
6/1/2024 15:00,29.78620736
6/1/2024 16:00,41.47118743
6/1/2024 17:00,40.49333407
6/1/2024 18:00,41.1850008
6/1/2024 19:00,41.73050922
6/1/2024 20:00,45.2033908
6/1/2024 21:00,40.7800005
6/1/2024 22:00,43.37241462
6/1/2024 23:00,43.68666757
6/2/2024,35.62931097
6/2/2024 1:00,44.67288202
6/2/2024 2:00,52.72372947
6/2/2024 3:00,49.35689729
6/2/2024 4:00,50.0315798
6/2/2024 5:00,49.86166751
6/2/2024 6:00,53.97000065
6/2/2024 7:00,49.70666733
6/2/2024 8:00,38.57966187
6/2/2024 9:00,30.05593293
6/2/2024 10:00,29.07321484
6/2/2024 11:00,29.76000061
6/2/2024 12:00,27.96610205
6/2/2024 13:00,27.56271236
6/2/2024 14:00,27.03103486
6/2/2024 15:00,26.6559326
6/2/2024 16:00,29.13666703
6/2/2024 17:00,32.04333388
6/2/2024 18:00,36.31356029
6/2/2024 19:00,41.71695017
6/2/2024 20:00,32.35166731
6/2/2024 21:00,31.86610225
6/2/2024 22:00,32.81017019
6/2/2024 23:00,32.27333406
6/3/2024,34.61864481
6/3/2024 1:00,38.55666758
6/3/2024 2:00,43.72542443
6/3/2024 3:00,42.48166746
6/3/2024 4:00,39.68166765
6/3/2024 5:00,54.75166772
6/3/2024 6:00,60.3322044
6/3/2024 7:00,49.67796675
6/3/2024 8:00,45.33833415
6/3/2024 9:00,36.56500088
6/3/2024 10:00,31.67666705
6/3/2024 11:00,29.5066672
6/3/2024 12:00,27.17500041
6/3/2024 13:00,27.73500032
6/3/2024 14:00,27.11833372
6/3/2024 15:00,27.59473717
6/3/2024 16:00,30.67457674
6/3/2024 17:00,37.11833398
6/3/2024 18:00,41.24067875
6/3/2024 19:00,46.31166757
6/3/2024 20:00,54.42833392
6/3/2024 21:00,64.38135684
6/3/2024 22:00,57.14333433
6/3/2024 23:00,54.7084754
6/4/2024,66.35254327
6/4/2024 1:00,55.37966169
6/4/2024 2:00,55.30166728
6/4/2024 3:00,55.10508566
6/4/2024 4:00,51.50666739
6/4/2024 5:00,66.83833459
6/4/2024 6:00,62.12711961
6/4/2024 7:00,58.46101774
6/4/2024 8:00,51.52372962
6/4/2024 9:00,40.42500064
6/4/2024 10:00,37.5271192
6/4/2024 11:00,17.25862105
6/4/2024 12:00,20.91333383
6/4/2024 13:00,21.76206947
6/4/2024 14:00,15.46500033
6/4/2024 15:00,12.70500024
6/4/2024 16:00,17.32241409
6/4/2024 17:00,15.60344856
6/4/2024 18:00,22.86551763
6/4/2024 19:00,33.5305094
6/4/2024 20:00,35.16724198
6/4/2024 21:00,36.90678028
6/4/2024 22:00,35.1192991
6/4/2024 23:00,31.10339032
6/5/2024,27.41833369
6/5/2024 1:00,27.67931063
6/5/2024 2:00,25.91525463
6/5/2024 3:00,31.98793178
6/5/2024 4:00,29.81186482
6/5/2024 5:00,30.96500041
6/5/2024 6:00,33.35000057
6/5/2024 7:00,33.53898385
6/5/2024 8:00,28.85254288
6/5/2024 9:00,29.05593268
6/5/2024 10:00,27.44166711
6/5/2024 11:00,29.26206944
6/5/2024 12:00,27.89333366
6/5/2024 13:00,29.06551772
6/5/2024 14:00,31.71500057
6/5/2024 15:00,33.05254273
6/5/2024 16:00,38.83389903
6/5/2024 17:00,37.03333378
6/5/2024 18:00,38.8084753
6/5/2024 19:00,39.35254307
6/5/2024 20:00,37.86779733
6/5/2024 21:00,41.10166747
6/5/2024 22:00,44.88666751
6/5/2024 23:00,45.62000109
6/6/2024,49.47966178
6/6/2024 1:00,25.83389861
6/6/2024 2:00,14.55862098
6/6/2024 3:00,15.02666696
6/6/2024 4:00,17.11694953
6/6/2024 5:00,22.9203392
6/6/2024 6:00,28.31864444
6/6/2024 7:00,23.68983086
6/6/2024 8:00,29.19152583
6/6/2024 9:00,33.1637937
6/6/2024 10:00,23.59491565
6/6/2024 11:00,21.67833376
6/6/2024 12:00,21.76666714
6/6/2024 13:00,21.80678015
6/6/2024 14:00,21.75254279
6/6/2024 15:00,22.2631583
6/6/2024 16:00,17.34833372
6/6/2024 17:00,15.83166698
6/6/2024 18:00,18.24166705
6/6/2024 19:00,19.5633337
6/6/2024 20:00,19.20500031
6/6/2024 21:00,18.7016953
6/6/2024 22:00,18.08166695
6/6/2024 23:00,18.95084785
6/7/2024,24.23559363
6/7/2024 1:00,26.921667
6/7/2024 2:00,36.58833418
6/7/2024 3:00,39.25423813
6/7/2024 4:00,28.61333399
6/7/2024 5:00,26.60847512
6/7/2024 6:00,40.51000064
6/7/2024 7:00,33.95084808
6/7/2024 8:00,25.55689697
6/7/2024 9:00,20.63728843
6/7/2024 10:00,19.80847491
6/7/2024 11:00,21.26896602
6/7/2024 12:00,19.55833381
6/7/2024 13:00,19.57931071
6/7/2024 14:00,17.75500035
6/7/2024 15:00,19.54745791
6/7/2024 16:00,22.10169527
6/7/2024 17:00,23.81500038
6/7/2024 18:00,27.28813601
6/7/2024 19:00,28.02203424
6/7/2024 20:00,40.63666716
6/7/2024 21:00,37.25593292
6/7/2024 22:00,29.22413833
6/7/2024 23:00,31.24333369
6/8/2024,37.92203447
6/8/2024 1:00,38.61724196
6/8/2024 2:00,43.63898394
6/8/2024 3:00,34.88813597
6/8/2024 4:00,26.07166713
6/8/2024 5:00,36.65666771
6/8/2024 6:00,42.0250007
6/8/2024 7:00,37.26610261
6/8/2024 8:00,34.11864481
6/8/2024 9:00,35.74576349
6/8/2024 10:00,35.7593226
6/8/2024 11:00,32.49500068
6/8/2024 12:00,29.92372917
6/8/2024 13:00,26.85000038
6/8/2024 14:00,27.78474614
6/8/2024 15:00,30.95254271
6/8/2024 16:00,33.84655232
6/8/2024 17:00,37.07500073
6/8/2024 18:00,40.24333413
6/8/2024 19:00,46.58474654
6/8/2024 20:00,50.90517314
6/8/2024 21:00,59.14561509
6/8/2024 22:00,56.14166756
6/8/2024 23:00,52.74464369
6/9/2024,61.55423821
6/9/2024 1:00,60.94912358
6/9/2024 2:00,58.63559406
6/9/2024 3:00,60.07966187
6/9/2024 4:00,60.52105345
6/9/2024 5:00,58.79166737
6/9/2024 6:00,54.67321518
6/9/2024 7:00,48.26101794
6/9/2024 8:00,43.31500072
6/9/2024 9:00,38.98166739
6/9/2024 10:00,36.72033976
6/9/2024 11:00,36.69000066
6/9/2024 12:00,33.66833436
6/9/2024 13:00,33.86333402
6/9/2024 14:00,32.38983116
6/9/2024 15:00,32.58500048
6/9/2024 16:00,33.84833396
6/9/2024 17:00,34.41355999
6/9/2024 18:00,42.65166766
6/9/2024 19:00,47.1750008
6/9/2024 20:00,52.15517327
6/9/2024 21:00,60.58644188
6/9/2024 22:00,52.62542447
6/9/2024 23:00,53.62333399
6/10/2024,51.93898385
6/10/2024 1:00,53.99482832
6/10/2024 2:00,69.90172485
6/10/2024 3:00,51.65000054
6/10/2024 4:00,55.8333341
6/10/2024 5:00,56.73103523
6/10/2024 6:00,58.18833408
6/10/2024 7:00,53.59166737
6/10/2024 8:00,54.3271196
6/10/2024 9:00,49.42372972
6/10/2024 10:00,37.983334
6/10/2024 11:00,28.85833375
6/10/2024 12:00,28.69500039
6/10/2024 13:00,30.79827634
6/10/2024 14:00,30.06610214
6/10/2024 15:00,29.98620721
6/10/2024 16:00,30.3400005
6/10/2024 17:00,37.04406848
6/10/2024 18:00,41.2500007
6/10/2024 19:00,47.56666739
6/10/2024 20:00,51.34745834
6/10/2024 21:00,53.53500086
6/10/2024 22:00,50.96166776
6/10/2024 23:00,47.56610237
6/11/2024,48.1610176
6/11/2024 1:00,54.60000058
6/11/2024 2:00,56.79830596
6/11/2024 3:00,50.65172465
6/11/2024 4:00,48.81525499
6/11/2024 5:00,53.42166754
6/11/2024 6:00,52.93220417
6/11/2024 7:00,54.82203519
6/11/2024 8:00,45.49500084
6/11/2024 9:00,38.00666768
6/11/2024 10:00,35.25833403
6/11/2024 11:00,33.11694979
6/11/2024 12:00,34.38833396
6/11/2024 13:00,33.32666721
6/11/2024 14:00,33.18166736
6/11/2024 15:00,33.97931119
6/11/2024 16:00,36.33389906
6/11/2024 17:00,38.73000088
6/11/2024 18:00,41.80339063
6/11/2024 19:00,47.33728881
6/11/2024 20:00,50.63166746
6/11/2024 21:00,51.75423813
6/11/2024 22:00,54.54745833
6/11/2024 23:00,55.08813638
6/12/2024,53.71896625
6/12/2024 1:00,49.72931125
6/12/2024 2:00,53.71724221
6/12/2024 3:00,70.60333494
6/12/2024 4:00,57.89827663
6/12/2024 5:00,47.66206985
6/12/2024 6:00,50.65932284
6/12/2024 7:00,49.58333403
6/12/2024 8:00,44.82000084
6/12/2024 9:00,39.22758694
6/12/2024 10:00,36.99333407
6/12/2024 11:00,32.81551785
6/12/2024 12:00,28.67457674
6/12/2024 13:00,30.8881362
6/12/2024 14:00,30.71186489
6/12/2024 15:00,32.77627192
6/12/2024 16:00,33.03448361
6/12/2024 17:00,35.69166752
6/12/2024 18:00,40.66610246
6/12/2024 19:00,47.93050915
6/12/2024 20:00,53.90166734
6/12/2024 21:00,47.4614041
6/12/2024 22:00,51.33166771
6/12/2024 23:00,61.02372968
6/13/2024,56.3322042
6/13/2024 1:00,49.91724225
6/13/2024 2:00,51.14067873
6/13/2024 3:00,51.17413856
6/13/2024 4:00,52.14000085
6/13/2024 5:00,60.93050934
6/13/2024 6:00,59.48833415
6/13/2024 7:00,52.95500081
6/13/2024 8:00,47.71896619
6/13/2024 9:00,39.17000097
6/13/2024 10:00,37.45166737
6/13/2024 11:00,33.20517297
6/13/2024 12:00,32.33500048
6/13/2024 13:00,32.9862075
6/13/2024 14:00,NA
6/13/2024 15:00,NA
6/13/2024 16:00,39.85084818
6/13/2024 17:00,41.08275959
6/13/2024 18:00,46.25762797
6/13/2024 19:00,45.98500061
6/13/2024 20:00,46.65689705
6/13/2024 21:00,49.03050904
6/13/2024 22:00,51.96379359
6/13/2024 23:00,49.49666742
6/14/2024,47.73684264
6/14/2024 1:00,50.13050939
6/14/2024 2:00,50.21694959
6/14/2024 3:00,56.46440765
6/14/2024 4:00,56.61525481
6/14/2024 5:00,61.53448361
6/14/2024 6:00,61.5950009
6/14/2024 7:00,60.81695007
6/14/2024 8:00,55.34745827
6/14/2024 9:00,48.57627183
6/14/2024 10:00,48.03833408
6/14/2024 11:00,47.07666728
6/14/2024 12:00,38.33833415
6/14/2024 13:00,37.59827666
6/14/2024 14:00,37.18813634
6/14/2024 15:00,37.5406789
6/14/2024 16:00,41.40517301
6/14/2024 17:00,44.32833405
6/14/2024 18:00,49.46896612
6/14/2024 19:00,52.95737751
6/14/2024 20:00,53.83793186
6/14/2024 21:00,54.55166734
6/14/2024 22:00,55.32166729
6/14/2024 23:00,60.37288226
6/15/2024,60.58500099
6/15/2024 1:00,52.17500076
6/15/2024 2:00,52.28135675
6/15/2024 3:00,52.65517307
6/15/2024 4:00,52.95500081
6/15/2024 5:00,58.63220422
6/15/2024 6:00,59.7000007
6/15/2024 7:00,57.72413879
6/15/2024 8:00,50.47457679
6/15/2024 9:00,48.15833422
6/15/2024 10:00,45.32500083
6/15/2024 11:00,42.06949247
6/15/2024 12:00,39.21833413
6/15/2024 13:00,35.92413863
6/15/2024 14:00,36.75593286
6/15/2024 15:00,35.81666711
6/15/2024 16:00,38.37166742
6/15/2024 17:00,41.77000078
6/15/2024 18:00,42.84000047
6/15/2024 19:00,39.53333422
6/15/2024 20:00,43.08474654
6/15/2024 21:00,46.76333427
6/15/2024 22:00,46.37333399
6/15/2024 23:00,47.99310428
6/16/2024,43.00000079
6/16/2024 1:00,45.35000097
6/16/2024 2:00,63.67500099
6/16/2024 3:00,22.8152547
6/16/2024 4:00,27.1300004
6/16/2024 5:00,29.91379356
6/16/2024 6:00,34.44138011
6/16/2024 7:00,36.90666736
6/16/2024 8:00,40.64500078
6/16/2024 9:00,42.1125008
6/16/2024 10:00,42.17833411
6/16/2024 11:00,41.22711958
6/16/2024 12:00,40.68644158
6/16/2024 13:00,37.74000085
6/16/2024 14:00,36.91864476
6/16/2024 15:00,42.27000084
6/16/2024 16:00,39.83389909
6/16/2024 17:00,41.17000065
6/16/2024 18:00,44.81017038
6/16/2024 19:00,46.84500078
6/16/2024 20:00,45.67931077
6/16/2024 21:00,53.60847525
6/16/2024 22:00,64.68620813
6/16/2024 23:00,51.66610239
6/17/2024,45.99166749
6/17/2024 1:00,25.53666725
6/17/2024 2:00,19.50847513
6/17/2024 3:00,22.5576276
6/17/2024 4:00,22.99655201
6/17/2024 5:00,24.42666702
6/17/2024 6:00,25.58813596
6/17/2024 7:00,30.54655213
6/17/2024 8:00,32.567797
6/17/2024 9:00,24.31724167
6/17/2024 10:00,31.01333383
6/17/2024 11:00,30.87627172
6/17/2024 12:00,30.37457663
6/17/2024 13:00,33.89491608
6/17/2024 14:00,34.25932286
6/17/2024 15:00,35.7070183
6/17/2024 16:00,39.5733338
6/17/2024 17:00,39.87118711
6/17/2024 18:00,41.00172464
6/17/2024 19:00,46.61525519
6/17/2024 20:00,49.53166739
6/17/2024 21:00,51.19500071
6/17/2024 22:00,50.4933342
6/17/2024 23:00,48.52000065
6/18/2024,48.53389902
6/18/2024 1:00,28.65689702
6/18/2024 2:00,35.82000074
6/18/2024 3:00,39.39500097
6/18/2024 4:00,31.82166707
6/18/2024 5:00,26.96271217
6/18/2024 6:00,34.51017008
6/18/2024 7:00,39.95333411
6/18/2024 8:00,50.72000078
6/18/2024 9:00,53.2237296
6/18/2024 10:00,56.48333403
6/18/2024 11:00,51.23728891
6/18/2024 12:00,38.78305164
6/18/2024 13:00,40.26724197
6/18/2024 14:00,39.98166765
6/18/2024 15:00,34.8637938
6/18/2024 16:00,31.20000054
6/18/2024 17:00,34.34915307
6/18/2024 18:00,42.64333413
6/18/2024 19:00,50.78666751
6/18/2024 20:00,46.52833411
6/18/2024 21:00,43.54576344
6/18/2024 22:00,44.07166735
6/18/2024 23:00,48.45166766
6/19/2024,19.67796649
6/19/2024 1:00,17.1593224
6/19/2024 2:00,20.75254282
6/19/2024 3:00,20.48947401
6/19/2024 4:00,23.86949193
6/19/2024 5:00,30.16896616
6/19/2024 6:00,32.41694974
6/19/2024 7:00,30.8389837
6/19/2024 8:00,31.54576327
6/19/2024 9:00,33.75166737
6/19/2024 10:00,32.70333379
6/19/2024 11:00,31.51186497
6/19/2024 12:00,30.89322071
6/19/2024 13:00,30.59830569
6/19/2024 14:00,31.92166719
6/19/2024 15:00,30.54482818
6/19/2024 16:00,32.88666732
6/19/2024 17:00,35.86333434
6/19/2024 18:00,40.68965583
6/19/2024 19:00,43.66500072
6/19/2024 20:00,47.24166749
6/19/2024 21:00,40.94576325
6/19/2024 22:00,15.744068
6/19/2024 23:00,8.576271356
6/20/2024,9.222034131
6/20/2024 1:00,10.27966128
6/20/2024 2:00,11.12166684
6/20/2024 3:00,12.85666684
6/20/2024 4:00,18.02372916
6/20/2024 5:00,19.31403548
6/20/2024 6:00,23.94827626
6/20/2024 7:00,24.1610173
6/20/2024 8:00,20.45333373
6/20/2024 9:00,20.76166716
6/20/2024 10:00,20.34576293
6/20/2024 11:00,23.96833375
6/20/2024 12:00,19.2338985
6/20/2024 13:00,16.61500026
6/20/2024 14:00,16.0355936
6/20/2024 15:00,16.87833363
6/20/2024 16:00,18.80508502
6/20/2024 17:00,16.36833363
6/20/2024 18:00,15.18135619
6/20/2024 19:00,16.60169524
6/20/2024 20:00,15.71000026
6/20/2024 21:00,13.38813578
6/20/2024 22:00,13.65438617
6/20/2024 23:00,14.70000015
6/21/2024,14.5366669
6/21/2024 1:00,14.45862094
6/21/2024 2:00,15.11016972
6/21/2024 3:00,16.12666698
6/21/2024 4:00,17.10166704
6/21/2024 5:00,20.28474614
6/21/2024 6:00,23.73793142
6/21/2024 7:00,23.55862108
6/21/2024 8:00,21.58500032
6/21/2024 9:00,22.21017
6/21/2024 10:00,18.98666689
6/21/2024 11:00,17.33448321
6/21/2024 12:00,17.68596529
6/21/2024 13:00,16.40333368
6/21/2024 14:00,14.22666694
6/21/2024 15:00,14.43606574
6/21/2024 16:00,15.13666689
6/21/2024 17:00,16.58103464
6/21/2024 18:00,19.31000036
6/21/2024 19:00,21.38474616
6/21/2024 20:00,20.87666715
6/21/2024 21:00,15.50000021
6/21/2024 22:00,7.713333491
6/21/2024 23:00,7.184482891
6/22/2024,16.36779701
6/22/2024 1:00,21.83898337
6/22/2024 2:00,23.14067831
6/22/2024 3:00,24.34210566
6/22/2024 4:00,25.7883337
6/22/2024 5:00,27.70000038
6/22/2024 6:00,30.71666708
6/22/2024 7:00,31.19661056
6/22/2024 8:00,27.15500037
6/22/2024 9:00,22.17457658
6/22/2024 10:00,22.52033932
6/22/2024 11:00,21.79310384
6/22/2024 12:00,19.24745792
6/22/2024 13:00,18.44237316
6/22/2024 14:00,18.72241421
6/22/2024 15:00,18.69655215
6/22/2024 16:00,18.56000048
6/22/2024 17:00,20.03214325
6/22/2024 18:00,22.62000043
6/22/2024 19:00,23.11355976
6/22/2024 20:00,23.45666704
6/22/2024 21:00,24.32033936
6/22/2024 22:00,25.3800004
6/22/2024 23:00,26.031035
6/23/2024,23.83157931
6/23/2024 1:00,24.56166693
6/23/2024 2:00,24.22033934
6/23/2024 3:00,22.99833371
6/23/2024 4:00,22.85254275
6/23/2024 5:00,24.76610203
6/23/2024 6:00,26.1915258
6/23/2024 7:00,27.05000054
6/23/2024 8:00,27.09152584
6/23/2024 9:00,24.09833374
6/23/2024 10:00,22.35964952
6/23/2024 11:00,22.51694954
6/23/2024 12:00,19.47000043
6/23/2024 13:00,17.36333369
6/23/2024 14:00,16.33448303
6/23/2024 15:00,14.82105289
6/23/2024 16:00,15.42833358
6/23/2024 17:00,15.28644099
6/23/2024 18:00,14.7067799
6/23/2024 19:00,18.64333372
6/23/2024 20:00,20.89137955
6/23/2024 21:00,20.94333378
6/23/2024 22:00,20.69152583
6/23/2024 23:00,19.43728854
6/24/2024,20.53859701
6/24/2024 1:00,18.81896581
6/24/2024 2:00,18.90862103
6/24/2024 3:00,17.66551768
6/24/2024 4:00,16.93166703
6/24/2024 5:00,27.44827626
6/24/2024 6:00,18.73965549
6/24/2024 7:00,17.72033934
6/24/2024 8:00,17.88983083
6/24/2024 9:00,16.05087755
6/24/2024 10:00,16.39473708
6/24/2024 11:00,14.00169508
6/24/2024 12:00,14.5350002
6/24/2024 13:00,14.71333356
6/24/2024 14:00,17.49827618
6/24/2024 15:00,18.1152546
6/24/2024 16:00,18.92166707
6/24/2024 17:00,19.44655218
6/24/2024 18:00,20.32166713
6/24/2024 19:00,24.51016976
6/24/2024 20:00,27.31525466
6/24/2024 21:00,25.7800004
6/24/2024 22:00,26.734483
6/24/2024 23:00,27.10339019
6/25/2024,34.16000064
6/25/2024 1:00,32.42500074
6/25/2024 2:00,30.86101745
6/25/2024 3:00,40.63103498
6/25/2024 4:00,27.23166704
6/25/2024 5:00,29.37833366
6/25/2024 6:00,27.9627123
6/25/2024 7:00,32.18833396
6/25/2024 8:00,27.56610224
6/25/2024 9:00,22.33000046
6/25/2024 10:00,22.13333362
6/25/2024 11:00,22.35517275
6/25/2024 12:00,20.5466671
6/25/2024 13:00,21.60666714
6/25/2024 14:00,20.10833383
6/25/2024 15:00,22.39833374
6/25/2024 16:00,21.60517278
6/25/2024 17:00,15.55833365
6/25/2024 18:00,16.37966132
6/25/2024 19:00,14.25593239
6/25/2024 20:00,23.62372919
6/25/2024 21:00,25.09661047
6/25/2024 22:00,25.74915285
6/25/2024 23:00,17.85254259
6/26/2024,22.30339028
6/26/2024 1:00,32.12711942
6/26/2024 2:00,31.95932259
6/26/2024 3:00,33.03333384
6/26/2024 4:00,29.19152596
6/26/2024 5:00,21.35333366
6/26/2024 6:00,28.25333376
6/26/2024 7:00,32.58474631
6/26/2024 8:00,34.07966177
6/26/2024 9:00,31.65166721
6/26/2024 10:00,27.48500039
6/26/2024 11:00,27.20833378
6/26/2024 12:00,17.70166701
6/26/2024 13:00,14.27118665
6/26/2024 14:00,11.87719322
6/26/2024 15:00,15.38500029
6/26/2024 16:00,16.24000026
6/26/2024 17:00,16.70847484
6/26/2024 18:00,16.6250003
6/26/2024 19:00,18.68813591
6/26/2024 20:00,17.3827589
6/26/2024 21:00,16.8137934
6/26/2024 22:00,20.47288174
6/26/2024 23:00,24.24833384
6/27/2024,18.58644107
6/27/2024 1:00,23.4633338
6/27/2024 2:00,20.03166706
6/27/2024 3:00,16.22881391
6/27/2024 4:00,16.28983084
6/27/2024 5:00,19.57166716
6/27/2024 6:00,26.30666714
6/27/2024 7:00,30.32413867
6/27/2024 8:00,32.55084788
6/27/2024 9:00,29.3033337
6/27/2024 10:00,21.32833362
6/27/2024 11:00,20.75172464
6/27/2024 12:00,16.03166696
6/27/2024 13:00,11.5457629
6/27/2024 14:00,12.49333358
6/27/2024 15:00,13.75333362
6/27/2024 16:00,13.67966122
6/27/2024 17:00,14.4950002
6/27/2024 18:00,18.186667
6/27/2024 19:00,21.18750034
6/27/2024 20:00,18.13793146
6/27/2024 21:00,16.4883338
6/27/2024 22:00,15.51666689
6/27/2024 23:00,17.02000028
6/28/2024,14.96779683
6/28/2024 1:00,13.58965533
6/28/2024 2:00,8.149122949
6/28/2024 3:00,7.003333449
6/28/2024 4:00,7.563333408
6/28/2024 5:00,11.12166688
6/28/2024 6:00,14.12280718
6/28/2024 7:00,15.07288152
6/28/2024 8:00,18.47288167
6/28/2024 9:00,17.8423733
6/28/2024 10:00,15.04745792
6/28/2024 11:00,9.886666862
6/28/2024 12:00,8.421052791
6/28/2024 13:00,7.350000079
6/28/2024 14:00,5.986440804
6/28/2024 15:00,6.631034572
6/28/2024 16:00,7.052542484
6/28/2024 17:00,7.161666783
6/28/2024 18:00,10.25517262
6/28/2024 19:00,12.5607145
6/28/2024 20:00,9.43620704
6/28/2024 21:00,8.600000159
6/28/2024 22:00,9.328333537
6/28/2024 23:00,13.11864425
6/29/2024,11.78333352
6/29/2024 1:00,10.27413814
6/29/2024 2:00,9.75166684
6/29/2024 3:00,10.20169503
6/29/2024 4:00,10.36166684
6/29/2024 5:00,9.908928752
6/29/2024 6:00,9.944068036
6/29/2024 7:00,13.02711888
6/29/2024 8:00,11.24237311
6/29/2024 9:00,8.895000188
6/29/2024 10:00,9.552542517
6/29/2024 11:00,9.339655375
6/29/2024 12:00,7.345762786
6/29/2024 13:00,5.525423834
6/29/2024 14:00,5.248333418
6/29/2024 15:00,7.315000145
6/29/2024 16:00,6.940000113
6/29/2024 17:00,6.964406886
6/29/2024 18:00,9.978333521
6/29/2024 19:00,12.75438622
6/29/2024 20:00,13.76333354
6/29/2024 21:00,14.40333349
6/29/2024 22:00,15.88596521
6/29/2024 23:00,10.99482783
6/30/2024,8.848333557
6/30/2024 1:00,10.06666688
6/30/2024 2:00,16.36500031
6/30/2024 3:00,22.31186472
6/30/2024 4:00,20.29152576
6/30/2024 5:00,20.69137971
6/30/2024 6:00,23.39491566
6/30/2024 7:00,11.80169508
6/30/2024 8:00,8.221666829
6/30/2024 9:00,8.866101879
6/30/2024 10:00,8.142373037
6/30/2024 11:00,7.603333433
6/30/2024 12:00,7.118965609
6/30/2024 13:00,7.205000114
6/30/2024 14:00,6.89166677
6/30/2024 15:00,10.46166677
6/30/2024 16:00,10.88644083
6/30/2024 17:00,12.42000022
6/30/2024 18:00,16.53275886
6/30/2024 19:00,14.86610196
6/30/2024 20:00,12.68813578
6/30/2024 21:00,11.89661036
6/30/2024 22:00,7.903389995
6/30/2024 23:00,11.45689673
7/1/2024,12.60333351
7/1/2024 1:00,9.817241488
7/1/2024 2:00,12.64067818
7/1/2024 3:00,13.17288156
7/1/2024 4:00,10.22280718
7/1/2024 5:00,12.57166686
7/1/2024 6:00,16.20833356
7/1/2024 7:00,13.39000015
7/1/2024 8:00,13.26440696
7/1/2024 9:00,11.75084769
7/1/2024 10:00,10.72333353
7/1/2024 11:00,8.498333486
7/1/2024 12:00,7.691228189
7/1/2024 13:00,5.058333417
7/1/2024 14:00,5.995000112
7/1/2024 15:00,5.043103514
7/1/2024 16:00,8.777966281
7/1/2024 17:00,9.545614226
7/1/2024 18:00,8.215000161
7/1/2024 19:00,8.341379453
7/1/2024 20:00,10.31333359
7/1/2024 21:00,7.450847561
7/1/2024 22:00,9.513793312
7/1/2024 23:00,10.36833352
7/2/2024,18.36333364
7/2/2024 1:00,8.423333494
7/2/2024 2:00,8.136666878
7/2/2024 3:00,39.36666718
7/2/2024 4:00,14.59152576
7/2/2024 5:00,9.728333497
7/2/2024 6:00,14.28771953
7/2/2024 7:00,13.05178589
7/2/2024 8:00,14.8254239
7/2/2024 9:00,18.77833362
7/2/2024 10:00,12.50833351
7/2/2024 11:00,11.45438614
7/2/2024 12:00,6.686666783
7/2/2024 13:00,4.608474667
7/2/2024 14:00,4.784482837
7/2/2024 15:00,6.763158003
7/2/2024 16:00,4.011666731
7/2/2024 17:00,4.608333413
7/2/2024 18:00,6.3186442
7/2/2024 19:00,8.186666775
7/2/2024 20:00,12.0983335
7/2/2024 21:00,13.62413813
7/2/2024 22:00,9.654237489
7/2/2024 23:00,9.935000134
7/3/2024,23.85500042
7/3/2024 1:00,9.455932359
7/3/2024 2:00,8.980000146
7/3/2024 3:00,7.428333429
7/3/2024 4:00,8.083333468
7/3/2024 5:00,3.827586248
7/3/2024 6:00,5.393333435
7/3/2024 7:00,12.08813581
7/3/2024 8:00,10.52758642
7/3/2024 9:00,7.313333412
7/3/2024 10:00,4.571186522
7/3/2024 11:00,5.675000083
7/3/2024 12:00,8.562712055
7/3/2024 13:00,10.59827604
7/3/2024 14:00,10.69000017
7/3/2024 15:00,5.155000083
7/3/2024 16:00,7.894915379
7/3/2024 17:00,7.605000114
7/3/2024 18:00,6.679661137
7/3/2024 19:00,7.153333433
7/3/2024 20:00,7.433898417
7/3/2024 21:00,9.700000197
7/3/2024 22:00,12.78305104
7/3/2024 23:00,11.83166684
7/4/2024,22.25932233
7/4/2024 1:00,46.36500092
7/4/2024 2:00,28.04166743
7/4/2024 3:00,9.395000172
7/4/2024 4:00,4.420000092
7/4/2024 5:00,4.520339085
7/4/2024 6:00,5.91694928
7/4/2024 7:00,6.93448287
7/4/2024 8:00,13.86333353
7/4/2024 9:00,6.057627209
7/4/2024 10:00,6.472881471
7/4/2024 11:00,8.238983235
7/4/2024 12:00,8.515254376
7/4/2024 13:00,9.91666681
7/4/2024 14:00,10.62833356
7/4/2024 15:00,13.84745785
7/4/2024 16:00,13.41666686
7/4/2024 17:00,9.031579076
7/4/2024 18:00,7.715000137
7/4/2024 19:00,11.07796627
7/4/2024 20:00,4.372881429
7/4/2024 21:00,5.117543961
7/4/2024 22:00,9.040000121
7/4/2024 23:00,10.52203416
7/5/2024,9.956666787
7/5/2024 1:00,9.221428786
7/5/2024 2:00,7.608333445
7/5/2024 3:00,8.762711978
7/5/2024 4:00,10.36949171
7/5/2024 5:00,11.24827602
7/5/2024 6:00,14.28983074
7/5/2024 7:00,16.25344854
7/5/2024 8:00,14.04576289
7/5/2024 9:00,13.49833355
7/5/2024 10:00,11.91525448
7/5/2024 11:00,8.764406956
7/5/2024 12:00,6.553448356
7/5/2024 13:00,10.26666679
7/5/2024 14:00,6.552542484
7/5/2024 15:00,5.308333441
7/5/2024 16:00,3.567796675
7/5/2024 17:00,5.623728922
7/5/2024 18:00,8.114035222
7/5/2024 19:00,12.04576293
7/5/2024 20:00,12.5728816
7/5/2024 21:00,13.35500018
7/5/2024 22:00,10.34385986
7/5/2024 23:00,10.94166686
7/6/2024,9.548333486
7/6/2024 1:00,3.522413837
7/6/2024 2:00,2.872413839
7/6/2024 3:00,3.690000041
7/6/2024 4:00,3.740678044
7/6/2024 5:00,6.713559454
7/6/2024 6:00,9.843103606
7/6/2024 7:00,3.981666732
7/6/2024 8:00,7.443333403
7/6/2024 9:00,11.45254259
7/6/2024 10:00,5.25254248
7/6/2024 11:00,10.08771943
7/6/2024 12:00,6.696610301
7/6/2024 13:00,6.800000087
7/6/2024 14:00,7.39661026
7/6/2024 15:00,7.418965697
7/6/2024 16:00,6.961666791
7/6/2024 17:00,6.817241504
7/6/2024 18:00,8.333898496
7/6/2024 19:00,13.23898319
7/6/2024 20:00,24.30666714
7/6/2024 21:00,16.27333361
7/6/2024 22:00,19.00166702
7/6/2024 23:00,19.66500034
7/7/2024,21.37666705
7/7/2024 1:00,18.20666706
7/7/2024 2:00,16.24000038
7/7/2024 3:00,16.9033337
7/7/2024 4:00,17.27500029
7/7/2024 5:00,11.89833349
7/7/2024 6:00,7.972131182
7/7/2024 7:00,13.39322056
7/7/2024 8:00,14.27333355
7/7/2024 9:00,15.05166693
7/7/2024 10:00,12.90666696
7/7/2024 11:00,10.23500016
7/7/2024 12:00,15.89666694
7/7/2024 13:00,19.67333371
7/7/2024 14:00,15.16833367
7/7/2024 15:00,6.760000054
7/7/2024 16:00,8.225000159
7/7/2024 17:00,14.86557402
7/7/2024 18:00,10.89666691
7/7/2024 19:00,13.14745782
7/7/2024 20:00,12.9898307
7/7/2024 21:00,13.36271204
7/7/2024 22:00,14.06610188
7/7/2024 23:00,15.67118659
7/8/2024,16.80833376
7/8/2024 1:00,13.46833358
7/8/2024 2:00,11.61694931
7/8/2024 3:00,11.98793119
7/8/2024 4:00,14.83833356
7/8/2024 5:00,15.45500034
7/8/2024 6:00,10.79827613
7/8/2024 7:00,13.60833354
7/8/2024 8:00,14.44745775
7/8/2024 9:00,16.30833368
7/8/2024 10:00,19.5338986
7/8/2024 11:00,17.23728844
7/8/2024 12:00,9.261666862
7/8/2024 13:00,6.630000122
7/8/2024 14:00,7.971666797
7/8/2024 15:00,11.06271216
7/8/2024 16:00,18.14067839
7/8/2024 17:00,16.76440717
7/8/2024 18:00,16.55084778
7/8/2024 19:00,18.72758661
7/8/2024 20:00,14.83333352
7/8/2024 21:00,13.61186457
7/8/2024 22:00,13.02542394
7/8/2024 23:00,13.21607171
7/9/2024,17.21166695
7/9/2024 1:00,19.39333363
7/9/2024 2:00,19.4706901
7/9/2024 3:00,19.4389833
7/9/2024 4:00,20.01724171
7/9/2024 5:00,24.76724187
7/9/2024 6:00,23.27758664
7/9/2024 7:00,24.48666703
7/9/2024 8:00,23.6379314
7/9/2024 9:00,21.89661042
7/9/2024 10:00,16.95166699
7/9/2024 11:00,17.94745812
7/9/2024 12:00,14.87413819
7/9/2024 13:00,14.32333355
7/9/2024 14:00,16.89661037
7/9/2024 15:00,14.45666685
7/9/2024 16:00,16.68965553
7/9/2024 17:00,14.89122837
7/9/2024 18:00,14.2711866
7/9/2024 19:00,14.35423754
7/9/2024 20:00,19.69666691
7/9/2024 21:00,19.48000037
7/9/2024 22:00,19.72931073
7/9/2024 23:00,21.85862104
7/10/2024,19.9266669
7/10/2024 1:00,22.36949187
7/10/2024 2:00,19.18333365
7/10/2024 3:00,19.66610201
7/10/2024 4:00,20.32000036
7/10/2024 5:00,23.12333374
7/10/2024 6:00,22.19166708
7/10/2024 7:00,23.68103491
7/10/2024 8:00,20.90847487
7/10/2024 9:00,17.28000035
7/10/2024 10:00,19.37118685
7/10/2024 11:00,21.60666704
7/10/2024 12:00,20.83333384
7/10/2024 13:00,16.30500026
7/10/2024 14:00,5.286885336
7/10/2024 15:00,11.49491552
7/10/2024 16:00,10.87288155
7/10/2024 17:00,7.910344987
7/10/2024 18:00,6.239655273
7/10/2024 19:00,5.205084857
7/10/2024 20:00,5.886666759
7/10/2024 21:00,5.96071434
7/10/2024 22:00,8.925000167
7/10/2024 23:00,12.22666691
7/11/2024,12.59491545
7/11/2024 1:00,13.99333361
7/11/2024 2:00,26.18666709
7/11/2024 3:00,30.45666733
7/11/2024 4:00,22.19166711
7/11/2024 5:00,19.83220382
7/11/2024 6:00,20.49333385
7/11/2024 7:00,24.32711908
7/11/2024 8:00,25.30517276
7/11/2024 9:00,24.08392882
7/11/2024 10:00,18.467797
7/11/2024 11:00,17.05762755
7/11/2024 12:00,15.81929861
7/11/2024 13:00,14.65762736
7/11/2024 14:00,17.26949184
7/11/2024 15:00,19.18166691
7/11/2024 16:00,18.88833367
7/11/2024 17:00,16.64745803
7/11/2024 18:00,12.16779681
7/11/2024 19:00,10.27241398
7/11/2024 20:00,11.64500022
7/11/2024 21:00,11.91333348
7/11/2024 22:00,11.78305102
7/11/2024 23:00,11.65263178
7/12/2024,8.589830706
7/12/2024 1:00,6.001724235
7/12/2024 2:00,6.820339082
7/12/2024 3:00,6.722033994
7/12/2024 4:00,5.403333457
7/12/2024 5:00,5.731034558
7/12/2024 6:00,8.193333499
7/12/2024 7:00,8.866666865
7/12/2024 8:00,10.21500023
7/12/2024 9:00,5.777193061
7/12/2024 10:00,6.144827645
7/12/2024 11:00,6.81666677
7/12/2024 12:00,5.766101785
7/12/2024 13:00,6.476271282
7/12/2024 14:00,3.810169539
7/12/2024 15:00,2.096551749
7/12/2024 16:00,5.046666733
7/12/2024 17:00,6.383050951
7/12/2024 18:00,8.47931048
7/12/2024 19:00,9.641666873
7/12/2024 20:00,10.41833353
7/12/2024 21:00,13.95333354
7/12/2024 22:00,11.67166684
7/12/2024 23:00,6.791666738
7/13/2024,5.536666767
7/13/2024 1:00,4.755000103
7/13/2024 2:00,5.988135677
7/13/2024 3:00,7.208333413
7/13/2024 4:00,7.713333456
7/13/2024 5:00,10.4271188
7/13/2024 6:00,14.68983086
7/13/2024 7:00,16.4633337
7/13/2024 8:00,15.9322037
7/13/2024 9:00,13.46101712
7/13/2024 10:00,11.91694934
7/13/2024 11:00,12.51333354
7/13/2024 12:00,14.2689657
7/13/2024 13:00,10.04067822
7/13/2024 14:00,8.37118662
7/13/2024 15:00,8.679661137
7/13/2024 16:00,8.906666819
7/13/2024 17:00,9.550847635
7/13/2024 18:00,11.70000017
7/13/2024 19:00,14.44912308
7/13/2024 20:00,15.27627138
7/13/2024 21:00,13.7983053
7/13/2024 22:00,12.83333357
7/13/2024 23:00,11.88275885
7/14/2024,9.621052809
7/14/2024 1:00,6.627118741
7/14/2024 2:00,7.283333413
7/14/2024 3:00,9.917544081
7/14/2024 4:00,9.52666688
7/14/2024 5:00,10.15517261
7/14/2024 6:00,14.12500017
7/14/2024 7:00,15.67241402
7/14/2024 8:00,18.20333376
7/14/2024 9:00,19.88833367
7/14/2024 10:00,13.00000024
7/14/2024 11:00,10.96666686
7/14/2024 12:00,8.191525548
7/14/2024 13:00,7.67333343
7/14/2024 14:00,8.615000184
7/14/2024 15:00,9.210000134
7/14/2024 16:00,11.14827605
7/14/2024 17:00,13.42931052
7/14/2024 18:00,15.42833357
7/14/2024 19:00,16.26271212
7/14/2024 20:00,14.49152562
7/14/2024 21:00,14.88245638
7/14/2024 22:00,16.37627159
7/14/2024 23:00,16.96949193
7/15/2024,20.632759
7/15/2024 1:00,21.82241417
7/15/2024 2:00,24.05000032
7/15/2024 3:00,19.94500046
7/15/2024 4:00,20.02931069
7/15/2024 5:00,21.24655217
7/15/2024 6:00,24.17796646
7/15/2024 7:00,22.51355976
7/15/2024 8:00,22.45357183
7/15/2024 9:00,17.25593257
7/15/2024 10:00,11.98474597
7/15/2024 11:00,14.75500024
7/15/2024 12:00,11.93500013
7/15/2024 13:00,12.37333347
7/15/2024 14:00,10.93833357
7/15/2024 15:00,11.18166684
7/15/2024 16:00,11.73166685
7/15/2024 17:00,11.3183335
7/15/2024 18:00,11.25833351
7/15/2024 19:00,12.80500021
7/15/2024 20:00,12.36500017
7/15/2024 21:00,12.75762733
7/15/2024 22:00,12.18474601
7/15/2024 23:00,13.54333356
7/16/2024,14.4915256
7/16/2024 1:00,14.21525443
7/16/2024 2:00,12.13898318
7/16/2024 3:00,12.75166688
7/16/2024 4:00,11.86101713
7/16/2024 5:00,11.55423746
7/16/2024 6:00,15.29824583
7/16/2024 7:00,17.56610201
7/16/2024 8:00,13.31000018
7/16/2024 9:00,13.79333364
7/16/2024 10:00,12.25344857
7/16/2024 11:00,11.12881379
7/16/2024 12:00,9.422413892
7/16/2024 13:00,8.805172616
7/16/2024 14:00,7.937931159
7/16/2024 15:00,7.558620798
7/16/2024 16:00,9.665000145
7/16/2024 17:00,9.220689856
7/16/2024 18:00,12.24406802
7/16/2024 19:00,17.53166718
7/16/2024 20:00,14.26610201
7/16/2024 21:00,12.76440701
7/16/2024 22:00,13.55833349
7/16/2024 23:00,14.06271214
7/17/2024,11.11551744
7/17/2024 1:00,11.82666683
7/17/2024 2:00,5.465000095
7/17/2024 3:00,2.908333373
7/17/2024 4:00,2.786206948
7/17/2024 5:00,4.02413799
7/17/2024 6:00,7.265000121
7/17/2024 7:00,11.46610181
7/17/2024 8:00,15.23220365
7/17/2024 9:00,15.45517267
7/17/2024 10:00,14.7016669
7/17/2024 11:00,10.5879312
7/17/2024 12:00,6.686440783
7/17/2024 13:00,4.653333418
7/17/2024 14:00,5.169491594
7/17/2024 15:00,4.835000054
7/17/2024 16:00,5.181356002
7/17/2024 17:00,8.305263268
7/17/2024 18:00,12.41864421
7/17/2024 19:00,13.8881358
7/17/2024 20:00,9.905084974
7/17/2024 21:00,8.710169631
7/17/2024 22:00,10.16333354
7/17/2024 23:00,7.592982568
7/18/2024,7.168333443
7/18/2024 1:00,6.306896662
7/18/2024 2:00,6.543103506
7/18/2024 3:00,7.303448398
7/18/2024 4:00,7.633898428
7/18/2024 5:00,8.336842261
7/18/2024 6:00,10.72413819
7/18/2024 7:00,10.82241399
7/18/2024 8:00,16.95254269
7/18/2024 9:00,18.77068993
7/18/2024 10:00,15.55833378
7/18/2024 11:00,13.71578968
7/18/2024 12:00,10.63559337
7/18/2024 13:00,6.688135689
7/18/2024 14:00,8.518644187
7/18/2024 15:00,8.478333465
7/18/2024 16:00,11.13000021
7/18/2024 17:00,11.31016969
7/18/2024 18:00,12.79500024
7/18/2024 19:00,15.21166687
7/18/2024 20:00,14.96034502
7/18/2024 21:00,14.08983075
7/18/2024 22:00,13.97586226
7/18/2024 23:00,14.49166684
7/19/2024,14.43275879
7/19/2024 1:00,8.465000153
7/19/2024 2:00,7.294915353
7/19/2024 3:00,6.905084852
7/19/2024 4:00,6.585965014
7/19/2024 5:00,6.207017614
7/19/2024 6:00,7.874576383
7/19/2024 7:00,8.117241572
7/19/2024 8:00,9.458620828
7/19/2024 9:00,8.050000117
7/19/2024 10:00,6.927586375
7/19/2024 11:00,3.129824605
7/19/2024 12:00,7.857627263
7/19/2024 13:00,4.921666757
7/19/2024 14:00,4.35762719
7/19/2024 15:00,4.324137975
7/19/2024 16:00,5.001724214
7/19/2024 17:00,6.941379424
7/19/2024 18:00,7.723728956
7/19/2024 19:00,9.283051014
7/19/2024 20:00,9.940000208
7/19/2024 21:00,9.016666842
7/19/2024 22:00,10.91724155
7/19/2024 23:00,13.99152565
7/20/2024,15.91833361
7/20/2024 1:00,8.668333483
7/20/2024 2:00,23.46166719
7/20/2024 3:00,25.11525471
7/20/2024 4:00,21.64576312
7/20/2024 5:00,9.140000248
7/20/2024 6:00,12.12500027
7/20/2024 7:00,15.96166698
7/20/2024 8:00,21.7796614
7/20/2024 9:00,17.32203425
7/20/2024 10:00,11.30847477
7/20/2024 11:00,10.14406799
7/20/2024 12:00,8.87966118
7/20/2024 13:00,8.423333494
7/20/2024 14:00,8.11964305
7/20/2024 15:00,7.640000121
7/20/2024 16:00,6.409091022
7/20/2024 17:00,6.593333455
7/20/2024 18:00,8.041666818
7/20/2024 19:00,11.28813577
7/20/2024 20:00,13.85333352
7/20/2024 21:00,15.24500031
7/20/2024 22:00,13.26779682
7/20/2024 23:00,10.97586226
7/21/2024,12.48333354
7/21/2024 1:00,14.91000031
7/21/2024 2:00,13.22833355
7/21/2024 3:00,10.37931049
7/21/2024 4:00,11.08644091
7/21/2024 5:00,11.76271207
7/21/2024 6:00,14.54833349
7/21/2024 7:00,15.43389852
7/21/2024 8:00,17.17627142
7/21/2024 9:00,22.46440716
7/21/2024 10:00,20.0155176
7/21/2024 11:00,14.68166682
7/21/2024 12:00,11.57166686
7/21/2024 13:00,9.240678076
7/21/2024 14:00,9.018965696
7/21/2024 15:00,9.483051041
7/21/2024 16:00,11.02500021
7/21/2024 17:00,12.1728815
7/21/2024 18:00,11.33666685
7/21/2024 19:00,13.38333357
7/21/2024 20:00,13.82982482
7/21/2024 21:00,14.99152571
7/21/2024 22:00,13.12931058
7/21/2024 23:00,10.8288138
7/22/2024,6.836666791
7/22/2024 1:00,1.370000022
7/22/2024 2:00,0.948333358
7/22/2024 3:00,1.85087723
7/22/2024 4:00,2.627118695
7/22/2024 5:00,2.4821429
7/22/2024 6:00,5.038983135
7/22/2024 7:00,7.440678136
7/22/2024 8:00,8.10833346
7/22/2024 9:00,13.29152561
7/22/2024 10:00,20.46500022
7/22/2024 11:00,23.70339022
7/22/2024 12:00,18.56166697
7/22/2024 13:00,16.40500034
7/22/2024 14:00,14.24500028
7/22/2024 15:00,8.325000151
7/22/2024 16:00,7.005084846
7/22/2024 17:00,6.0355933
7/22/2024 18:00,5.840678037
7/22/2024 19:00,11.24137956
7/22/2024 20:00,8.105172503
7/22/2024 21:00,6.259322138
7/22/2024 22:00,1.564406803
7/22/2024 23:00,3.24107148
7/23/2024,1.528813589
7/23/2024 1:00,1.986440707
7/23/2024 2:00,1.97118648
7/23/2024 3:00,2.161016996
7/23/2024 4:00,2.83389835
7/23/2024 5:00,5.194915315
7/23/2024 6:00,8.111864551
7/23/2024 7:00,10.07586225
7/23/2024 8:00,7.526666824
7/23/2024 9:00,12.27166683
7/23/2024 10:00,NA
7/23/2024 11:00,6.351666808
7/23/2024 12:00,6.418333419
7/23/2024 13:00,6.726666808
7/23/2024 14:00,4.766666754
7/23/2024 15:00,3.906666724
7/23/2024 16:00,4.17833339
7/23/2024 17:00,4.615000049
7/23/2024 18:00,5.455000091
7/23/2024 19:00,5.630000071
7/23/2024 20:00,2.251666709
7/23/2024 21:00,2.960000038
7/23/2024 22:00,4.960000066
7/23/2024 23:00,4.776666768
7/24/2024,4.788333432
7/24/2024 1:00,5.451666788
7/24/2024 2:00,3.731666712
7/24/2024 3:00,3.561666735
7/24/2024 4:00,3.986666715
7/24/2024 5:00,5.333333421
7/24/2024 6:00,6.381666768
7/24/2024 7:00,6.606666803
7/24/2024 8:00,6.793333467
7/24/2024 9:00,5.626666745
7/24/2024 10:00,5.977586315
7/24/2024 11:00,6.41333344
7/24/2024 12:00,6.98500011
7/24/2024 13:00,7.491379425
7/24/2024 14:00,4.963793171
7/24/2024 15:00,5.098333402
7/24/2024 16:00,5.205084833
7/24/2024 17:00,5.976666752
7/24/2024 18:00,7.811666791
7/24/2024 19:00,9.444068004
7/24/2024 20:00,8.593220468
7/24/2024 21:00,6.712069051
7/24/2024 22:00,1.465000037
7/24/2024 23:00,1.667796638
7/25/2024,3.308333405
7/25/2024 1:00,3.740678003
7/25/2024 2:00,4.56333342
7/25/2024 3:00,4.650000079
7/25/2024 4:00,4.561017028
7/25/2024 5:00,6.269642992
7/25/2024 6:00,9.784482972
7/25/2024 7:00,12.85833352
7/25/2024 8:00,14.18793126
7/25/2024 9:00,8.985000173
7/25/2024 10:00,4.151724215
7/25/2024 11:00,4.216949224
7/25/2024 12:00,4.226666754
7/25/2024 13:00,5.015000101
7/25/2024 14:00,6.020339069
7/25/2024 15:00,6.308474702
7/25/2024 16:00,7.772881459
7/25/2024 17:00,6.552542464
7/25/2024 18:00,4.20333339
7/25/2024 19:00,6.200000103
7/25/2024 20:00,5.885000102
7/25/2024 21:00,9.475862256
7/25/2024 22:00,9.053448496
7/25/2024 23:00,10.30333351
7/26/2024,8.637288296
7/26/2024 1:00,9.306666883
7/26/2024 2:00,7.741071548
7/26/2024 3:00,10.95833353
7/26/2024 4:00,47.04166751
7/26/2024 5:00,29.51500028
7/26/2024 6:00,16.33166701
7/26/2024 7:00,18.33500047
7/26/2024 8:00,16.51016974
7/26/2024 9:00,15.66333365
7/26/2024 10:00,13.09310364
7/26/2024 11:00,11.43859673
7/26/2024 12:00,7.215254384
7/26/2024 13:00,6.336206991
7/26/2024 14:00,4.447368467
7/26/2024 15:00,6.863333488
7/26/2024 16:00,7.874138059
7/26/2024 17:00,9.376666816
7/26/2024 18:00,6.680701858
7/26/2024 19:00,9.145000156
7/26/2024 20:00,16.94655198
7/26/2024 21:00,8.632203619
7/26/2024 22:00,9.600000181
7/26/2024 23:00,11.74237308
7/27/2024,17.92333373
7/27/2024 1:00,12.62833354
7/27/2024 2:00,36.82711921
7/27/2024 3:00,40.11000064
7/27/2024 4:00,14.82033924
7/27/2024 5:00,7.623333486
7/27/2024 6:00,10.81666681
7/27/2024 7:00,14.05172447
7/27/2024 8:00,9.181666851
7/27/2024 9:00,11.55517253
7/27/2024 10:00,15.97796637
7/27/2024 11:00,12.26500017
7/27/2024 12:00,6.232203508
7/27/2024 13:00,4.343333435
7/27/2024 14:00,4.99166673
7/27/2024 15:00,5.170000092
7/27/2024 16:00,5.615000105
7/27/2024 17:00,5.498333434
7/27/2024 18:00,3.686440749
7/27/2024 19:00,8.067241471
7/27/2024 20:00,7.623333478
7/27/2024 21:00,6.621666781
7/27/2024 22:00,8.711864576
7/27/2024 23:00,7.650000127
7/28/2024,4.186206966
7/28/2024 1:00,3.206666724
7/28/2024 2:00,3.001666727
7/28/2024 3:00,4.889830614
7/28/2024 4:00,5.015000097
7/28/2024 5:00,6.49661031
7/28/2024 6:00,9.458620869
7/28/2024 7:00,12.27413815
7/28/2024 8:00,16.97931066
7/28/2024 9:00,17.30166694
7/28/2024 10:00,9.701724357
7/28/2024 11:00,9.284745952
7/28/2024 12:00,7.435000141
7/28/2024 13:00,5.903448343
7/28/2024 14:00,5.444827663
7/28/2024 15:00,7.605084856
7/28/2024 16:00,7.450847585
7/28/2024 17:00,6.901666768
7/28/2024 18:00,7.634482893
7/28/2024 19:00,11.1423731
7/28/2024 20:00,10.63000016
7/28/2024 21:00,9.770000172
7/28/2024 22:00,9.773333534
7/28/2024 23:00,6.889473848
7/29/2024,4.068333395
7/29/2024 1:00,3.284745806
7/29/2024 2:00,5.152542498
7/29/2024 3:00,4.976666768
7/29/2024 4:00,4.856666764
7/29/2024 5:00,8.805000154
7/29/2024 6:00,15.74406811
7/29/2024 7:00,15.03220359
7/29/2024 8:00,11.99833357
7/29/2024 9:00,7.081356032
7/29/2024 10:00,4.357627186
7/29/2024 11:00,4.570000084
7/29/2024 12:00,5.044067872
7/29/2024 13:00,3.761666683
7/29/2024 14:00,3.656896616
7/29/2024 15:00,4.291666718
7/29/2024 16:00,5.383333453
7/29/2024 17:00,7.431034598
7/29/2024 18:00,9.455000162
7/29/2024 19:00,10.30677989
7/29/2024 20:00,10.52203411
7/29/2024 21:00,11.96896574
7/29/2024 22:00,16.32542411
7/29/2024 23:00,11.90677984
7/30/2024,7.333898439
7/30/2024 1:00,7.94915268
7/30/2024 2:00,11.69830532
7/30/2024 3:00,25.86500055
7/30/2024 4:00,11.82000017
7/30/2024 5:00,13.00833357
7/30/2024 6:00,15.91833345
7/30/2024 7:00,10.79310358
7/30/2024 8:00,10.37966124
7/30/2024 9:00,9.158333548
7/30/2024 10:00,6.615254386
7/30/2024 11:00,5.459649195
7/30/2024 12:00,5.745000092
7/30/2024 13:00,4.637288219
7/30/2024 14:00,NA
7/30/2024 15:00,6.498305232
7/30/2024 16:00,6.678333433
7/30/2024 17:00,8.313559532
7/30/2024 18:00,10.60689673
7/30/2024 19:00,9.771186594
7/30/2024 20:00,9.233898462
7/30/2024 21:00,8.576666792
7/30/2024 22:00,9.644068007
7/30/2024 23:00,11.42711888
7/31/2024,9.571666869
7/31/2024 1:00,2.458333351
7/31/2024 2:00,1.227118673
7/31/2024 3:00,1.518333367
7/31/2024 4:00,2.196610212
7/31/2024 5:00,2.818333397
7/31/2024 6:00,5.513333408
7/31/2024 7:00,8.315254397
7/31/2024 8:00,5.327586293
7/31/2024 9:00,4.489830571
7/31/2024 10:00,11.42666689
7/31/2024 11:00,8.166666802
7/31/2024 12:00,4.018644155
7/31/2024 13:00,2.557627169
7/31/2024 14:00,2.644642892
7/31/2024 15:00,3.191525475
7/31/2024 16:00,2.983050888
7/31/2024 17:00,4.096666737
7/31/2024 18:00,5.406896632
7/31/2024 19:00,5.960000078
7/31/2024 20:00,5.389830589
7/31/2024 21:00,4.301666709
7/31/2024 22:00,3.476271249
7/31/2024 23:00,4.298245677
8/1/2024,11.62203411
8/1/2024 1:00,21.10701788
8/1/2024 2:00,32.13220403
8/1/2024 3:00,33.94655226
8/1/2024 4:00,32.32542431
8/1/2024 5:00,15.38333359
8/1/2024 6:00,13.93333361
8/1/2024 7:00,17.00500032
8/1/2024 8:00,10.03728833
8/1/2024 9:00,4.760000086
8/1/2024 10:00,5.852542457
8/1/2024 11:00,5.155000083
8/1/2024 12:00,6.948275961
8/1/2024 13:00,6.323333422
8/1/2024 14:00,6.755000114
8/1/2024 15:00,7.581666787
8/1/2024 16:00,5.927118734
8/1/2024 17:00,6.188135648
8/1/2024 18:00,8.484745939
8/1/2024 19:00,10.51379322
8/1/2024 20:00,18.19500036
8/1/2024 21:00,17.30877224
8/1/2024 22:00,2.176271238
8/1/2024 23:00,1.479661042
8/2/2024,2.345762762
8/2/2024 1:00,2.88103453
8/2/2024 2:00,3.462711912
8/2/2024 3:00,4.590000101
8/2/2024 4:00,4.513333432
8/2/2024 5:00,5.9254238
8/2/2024 6:00,11.0633335
8/2/2024 7:00,15.68500026
8/2/2024 8:00,14.5965519
8/2/2024 9:00,17.89152574
8/2/2024 10:00,14.69166684
8/2/2024 11:00,10.50847475
8/2/2024 12:00,5.340678049
8/2/2024 13:00,4.150877279
8/2/2024 14:00,6.52203399
8/2/2024 15:00,6.613793229
8/2/2024 16:00,10.42033914
8/2/2024 17:00,6.545000124
8/2/2024 18:00,8.376666808
8/2/2024 19:00,9.398305222
8/2/2024 20:00,4.746551822
8/2/2024 21:00,5.865517324
8/2/2024 22:00,10.19000026
8/2/2024 23:00,8.064912411
8/3/2024,24.1762716
8/3/2024 1:00,10.09661042
8/3/2024 2:00,17.05084783
8/3/2024 3:00,24.34482792
8/3/2024 4:00,8.356666764
8/3/2024 5:00,7.513333472
8/3/2024 6:00,11.00333347
8/3/2024 7:00,14.07457647
8/3/2024 8:00,14.16333357
8/3/2024 9:00,9.516666826
8/3/2024 10:00,5.606666799
8/3/2024 11:00,3.606779697
8/3/2024 12:00,3.053571463
8/3/2024 13:00,2.708333367
8/3/2024 14:00,3.0728814
8/3/2024 15:00,2.571929871
8/3/2024 16:00,3.17500004
8/3/2024 17:00,3.948333414
8/3/2024 18:00,5.343333435
8/3/2024 19:00,6.443333439
8/3/2024 20:00,4.011864452
8/3/2024 21:00,5.415254318
8/3/2024 22:00,4.796610262
8/3/2024 23:00,4.052631638
8/4/2024,2.808620745
8/4/2024 1:00,2.593333391
8/4/2024 2:00,2.900000036
8/4/2024 3:00,2.978333378
8/4/2024 4:00,3.233333377
8/4/2024 5:00,7.162069099
8/4/2024 6:00,9.581356081
8/4/2024 7:00,7.823728949
8/4/2024 8:00,11.37333354
8/4/2024 9:00,8.975000167
8/4/2024 10:00,4.971186541
8/4/2024 11:00,4.688333424
8/4/2024 12:00,4.739655269
8/4/2024 13:00,4.240000053
8/4/2024 14:00,4.731666776
8/4/2024 15:00,4.806666728
8/4/2024 16:00,4.718644154
8/4/2024 17:00,5.418644178
8/4/2024 18:00,6.846666789
8/4/2024 19:00,7.948333422
8/4/2024 20:00,8.262069209
8/4/2024 21:00,7.838333432
8/4/2024 22:00,7.566101834
8/4/2024 23:00,7.418965595
8/5/2024,7.855172527
8/5/2024 1:00,8.135593366
8/5/2024 2:00,7.774576397
8/5/2024 3:00,8.389830662
8/5/2024 4:00,9.201666848
8/5/2024 5:00,12.57166673
8/5/2024 6:00,17.21551757
8/5/2024 7:00,11.94576301
8/5/2024 8:00,14.58833354
8/5/2024 9:00,14.51186463
8/5/2024 10:00,13.43500023
8/5/2024 11:00,8.762711994
8/5/2024 12:00,7.313333472
8/5/2024 13:00,7.71666681
8/5/2024 14:00,8.538333511
8/5/2024 15:00,8.615254354
8/5/2024 16:00,9.263333511
8/5/2024 17:00,9.777193187
8/5/2024 18:00,10.71864421
8/5/2024 19:00,14.69661035
8/5/2024 20:00,13.64500012
8/5/2024 21:00,12.26724158
8/5/2024 22:00,11.21551741
8/5/2024 23:00,16.38666698
8/6/2024,11.66166687
8/6/2024 1:00,9.136207087
8/6/2024 2:00,9.047457792
8/6/2024 3:00,9.248333549
8/6/2024 4:00,9.176785835
8/6/2024 5:00,5.048275968
8/6/2024 6:00,6.277966225
8/6/2024 7:00,8.649152691
8/6/2024 8:00,6.337288234
8/6/2024 9:00,7.307407556
8/6/2024 10:00,10.86491248
8/6/2024 11:00,11.98135609
8/6/2024 12:00,11.83728838
8/6/2024 13:00,12.74333355
8/6/2024 14:00,3.766666738
8/6/2024 15:00,2.84561408
8/6/2024 16:00,4.698245714
8/6/2024 17:00,6.370000076
8/6/2024 18:00,7.301695032
8/6/2024 19:00,5.472413893
8/6/2024 20:00,6.217543928
8/6/2024 21:00,5.610000094
8/6/2024 22:00,5.106779761
8/6/2024 23:00,5.279661074
8/7/2024,6.061666775
8/7/2024 1:00,5.913793186
8/7/2024 2:00,7.15254247
8/7/2024 3:00,6.216949253
8/7/2024 4:00,6.641666802
8/7/2024 5:00,8.967241534
8/7/2024 6:00,11.7783335
8/7/2024 7:00,15.40677992
8/7/2024 8:00,15.40333357
8/7/2024 9:00,14.32881382
8/7/2024 10:00,5.47931048
8/7/2024 11:00,3.623728873
8/7/2024 12:00,3.490000057
8/7/2024 13:00,3.770000041
8/7/2024 14:00,4.355000095
8/7/2024 15:00,3.618333395
8/7/2024 16:00,4.05517248
8/7/2024 17:00,5.482758744
8/7/2024 18:00,4.737931124
8/7/2024 19:00,7.465000137
8/7/2024 20:00,6.645762831
8/7/2024 21:00,6.641666778
8/7/2024 22:00,7.826666808
8/7/2024 23:00,7.563793191
8/8/2024,7.530508575
8/8/2024 1:00,6.271666749
8/8/2024 2:00,6.022413895
8/8/2024 3:00,6.308333421
8/8/2024 4:00,7.014285803
8/8/2024 5:00,9.278571589
8/8/2024 6:00,11.34067818
8/8/2024 7:00,15.50677995
8/8/2024 8:00,18.44237315
8/8/2024 9:00,17.28392877
8/8/2024 10:00,15.50666695
8/8/2024 11:00,8.345000124
8/8/2024 12:00,6.783050957
8/8/2024 13:00,7.645000092
8/8/2024 14:00,6.300000079
8/8/2024 15:00,4.700000075
8/8/2024 16:00,5.645762799
8/8/2024 17:00,4.330508555
8/8/2024 18:00,6.389830605
8/8/2024 19:00,12.92833354
8/8/2024 20:00,12.52542394
8/8/2024 21:00,6.830000114
8/8/2024 22:00,5.088333424
8/8/2024 23:00,6.301666737
8/9/2024,7.155000083
8/9/2024 1:00,8.780000194
8/9/2024 2:00,9.846666845
8/9/2024 3:00,9.722414017
8/9/2024 4:00,9.134426422
8/9/2024 5:00,10.28833354
8/9/2024 6:00,16.21333361
8/9/2024 7:00,11.93508787
8/9/2024 8:00,9.682758792
8/9/2024 9:00,8.322034076
8/9/2024 10:00,7.445000148
8/9/2024 11:00,7.977966301
8/9/2024 12:00,7.45666678
8/9/2024 13:00,6.575862173
8/9/2024 14:00,2.091666689
8/9/2024 15:00,3.715000057
8/9/2024 16:00,9.518032934
8/9/2024 17:00,7.359420417
8/9/2024 18:00,10.22000024
8/9/2024 19:00,11.61896576
8/9/2024 20:00,16.88666693
8/9/2024 21:00,16.58135621
8/9/2024 22:00,6.858333413
8/9/2024 23:00,6.820339082
8/10/2024,5.244067895
8/10/2024 1:00,4.695000116
8/10/2024 2:00,8.047457743
8/10/2024 3:00,11.64166686
8/10/2024 4:00,12.81034499
8/10/2024 5:00,13.53684231
8/10/2024 6:00,15.0900002
8/10/2024 7:00,14.22166677
8/10/2024 8:00,10.87368446
8/10/2024 9:00,8.701666824
8/10/2024 10:00,8.432758726
8/10/2024 11:00,8.383050999
8/10/2024 12:00,9.208620902
8/10/2024 13:00,6.195000108
8/10/2024 14:00,5.788333416
8/10/2024 15:00,7.155172554
8/10/2024 16:00,9.370000243
8/10/2024 17:00,7.428813668
8/10/2024 18:00,8.691379374
8/10/2024 19:00,10.91016967
8/10/2024 20:00,11.25087738
8/10/2024 21:00,8.564406953
8/10/2024 22:00,8.701666872
8/10/2024 23:00,9.6150002
8/11/2024,10.99491548
8/11/2024 1:00,6.736666751
8/11/2024 2:00,4.075000079
8/11/2024 3:00,4.375438661
8/11/2024 4:00,3.95666674
8/11/2024 5:00,3.61666673
8/11/2024 6:00,5.227118727
8/11/2024 7:00,8.89333353
8/11/2024 8:00,8.2728815
8/11/2024 9:00,9.001666832
8/11/2024 10:00,6.85964924
8/11/2024 11:00,7.369491658
8/11/2024 12:00,7.422033997
8/11/2024 13:00,6.958333468
8/11/2024 14:00,6.543333475
8/11/2024 15:00,10.04166691
8/11/2024 16:00,13.1533335
8/11/2024 17:00,14.35932224
8/11/2024 18:00,13.19166683
8/11/2024 19:00,18.66551753
8/11/2024 20:00,17.20508506
8/11/2024 21:00,15.805085
8/11/2024 22:00,16.03389858
8/11/2024 23:00,20.04237317
8/12/2024,18.24915301
8/12/2024 1:00,18.81896578
8/12/2024 2:00,24.29666707
8/12/2024 3:00,16.5483336
8/12/2024 4:00,17.19152577
8/12/2024 5:00,14.08500021
8/12/2024 6:00,13.61525445
8/12/2024 7:00,13.52500024
8/12/2024 8:00,16.17118679
8/12/2024 9:00,13.20847482
8/12/2024 10:00,11.37166685
8/12/2024 11:00,7.833333445
8/12/2024 12:00,7.545000148
8/12/2024 13:00,9.463333559
8/12/2024 14:00,8.07833341
8/12/2024 15:00,8.676271293
8/12/2024 16:00,9.818644249
8/12/2024 17:00,11.45833354
8/12/2024 18:00,9.644067886
8/12/2024 19:00,10.03275879
8/12/2024 20:00,11.62166691
8/12/2024 21:00,11.6457629
8/12/2024 22:00,12.15172432
8/12/2024 23:00,13.5542375
8/13/2024,10.36666683
8/13/2024 1:00,11.49655194
8/13/2024 2:00,10.31833351
8/13/2024 3:00,11.78000021
8/13/2024 4:00,12.79166689
8/13/2024 5:00,13.93275878
8/13/2024 6:00,14.94915277
8/13/2024 7:00,15.33666697
8/13/2024 8:00,15.90500032
8/13/2024 9:00,11.28305105
8/13/2024 10:00,11.52711881
8/13/2024 11:00,11.27500017
8/13/2024 12:00,11.32203409
8/13/2024 13:00,11.684483
8/13/2024 14:00,12.25172436
8/13/2024 15:00,10.04666686
8/13/2024 16:00,7.90877205
8/13/2024 17:00,8.700000127
8/13/2024 18:00,16.09000033
8/13/2024 19:00,20.06333369
8/13/2024 20:00,14.1694917
8/13/2024 21:00,9.640678147
8/13/2024 22:00,12.94000025
8/13/2024 23:00,12.80000022
8/14/2024,13.32711891
8/14/2024 1:00,8.083333453
8/14/2024 2:00,5.13500007
8/14/2024 3:00,5.273333454
8/14/2024 4:00,5.989830615
8/14/2024 5:00,7.083333421
8/14/2024 6:00,8.762711994
8/14/2024 7:00,12.12333357
8/14/2024 8:00,17.17627149
8/14/2024 9:00,18.64736887
8/14/2024 10:00,16.12069002
8/14/2024 11:00,10.69827603
8/14/2024 12:00,9.756666851
8/14/2024 13:00,6.195000092
8/14/2024 14:00,3.91666673
8/14/2024 15:00,3.625000056
8/14/2024 16:00,4.06896555
8/14/2024 17:00,4.131034551
8/14/2024 18:00,4.64237294
8/14/2024 19:00,10.32333353
8/14/2024 20:00,8.800000126
8/14/2024 21:00,8.765000161
8/14/2024 22:00,8.213333488
8/14/2024 23:00,8.217543987
8/15/2024,6.300000094
8/15/2024 1:00,5.79152555
8/15/2024 2:00,7.296610266
8/15/2024 3:00,6.895000108
8/15/2024 4:00,8.293220463
8/15/2024 5:00,5.411666775
8/15/2024 6:00,8.3186442
8/15/2024 7:00,11.05333357
8/15/2024 8:00,10.24333354
8/15/2024 9:00,10.52203408
8/15/2024 10:00,7.332203501
8/15/2024 11:00,3.971666725
8/15/2024 12:00,3.703389899
8/15/2024 13:00,4.155000059
8/15/2024 14:00,4.891666762
8/15/2024 15:00,6.556666756
8/15/2024 16:00,7.289830636
8/15/2024 17:00,7.146666765
8/15/2024 18:00,7.040000137
8/15/2024 19:00,11.12000024
8/15/2024 20:00,10.52068987
8/15/2024 21:00,9.905084966
8/15/2024 22:00,7.816666778
8/15/2024 23:00,7.808333445
8/16/2024,8.241666857
8/16/2024 1:00,6.52542381
8/16/2024 2:00,7.252631706
8/16/2024 3:00,5.872413874
8/16/2024 4:00,6.82758633
8/16/2024 5:00,9.791666897
8/16/2024 6:00,10.28793116
8/16/2024 7:00,15.06666698
8/16/2024 8:00,13.44067819
8/16/2024 9:00,10.22500016
8/16/2024 10:00,7.601695036
8/16/2024 11:00,9.05500017
8/16/2024 12:00,7.523333438
8/16/2024 13:00,8.225000159
8/16/2024 14:00,10.00000014
8/16/2024 15:00,8.727118823
8/16/2024 16:00,8.310345025
8/16/2024 17:00,10.60333354
8/16/2024 18:00,10.16166689
8/16/2024 19:00,10.16610186
8/16/2024 20:00,11.47288149
8/16/2024 21:00,11.01355952
8/16/2024 22:00,10.53389853
8/16/2024 23:00,10.50666684
8/17/2024,9.860000245
8/17/2024 1:00,9.890000121
8/17/2024 2:00,9.103390015
8/17/2024 3:00,8.471186581
8/17/2024 4:00,10.22931055
8/17/2024 5:00,12.98275887
8/17/2024 6:00,13.18000026
8/17/2024 7:00,12.18245632
8/17/2024 8:00,16.3694919
8/17/2024 9:00,17.00666703
8/17/2024 10:00,10.28135613
8/17/2024 11:00,9.140678123
8/17/2024 12:00,7.511666767
8/17/2024 13:00,6.586440802
8/17/2024 14:00,8.922413966
8/17/2024 15:00,8.368333491
8/17/2024 16:00,9.405000186
8/17/2024 17:00,10.02241399
8/17/2024 18:00,9.906779823
8/17/2024 19:00,7.96666677
8/17/2024 20:00,9.13559335
8/17/2024 21:00,8.925000159
8/17/2024 22:00,7.369491642
8/17/2024 23:00,7.698305211
8/18/2024,2.993333371
8/18/2024 1:00,3.10689659
8/18/2024 2:00,4.069491601
8/18/2024 3:00,4.849152646
8/18/2024 4:00,3.495000052
8/18/2024 5:00,3.944827659
8/18/2024 6:00,7.289830612
8/18/2024 7:00,10.86440697
8/18/2024 8:00,12.75964934
8/18/2024 9:00,15.88474599
8/18/2024 10:00,15.07118679
8/18/2024 11:00,10.9271188
8/18/2024 12:00,8.072881513
8/18/2024 13:00,6.396666765
8/18/2024 14:00,5.747457714
8/18/2024 15:00,4.062711914
8/18/2024 16:00,4.713559393
8/18/2024 17:00,7.467241485
8/18/2024 18:00,11.34166686
8/18/2024 19:00,7.001666776
8/18/2024 20:00,6.477966204
8/18/2024 21:00,9.023728961
8/18/2024 22:00,8.805084907
8/18/2024 23:00,10.01500017
8/19/2024,10.50166682
8/19/2024 1:00,5.041379411
8/19/2024 2:00,4.815254333
8/19/2024 3:00,5.535483952
8/19/2024 4:00,7.198333438
8/19/2024 5:00,8.737288297
8/19/2024 6:00,13.3517243
8/19/2024 7:00,17.38793131
8/19/2024 8:00,16.28983079
8/19/2024 9:00,13.50666685
8/19/2024 10:00,13.6694917
8/19/2024 11:00,9.379661172
8/19/2024 12:00,9.67627135
8/19/2024 13:00,5.89830519
8/19/2024 14:00,5.520339069
8/19/2024 15:00,5.36610179
8/19/2024 16:00,6.252542463
8/19/2024 17:00,7.267241462
8/19/2024 18:00,5.753333429
8/19/2024 19:00,9.205000178
8/19/2024 20:00,10.54333356
8/19/2024 21:00,6.925862222
8/19/2024 22:00,3.961666751
8/19/2024 23:00,5.555000106
8/20/2024,4.8637932
8/20/2024 1:00,4.258620768
8/20/2024 2:00,4.584745876
8/20/2024 3:00,5.889830605
8/20/2024 4:00,6.518333411
8/20/2024 5:00,4.283050925
8/20/2024 6:00,4.708620766
8/20/2024 7:00,5.283050917
8/20/2024 8:00,5.745762809
8/20/2024 9:00,7.554237398
8/20/2024 10:00,6.376666792
8/20/2024 11:00,6.181034557
8/20/2024 12:00,9.875000159
8/20/2024 13:00,12.59827602
8/20/2024 14:00,10.44745779
8/20/2024 15:00,7.615517345
8/20/2024 16:00,5.872881469
8/20/2024 17:00,8.163793293
8/20/2024 18:00,8.931579121
8/20/2024 19:00,13.15666688
8/20/2024 20:00,12.48983068
8/20/2024 21:00,10.00333352
8/20/2024 22:00,8.464406983
8/20/2024 23:00,6.311666751
8/21/2024,3.977966167
8/21/2024 1:00,3.766101732
8/21/2024 2:00,5.480000099
8/21/2024 3:00,7.188333456
8/21/2024 4:00,5.756666764
8/21/2024 5:00,5.670000084
8/21/2024 6:00,6.305084827
8/21/2024 7:00,8.675000151
8/21/2024 8:00,11.39491545
8/21/2024 9:00,8.37192998
8/21/2024 10:00,5.135593305
8/21/2024 11:00,4.735593319
8/21/2024 12:00,4.686206978
8/21/2024 13:00,6.743103586
8/21/2024 14:00,2.78965522
8/21/2024 15:00,2.705172454
8/21/2024 16:00,2.884482801
8/21/2024 17:00,4.288333416
8/21/2024 18:00,4.493103512
8/21/2024 19:00,7.828333477
8/21/2024 20:00,8.973333438
8/21/2024 21:00,12.27833353
8/21/2024 22:00,9.184745983
8/21/2024 23:00,11.05263178
8/22/2024,9.762712002
8/22/2024 1:00,5.270689726
8/22/2024 2:00,6.154237367
8/22/2024 3:00,6.816666754
8/22/2024 4:00,4.527118687
8/22/2024 5:00,5.354237375
8/22/2024 6:00,8.138333432
8/22/2024 7:00,17.76206929
8/22/2024 8:00,14.05932226
8/22/2024 9:00,8.37118658
8/22/2024 10:00,9.306666819
8/22/2024 11:00,11.25423748
8/22/2024 12:00,9.339655317
8/22/2024 13:00,12.03000024
8/22/2024 14:00,10.23500014
8/22/2024 15:00,8.87288155
8/22/2024 16:00,8.641666794
8/22/2024 17:00,5.303389933
8/22/2024 18:00,5.731666732
8/22/2024 19:00,5.892982533
8/22/2024 20:00,5.815000121
8/22/2024 21:00,4.706666748
8/22/2024 22:00,6.203448411
8/22/2024 23:00,9.282758828
8/23/2024,10.33728829
8/23/2024 1:00,9.446551964
8/23/2024 2:00,8.811864538
8/23/2024 3:00,7.680000122
8/23/2024 4:00,8.616666857
8/23/2024 5:00,10.07333352
8/23/2024 6:00,12.77966116
8/23/2024 7:00,15.15762728
8/23/2024 8:00,19.14035125
8/23/2024 9:00,16.71228108
8/23/2024 10:00,21.31000045
8/23/2024 11:00,17.89333378
8/23/2024 12:00,11.90677984
8/23/2024 13:00,7.257142978
8/23/2024 14:00,4.996610245
8/23/2024 15:00,3.351724197
8/23/2024 16:00,4.453333441
8/23/2024 17:00,5.231666776
8/23/2024 18:00,7.855000091
8/23/2024 19:00,9.503389965
8/23/2024 20:00,5.332203469
8/23/2024 21:00,7.640000113
8/23/2024 22:00,9.128813736
8/23/2024 23:00,18.91864446
8/24/2024,19.16140389
8/24/2024 1:00,30.99827651
8/24/2024 2:00,17.47796644
8/24/2024 3:00,27.91186483
8/24/2024 4:00,55.71551823
8/24/2024 5:00,69.65166804
8/24/2024 6:00,39.89833406
8/24/2024 7:00,20.98965548
8/24/2024 8:00,14.484746
8/24/2024 9:00,10.14576292
8/24/2024 10:00,9.162712024
8/24/2024 11:00,5.400000103
8/24/2024 12:00,4.75932215
8/24/2024 13:00,4.596610231
8/24/2024 14:00,4.933333405
8/24/2024 15:00,5.625000103
8/24/2024 16:00,5.551724212
8/24/2024 17:00,6.913333424
8/24/2024 18:00,10.03220363
8/24/2024 19:00,10.99322054
8/24/2024 20:00,9.289830725
8/24/2024 21:00,8.377586324
8/24/2024 22:00,6.394736909
8/24/2024 23:00,5.216949253
8/25/2024,6.212069043
8/25/2024 1:00,4.516949241
8/25/2024 2:00,3.688135656
8/25/2024 3:00,3.938333376
8/25/2024 4:00,5.54745776
8/25/2024 5:00,7.264406891
8/25/2024 6:00,10.73833361
8/25/2024 7:00,10.1084748
8/25/2024 8:00,10.64237305
8/25/2024 9:00,8.803389961
8/25/2024 10:00,7.800000111
8/25/2024 11:00,7.411864555
8/25/2024 12:00,5.951666776
8/25/2024 13:00,5.914035195
8/25/2024 14:00,6.165000113
8/25/2024 15:00,6.620339095
8/25/2024 16:00,7.60517256
8/25/2024 17:00,8.626316037
8/25/2024 18:00,10.66610186
8/25/2024 19:00,13.23166695
8/25/2024 20:00,15.76333362
8/25/2024 21:00,13.64736858
8/25/2024 22:00,12.7700002
8/25/2024 23:00,11.71355949
8/26/2024,11.03333346
8/26/2024 1:00,10.72833357
8/26/2024 2:00,10.62105283
8/26/2024 3:00,10.53833357
8/26/2024 4:00,11.02881369
8/26/2024 5:00,12.52881377
8/26/2024 6:00,17.05172447
8/26/2024 7:00,19.19333378
8/26/2024 8:00,14.94000028
8/26/2024 9:00,14.28947383
8/26/2024 10:00,13.46333353
8/26/2024 11:00,9.231034649
8/26/2024 12:00,8.965000161
8/26/2024 13:00,10.14745777
8/26/2024 14:00,9.975000151
8/26/2024 15:00,9.663158132
8/26/2024 16:00,9.295000156
8/26/2024 17:00,7.810344934
8/26/2024 18:00,8.684745966
8/26/2024 19:00,12.38000027
8/26/2024 20:00,15.07118666
8/26/2024 21:00,10.7066668
8/26/2024 22:00,9.380000186
8/26/2024 23:00,10.00833348
8/27/2024,10.11694934
8/27/2024 1:00,11.62166681
8/27/2024 2:00,9.193333475
8/27/2024 3:00,9.336207077
8/27/2024 4:00,10.78333351
8/27/2024 5:00,12.00166691
8/27/2024 6:00,16.54666696
8/27/2024 7:00,16.38983072
8/27/2024 8:00,19.7385969
8/27/2024 9:00,28.48135648
8/27/2024 10:00,35.61864478
8/27/2024 11:00,36.29333394
8/27/2024 12:00,19.22000035
8/27/2024 13:00,6.694915367
8/27/2024 14:00,6.346666765
8/27/2024 15:00,6.186440751
8/27/2024 16:00,7.288333416
8/27/2024 17:00,11.00339
8/27/2024 18:00,13.23050866
8/27/2024 19:00,13.32666693
8/27/2024 20:00,10.48983071
8/27/2024 21:00,8.772881459
8/27/2024 22:00,14.23220368
8/27/2024 23:00,15.52931062
8/28/2024,9.941666889
8/28/2024 1:00,9.555357354
8/28/2024 2:00,9.806666851
8/28/2024 3:00,9.796610396
8/28/2024 4:00,10.43333351
8/28/2024 5:00,12.20333354
8/28/2024 6:00,13.3500003
8/28/2024 7:00,18.48000046
8/28/2024 8:00,16.28000027
8/28/2024 9:00,15.49830547
8/28/2024 10:00,9.050847627
8/28/2024 11:00,6.336666711
8/28/2024 12:00,5.806666772
8/28/2024 13:00,4.869491585
8/28/2024 14:00,4.988333452
8/28/2024 15:00,5.821666741
8/28/2024 16:00,8.067796707
8/28/2024 17:00,9.378333584
8/28/2024 18:00,9.848276089
8/28/2024 19:00,10.23833345
8/28/2024 20:00,9.950000207
8/28/2024 21:00,9.571186599
8/28/2024 22:00,10.10862087
8/28/2024 23:00,10.92333353
8/29/2024,10.38813575
8/29/2024 1:00,12.14406804
8/29/2024 2:00,10.34666681
8/29/2024 3:00,11.65000024
8/29/2024 4:00,11.92203405
8/29/2024 5:00,11.73000019
8/29/2024 6:00,14.05000021
8/29/2024 7:00,15.55084775
8/29/2024 8:00,17.69655206
8/29/2024 9:00,21.382759
8/29/2024 10:00,16.10166693
8/29/2024 11:00,9.356896729
8/29/2024 12:00,7.508333468
8/29/2024 13:00,8.132203547
8/29/2024 14:00,10.25000022
8/29/2024 15:00,11.70000013
8/29/2024 16:00,14.99830542
8/29/2024 17:00,7.581666748
8/29/2024 18:00,9.158333508
8/29/2024 19:00,13.41186454
8/29/2024 20:00,15.37966122
8/29/2024 21:00,14.77500029
8/29/2024 22:00,6.179310379
8/29/2024 23:00,8.425423881
8/30/2024,10.08928588
8/30/2024 1:00,9.96379336
8/30/2024 2:00,8.947457823
8/30/2024 3:00,8.16333348
8/30/2024 4:00,7.201695038
8/30/2024 5:00,10.67500017
8/30/2024 6:00,18.57118684
8/30/2024 7:00,19.63728842
8/30/2024 8:00,14.01379329
8/30/2024 9:00,12.36333359
8/30/2024 10:00,8.866666762
8/30/2024 11:00,6.218644166
8/30/2024 12:00,5.250000095
8/30/2024 13:00,5.991379421
8/30/2024 14:00,9.61896565
8/30/2024 15:00,7.165517379
8/30/2024 16:00,8.151724281
8/30/2024 17:00,9.486666759
8/30/2024 18:00,13.1100002
8/30/2024 19:00,16.64237318
8/30/2024 20:00,15.27321453
8/30/2024 21:00,14.37931056
8/30/2024 22:00,14.21551749
8/30/2024 23:00,15.00508489
8/31/2024,14.07000017
8/31/2024 1:00,12.6533336
8/31/2024 2:00,14.83500029
8/31/2024 3:00,11.09310361
8/31/2024 4:00,12.52166696
8/31/2024 5:00,15.37166696
8/31/2024 6:00,17.41186472
8/31/2024 7:00,16.68644099
8/31/2024 8:00,18.15833365
8/31/2024 9:00,20.43833367
8/31/2024 10:00,15.36896568
8/31/2024 11:00,7.986666807
8/31/2024 12:00,6.418333427
8/31/2024 13:00,6.386666759
8/31/2024 14:00,7.105000122
8/31/2024 15:00,7.981666764
8/31/2024 16:00,9.243333483
8/31/2024 17:00,6.038333468
8/31/2024 18:00,7.393333419
8/31/2024 19:00,8.560000173
8/31/2024 20:00,9.353333449
8/31/2024 21:00,11.26333354
8/31/2024 22:00,9.428333481
8/31/2024 23:00,9.215000232
9/1/2024,9.681666899
9/1/2024 1:00,9.916666905
9/1/2024 2:00,9.63333354
9/1/2024 3:00,8.648333518
9/1/2024 4:00,9.2650002
9/1/2024 5:00,10.0900002
9/1/2024 6:00,11.86000026
9/1/2024 7:00,7.420000092
9/1/2024 8:00,5.743333427
9/1/2024 9:00,5.153333414
9/1/2024 10:00,5.690000089
9/1/2024 11:00,5.810000086
9/1/2024 12:00,4.501666764
9/1/2024 13:00,2.361666729
9/1/2024 14:00,4.790000089
9/1/2024 15:00,5.482758719
9/1/2024 16:00,5.468333411
9/1/2024 17:00,5.846666765
9/1/2024 18:00,9.393220473
9/1/2024 19:00,16.08103487
9/1/2024 20:00,13.38983073
9/1/2024 21:00,15.59500031
9/1/2024 22:00,16.15593239
9/1/2024 23:00,13.83050877
9/2/2024,7.908474696
9/2/2024 1:00,8.365517386
9/2/2024 2:00,11.5593222
9/2/2024 3:00,10.31355948
9/2/2024 4:00,10.93793123
9/2/2024 5:00,14.63333352
9/2/2024 6:00,18.45932251
9/2/2024 7:00,18.35833367
9/2/2024 8:00,18.70847479
9/2/2024 9:00,15.79833355
9/2/2024 10:00,16.60339008
9/2/2024 11:00,11.53166684
9/2/2024 12:00,8.471666837
9/2/2024 13:00,4.447457701
9/2/2024 14:00,4.296666757
9/2/2024 15:00,5.381666768
9/2/2024 16:00,5.461666783
9/2/2024 17:00,7.052542452
9/2/2024 18:00,7.908333453
9/2/2024 19:00,9.425000167
9/2/2024 20:00,7.674576371
9/2/2024 21:00,6.893220425
9/2/2024 22:00,7.911864547
9/2/2024 23:00,5.958620778
9/3/2024,6.433333429
9/3/2024 1:00,5.143333403
9/3/2024 2:00,5.281356036
9/3/2024 3:00,5.277966176
9/3/2024 4:00,5.298305148
9/3/2024 5:00,5.522033974
9/3/2024 6:00,5.583050958
9/3/2024 7:00,8.651666792
9/3/2024 8:00,7.696666805
9/3/2024 9:00,9.525000151
9/3/2024 10:00,6.020339061
9/3/2024 11:00,5.127118729
9/3/2024 12:00,5.844067905
9/3/2024 13:00,8.316949311
9/3/2024 14:00,6.876666776
9/3/2024 15:00,10.33636386
9/3/2024 16:00,8.396666853
9/3/2024 17:00,8.936666814
9/3/2024 18:00,10.31525442
9/3/2024 19:00,13.8245616
9/3/2024 20:00,12.6465519
9/3/2024 21:00,7.155000099
9/3/2024 22:00,4.641379377
9/3/2024 23:00,4.916949216
9/4/2024,4.844067864
9/4/2024 1:00,5.845000076
9/4/2024 2:00,6.703448361
9/4/2024 3:00,6.070000116
9/4/2024 4:00,9.293103646
9/4/2024 5:00,8.98983068
9/4/2024 6:00,11.46551744
9/4/2024 7:00,15.0700003
9/4/2024 8:00,13.97241408
9/4/2024 9:00,14.37118669
9/4/2024 10:00,15.13220367
9/4/2024 11:00,15.58500026
9/4/2024 12:00,12.03275886
9/4/2024 13:00,8.981967348
9/4/2024 14:00,9.30000023
9/4/2024 15:00,9.229310488
9/4/2024 16:00,11.35932221
9/4/2024 17:00,13.71228096
9/4/2024 18:00,9.548276013
9/4/2024 19:00,9.381666851
9/4/2024 20:00,9.17666688
9/4/2024 21:00,9.079661256
9/4/2024 22:00,8.942373033
9/4/2024 23:00,9.377966315
9/5/2024,10.38965531
9/5/2024 1:00,7.976666776
9/5/2024 2:00,7.981666803
9/5/2024 3:00,8.738983187
9/5/2024 4:00,9.694915448
9/5/2024 5:00,11.2450002
9/5/2024 6:00,15.76949181
9/5/2024 7:00,19.00172456
9/5/2024 8:00,17.80833379
9/5/2024 9:00,20.05172443
9/5/2024 10:00,19.74237326
9/5/2024 11:00,13.42931054
9/5/2024 12:00,10.96333344
9/5/2024 13:00,9.446551874
9/5/2024 14:00,10.11186456
9/5/2024 15:00,10.19491542
9/5/2024 16:00,9.546666845
9/5/2024 17:00,10.10877209
9/5/2024 18:00,9.055932449
9/5/2024 19:00,9.65084775
9/5/2024 20:00,5.418965578
9/5/2024 21:00,3.053333374
9/5/2024 22:00,5.330508572
9/5/2024 23:00,8.858333484
9/6/2024,10.49166686
9/6/2024 1:00,9.689830651
9/6/2024 2:00,8.920000172
9/6/2024 3:00,8.427118794
9/6/2024 4:00,5.74561411
9/6/2024 5:00,7.271666797
9/6/2024 6:00,10.80169509
9/6/2024 7:00,8.977586393
9/6/2024 8:00,6.545762838
9/6/2024 9:00,10.63500017
9/6/2024 10:00,7.535593308
9/6/2024 11:00,7.723728996
9/6/2024 12:00,4.725000079
9/6/2024 13:00,4.591666762
9/6/2024 14:00,4.471186513
9/6/2024 15:00,5.34833343
9/6/2024 16:00,6.000000103
9/6/2024 17:00,6.425423824
9/6/2024 18:00,7.24237299
9/6/2024 19:00,6.233898409
9/6/2024 20:00,5.949152656
9/6/2024 21:00,7.291525526
9/6/2024 22:00,7.241818281
9/6/2024 23:00,6.947457701
9/7/2024,5.969491664
9/7/2024 1:00,7.432203479
9/7/2024 2:00,8.744067984
9/7/2024 3:00,8.636666814
9/7/2024 4:00,9.505172598
9/7/2024 5:00,8.395000156
9/7/2024 6:00,9.665000153
9/7/2024 7:00,10.45593239
9/7/2024 8:00,8.531666803
9/7/2024 9:00,8.301695096
9/7/2024 10:00,7.123728906
9/7/2024 11:00,5.640351003
9/7/2024 12:00,6.82033909
9/7/2024 13:00,8.153448434
9/7/2024 14:00,8.679661193
9/7/2024 15:00,7.51694929
9/7/2024 16:00,5.34827597
9/7/2024 17:00,6.471666741
9/7/2024 18:00,8.385000165
9/7/2024 19:00,8.06440692
9/7/2024 20:00,8.133333492
9/7/2024 21:00,8.836666894
9/7/2024 22:00,7.859322152
9/7/2024 23:00,7.91052646
9/8/2024,7.211864504
9/8/2024 1:00,7.344067897
9/8/2024 2:00,8.981034649
9/8/2024 3:00,9.450000238
9/8/2024 4:00,9.893220611
9/8/2024 5:00,11.28135613
9/8/2024 6:00,18.83965553
9/8/2024 7:00,17.21355952
9/8/2024 8:00,19.05593258
9/8/2024 9:00,11.52833354
9/8/2024 10:00,6.990000161
9/8/2024 11:00,6.608333445
9/8/2024 12:00,6.081666748
9/8/2024 13:00,4.910344901
9/8/2024 14:00,4.552542456
9/8/2024 15:00,5.258333413
9/8/2024 16:00,6.830000114
9/8/2024 17:00,8.966101857
9/8/2024 18:00,10.24915272
9/8/2024 19:00,9.148333565
9/8/2024 20:00,9.553571667
9/8/2024 21:00,10.31525449
9/8/2024 22:00,10.70833349
9/8/2024 23:00,7.987931161
9/9/2024,8.250847606
9/9/2024 1:00,6.455000091
9/9/2024 2:00,4.893333447
9/9/2024 3:00,5.60666676
9/9/2024 4:00,8.367857311
9/9/2024 5:00,10.4898307
9/9/2024 6:00,13.65500024
9/9/2024 7:00,16.72033929
9/9/2024 8:00,17.6542375
9/9/2024 9:00,14.77500022
9/9/2024 10:00,12.29482779
9/9/2024 11:00,9.032203585
9/9/2024 12:00,9.167796749
9/9/2024 13:00,9.091666865
9/9/2024 14:00,9.246666821
9/9/2024 15:00,9.73666687
9/9/2024 16:00,15.36166689
9/9/2024 17:00,9.896666884
9/9/2024 18:00,10.9100002
9/9/2024 19:00,16.32033927
9/9/2024 20:00,18.45254264
9/9/2024 21:00,15.65000029
9/9/2024 22:00,15.56034506
9/9/2024 23:00,13.98983073
9/10/2024,13.3898307
9/10/2024 1:00,13.31016966
9/10/2024 2:00,13.84833357
9/10/2024 3:00,14.00000021
9/10/2024 4:00,15.12586224
9/10/2024 5:00,16.59310374
9/10/2024 6:00,20.10000041
9/10/2024 7:00,17.67666699
9/10/2024 8:00,15.82711895
9/10/2024 9:00,24.91186478
9/10/2024 10:00,18.21166703
9/10/2024 11:00,12.01355949
9/10/2024 12:00,11.64406799
9/10/2024 13:00,11.27796627
9/10/2024 14:00,10.24500025
9/10/2024 15:00,10.39500016
9/10/2024 16:00,11.0683335
9/10/2024 17:00,9.601695125
9/10/2024 18:00,13.84385982
9/10/2024 19:00,14.60339013
9/10/2024 20:00,13.17796634
9/10/2024 21:00,12.70517257
9/10/2024 22:00,10.09137953
9/10/2024 23:00,10.60833352
9/11/2024,11.79310369
9/11/2024 1:00,11.64333355
9/11/2024 2:00,11.99833352
9/11/2024 3:00,12.00500019
9/11/2024 4:00,12.70833349
9/11/2024 5:00,14.69500025
9/11/2024 6:00,17.19322064
9/11/2024 7:00,17.77069
9/11/2024 8:00,17.34576313
9/11/2024 9:00,23.46551765
9/11/2024 10:00,18.20166701
9/11/2024 11:00,9.738983243
9/11/2024 12:00,8.906779798
9/11/2024 13:00,8.603333553
9/11/2024 14:00,8.413333456
9/11/2024 15:00,8.438333503
9/11/2024 16:00,10.82833352
9/11/2024 17:00,13.67500021
9/11/2024 18:00,8.457627224
9/11/2024 19:00,8.672881563
9/11/2024 20:00,9.34915271
9/11/2024 21:00,7.971666805
9/11/2024 22:00,7.703448378
9/11/2024 23:00,8.720689848
9/12/2024,8.88333358
9/12/2024 1:00,8.52413804
9/12/2024 2:00,8.477966309
9/12/2024 3:00,9.461666934
9/12/2024 4:00,11.34166686
9/12/2024 5:00,16.66000021
9/12/2024 6:00,18.41166701
9/12/2024 7:00,19.32500032
9/12/2024 8:00,11.97118659
9/12/2024 9:00,12.60847467
9/12/2024 10:00,12.77500021
9/12/2024 11:00,11.08474598
9/12/2024 12:00,11.83333352
9/12/2024 13:00,9.735593384
9/12/2024 14:00,4.645762803
9/12/2024 15:00,8.660000157
9/12/2024 16:00,13.31754407
9/12/2024 17:00,13.24137954
9/12/2024 18:00,9.605084912
9/12/2024 19:00,16.45593247
9/12/2024 20:00,15.47118669
9/12/2024 21:00,16.2083337
9/12/2024 22:00,16.12333363
9/12/2024 23:00,14.22500021
9/13/2024,12.65333352
9/13/2024 1:00,12.58983071
9/13/2024 2:00,11.94915272
9/13/2024 3:00,10.59500017
9/13/2024 4:00,11.86666684
9/13/2024 5:00,13.20339004
9/13/2024 6:00,16.81525462
9/13/2024 7:00,25.28333362
9/13/2024 8:00,20.23728857
9/13/2024 9:00,21.25614089
9/13/2024 10:00,18.889474
9/13/2024 11:00,13.26500018
9/13/2024 12:00,4.593220416
9/13/2024 13:00,2.917241432
9/13/2024 14:00,7.656666837
9/13/2024 15:00,7.483333413
9/13/2024 16:00,8.044827733
9/13/2024 17:00,8.130000186
9/13/2024 18:00,9.979661158
9/13/2024 19:00,16.69166697
9/13/2024 20:00,20.67500033
9/13/2024 21:00,15.49500016
9/13/2024 22:00,15.13833359
9/13/2024 23:00,16.17118662
9/14/2024,14.35500024
9/14/2024 1:00,11.38000011
9/14/2024 2:00,12.4491528
9/14/2024 3:00,14.73050874
9/14/2024 4:00,11.47457645
9/14/2024 5:00,14.63559335
9/14/2024 6:00,15.46500026
9/14/2024 7:00,17.68983081
9/14/2024 8:00,20.12413832
9/14/2024 9:00,12.77333349
9/14/2024 10:00,11.2964913
9/14/2024 11:00,7.541666826
9/14/2024 12:00,4.764406879
9/14/2024 13:00,6.263333484
9/14/2024 14:00,6.418965597
9/14/2024 15:00,2.330000043
9/14/2024 16:00,2.513559362
9/14/2024 17:00,3.00169495
9/14/2024 18:00,4.940000065
9/14/2024 19:00,9.248276003
9/14/2024 20:00,12.78135618
9/14/2024 21:00,7.513333503
9/14/2024 22:00,8.04576289
9/14/2024 23:00,8.386440778
9/15/2024,20.11694934
9/15/2024 1:00,32.9517246
9/15/2024 2:00,9.401695033
9/15/2024 3:00,6.78833344
9/15/2024 4:00,6.643333435
9/15/2024 5:00,9.144827744
9/15/2024 6:00,18.14745787
9/15/2024 7:00,22.28620736
9/15/2024 8:00,18.86101728
9/15/2024 9:00,17.76949176
9/15/2024 10:00,20.77333363
9/15/2024 11:00,5.524137994
9/15/2024 12:00,3.90333341
9/15/2024 13:00,4.081355996
9/15/2024 14:00,3.711666739
9/15/2024 15:00,4.596666753
9/15/2024 16:00,4.68813566
9/15/2024 17:00,5.462069088
9/15/2024 18:00,5.582142983
9/15/2024 19:00,3.936206982
9/15/2024 20:00,3.688135672
9/15/2024 21:00,5.40172424
9/15/2024 22:00,3.896666761
9/15/2024 23:00,3.415254274
9/16/2024,22.07966132
9/16/2024 1:00,28.93898346
9/16/2024 2:00,26.60000041
9/16/2024 3:00,39.47666744
9/16/2024 4:00,49.21186496
9/16/2024 5:00,13.9450002
9/16/2024 6:00,15.32881381
9/16/2024 7:00,16.04333366
9/16/2024 8:00,20.57333366
9/16/2024 9:00,21.1813563
9/16/2024 10:00,13.57000028
9/16/2024 11:00,9.993103611
9/16/2024 12:00,5.912280777
9/16/2024 13:00,6.383050951
9/16/2024 14:00,8.496610375
9/16/2024 15:00,10.48421075
9/16/2024 16:00,10.73166682
9/16/2024 17:00,11.86000015
9/16/2024 18:00,17.27833354
9/16/2024 19:00,18.31525447
9/16/2024 20:00,12.7850002
9/16/2024 21:00,14.29491549
9/16/2024 22:00,14.92758644
9/16/2024 23:00,14.56666692
9/17/2024,14.12833355
9/17/2024 1:00,12.94166686
9/17/2024 2:00,13.27627138
9/17/2024 3:00,13.08135613
9/17/2024 4:00,19.80166713
9/17/2024 5:00,21.68666703
9/17/2024 6:00,18.64333363
9/17/2024 7:00,24.33000037
9/17/2024 8:00,30.37166704
9/17/2024 9:00,26.06833386
9/17/2024 10:00,24.37627152
9/17/2024 11:00,16.32372911
9/17/2024 12:00,10.38666687
9/17/2024 13:00,10.25862089
9/17/2024 14:00,8.896666845
9/17/2024 15:00,11.39152561
9/17/2024 16:00,12.17333353
9/17/2024 17:00,14.47966123
9/17/2024 18:00,16.73220365
9/17/2024 19:00,20.80339024
9/17/2024 20:00,22.59000038
9/17/2024 21:00,27.71034514
9/17/2024 22:00,25.56949182
9/17/2024 23:00,22.25666704
9/18/2024,18.81864441
9/18/2024 1:00,14.10000016
9/18/2024 2:00,14.91016973
9/18/2024 3:00,15.44237307
9/18/2024 4:00,15.16440704
9/18/2024 5:00,20.57666699
9/18/2024 6:00,31.10000067
9/18/2024 7:00,32.41000061
9/18/2024 8:00,25.92456175
9/18/2024 9:00,26.07586252
9/18/2024 10:00,20.40517281
9/18/2024 11:00,14.93898337
9/18/2024 12:00,9.010000126
9/18/2024 13:00,8.672881506
9/18/2024 14:00,8.172881498
9/18/2024 15:00,8.866666849
9/18/2024 16:00,9.275438727
9/18/2024 17:00,11.24666689
9/18/2024 18:00,15.74915281
9/18/2024 19:00,16.53050882
9/18/2024 20:00,17.92033926
9/18/2024 21:00,17.02833352
9/18/2024 22:00,14.57166692
9/18/2024 23:00,13.86393467
9/19/2024,13.5322035
9/19/2024 1:00,13.35084766
9/19/2024 2:00,12.22711883
9/19/2024 3:00,14.11166685
9/19/2024 4:00,15.77118672
9/19/2024 5:00,20.30000045
9/19/2024 6:00,20.76666698
9/19/2024 7:00,24.58103489
9/19/2024 8:00,20.62000033
9/19/2024 9:00,21.41186475
9/19/2024 10:00,18.22807056
9/19/2024 11:00,13.6433335
9/19/2024 12:00,6.83500011
9/19/2024 13:00,6.444067915
9/19/2024 14:00,8.974138137
9/19/2024 15:00,9.949122981
9/19/2024 16:00,12.59666688
9/19/2024 17:00,14.184746
9/19/2024 18:00,18.91864445
9/19/2024 19:00,18.33559368
9/19/2024 20:00,17.37193016
9/19/2024 21:00,18.03000043
9/19/2024 22:00,19.08644101
9/19/2024 23:00,20.8283336
9/20/2024,16.53000032
9/20/2024 1:00,15.0350002
9/20/2024 2:00,12.57457647
9/20/2024 3:00,14.13500023
9/20/2024 4:00,15.5362072
9/20/2024 5:00,16.59666697
9/20/2024 6:00,23.73833375
9/20/2024 7:00,25.7355936
9/20/2024 8:00,27.36166712
9/20/2024 9:00,26.97413823
9/20/2024 10:00,19.35333373
9/20/2024 11:00,9.767241527
9/20/2024 12:00,9.205000186
9/20/2024 13:00,10.89491545
9/20/2024 14:00,10.80175456
9/20/2024 15:00,13.61754409
9/20/2024 16:00,17.77333369
9/20/2024 17:00,19.75000046
9/20/2024 18:00,17.61724171
9/20/2024 19:00,28.30500046
9/20/2024 20:00,25.94333375
9/20/2024 21:00,22.6844832
9/20/2024 22:00,23.67666712
9/20/2024 23:00,18.85593266
9/21/2024,19.3283337
9/21/2024 1:00,16.76101723
9/21/2024 2:00,15.71694938
9/21/2024 3:00,16.23050876
9/21/2024 4:00,17.46607176
9/21/2024 5:00,17.93620733
9/21/2024 6:00,25.11333373
9/21/2024 7:00,33.51724204
9/21/2024 8:00,37.35500088
9/21/2024 9:00,31.26500041
9/21/2024 10:00,21.03833369
9/21/2024 11:00,13.08965538
9/21/2024 12:00,7.562712007
9/21/2024 13:00,5.811666755
9/21/2024 14:00,6.216666802
9/21/2024 15:00,8.003389949
9/21/2024 16:00,6.600000147
9/21/2024 17:00,12.04137951
9/21/2024 18:00,21.6741385
9/21/2024 19:00,19.04237338
9/21/2024 20:00,23.51000026
9/21/2024 21:00,26.14482797
9/21/2024 22:00,18.50847492
9/21/2024 23:00,14.66000023
9/22/2024,13.82881368
9/22/2024 1:00,13.44500019
9/22/2024 2:00,12.41206907
9/22/2024 3:00,15.37413819
9/22/2024 4:00,15.71666691
9/22/2024 5:00,14.31666687
9/22/2024 6:00,26.07118681
9/22/2024 7:00,28.05932236
9/22/2024 8:00,25.13793136
9/22/2024 9:00,25.81500038
9/22/2024 10:00,28.56666702
9/22/2024 11:00,22.71500047
9/22/2024 12:00,18.2350004
9/22/2024 13:00,17.23666689
9/22/2024 14:00,14.74237305
9/22/2024 15:00,12.42666677
9/22/2024 16:00,10.93793121
9/22/2024 17:00,16.5842108
9/22/2024 18:00,44.75517368
9/22/2024 19:00,29.5879316
9/22/2024 20:00,26.48166711
9/22/2024 21:00,27.47000046
9/22/2024 22:00,19.03389866
9/22/2024 23:00,23.16666695
9/23/2024,25.3716671
9/23/2024 1:00,30.57678614
9/23/2024 2:00,21.36666692
9/23/2024 3:00,23.1220344
9/23/2024 4:00,26.39000053
9/23/2024 5:00,28.06271233
9/23/2024 6:00,33.88474642
9/23/2024 7:00,34.43220387
9/23/2024 8:00,24.81864448
9/23/2024 9:00,21.19000041
9/23/2024 10:00,14.4610172
9/23/2024 11:00,9.071666853
9/23/2024 12:00,9.591525538
9/23/2024 13:00,10.35000025
9/23/2024 14:00,12.06949181
9/23/2024 15:00,15.3116669
9/23/2024 16:00,14.1357145
9/23/2024 17:00,14.72372897
9/23/2024 18:00,19.3666671
9/23/2024 19:00,21.18813599
9/23/2024 20:00,18.36000042
9/23/2024 21:00,18.4250004
9/23/2024 22:00,17.16379347
9/23/2024 23:00,17.0949157
9/24/2024,15.17457647
9/24/2024 1:00,15.1793106
9/24/2024 2:00,14.82833349
9/24/2024 3:00,17.13220375
9/24/2024 4:00,16.13333365
9/24/2024 5:00,18.24915285
9/24/2024 6:00,18.52372918
9/24/2024 7:00,36.76333408
9/24/2024 8:00,31.94000041
9/24/2024 9:00,20.56896581
9/24/2024 10:00,35.77069049
9/24/2024 11:00,36.76896628
9/24/2024 12:00,27.35000057
9/24/2024 13:00,21.18166704
9/24/2024 14:00,14.12833354
9/24/2024 15:00,11.69482775
9/24/2024 16:00,14.91355953
9/24/2024 17:00,14.97500027
9/24/2024 18:00,13.72333353
9/24/2024 19:00,13.01666687
9/24/2024 20:00,14.18474601
9/24/2024 21:00,15.52542402
9/24/2024 22:00,13.09000017
9/24/2024 23:00,14.17627137
9/25/2024,14.42033916
9/25/2024 1:00,14.58000019
9/25/2024 2:00,14.66779683
9/25/2024 3:00,15.94745791
9/25/2024 4:00,17.07241423
9/25/2024 5:00,16.21206923
9/25/2024 6:00,15.8728817
9/25/2024 7:00,20.93684248
9/25/2024 8:00,24.31355981
9/25/2024 9:00,20.18474611
9/25/2024 10:00,25.0283337
9/25/2024 11:00,26.14500036
9/25/2024 12:00,12.13389845
9/25/2024 13:00,10.20344852
9/25/2024 14:00,8.061017101
9/25/2024 15:00,5.387931096
9/25/2024 16:00,12.1966669
9/25/2024 17:00,13.87833355
9/25/2024 18:00,11.70689673
9/25/2024 19:00,11.61666681
9/25/2024 20:00,11.43620706
9/25/2024 21:00,6.61525437
9/25/2024 22:00,8.636666846
9/25/2024 23:00,5.894915363
9/26/2024,6.031666772
9/26/2024 1:00,9.283333484
9/26/2024 2:00,9.420000148
9/26/2024 3:00,11.4566669
9/26/2024 4:00,12.90500024
9/26/2024 5:00,14.76779689
9/26/2024 6:00,20.60666709
9/26/2024 7:00,27.70166721
9/26/2024 8:00,22.7745767
9/26/2024 9:00,22.68983088
9/26/2024 10:00,11.89833353
9/26/2024 11:00,7.006779796
9/26/2024 12:00,3.011666721
9/26/2024 13:00,3.129310411
9/26/2024 14:00,3.822413835
9/26/2024 15:00,2.801694957
9/26/2024 16:00,4.498305167
9/26/2024 17:00,4.849152626
9/26/2024 18:00,5.438333444
9/26/2024 19:00,4.310169543
9/26/2024 20:00,5.729310422
9/26/2024 21:00,5.183050948
9/26/2024 22:00,3.215000039
9/26/2024 23:00,2.841666708
9/27/2024,4.125862167
9/27/2024 1:00,6.110169605
9/27/2024 2:00,4.342372951
9/27/2024 3:00,3.372413845
9/27/2024 4:00,3.508474645
9/27/2024 5:00,3.122413861
9/27/2024 6:00,5.574576362
9/27/2024 7:00,7.374576419
9/27/2024 8:00,11.10689677
9/27/2024 9:00,8.341666834
9/27/2024 10:00,9.408620875
9/27/2024 11:00,6.585000149
9/27/2024 12:00,7.322034003
9/27/2024 13:00,3.361017005
9/27/2024 14:00,3.891666746
9/27/2024 15:00,5.771186558
9/27/2024 16:00,6.777966148
9/27/2024 17:00,4.923728882
9/27/2024 18:00,5.179310425
9/27/2024 19:00,9.271666789
9/27/2024 20:00,8.350000111
9/27/2024 21:00,5.291071509
9/27/2024 22:00,4.677193077
9/27/2024 23:00,2.853333416
9/28/2024,1.425423751
9/28/2024 1:00,1.125862094
9/28/2024 2:00,1.108333353
9/28/2024 3:00,1.253448299
9/28/2024 4:00,0.986666686
9/28/2024 5:00,1.695000029
9/28/2024 6:00,3.588333392
9/28/2024 7:00,4.800000083
9/28/2024 8:00,5.028333426
9/28/2024 9:00,10.85593239
9/28/2024 10:00,12.97000022
9/28/2024 11:00,19.78620728
9/28/2024 12:00,24.74666723
9/28/2024 13:00,21.60169534
9/28/2024 14:00,18.25689687
9/28/2024 15:00,12.20689681
9/28/2024 16:00,11.52372892
9/28/2024 17:00,14.4016668
9/28/2024 18:00,24.75423761
9/28/2024 19:00,35.45689721
9/28/2024 20:00,32.49491611
9/28/2024 21:00,30.81333399
9/28/2024 22:00,23.98333359
9/28/2024 23:00,23.57118684
9/29/2024,20.25762758
9/29/2024 1:00,18.67666712
9/29/2024 2:00,19.87241419
9/29/2024 3:00,19.63035749
9/29/2024 4:00,24.61500034
9/29/2024 5:00,22.95762741
9/29/2024 6:00,22.84406807
9/29/2024 7:00,25.11896591
9/29/2024 8:00,28.29122844
9/29/2024 9:00,31.62711929
9/29/2024 10:00,32.1166673
9/29/2024 11:00,13.61403527
9/29/2024 12:00,10.1866669
9/29/2024 13:00,4.072881428
9/29/2024 14:00,4.075438658
9/29/2024 15:00,5.154237404
9/29/2024 16:00,4.847457716
9/29/2024 17:00,8.170000132
9/29/2024 18:00,12.16440698
9/29/2024 19:00,26.54333385
9/29/2024 20:00,13.46666691
9/29/2024 21:00,16.98833377
9/29/2024 22:00,21.67833376
9/29/2024 23:00,18.7118647
9/30/2024,16.7677969
9/30/2024 1:00,15.08983072
9/30/2024 2:00,15.10500024
9/30/2024 3:00,13.34406801
9/30/2024 4:00,18.31166693
9/30/2024 5:00,17.30701788
9/30/2024 6:00,18.51525472
9/30/2024 7:00,22.06271214
9/30/2024 8:00,21.31034526
9/30/2024 9:00,22.30339024
9/30/2024 10:00,14.98135624
9/30/2024 11:00,5.653448376
9/30/2024 12:00,5.773333462
9/30/2024 13:00,6.241379409
9/30/2024 14:00,7.142372988
9/30/2024 15:00,10.41864428
9/30/2024 16:00,9.501666872
9/30/2024 17:00,9.018644276
9/30/2024 18:00,9.613793307
9/30/2024 19:00,12.99310359
9/30/2024 20:00,13.02166684
9/30/2024 21:00,10.55517257
9/30/2024 22:00,11.63684229
9/30/2024 23:00,10.01000025
10/1/2024,8.890000137
10/1/2024 1:00,9.096666892
10/1/2024 2:00,8.225423894
10/1/2024 3:00,8.45166684
10/1/2024 4:00,8.727586409
10/1/2024 5:00,12.36333353
10/1/2024 6:00,16.65084776
10/1/2024 7:00,16.27758648
10/1/2024 8:00,10.74406794
10/1/2024 9:00,10.52068983
10/1/2024 10:00,11.71500022
10/1/2024 11:00,5.627118757
10/1/2024 12:00,3.850000056
10/1/2024 13:00,4.143333391
10/1/2024 14:00,4.615517324
10/1/2024 15:00,6.048214384
10/1/2024 16:00,9.0847459
10/1/2024 17:00,11.22542391
10/1/2024 18:00,12.43500021
10/1/2024 19:00,16.27288169
10/1/2024 20:00,17.28275899
10/1/2024 21:00,17.26724172
10/1/2024 22:00,15.28474594
10/1/2024 23:00,13.22666685
10/2/2024,12.92666686
10/2/2024 1:00,12.03833353
10/2/2024 2:00,13.29666688
10/2/2024 3:00,13.49655189
10/2/2024 4:00,11.94166683
10/2/2024 5:00,12.62666691
10/2/2024 6:00,16.80862104
10/2/2024 7:00,24.10526353
10/2/2024 8:00,15.41666708
10/2/2024 9:00,20.05344873
10/2/2024 10:00,14.34237307
10/2/2024 11:00,9.984745923
10/2/2024 12:00,9.806779861
10/2/2024 13:00,10.33103471
10/2/2024 14:00,11.18666689
10/2/2024 15:00,12.83220362
10/2/2024 16:00,16.76379339
10/2/2024 17:00,20.98448306
10/2/2024 18:00,23.93275909
10/2/2024 19:00,25.06949189
10/2/2024 20:00,25.3694919
10/2/2024 21:00,23.91333367
10/2/2024 22:00,23.8440682
10/2/2024 23:00,22.3482762
10/3/2024,21.17118684
10/3/2024 1:00,21.44210558
10/3/2024 2:00,19.73965559
10/3/2024 3:00,18.19152583
10/3/2024 4:00,16.77627161
10/3/2024 5:00,21.46166716
10/3/2024 6:00,14.29491551
10/3/2024 7:00,12.83050864
10/3/2024 8:00,11.29322057
10/3/2024 9:00,14.59491554
10/3/2024 10:00,10.28000021
10/3/2024 11:00,12.50000016
10/3/2024 12:00,15.41525445
10/3/2024 13:00,7.105084872
10/3/2024 14:00,4.305000091
10/3/2024 15:00,5.725000087
10/3/2024 16:00,6.537931138
10/3/2024 17:00,8.214035319
10/3/2024 18:00,9.90339002
10/3/2024 19:00,9.725423926
10/3/2024 20:00,9.194737016
10/3/2024 21:00,9.448333565
10/3/2024 22:00,11.50339007
10/3/2024 23:00,6.748275962
10/4/2024,6.650000079
10/4/2024 1:00,6.886666767
10/4/2024 2:00,4.010169591
10/4/2024 3:00,2.537288173
10/4/2024 4:00,1.321666703
10/4/2024 5:00,1.708620717
10/4/2024 6:00,4.263793193
10/4/2024 7:00,7.484745874
10/4/2024 8:00,7.750000099
10/4/2024 9:00,10.09152564
10/4/2024 10:00,8.975000183
10/4/2024 11:00,9.186207064
10/4/2024 12:00,6.211864512
10/4/2024 13:00,7.603333441
10/4/2024 14:00,8.073333418
10/4/2024 15:00,7.786440825
10/4/2024 16:00,9.886666862
10/4/2024 17:00,11.11379333
10/4/2024 18:00,9.293220496
10/4/2024 19:00,8.331666859
10/4/2024 20:00,8.427118786
10/4/2024 21:00,7.248333399
10/4/2024 22:00,15.6542376
10/4/2024 23:00,9.926666896
10/5/2024,7.896666813
10/5/2024 1:00,8.468965637
10/5/2024 2:00,7.681666803
10/5/2024 3:00,8.377966258
10/5/2024 4:00,8.203333521
10/5/2024 5:00,7.063333448
10/5/2024 6:00,8.237288297
10/5/2024 7:00,13.0775864
10/5/2024 8:00,9.560000165
10/5/2024 9:00,11.17833355
10/5/2024 10:00,11.54666684
10/5/2024 11:00,9.435593443
10/5/2024 12:00,7.818644192
10/5/2024 13:00,6.740678092
10/5/2024 14:00,6.156896632
10/5/2024 15:00,6.458333453
10/5/2024 16:00,8.87118658
10/5/2024 17:00,11.55593238
10/5/2024 18:00,12.8327588
10/5/2024 19:00,13.22166683
10/5/2024 20:00,12.3900002
10/5/2024 21:00,11.79666683
10/5/2024 22:00,11.40169509
10/5/2024 23:00,10.95666687
10/6/2024,9.440000129
10/6/2024 1:00,4.653448364
10/6/2024 2:00,21.825424
10/6/2024 3:00,32.07931078
10/6/2024 4:00,15.96785748
10/6/2024 5:00,12.09152561
10/6/2024 6:00,17.6783336
10/6/2024 7:00,26.63666716
10/6/2024 8:00,18.73833359
10/6/2024 9:00,16.15084776
10/6/2024 10:00,13.16500033
10/6/2024 11:00,11.45333352
10/6/2024 12:00,9.849152727
10/6/2024 13:00,9.203333529
10/6/2024 14:00,10.63103464
10/6/2024 15:00,8.588333503
10/6/2024 16:00,9.545000203
10/6/2024 17:00,13.14166686
10/6/2024 18:00,12.66842124
10/6/2024 19:00,14.25689679
10/6/2024 20:00,12.60000017
10/6/2024 21:00,12.91186456
10/6/2024 22:00,11.87966116
10/6/2024 23:00,12.57333355
10/7/2024,13.33389846
10/7/2024 1:00,11.73833354
10/7/2024 2:00,11.92333355
10/7/2024 3:00,11.82413807
10/7/2024 4:00,12.83666695
10/7/2024 5:00,13.74576286
10/7/2024 6:00,24.16333369
10/7/2024 7:00,24.75689687
10/7/2024 8:00,23.27666712
10/7/2024 9:00,15.21166687
10/7/2024 10:00,16.26000024
10/7/2024 11:00,15.14000031
10/7/2024 12:00,10.97758631
10/7/2024 13:00,8.320000124
10/7/2024 14:00,10.00689669
10/7/2024 15:00,13.97288156
10/7/2024 16:00,15.44482789
10/7/2024 17:00,18.2982761
10/7/2024 18:00,16.14655204
10/7/2024 19:00,13.96666684
10/7/2024 20:00,13.65000024
10/7/2024 21:00,13.31896571
10/7/2024 22:00,14.93220362
10/7/2024 23:00,14.13275878
10/8/2024,13.26896566
10/8/2024 1:00,15.02500024
10/8/2024 2:00,13.46610187
10/8/2024 3:00,13.2650002
10/8/2024 4:00,14.28166691
10/8/2024 5:00,16.30000017
10/8/2024 6:00,26.68135637
10/8/2024 7:00,22.95762751
10/8/2024 8:00,17.94166706
10/8/2024 9:00,13.85862087
10/8/2024 10:00,11.4650002
10/8/2024 11:00,12.71000015
10/8/2024 12:00,9.790000113
10/8/2024 13:00,9.196610354
10/8/2024 14:00,8.853448498
10/8/2024 15:00,10.94576286
10/8/2024 16:00,13.05500021
10/8/2024 17:00,18.97068997
10/8/2024 18:00,16.44745788
10/8/2024 19:00,16.13500029
10/8/2024 20:00,15.73666692
10/8/2024 21:00,14.36666691
10/8/2024 22:00,16.30517279
10/8/2024 23:00,20.99310373
10/9/2024,43.25172513
10/9/2024 1:00,35.72833408
10/9/2024 2:00,40.64576333
10/9/2024 3:00,25.35666733
10/9/2024 4:00,18.1133337
10/9/2024 5:00,18.9655176
10/9/2024 6:00,24.88771977
10/9/2024 7:00,22.97833363
10/9/2024 8:00,24.89833371
10/9/2024 9:00,19.80847496
10/9/2024 10:00,12.58666692
10/9/2024 11:00,10.29491546
10/9/2024 12:00,11.23666687
10/9/2024 13:00,12.17118659
10/9/2024 14:00,13.51166687
10/9/2024 15:00,13.09827606
10/9/2024 16:00,15.08474596
10/9/2024 17:00,16.76500031
10/9/2024 18:00,19.87333374
10/9/2024 19:00,21.30000043
10/9/2024 20:00,22.16610213
10/9/2024 21:00,27.111667
10/9/2024 22:00,23.70000045
10/9/2024 23:00,21.67666705
10/10/2024,18.80526359
10/10/2024 1:00,18.04166706
10/10/2024 2:00,16.98135633
10/10/2024 3:00,17.81500026
10/10/2024 4:00,19.26500038
10/10/2024 5:00,23.9706901
10/10/2024 6:00,31.00500046
10/10/2024 7:00,31.56101734
10/10/2024 8:00,23.88666697
10/10/2024 9:00,20.22203423
10/10/2024 10:00,17.80000045
10/10/2024 11:00,15.33965538
10/10/2024 12:00,13.83833356
10/10/2024 13:00,13.05862095
10/10/2024 14:00,15.9050004
10/10/2024 15:00,18.54210552
10/10/2024 16:00,22.10333385
10/10/2024 17:00,24.2644073
10/10/2024 18:00,29.83728848
10/10/2024 19:00,30.79833377
10/10/2024 20:00,34.72033982
10/10/2024 21:00,35.79655249
10/10/2024 22:00,28.06610221
10/10/2024 23:00,25.48333375
10/11/2024,26.65689705
10/11/2024 1:00,24.90833365
10/11/2024 2:00,24.64500033
10/11/2024 3:00,24.58666712
10/11/2024 4:00,27.87627178
10/11/2024 5:00,29.25000032
10/11/2024 6:00,43.03833392
10/11/2024 7:00,32.4086212
10/11/2024 8:00,30.09000034
10/11/2024 9:00,24.83728848
10/11/2024 10:00,19.85689691
10/11/2024 11:00,14.78500013
10/11/2024 12:00,15.09661034
10/11/2024 13:00,17.86271231
10/11/2024 14:00,18.01833377
10/11/2024 15:00,20.78000037
10/11/2024 16:00,27.79333382
10/11/2024 17:00,27.9533336
10/11/2024 18:00,35.85500065
10/11/2024 19:00,37.85517334
10/11/2024 20:00,43.83050932
10/11/2024 21:00,39.61525513
10/11/2024 22:00,34.39166718
10/11/2024 23:00,32.17500076
10/12/2024,34.1406787
10/12/2024 1:00,32.42542422
10/12/2024 2:00,30.88644118
10/12/2024 3:00,29.38500039
10/12/2024 4:00,30.64000038
10/12/2024 5:00,33.57833408
10/12/2024 6:00,37.37333374
10/12/2024 7:00,43.02372936
10/12/2024 8:00,38.24310415
10/12/2024 9:00,29.23793155
10/12/2024 10:00,21.86666702
10/12/2024 11:00,18.42372935
10/12/2024 12:00,16.84482783
10/12/2024 13:00,18.64745809
10/12/2024 14:00,19.89000038
10/12/2024 15:00,22.81864438
10/12/2024 16:00,24.66034524
10/12/2024 17:00,28.53220384
10/12/2024 18:00,31.79666732
10/12/2024 19:00,33.90833422
10/12/2024 20:00,35.66500092
10/12/2024 21:00,39.35833422
10/12/2024 22:00,34.08644149
10/12/2024 23:00,30.83833389
10/13/2024,28.11525464
10/13/2024 1:00,25.30000038
10/13/2024 2:00,23.04067835
10/13/2024 3:00,21.28983084
10/13/2024 4:00,19.72241428
10/13/2024 5:00,23.45000051
10/13/2024 6:00,27.7383337
10/13/2024 7:00,34.07796675
10/13/2024 8:00,28.48500048
10/13/2024 9:00,26.09152584
10/13/2024 10:00,21.48644111
10/13/2024 11:00,17.62500043
10/13/2024 12:00,18.42203422
10/13/2024 13:00,17.72758648
10/13/2024 14:00,18.84067833
10/13/2024 15:00,22.90847494
10/13/2024 16:00,24.33333381
10/13/2024 17:00,28.09000038
10/13/2024 18:00,33.45333398
10/13/2024 19:00,35.83500099
10/13/2024 20:00,37.961018
10/13/2024 21:00,33.59830585
10/13/2024 22:00,32.08983108
10/13/2024 23:00,29.80000035
10/14/2024,27.60847505
10/14/2024 1:00,28.01896592
10/14/2024 2:00,27.28474617
10/14/2024 3:00,27.59152581
10/14/2024 4:00,27.11379347
10/14/2024 5:00,28.53559355
10/14/2024 6:00,30.19491577
10/14/2024 7:00,40.45423786
10/14/2024 8:00,31.35593272
10/14/2024 9:00,26.80327909
10/14/2024 10:00,21.8800004
10/14/2024 11:00,17.80169523
10/14/2024 12:00,21.19333378
10/14/2024 13:00,23.43275902
10/14/2024 14:00,26.50333373
10/14/2024 15:00,31.01694954
10/14/2024 16:00,32.06271243
10/14/2024 17:00,39.83389916
10/14/2024 18:00,46.60517291
10/14/2024 19:00,44.92333412
10/14/2024 20:00,48.5559331
10/14/2024 21:00,49.66896623
10/14/2024 22:00,47.83833427
10/14/2024 23:00,43.10333443
10/15/2024,48.2789482
10/15/2024 1:00,41.96000048
10/15/2024 2:00,41.04406816
10/15/2024 3:00,39.18333397
10/15/2024 4:00,38.38983116
10/15/2024 5:00,41.61403576
10/15/2024 6:00,57.12000135
10/15/2024 7:00,47.93000075
10/15/2024 8:00,42.84138015
10/15/2024 9:00,34.45084808
10/15/2024 10:00,27.22333368
10/15/2024 11:00,25.40000038
10/15/2024 12:00,25.32333377
10/15/2024 13:00,26.83275894
10/15/2024 14:00,28.36440707
10/15/2024 15:00,31.12881402
10/15/2024 16:00,36.83500067
10/15/2024 17:00,38.53965595
10/15/2024 18:00,42.44500071
10/15/2024 19:00,51.94915306
10/15/2024 20:00,53.60166747
10/15/2024 21:00,48.57586275
10/15/2024 22:00,46.10000083
10/15/2024 23:00,45.29000066
10/16/2024,42.0203399
10/16/2024 1:00,41.31833382
10/16/2024 2:00,39.50339068
10/16/2024 3:00,40.07833417
10/16/2024 4:00,40.15344916
10/16/2024 5:00,40.39649194
10/16/2024 6:00,38.86551798
10/16/2024 7:00,44.01694999
10/16/2024 8:00,49.37966195
10/16/2024 9:00,42.93859729
10/16/2024 10:00,38.29833425
10/16/2024 11:00,30.13275896
10/16/2024 12:00,26.91186478
10/16/2024 13:00,29.20678006
10/16/2024 14:00,34.52542454
10/16/2024 15:00,40.26166738
10/16/2024 16:00,48.67966177
10/16/2024 17:00,54.80862151
10/16/2024 18:00,60.84000111
10/16/2024 19:00,61.92711943
10/16/2024 20:00,58.3474584
10/16/2024 21:00,56.72833398
10/16/2024 22:00,55.77288224
10/16/2024 23:00,57.8666673
10/17/2024,59.29827723
10/17/2024 1:00,58.46896619
10/17/2024 2:00,92.44166857
10/17/2024 3:00,60.41896662
10/17/2024 4:00,50.28833402
10/17/2024 5:00,52.36666737
10/17/2024 6:00,57.88644151
10/17/2024 7:00,57.84166743
10/17/2024 8:00,54.72033969
10/17/2024 9:00,50.7618189
10/17/2024 10:00,48.95333405
10/17/2024 11:00,52.22372973
10/17/2024 12:00,36.48474664
10/17/2024 13:00,36.1650006
10/17/2024 14:00,33.88305169
10/17/2024 15:00,42.90500075
10/17/2024 16:00,47.82833392
10/17/2024 17:00,55.03389934
10/17/2024 18:00,58.5762719
10/17/2024 19:00,64.59655301
10/17/2024 20:00,65.08448423
10/17/2024 21:00,61.68166771
10/17/2024 22:00,56.14237375
10/17/2024 23:00,52.49827668
10/18/2024,52.90000114
10/18/2024 1:00,50.27500083
10/18/2024 2:00,49.44067848
10/18/2024 3:00,47.7283343
10/18/2024 4:00,45.16842196
10/18/2024 5:00,47.233899
10/18/2024 6:00,46.72241461
10/18/2024 7:00,48.28666763
10/18/2024 8:00,50.44166743
10/18/2024 9:00,46.20847521
10/18/2024 10:00,37.36271254
10/18/2024 11:00,35.63050913
10/18/2024 12:00,35.25517319
10/18/2024 13:00,37.6766674
10/18/2024 14:00,42.41500098
10/18/2024 15:00,46.09152597
10/18/2024 16:00,53.75084829
10/18/2024 17:00,60.02807102
10/18/2024 18:00,64.48833421
10/18/2024 19:00,65.79830648
10/18/2024 20:00,62.04915341
10/18/2024 21:00,62.94166756
10/18/2024 22:00,54.52542457
10/18/2024 23:00,49.44912378
10/19/2024,40.45423812
10/19/2024 1:00,32.12333396
10/19/2024 2:00,29.8916673
10/19/2024 3:00,30.46607195
10/19/2024 4:00,37.40862136
10/19/2024 5:00,32.70166728
10/19/2024 6:00,41.63666712
10/19/2024 7:00,54.80000084
10/19/2024 8:00,53.60689742
10/19/2024 9:00,49.87758696
10/19/2024 10:00,43.41000055
10/19/2024 11:00,35.98135673
10/19/2024 12:00,34.83220411
10/19/2024 13:00,35.42166748
10/19/2024 14:00,36.51833407
10/19/2024 15:00,40.20333405
10/19/2024 16:00,46.7910721
10/19/2024 17:00,51.39500084
10/19/2024 18:00,55.92203476
10/19/2024 19:00,62.00526448
10/19/2024 20:00,55.65166772
10/19/2024 21:00,50.72203484
10/19/2024 22:00,47.93333435
10/19/2024 23:00,45.89482834
10/20/2024,44.79310424
10/20/2024 1:00,45.19830574
10/20/2024 2:00,43.67118732
10/20/2024 3:00,43.0850008
10/20/2024 4:00,42.64745829
10/20/2024 5:00,43.59137995
10/20/2024 6:00,49.69655241
10/20/2024 7:00,55.7483338
10/20/2024 8:00,54.45833391
10/20/2024 9:00,50.99333413
10/20/2024 10:00,47.96949212
10/20/2024 11:00,39.58333429
10/20/2024 12:00,28.02372929
10/20/2024 13:00,26.72456179
10/20/2024 14:00,29.2155175
10/20/2024 15:00,32.93833392
10/20/2024 16:00,37.86949235
10/20/2024 17:00,49.82000065
10/20/2024 18:00,63.17758692
10/20/2024 19:00,56.96166744
10/20/2024 20:00,48.01034572
10/20/2024 21:00,53.20339087
10/20/2024 22:00,58.22758734
10/20/2024 23:00,50.03166739
10/21/2024,51.9758629
10/21/2024 1:00,67.56101815
10/21/2024 2:00,50.10169582
10/21/2024 3:00,48.86379406
10/21/2024 4:00,47.23559409
10/21/2024 5:00,48.88620758
10/21/2024 6:00,53.99824638
10/21/2024 7:00,56.96034583
10/21/2024 8:00,57.26333408
10/21/2024 9:00,54.7850008
10/21/2024 10:00,42.87586271
10/21/2024 11:00,34.1266675
10/21/2024 12:00,29.04067844
10/21/2024 13:00,27.3533337
10/21/2024 14:00,30.79152586
10/21/2024 15:00,29.76379358
10/21/2024 16:00,32.28448305
10/21/2024 17:00,33.77966179
10/21/2024 18:00,37.97666734
10/21/2024 19:00,53.37796674
10/21/2024 20:00,47.91525508
10/21/2024 21:00,41.24666729
10/21/2024 22:00,38.58474634
10/21/2024 23:00,33.56551782
10/22/2024,26.15423759
10/22/2024 1:00,28.90517284
10/22/2024 2:00,27.85333366
10/22/2024 3:00,28.36271238
10/22/2024 4:00,32.23166742
10/22/2024 5:00,40.75423806
10/22/2024 6:00,71.5305093
10/22/2024 7:00,53.87719365
10/22/2024 8:00,46.9932209
10/22/2024 9:00,40.12666747
10/22/2024 10:00,32.48666751
10/22/2024 11:00,32.64237365
10/22/2024 12:00,18.20689683
10/22/2024 13:00,10.93389849
10/22/2024 14:00,12.06166692
10/22/2024 15:00,11.81186458
10/22/2024 16:00,13.76271206
10/22/2024 17:00,27.90344876
10/22/2024 18:00,30.23500039
10/22/2024 19:00,30.78666728
10/22/2024 20:00,33.80678022
10/22/2024 21:00,35.64821492
10/22/2024 22:00,26.47457663
10/22/2024 23:00,23.76833366
10/23/2024,25.73728849
10/23/2024 1:00,27.50000042
10/23/2024 2:00,27.15084784
10/23/2024 3:00,28.55344881
10/23/2024 4:00,25.23389878
10/23/2024 5:00,28.36500038
10/23/2024 6:00,40.37069025
10/23/2024 7:00,45.0762719
10/23/2024 8:00,39.61000077
10/23/2024 9:00,38.01833394
10/23/2024 10:00,28.41833375
10/23/2024 11:00,17.39833374
10/23/2024 12:00,13.38103465
10/23/2024 13:00,9.326666808
10/23/2024 14:00,9.858333532
10/23/2024 15:00,9.122413981
10/23/2024 16:00,15.84333364
10/23/2024 17:00,19.97142891
10/23/2024 18:00,28.70339028
10/23/2024 19:00,36.98474625
10/23/2024 20:00,21.18448297
10/23/2024 21:00,20.65964948
10/23/2024 22:00,18.70678019
10/23/2024 23:00,20.01166703
10/24/2024,14.86779685
10/24/2024 1:00,11.7850002
10/24/2024 2:00,12.21666684
10/24/2024 3:00,13.79322055
10/24/2024 4:00,16.00344867
10/24/2024 5:00,26.444828
10/24/2024 6:00,38.94000066
10/24/2024 7:00,57.43833434
10/24/2024 8:00,37.27413885
10/24/2024 9:00,26.23728839
10/24/2024 10:00,20.11666702
10/24/2024 11:00,16.85254278
10/24/2024 12:00,10.16166689
10/24/2024 13:00,11.18474587
10/24/2024 14:00,13.97758648
10/24/2024 15:00,13.58793122
10/24/2024 16:00,17.55166701
10/24/2024 17:00,16.82586246
10/24/2024 18:00,18.33793134
10/24/2024 19:00,15.52666686
10/24/2024 20:00,14.18135614
10/24/2024 21:00,14.72666682
10/24/2024 22:00,14.6700002
10/24/2024 23:00,20.51694959
10/25/2024,32.18813634
10/25/2024 1:00,17.74500035
10/25/2024 2:00,16.05833367
10/25/2024 3:00,16.19500039
10/25/2024 4:00,18.55666704
10/25/2024 5:00,25.481035
10/25/2024 6:00,28.56034526
10/25/2024 7:00,36.90000067
10/25/2024 8:00,36.36101771
10/25/2024 9:00,17.51833371
10/25/2024 10:00,17.25344858
10/25/2024 11:00,28.86166722
10/25/2024 12:00,28.65593254
10/25/2024 13:00,20.47288169
10/25/2024 14:00,11.78965536
10/25/2024 15:00,11.13157908
10/25/2024 16:00,12.51694936
10/25/2024 17:00,14.80000029
10/25/2024 18:00,15.8542376
10/25/2024 19:00,16.12881392
10/25/2024 20:00,16.93000034
10/25/2024 21:00,17.51833383
10/25/2024 22:00,19.98983089
10/25/2024 23:00,23.42666699
10/26/2024,32.78833383
10/26/2024 1:00,20.93684247
10/26/2024 2:00,27.79166708
10/26/2024 3:00,21.92203444
10/26/2024 4:00,24.08474625
10/26/2024 5:00,22.99655211
10/26/2024 6:00,24.73965546
10/26/2024 7:00,28.23000037
10/26/2024 8:00,34.08474651
10/26/2024 9:00,36.20000095
10/26/2024 10:00,35.81379397
10/26/2024 11:00,31.33620732
10/26/2024 12:00,24.89491569
10/26/2024 13:00,24.71379349
10/26/2024 14:00,19.96610202
10/26/2024 15:00,12.87894753
10/26/2024 16:00,12.13166687
10/26/2024 17:00,22.6050851
10/26/2024 18:00,21.5631583
10/26/2024 19:00,19.60833365
10/26/2024 20:00,17.41500041
10/26/2024 21:00,22.15666707
10/26/2024 22:00,21.28620717
10/26/2024 23:00,23.60847493
10/27/2024,29.21666711
10/27/2024 1:00,19.45517287
10/27/2024 2:00,18.68750044
10/27/2024 3:00,18.71000042
10/27/2024 4:00,22.08596531
10/27/2024 5:00,26.37796638
10/27/2024 6:00,30.32033927
10/27/2024 7:00,37.65517327
10/27/2024 8:00,36.54833412
10/27/2024 9:00,20.74482798
10/27/2024 10:00,18.4603452
10/27/2024 11:00,19.18166701
10/27/2024 12:00,14.42033923
10/27/2024 13:00,18.52372921
10/27/2024 14:00,18.09000028
10/27/2024 15:00,17.30678004
10/27/2024 16:00,18.66315828
10/27/2024 17:00,23.08644101
10/27/2024 18:00,23.00847496
10/27/2024 19:00,20.9300005
10/27/2024 20:00,19.8033336
10/27/2024 21:00,19.54500033
10/27/2024 22:00,25.95166709
10/27/2024 23:00,23.3533337
10/28/2024,25.08666687
10/28/2024 1:00,23.5450003
10/28/2024 2:00,19.33103476
10/28/2024 3:00,19.22131182
10/28/2024 4:00,21.79830525
10/28/2024 5:00,22.88333378
10/28/2024 6:00,31.65263203
10/28/2024 7:00,36.84833415
10/28/2024 8:00,33.0864414
10/28/2024 9:00,26.26666714
10/28/2024 10:00,23.81355968
10/28/2024 11:00,24.54333372
10/28/2024 12:00,18.29137965
10/28/2024 13:00,16.76101727
10/28/2024 14:00,15.10000024
10/28/2024 15:00,19.4338986
10/28/2024 16:00,20.68596529
10/28/2024 17:00,23.16000039
10/28/2024 18:00,25.74333372
10/28/2024 19:00,23.25500034
10/28/2024 20:00,26.25833365
10/28/2024 21:00,25.06833378
10/28/2024 22:00,22.15689699
10/28/2024 23:00,21.22333368
10/29/2024,20.48813603
10/29/2024 1:00,18.35762751
10/29/2024 2:00,18.78813595
10/29/2024 3:00,17.60000035
10/29/2024 4:00,19.39166703
10/29/2024 5:00,28.73666706
10/29/2024 6:00,40.8416674
10/29/2024 7:00,49.59500052
10/29/2024 8:00,34.71166722
10/29/2024 9:00,29.45762767
10/29/2024 10:00,22.50175484
10/29/2024 11:00,NA
10/29/2024 12:00,NA
10/29/2024 13:00,NA
10/29/2024 14:00,NA
10/29/2024 15:00,NA
10/29/2024 16:00,NA
10/29/2024 17:00,NA
10/29/2024 18:00,NA
10/29/2024 19:00,NA
10/29/2024 20:00,NA
10/29/2024 21:00,NA
10/29/2024 22:00,NA
10/29/2024 23:00,NA
10/30/2024,NA
10/30/2024 1:00,NA
10/30/2024 2:00,NA
10/30/2024 3:00,NA
10/30/2024 4:00,NA
10/30/2024 5:00,NA
10/30/2024 6:00,NA
10/30/2024 7:00,NA
10/30/2024 8:00,NA
10/30/2024 9:00,NA
10/30/2024 10:00,NA
10/30/2024 11:00,NA
10/30/2024 12:00,NA
10/30/2024 13:00,NA
10/30/2024 14:00,NA
10/30/2024 15:00,NA
10/30/2024 16:00,47.51929909
10/30/2024 17:00,49.33000088
10/30/2024 18:00,61.05000102
10/30/2024 19:00,65.62203533
10/30/2024 20:00,65.54067916
10/30/2024 21:00,61.12000084
10/30/2024 22:00,46.97500089
10/30/2024 23:00,46.47931106
10/31/2024,38.04482835
10/31/2024 1:00,33.10500078
10/31/2024 2:00,34.92881439
10/31/2024 3:00,36.62456238
10/31/2024 4:00,39.8220348
10/31/2024 5:00,46.86000074
10/31/2024 6:00,61.30666739
10/31/2024 7:00,71.75333462
10/31/2024 8:00,54.51833407
10/31/2024 9:00,70.80517381
10/31/2024 10:00,47.48947478
10/31/2024 11:00,35.25166728
10/31/2024 12:00,33.58305149
10/31/2024 13:00,37.12333406
10/31/2024 14:00,38.92166729
10/31/2024 15:00,39.71166725
10/31/2024 16:00,45.98983144
10/31/2024 17:00,55.50000114
10/31/2024 18:00,63.95862178
10/31/2024 19:00,74.84915407
10/31/2024 20:00,75.19482869
10/31/2024 21:00,68.06065725
10/31/2024 22:00,61.56724213
10/31/2024 23:00,57.9950009
11/1/2024,55.29661082
11/1/2024 1:00,52.72758688
11/1/2024 2:00,53.33000062
11/1/2024 3:00,52.04035173
11/1/2024 4:00,53.99310408
11/1/2024 5:00,57.72586303
11/1/2024 6:00,58.91833413
11/1/2024 7:00,68.71166789
11/1/2024 8:00,65.27719424
11/1/2024 9:00,58.7767864
11/1/2024 10:00,56.42000084
11/1/2024 11:00,50.22203484
11/1/2024 12:00,37.68666757
11/1/2024 13:00,40.15932264
11/1/2024 14:00,43.79166718
11/1/2024 15:00,44.74000066
11/1/2024 16:00,51.40169557
11/1/2024 17:00,60.11206989
11/1/2024 18:00,68.3728833
11/1/2024 19:00,73.27500165
11/1/2024 20:00,75.591527
11/1/2024 21:00,76.66207057
11/1/2024 22:00,74.52666829
11/1/2024 23:00,72.16833496
11/2/2024,69.79322168
11/2/2024 1:00,67.17333476
11/2/2024 2:00,68.92000198
11/2/2024 3:00,64.42500114
11/2/2024 4:00,59.20862145
11/2/2024 5:00,61.59310426
11/2/2024 6:00,63.27719404
11/2/2024 7:00,70.05932423
11/2/2024 8:00,69.99310474
11/2/2024 9:00,67.14915389
11/2/2024 10:00,62.60847577
11/2/2024 11:00,58.98166758
11/2/2024 12:00,61.72711951
11/2/2024 13:00,58.44067861
11/2/2024 14:00,54.32881417
11/2/2024 15:00,52.16333408
11/2/2024 16:00,67.0366684
11/2/2024 17:00,70.14500198
11/2/2024 18:00,71.77457816
11/2/2024 19:00,67.7245632
11/2/2024 20:00,74.36666832
11/2/2024 21:00,83.13559438
11/2/2024 22:00,68.4949163
11/2/2024 23:00,70.32333527
11/3/2024,70.41207018
11/3/2024 1:00,69.61000163
11/3/2024 2:00,67.1266688
11/3/2024 3:00,65.79322143
11/3/2024 4:00,63.79166768
11/3/2024 5:00,66.67666836
11/3/2024 6:00,70.1966117
11/3/2024 7:00,67.04915399
11/3/2024 8:00,73.94310497
11/3/2024 9:00,54.70333417
11/3/2024 10:00,50.58333416
11/3/2024 11:00,45.93859743
11/3/2024 12:00,41.87000065
11/3/2024 13:00,36.99830566
11/3/2024 14:00,32.31500041
11/3/2024 15:00,37.63965584
11/3/2024 16:00,38.96000077
11/3/2024 17:00,47.85500062
11/3/2024 18:00,47.81833401
11/3/2024 19:00,50.62069038
11/3/2024 20:00,46.45263237
11/3/2024 21:00,42.59666735
11/3/2024 22:00,45.52241457
11/3/2024 23:00,42.94655261
11/4/2024,41.31000086
11/4/2024 1:00,39.7316672
11/4/2024 2:00,38.43559401
11/4/2024 3:00,37.66271255
11/4/2024 4:00,37.680001
11/4/2024 5:00,40.2916673
11/4/2024 6:00,45.42166748
11/4/2024 7:00,41.43620754
11/4/2024 8:00,42.56949228
11/4/2024 9:00,38.98983131
11/4/2024 10:00,38.22758675
11/4/2024 11:00,23.77118689
11/4/2024 12:00,24.39666691
11/4/2024 13:00,24.72542407
11/4/2024 14:00,18.03000042
11/4/2024 15:00,15.0637934
11/4/2024 16:00,12.89137947
11/4/2024 17:00,10.80666681
11/4/2024 18:00,14.27068982
11/4/2024 19:00,17.7689658
11/4/2024 20:00,25.56610214
11/4/2024 21:00,29.04576331
11/4/2024 22:00,18.49152576
11/4/2024 23:00,17.56101731
11/5/2024,21.0931037
11/5/2024 1:00,20.85084783
11/5/2024 2:00,20.46949193
11/5/2024 3:00,17.65423762
11/5/2024 4:00,17.21186478
11/5/2024 5:00,19.7283337
11/5/2024 6:00,29.05517299
11/5/2024 7:00,39.95423799
11/5/2024 8:00,38.20339038
11/5/2024 9:00,39.19322095
11/5/2024 10:00,28.58135657
11/5/2024 11:00,18.72166705
11/5/2024 12:00,12.8305087
11/5/2024 13:00,12.60169513
11/5/2024 14:00,13.86101715
11/5/2024 15:00,11.51016969
11/5/2024 16:00,16.0050851
11/5/2024 17:00,23.4932207
11/5/2024 18:00,30.67118693
11/5/2024 19:00,30.35000041
11/5/2024 20:00,28.10000038
11/5/2024 21:00,25.83448321
11/5/2024 22:00,23.26440717
11/5/2024 23:00,18.18275902
11/6/2024,20.7310349
11/6/2024 1:00,23.09152584
11/6/2024 2:00,21.11500041
11/6/2024 3:00,18.54067835
11/6/2024 4:00,17.32333382
11/6/2024 5:00,21.89666697
11/6/2024 6:00,27.04333385
11/6/2024 7:00,39.29310424
11/6/2024 8:00,35.86666746
11/6/2024 9:00,35.0016957
11/6/2024 10:00,31.14237342
11/6/2024 11:00,26.00000039
11/6/2024 12:00,20.48305122
11/6/2024 13:00,13.70500023
11/6/2024 14:00,13.19666683
11/6/2024 15:00,17.44067839
11/6/2024 16:00,19.66666703
11/6/2024 17:00,41.98474658
11/6/2024 18:00,58.04067877
11/6/2024 19:00,58.03898414
11/6/2024 20:00,54.51071508
11/6/2024 21:00,46.89666729
11/6/2024 22:00,29.46206938
11/6/2024 23:00,24.43050895
11/7/2024,18.28771974
11/7/2024 1:00,20.55166709
11/7/2024 2:00,22.82372924
11/7/2024 3:00,22.26333367
11/7/2024 4:00,21.8898309
11/7/2024 5:00,24.14406815
11/7/2024 6:00,33.41379379
11/7/2024 7:00,46.06000071
11/7/2024 8:00,36.3474584
11/7/2024 9:00,48.40847552
11/7/2024 10:00,40.34745824
11/7/2024 11:00,26.87000039
11/7/2024 12:00,14.71833363
11/7/2024 13:00,12.09666681
11/7/2024 14:00,10.91355953
11/7/2024 15:00,12.38305106
11/7/2024 16:00,13.28474596
11/7/2024 17:00,20.67166708
11/7/2024 18:00,31.0216671
11/7/2024 19:00,41.50000055
11/7/2024 20:00,36.74237345
11/7/2024 21:00,32.30678028
11/7/2024 22:00,33.05000083
11/7/2024 23:00,28.66833375
11/8/2024,23.27068996
11/8/2024 1:00,21.61929853
11/8/2024 2:00,21.06666711
11/8/2024 3:00,19.48333368
11/8/2024 4:00,20.02500048
11/8/2024 5:00,24.75833378
11/8/2024 6:00,27.40000051
11/8/2024 7:00,36.06166738
11/8/2024 8:00,55.65423791
11/8/2024 9:00,35.0827593
11/8/2024 10:00,37.99333401
11/8/2024 11:00,32.88947433
11/8/2024 12:00,21.85000038
11/8/2024 13:00,16.29333359
11/8/2024 14:00,15.78833362
11/8/2024 15:00,19.1593224
11/8/2024 16:00,27.33389867
11/8/2024 17:00,33.22727346
11/8/2024 18:00,41.88333406
11/8/2024 19:00,53.87500064
11/8/2024 20:00,51.5152551
11/8/2024 21:00,46.97758708
11/8/2024 22:00,41.8271196
11/8/2024 23:00,46.75333405
11/9/2024,37.05084791
11/9/2024 1:00,37.41379402
11/9/2024 2:00,29.62413834
11/9/2024 3:00,38.25862131
11/9/2024 4:00,30.40862129
11/9/2024 5:00,36.22833417
11/9/2024 6:00,38.84406869
11/9/2024 7:00,56.37627198
11/9/2024 8:00,43.54138006
11/9/2024 9:00,40.70350955
11/9/2024 10:00,49.92333412
11/9/2024 11:00,43.95000102
11/9/2024 12:00,35.17457713
11/9/2024 13:00,26.15084784
11/9/2024 14:00,21.77288169
11/9/2024 15:00,26.87931064
11/9/2024 16:00,40.19000111
11/9/2024 17:00,44.9133344
11/9/2024 18:00,61.05423808
11/9/2024 19:00,84.64561516
11/9/2024 20:00,62.05666765
11/9/2024 21:00,60.53333422
11/9/2024 22:00,44.94067861
11/9/2024 23:00,51.18947474
11/10/2024,51.51017018
11/10/2024 1:00,49.53833427
11/10/2024 2:00,39.57166751
11/10/2024 3:00,39.15263226
11/10/2024 4:00,37.35423825
11/10/2024 5:00,40.11186535
11/10/2024 6:00,44.49322115
11/10/2024 7:00,53.54576337
11/10/2024 8:00,52.53728873
11/10/2024 9:00,41.32372953
11/10/2024 10:00,37.04386039
11/10/2024 11:00,28.4396556
11/10/2024 12:00,25.9241384
11/10/2024 13:00,21.3847461
11/10/2024 14:00,23.95762754
11/10/2024 15:00,27.39666707
11/10/2024 16:00,31.20339035
11/10/2024 17:00,40.3762721
11/10/2024 18:00,43.86833401
11/10/2024 19:00,60.72807131
11/10/2024 20:00,60.88474668
11/10/2024 21:00,61.18666738
11/10/2024 22:00,46.6016953
11/10/2024 23:00,40.4086211
11/11/2024,29.98474625
11/11/2024 1:00,32.42586271
11/11/2024 2:00,33.81724223
11/11/2024 3:00,31.59830565
11/11/2024 4:00,34.08644123
11/11/2024 5:00,32.22069043
11/11/2024 6:00,40.65166728
11/11/2024 7:00,52.0473691
11/11/2024 8:00,52.81666756
11/11/2024 9:00,46.26779744
11/11/2024 10:00,40.83275946
11/11/2024 11:00,34.75862128
11/11/2024 12:00,24.53793144
11/11/2024 13:00,31.00333395
11/11/2024 14:00,28.23898345
11/11/2024 15:00,43.41525508
11/11/2024 16:00,41.8084753
11/11/2024 17:00,39.19830574
11/11/2024 18:00,40.40847539
11/11/2024 19:00,38.38965607
11/11/2024 20:00,36.08474654
11/11/2024 21:00,34.04827644
11/11/2024 22:00,40.24166756
11/11/2024 23:00,35.10000077
11/12/2024,26.78793161
11/12/2024 1:00,32.73000056
11/12/2024 2:00,28.2711868
11/12/2024 3:00,29.38983103
11/12/2024 4:00,33.20666726
11/12/2024 5:00,35.35172492
11/12/2024 6:00,43.94915325
11/12/2024 7:00,52.68666719
11/12/2024 8:00,47.53965588
11/12/2024 9:00,50.14814914
11/12/2024 10:00,NA
11/12/2024 11:00,NA
11/12/2024 12:00,29.91896583
11/12/2024 13:00,29.03220387
11/12/2024 14:00,36.31228149
11/12/2024 15:00,41.77118709
11/12/2024 16:00,53.13500093
11/12/2024 17:00,65.06440812
11/12/2024 18:00,76.71333478
11/12/2024 19:00,75.99152685
11/12/2024 20:00,64.0661025
11/12/2024 21:00,54.05438661
11/12/2024 22:00,49.60164029
11/12/2024 23:00,45.84576338
11/13/2024,46.3186449
11/13/2024 1:00,36.74833384
11/13/2024 2:00,31.62542427
11/13/2024 3:00,28.17193035
11/13/2024 4:00,31.73166711
11/13/2024 5:00,40.07069042
11/13/2024 6:00,55.37500127
11/13/2024 7:00,82.01166801
11/13/2024 8:00,70.01186571
11/13/2024 9:00,69.05344963
11/13/2024 10:00,64.61207048
11/13/2024 11:00,47.35423835
11/13/2024 12:00,33.53965575
11/13/2024 13:00,40.90678076
11/13/2024 14:00,48.83000062
11/13/2024 15:00,61.84406901
11/13/2024 16:00,74.54833463
11/13/2024 17:00,86.51017128
11/13/2024 18:00,97.79166794
11/13/2024 19:00,98.57833443
11/13/2024 20:00,93.89649281
11/13/2024 21:00,89.92542577
11/13/2024 22:00,89.6305101
11/13/2024 23:00,82.77000148
11/14/2024,74.8300012
11/14/2024 1:00,72.35689795
11/14/2024 2:00,73.22712009
11/14/2024 3:00,73.97000135
11/14/2024 4:00,76.9050012
11/14/2024 5:00,77.77069118
11/14/2024 6:00,77.39666862
11/14/2024 7:00,80.62758807
11/14/2024 8:00,88.30666847
11/14/2024 9:00,101.148335
11/14/2024 10:00,86.96000188
11/14/2024 11:00,70.09152713
11/14/2024 12:00,64.42500153
11/14/2024 13:00,49.0500007
11/14/2024 14:00,47.13050907
11/14/2024 15:00,59.33389922
11/14/2024 16:00,63.68813634
11/14/2024 17:00,74.1666687
11/14/2024 18:00,83.52034087
11/14/2024 19:00,91.3322044
11/14/2024 20:00,83.79827776
11/14/2024 21:00,75.4366684
11/14/2024 22:00,74.11379452
11/14/2024 23:00,69.81525512
11/15/2024,64.83220459
11/15/2024 1:00,57.04406855
11/15/2024 2:00,93.39000142
11/15/2024 3:00,63.97500146
11/15/2024 4:00,60.97833405
11/15/2024 5:00,63.48813655
11/15/2024 6:00,71.41166827
11/15/2024 7:00,86.70000116
11/15/2024 8:00,86.47069115
11/15/2024 9:00,81.33898409
11/15/2024 10:00,82.92373075
11/15/2024 11:00,56.83220479
11/15/2024 12:00,40.64500071
11/15/2024 13:00,34.97833424
11/15/2024 14:00,36.07543925
11/15/2024 15:00,46.63166758
11/15/2024 16:00,54.37118718
11/15/2024 17:00,68.22373025
11/15/2024 18:00,80.30689845
11/15/2024 19:00,78.46333504
11/15/2024 20:00,72.99666837
11/15/2024 21:00,74.91551919
11/15/2024 22:00,74.4762722
11/15/2024 23:00,61.98032942
11/16/2024,51.09166762
11/16/2024 1:00,56.12069051
11/16/2024 2:00,54.47627226
11/16/2024 3:00,54.71356014
11/16/2024 4:00,56.20833403
11/16/2024 5:00,59.5067804
11/16/2024 6:00,68.11186587
11/16/2024 7:00,69.26034605
11/16/2024 8:00,76.27333463
11/16/2024 9:00,69.45166791
11/16/2024 10:00,62.01356034
11/16/2024 11:00,49.50339068
11/16/2024 12:00,40.62711929
11/16/2024 13:00,38.19310418
11/16/2024 14:00,42.63166726
11/16/2024 15:00,47.02833385
11/16/2024 16:00,49.82372969
11/16/2024 17:00,53.33620775
11/16/2024 18:00,64.49824678
11/16/2024 19:00,68.32712076
11/16/2024 20:00,61.97666759
11/16/2024 21:00,57.69666716
11/16/2024 22:00,63.98983144
11/16/2024 23:00,58.70678064
11/17/2024,57.39152611
11/17/2024 1:00,57.53728912
11/17/2024 2:00,53.45166734
11/17/2024 3:00,50.82069029
11/17/2024 4:00,52.28500086
11/17/2024 5:00,54.39666729
11/17/2024 6:00,52.56000061
11/17/2024 7:00,71.16724291
11/17/2024 8:00,71.3810359
11/17/2024 9:00,69.34745924
11/17/2024 10:00,62.73965665
11/17/2024 11:00,53.76034559
11/17/2024 12:00,44.81017019
11/17/2024 13:00,34.33389913
11/17/2024 14:00,40.60508553
11/17/2024 15:00,45.82333406
11/17/2024 16:00,40.10000071
11/17/2024 17:00,41.13220386
11/17/2024 18:00,63.29491619
11/17/2024 19:00,58.01333427
11/17/2024 20:00,44.53500048
11/17/2024 21:00,45.07413858
11/17/2024 22:00,41.03728905
11/17/2024 23:00,43.11356018
11/18/2024,44.1847465
11/18/2024 1:00,40.51403615
11/18/2024 2:00,43.09491633
11/18/2024 3:00,51.43559407
11/18/2024 4:00,54.1900006
11/18/2024 5:00,53.69152606
11/18/2024 6:00,59.71666781
11/18/2024 7:00,86.9033913
11/18/2024 8:00,70.14237375
11/18/2024 9:00,68.53666808
11/18/2024 10:00,58.79322168
11/18/2024 11:00,38.17288214
11/18/2024 12:00,32.09833399
11/18/2024 13:00,29.24237322
11/18/2024 14:00,26.59500039
11/18/2024 15:00,32.04833371
11/18/2024 16:00,36.24915353
11/18/2024 17:00,35.12500076
11/18/2024 18:00,46.15500075
11/18/2024 19:00,47.26833401
11/18/2024 20:00,44.18166739
11/18/2024 21:00,47.83559392
11/18/2024 22:00,47.11017014
11/18/2024 23:00,49.17833411
11/19/2024,43.45762777
11/19/2024 1:00,44.79333426
11/19/2024 2:00,40.37966195
11/19/2024 3:00,40.94576347
11/19/2024 4:00,49.75593295
11/19/2024 5:00,47.60678049
11/19/2024 6:00,54.13728882
11/19/2024 7:00,74.0964923
11/19/2024 8:00,73.29500148
11/19/2024 9:00,67.68666833
11/19/2024 10:00,52.96551816
11/19/2024 11:00,33.84827647
11/19/2024 12:00,28.55166715
11/19/2024 13:00,30.24237335
11/19/2024 14:00,24.03500032
11/19/2024 15:00,25.79166702
11/19/2024 16:00,30.68833389
11/19/2024 17:00,36.64576356
11/19/2024 18:00,41.27166735
11/19/2024 19:00,54.03103526
11/19/2024 20:00,58.882457
11/19/2024 21:00,40.28166736
11/19/2024 22:00,40.40833397
11/19/2024 23:00,36.62069071
11/20/2024,38.85964979
11/20/2024 1:00,35.07966161
11/20/2024 2:00,32.09000041
11/20/2024 3:00,33.81379384
11/20/2024 4:00,36.99482839
11/20/2024 5:00,42.635088
11/20/2024 6:00,51.9661026
11/20/2024 7:00,74.56000112
11/20/2024 8:00,63.35666758
11/20/2024 9:00,55.86949235
11/20/2024 10:00,56.58103502
11/20/2024 11:00,32.89166737
11/20/2024 12:00,18.55500035
11/20/2024 13:00,15.69298271
11/20/2024 14:00,14.55087744
11/20/2024 15:00,15.29482786
11/20/2024 16:00,26.05500037
11/20/2024 17:00,26.25666714
11/20/2024 18:00,29.35423783
11/20/2024 19:00,47.56166751
11/20/2024 20:00,43.85862133
11/20/2024 21:00,39.04833403
11/20/2024 22:00,31.34655252
11/20/2024 23:00,32.3666674
11/21/2024,42.11166757
11/21/2024 1:00,48.91017034
11/21/2024 2:00,36.69661079
11/21/2024 3:00,31.9779667
11/21/2024 4:00,32.76101775
11/21/2024 5:00,37.46666768
11/21/2024 6:00,42.93166752
11/21/2024 7:00,65.16315875
11/21/2024 8:00,65.88833453
11/21/2024 9:00,56.3482768
11/21/2024 10:00,59.97457711
11/21/2024 11:00,43.87931113
11/21/2024 12:00,18.33166698
11/21/2024 13:00,19.72711903
11/21/2024 14:00,24.98983102
11/21/2024 15:00,31.51017027
11/21/2024 16:00,37.29666732
11/21/2024 17:00,41.06666756
11/21/2024 18:00,45.79827664
11/21/2024 19:00,45.21864493
11/21/2024 20:00,39.19655254
11/21/2024 21:00,36.49491624
11/21/2024 22:00,35.59666729
11/21/2024 23:00,33.67321508
11/22/2024,39.21896619
11/22/2024 1:00,31.2066672
11/22/2024 2:00,32.36440733
11/22/2024 3:00,34.74333404
11/22/2024 4:00,33.24067866
11/22/2024 5:00,37.78000075
11/22/2024 6:00,46.0508483
11/22/2024 7:00,71.33333486
11/22/2024 8:00,66.22372999
11/22/2024 9:00,54.56166732
11/22/2024 10:00,46.82166723
11/22/2024 11:00,30.40169541
11/22/2024 12:00,33.06610237
11/22/2024 13:00,31.75593266
11/22/2024 14:00,34.27166719
11/22/2024 15:00,30.61666724
11/22/2024 16:00,32.01000061
11/22/2024 17:00,37.23220415
11/22/2024 18:00,53.54000104
11/22/2024 19:00,83.32586374
11/22/2024 20:00,75.1733345
11/22/2024 21:00,50.68620761
11/22/2024 22:00,53.44833431
11/22/2024 23:00,37.9500005
11/23/2024,36.78275937
11/23/2024 1:00,34.17796668
11/23/2024 2:00,40.84166737
11/23/2024 3:00,39.63333397
11/23/2024 4:00,NA
11/23/2024 5:00,NA
11/23/2024 6:00,NA
11/23/2024 7:00,NA
11/23/2024 8:00,NA
11/23/2024 9:00,70.1700016
11/23/2024 10:00,56.34576345
11/23/2024 11:00,27.4550004
11/23/2024 12:00,25.23166711
11/23/2024 13:00,24.0525427
11/23/2024 14:00,25.46101745
11/23/2024 15:00,27.06666712
11/23/2024 16:00,29.02033922
11/23/2024 17:00,36.91017022
11/23/2024 18:00,35.3433341
11/23/2024 19:00,70.33333499
11/23/2024 20:00,65.12069058
11/23/2024 21:00,54.45500075
11/23/2024 22:00,50.9241385
11/23/2024 23:00,42.84827673
11/24/2024,35.39322116
11/24/2024 1:00,36.61228163
11/24/2024 2:00,29.30847501
11/24/2024 3:00,29.48275918
11/24/2024 4:00,NA
11/24/2024 5:00,NA
11/24/2024 6:00,NA
11/24/2024 7:00,NA
11/24/2024 8:00,70.218183
11/24/2024 9:00,62.51864482
11/24/2024 10:00,76.97666829
11/24/2024 11:00,48.80333449
11/24/2024 12:00,24.77833382
11/24/2024 13:00,23.11166712
11/24/2024 14:00,25.02666709
11/24/2024 15:00,24.92333374
11/24/2024 16:00,29.8000004
11/24/2024 17:00,39.06610253
11/24/2024 18:00,40.82807086
11/24/2024 19:00,53.86551857
11/24/2024 20:00,40.05000055
11/24/2024 21:00,33.01333383
11/24/2024 22:00,35.82241463
11/24/2024 23:00,33.53050901
11/25/2024,28.16500034
11/25/2024 1:00,27.16333364
11/25/2024 2:00,27.76896582
11/25/2024 3:00,30.07833376
11/25/2024 4:00,27.09636407
11/25/2024 5:00,NA
11/25/2024 6:00,NA
11/25/2024 7:00,NA
11/25/2024 8:00,71.34464427
11/25/2024 9:00,50.95423831
11/25/2024 10:00,45.26833407
11/25/2024 11:00,37.59491607
11/25/2024 12:00,26.40000059
11/25/2024 13:00,22.58448311
11/25/2024 14:00,24.37796644
11/25/2024 15:00,38.95094382
11/25/2024 16:00,60.76181925
11/25/2024 17:00,71.92034046
11/25/2024 18:00,82.19122984
11/25/2024 19:00,82.76034625
11/25/2024 20:00,87.50172582
11/25/2024 21:00,92.23000145
11/25/2024 22:00,100.763335
11/25/2024 23:00,91.96666832
11/26/2024,84.83559418
11/26/2024 1:00,73.66000125
11/26/2024 2:00,64.43333429
11/26/2024 3:00,64.85666752
11/26/2024 4:00,68.81500155
11/26/2024 5:00,73.24166857
11/26/2024 6:00,88.91017047
11/26/2024 7:00,119.5983068
11/26/2024 8:00,106.0783352
11/26/2024 9:00,99.52881506
11/26/2024 10:00,88.08245796
11/26/2024 11:00,61.58833402
11/26/2024 12:00,39.86379387
11/26/2024 13:00,30.23793122
11/26/2024 14:00,51.0508483
11/26/2024 15:00,101.0711879
11/26/2024 16:00,105.5508491
11/26/2024 17:00,114.476668
11/26/2024 18:00,112.7254251
11/26/2024 19:00,116.9700019
11/26/2024 20:00,110.6800016
11/26/2024 21:00,105.9116684
11/26/2024 22:00,100.2186451
11/26/2024 23:00,90.97833468
11/27/2024,72.30339115
11/27/2024 1:00,63.78448407
11/27/2024 2:00,56.89322145
11/27/2024 3:00,53.8333341
11/27/2024 4:00,57.19833406
11/27/2024 5:00,65.03833427
11/27/2024 6:00,88.78305235
11/27/2024 7:00,106.7900021
11/27/2024 8:00,106.1966116
11/27/2024 9:00,105.0169507
11/27/2024 10:00,102.0433347
11/27/2024 11:00,53.32333419
11/27/2024 12:00,53.29166737
11/27/2024 13:00,61.90666784
11/27/2024 14:00,59.90169551
11/27/2024 15:00,62.62241475
11/27/2024 16:00,70.85593317
11/27/2024 17:00,71.23666827
11/27/2024 18:00,72.05087869
11/27/2024 19:00,72.97796786
11/27/2024 20:00,83.10000176
11/27/2024 21:00,77.91864609
11/27/2024 22:00,85.49322148
11/27/2024 23:00,59.879311
11/28/2024,69.2067809
11/28/2024 1:00,72.39152708
11/28/2024 2:00,81.56207078
11/28/2024 3:00,74.54576421
11/28/2024 4:00,93.24406912
11/28/2024 5:00,87.75333506
11/28/2024 6:00,102.013795
11/28/2024 7:00,113.8932222
11/28/2024 8:00,120.0689683
11/28/2024 9:00,106.0983349
11/28/2024 10:00,78.73793267
11/28/2024 11:00,54.53965601
11/28/2024 12:00,42.29500078
11/28/2024 13:00,21.72333368
11/28/2024 14:00,20.1762716
11/28/2024 15:00,44.47627213
11/28/2024 16:00,48.7298254
11/28/2024 17:00,55.30678035
11/28/2024 18:00,66.99322154
11/28/2024 19:00,63.2766674
11/28/2024 20:00,43.08813638
11/28/2024 21:00,54.51551839
11/28/2024 22:00,50.83833402
11/28/2024 23:00,59.93898437
11/29/2024,59.18070281
11/29/2024 1:00,53.83389909
11/29/2024 2:00,57.39666786
11/29/2024 3:00,53.9474583
11/29/2024 4:00,48.17288214
11/29/2024 5:00,57.68983123
11/29/2024 6:00,71.87241521
11/29/2024 7:00,83.83448489
11/29/2024 8:00,85.09166768
11/29/2024 9:00,79.7949167
11/29/2024 10:00,78.54482914
11/29/2024 11:00,66.12500127
11/29/2024 12:00,46.41017028
11/29/2024 13:00,36.77166748
11/29/2024 14:00,27.19137971
11/29/2024 15:00,25.65517284
11/29/2024 16:00,25.46440713
11/29/2024 17:00,29.86833388
11/29/2024 18:00,53.29491631
11/29/2024 19:00,70.74310461
11/29/2024 20:00,69.17796727
11/29/2024 21:00,70.1206909
11/29/2024 22:00,48.7258629
11/29/2024 23:00,43.12000065
11/30/2024,43.35423815
11/30/2024 1:00,41.92000071
11/30/2024 2:00,47.98983125
11/30/2024 3:00,48.39333394
11/30/2024 4:00,45.02372962
11/30/2024 5:00,50.21929878
11/30/2024 6:00,69.34406882
11/30/2024 7:00,78.32333527
11/30/2024 8:00,66.37118744
11/30/2024 9:00,61.74915333
11/30/2024 10:00,58.28500099
11/30/2024 11:00,43.74576349
11/30/2024 12:00,46.41017009
11/30/2024 13:00,32.87166729
11/30/2024 14:00,39.03103506
11/30/2024 15:00,35.39000069
11/30/2024 16:00,33.27796687
11/30/2024 17:00,43.3766675
11/30/2024 18:00,54.39666723
11/30/2024 19:00,71.22711925
11/30/2024 20:00,55.16724198
11/30/2024 21:00,52.62666766
11/30/2024 22:00,45.91333408
11/30/2024 23:00,48.09333394
12/1/2024,45.60333398
12/1/2024 1:00,44.7983059
12/1/2024 2:00,44.96833401
12/1/2024 3:00,44.2627127
12/1/2024 4:00,44.53103532
12/1/2024 5:00,56.5500007
12/1/2024 6:00,67.36724255
12/1/2024 7:00,86.68135756
12/1/2024 8:00,75.84912437
12/1/2024 9:00,73.15333468
12/1/2024 10:00,83.51379447
12/1/2024 11:00,74.21864577
12/1/2024 12:00,60.44666767
12/1/2024 13:00,30.24166708
12/1/2024 14:00,29.69491571
12/1/2024 15:00,30.98000056
12/1/2024 16:00,35.08644146
12/1/2024 17:00,41.5766674
12/1/2024 18:00,46.60339065
12/1/2024 19:00,46.41864505
12/1/2024 20:00,62.54000123
12/1/2024 21:00,69.33898441
12/1/2024 22:00,65.80339141
12/1/2024 23:00,57.34333426
12/2/2024,50.6344834
12/2/2024 1:00,45.64500058
12/2/2024 2:00,41.44915325
12/2/2024 3:00,37.88500086
12/2/2024 4:00,40.87166716
12/2/2024 5:00,48.56610256
12/2/2024 6:00,64.99138003
12/2/2024 7:00,82.45166804
12/2/2024 8:00,83.06833471
12/2/2024 9:00,83.9450016
12/2/2024 10:00,71.31034614
12/2/2024 11:00,58.46610254
12/2/2024 12:00,51.77017634
12/2/2024 13:00,36.5566672
12/2/2024 14:00,34.94500052
12/2/2024 15:00,32.55593277
12/2/2024 16:00,34.52931088
12/2/2024 17:00,41.6833341
12/2/2024 18:00,47.11695008
12/2/2024 19:00,45.76379381
12/2/2024 20:00,51.81666737
12/2/2024 21:00,69.76949284
12/2/2024 22:00,71.74237455
12/2/2024 23:00,56.13898397
12/3/2024,52.82372976
12/3/2024 1:00,51.18135672
12/3/2024 2:00,45.51864482
12/3/2024 3:00,46.07627209
12/3/2024 4:00,44.44827652
12/3/2024 5:00,48.70833391
12/3/2024 6:00,57.58644143
12/3/2024 7:00,83.32711973
12/3/2024 8:00,82.256142
12/3/2024 9:00,67.87833487
12/3/2024 10:00,88.66551879
12/3/2024 11:00,89.96551895
12/3/2024 12:00,56.85593346
12/3/2024 13:00,26.83333375
12/3/2024 14:00,30.53333397
12/3/2024 15:00,32.17454605
12/3/2024 16:00,33.37457686
12/3/2024 17:00,50.29152608
12/3/2024 18:00,115.8666686
12/3/2024 19:00,109.6525437
12/3/2024 20:00,96.3258642
12/3/2024 21:00,81.19661157
12/3/2024 22:00,70.85166772
12/3/2024 23:00,52.11166732
12/4/2024,50.44406859
12/4/2024 1:00,49.33500067
12/4/2024 2:00,46.90000088
12/4/2024 3:00,43.17796675
12/4/2024 4:00,43.82372956
12/4/2024 5:00,49.90172491
12/4/2024 6:00,57.30862157
12/4/2024 7:00,78.85166772
12/4/2024 8:00,77.52241503
12/4/2024 9:00,66.20500107
12/4/2024 10:00,77.00689776
12/4/2024 11:00,69.40345001
12/4/2024 12:00,66.91500155
12/4/2024 13:00,49.34666761
12/4/2024 14:00,23.30508507
12/4/2024 15:00,29.43000031
12/4/2024 16:00,38.94666742
12/4/2024 17:00,45.45689721
12/4/2024 18:00,60.21186564
12/4/2024 19:00,63.13620798
12/4/2024 20:00,65.64915369
12/4/2024 21:00,43.62033983
12/4/2024 22:00,32.68000065
12/4/2024 23:00,38.41355999
12/5/2024,39.77931102
12/5/2024 1:00,39.03965601
12/5/2024 2:00,36.67000084
12/5/2024 3:00,40.40500094
12/5/2024 4:00,47.28305157
12/5/2024 5:00,53.55500062
12/5/2024 6:00,64.07333406
12/5/2024 7:00,84.75333532
12/5/2024 8:00,84.53500214
12/5/2024 9:00,92.85423938
12/5/2024 10:00,87.1101713
12/5/2024 11:00,76.63559471
12/5/2024 12:00,45.43965583
12/5/2024 13:00,37.99000079
12/5/2024 14:00,45.5915261
12/5/2024 15:00,42.73448346
12/5/2024 16:00,46.28965588
12/5/2024 17:00,57.81356023
12/5/2024 18:00,86.98620869
12/5/2024 19:00,86.06000125
12/5/2024 20:00,81.91356064
12/5/2024 21:00,84.79152705
12/5/2024 22:00,93.77118851
12/5/2024 23:00,83.19152664
12/6/2024,87.57333476
12/6/2024 1:00,86.09333509
12/6/2024 2:00,80.06666781
12/6/2024 3:00,59.8900006
12/6/2024 4:00,57.08500074
12/6/2024 5:00,58.33050932
12/6/2024 6:00,71.93103613
12/6/2024 7:00,93.37833455
12/6/2024 8:00,72.08305255
12/6/2024 9:00,66.05762837
12/6/2024 10:00,63.05762811
12/6/2024 11:00,54.53571517
12/6/2024 12:00,50.84576338
12/6/2024 13:00,54.6694925
12/6/2024 14:00,60.45862139
12/6/2024 15:00,59.43559414
12/6/2024 16:00,67.76034592
12/6/2024 17:00,82.1950016
12/6/2024 18:00,102.4293118
12/6/2024 19:00,99.64310482
12/6/2024 20:00,91.14915428
12/6/2024 21:00,100.2017257
12/6/2024 22:00,101.4534503
12/6/2024 23:00,109.1250015
12/7/2024,114.0719309
12/7/2024 1:00,121.7224158
12/7/2024 2:00,107.7350012
12/7/2024 3:00,100.693222
12/7/2024 4:00,75.62666779
12/7/2024 5:00,77.40833422
12/7/2024 6:00,85.60345012
12/7/2024 7:00,97.01695045
12/7/2024 8:00,101.0133349
12/7/2024 9:00,96.50666784
12/7/2024 10:00,81.78000132
12/7/2024 11:00,73.96610273
12/7/2024 12:00,68.10508638
12/7/2024 13:00,61.13500137
12/7/2024 14:00,65.95593326
12/7/2024 15:00,79.84166768
12/7/2024 16:00,77.55254338
12/7/2024 17:00,77.01000099
12/7/2024 18:00,80.82712064
12/7/2024 19:00,80.86500181
12/7/2024 20:00,80.9750014
12/7/2024 21:00,82.6620707
12/7/2024 22:00,78.38421216
12/7/2024 23:00,71.87666842
12/8/2024,64.9796621
12/8/2024 1:00,63.25000086
12/8/2024 2:00,61.90678057
12/8/2024 3:00,63.12333419
12/8/2024 4:00,62.91000125
12/8/2024 5:00,73.08965683
12/8/2024 6:00,80.61500181
12/8/2024 7:00,97.57500153
12/8/2024 8:00,91.92034085
12/8/2024 9:00,85.49491662
12/8/2024 10:00,87.11500193
12/8/2024 11:00,65.50333443
12/8/2024 12:00,61.50333417
12/8/2024 13:00,47.93448356
12/8/2024 14:00,54.88333384
12/8/2024 15:00,69.00500094
12/8/2024 16:00,74.67457749
12/8/2024 17:00,79.24406989
12/8/2024 18:00,87.58305255
12/8/2024 19:00,91.91724304
12/8/2024 20:00,99.52931213
12/8/2024 21:00,94.66842223
12/8/2024 22:00,98.84666786
12/8/2024 23:00,84.45333506
12/9/2024,81.25333519
12/9/2024 1:00,77.5350015
12/9/2024 2:00,81.08305255
12/9/2024 3:00,72.79833501
12/9/2024 4:00,67.64067944
12/9/2024 5:00,72.47966314
12/9/2024 6:00,88.71754563
12/9/2024 7:00,106.6754402
12/9/2024 8:00,106.020691
12/9/2024 9:00,93.05166829
12/9/2024 10:00,88.71833483
12/9/2024 11:00,64.95000127
12/9/2024 12:00,42.31379397
12/9/2024 13:00,38.21724198
12/9/2024 14:00,56.93559427
12/9/2024 15:00,53.66034534
12/9/2024 16:00,66.76666807
12/9/2024 17:00,72.92413975
12/9/2024 18:00,87.50508648
12/9/2024 19:00,80.41525553
12/9/2024 20:00,103.0877204
12/9/2024 21:00,91.44745908
12/9/2024 22:00,60.89310436
12/9/2024 23:00,60.25500088
12/10/2024,60.88644144
12/10/2024 1:00,50.27321482
12/10/2024 2:00,54.10166759
12/10/2024 3:00,57.28983132
12/10/2024 4:00,53.16949237
12/10/2024 5:00,61.18305187
12/10/2024 6:00,72.83559457
12/10/2024 7:00,80.66610298
12/10/2024 8:00,100.7711886
12/10/2024 9:00,84.49000181
12/10/2024 10:00,81.28421215
12/10/2024 11:00,38.69491574
12/10/2024 12:00,34.41355999
12/10/2024 13:00,31.60333392
12/10/2024 14:00,29.80344874
12/10/2024 15:00,38.96610254
12/10/2024 16:00,39.78103552
12/10/2024 17:00,50.22033976
12/10/2024 18:00,73.42456282
12/10/2024 19:00,92.11186606
12/10/2024 20:00,89.67288311
12/10/2024 21:00,83.1271202
12/10/2024 22:00,81.67966254
12/10/2024 23:00,58.88500061
12/11/2024,51.47241474
12/11/2024 1:00,45.0416673
12/11/2024 2:00,44.52241457
12/11/2024 3:00,49.11724209
12/11/2024 4:00,54.23559383
12/11/2024 5:00,76.64333509
12/11/2024 6:00,75.30333519
12/11/2024 7:00,96.10500094
12/11/2024 8:00,92.73051
12/11/2024 9:00,83.1724155
12/11/2024 10:00,89.23220515
12/11/2024 11:00,100.9508487
12/11/2024 12:00,64.01500136
12/11/2024 13:00,40.47241454
12/11/2024 14:00,37.77069036
12/11/2024 15:00,37.00508538
12/11/2024 16:00,40.71186525
12/11/2024 17:00,59.51186591
12/11/2024 18:00,96.86440846
12/11/2024 19:00,64.08644156
12/11/2024 20:00,86.18644223
12/11/2024 21:00,105.9534499
12/11/2024 22:00,83.41356077
12/11/2024 23:00,74.32712051
12/12/2024,65.97118753
12/12/2024 1:00,69.01403635
12/12/2024 2:00,72.63859786
12/12/2024 3:00,67.62542531
12/12/2024 4:00,69.94237395
12/12/2024 5:00,73.51666787
12/12/2024 6:00,79.22500095
12/12/2024 7:00,125.9450029
12/12/2024 8:00,108.3525437
12/12/2024 9:00,105.0706908
12/12/2024 10:00,84.03728944
12/12/2024 11:00,75.73389978
12/12/2024 12:00,43.34915323
12/12/2024 13:00,38.55333414
12/12/2024 14:00,33.2089293
12/12/2024 15:00,37.40678044
12/12/2024 16:00,49.1491535
12/12/2024 17:00,57.59661083
12/12/2024 18:00,100.1189675
12/12/2024 19:00,124.2400024
12/12/2024 20:00,113.8566682
12/12/2024 21:00,100.5300013
12/12/2024 22:00,77.88772061
12/12/2024 23:00,77.16610382
12/13/2024,69.14406967
12/13/2024 1:00,59.50666746
12/13/2024 2:00,58.84406862
12/13/2024 3:00,64.12542472
12/13/2024 4:00,65.42881503
12/13/2024 5:00,69.94237428
12/13/2024 6:00,NA
12/13/2024 7:00,NA
12/13/2024 8:00,NA
12/13/2024 9:00,NA
12/13/2024 10:00,NA
12/13/2024 11:00,NA
12/13/2024 12:00,NA
12/13/2024 13:00,NA
12/13/2024 14:00,NA
12/13/2024 15:00,NA
12/13/2024 16:00,24.51694957
12/13/2024 17:00,37.04333391
12/13/2024 18:00,86.13965679
12/13/2024 19:00,103.3362087
12/13/2024 20:00,97.66896689
12/13/2024 21:00,96.03166847
12/13/2024 22:00,77.7500014
12/13/2024 23:00,56.68474669
12/14/2024,53.94500078
12/14/2024 1:00,54.97368488
12/14/2024 2:00,69.92500127
12/14/2024 3:00,50.68833402
12/14/2024 4:00,49.05000083
12/14/2024 5:00,55.01379381
12/14/2024 6:00,68.67586333
12/14/2024 7:00,93.36333453
12/14/2024 8:00,90.32203532
12/14/2024 9:00,80.55254422
12/14/2024 10:00,57.08166815
12/14/2024 11:00,51.22333419
12/14/2024 12:00,35.9706903
12/14/2024 13:00,27.56949195
12/14/2024 14:00,28.05593271
12/14/2024 15:00,32.95833381
12/14/2024 16:00,36.2796616
12/14/2024 17:00,42.09333401
12/14/2024 18:00,50.91017034
12/14/2024 19:00,53.93898385
12/14/2024 20:00,86.14237459
12/14/2024 21:00,89.02000122
12/14/2024 22:00,74.12166824
12/14/2024 23:00,66.93793238
12/15/2024,58.97166761
12/15/2024 1:00,56.115255
12/15/2024 2:00,57.31166776
12/15/2024 3:00,59.29166749
12/15/2024 4:00,53.63898377
12/15/2024 5:00,61.81754477
12/15/2024 6:00,69.06271265
12/15/2024 7:00,92.24166832
12/15/2024 8:00,102.7633344
12/15/2024 9:00,99.91166827
12/15/2024 10:00,88.91186588
12/15/2024 11:00,75.43728942
12/15/2024 12:00,48.49824644
12/15/2024 13:00,38.3593226
12/15/2024 14:00,35.8689661
12/15/2024 15:00,46.12372958
12/15/2024 16:00,49.87627227
12/15/2024 17:00,86.2859661
12/15/2024 18:00,115.2694935
12/15/2024 19:00,126.2491546
12/15/2024 20:00,112.3440695
12/15/2024 21:00,107.1300013
12/15/2024 22:00,94.48983183
12/15/2024 23:00,97.6913802
12/16/2024,103.8103468
12/16/2024 1:00,99.23728982
12/16/2024 2:00,90.95084847
12/16/2024 3:00,100.8189668
12/16/2024 4:00,91.18983214
12/16/2024 5:00,89.18474695
12/16/2024 6:00,107.1655185
12/16/2024 7:00,123.7932232
12/16/2024 8:00,115.013562
12/16/2024 9:00,109.4949168
12/16/2024 10:00,97.59322241
12/16/2024 11:00,97.09833501
12/16/2024 12:00,69.86440814
12/16/2024 13:00,42.03166755
12/16/2024 14:00,25.84736886
12/16/2024 15:00,26.45423776
12/16/2024 16:00,35.95084805
12/16/2024 17:00,48.66101818
12/16/2024 18:00,113.4491549
12/16/2024 19:00,104.6983067
12/16/2024 20:00,86.47333501
12/16/2024 21:00,83.55833511
12/16/2024 22:00,83.9949165
12/16/2024 23:00,66.44386158
12/17/2024,65.40000056
12/17/2024 1:00,56.64406851
12/17/2024 2:00,50.58135689
12/17/2024 3:00,46.99833412
12/17/2024 4:00,NA
12/17/2024 5:00,NA
12/17/2024 6:00,NA
12/17/2024 7:00,NA
12/17/2024 8:00,NA
12/17/2024 9:00,NA
12/17/2024 10:00,NA
12/17/2024 11:00,NA
12/17/2024 12:00,57.34655262
12/17/2024 13:00,28.72166731
12/17/2024 14:00,19.1016953
12/17/2024 15:00,27.5566672
12/17/2024 16:00,31.84736884
12/17/2024 17:00,48.50847535
12/17/2024 18:00,47.33728894
12/17/2024 19:00,46.21551823
12/17/2024 20:00,90.68813693
12/17/2024 21:00,103.9950017
12/17/2024 22:00,73.82881494
12/17/2024 23:00,55.95172481
12/18/2024,52.12833398
12/18/2024 1:00,54.22372973
12/18/2024 2:00,52.95666765
12/18/2024 3:00,55.63965594
12/18/2024 4:00,57.24237384
12/18/2024 5:00,60.92881465
12/18/2024 6:00,70.97931178
12/18/2024 7:00,92.25084932
12/18/2024 8:00,108.6050857
12/18/2024 9:00,101.7491241
12/18/2024 10:00,82.75423897
12/18/2024 11:00,90.23333439
12/18/2024 12:00,58.29166756
12/18/2024 13:00,33.78166711
12/18/2024 14:00,25.95000045
12/18/2024 15:00,26.18333381
12/18/2024 16:00,31.93448323
12/18/2024 17:00,50.51250087
12/18/2024 18:00,77.4482777
12/18/2024 19:00,96.85344999
12/18/2024 20:00,79.92166818
12/18/2024 21:00,42.60666742
12/18/2024 22:00,69.59500148
12/18/2024 23:00,55.85333398
12/19/2024,40.66666749
12/19/2024 1:00,37.40500085
12/19/2024 2:00,41.0224145
12/19/2024 3:00,41.28813624
12/19/2024 4:00,41.6898313
12/19/2024 5:00,47.07627196
12/19/2024 6:00,NA
12/19/2024 7:00,NA
12/19/2024 8:00,NA
12/19/2024 9:00,NA
12/19/2024 10:00,NA
12/19/2024 11:00,NA
12/19/2024 12:00,NA
12/19/2024 13:00,NA
12/19/2024 14:00,43.4966108
12/19/2024 15:00,39.65084803
12/19/2024 16:00,38.85500069
12/19/2024 17:00,39.68135685
12/19/2024 18:00,68.27666817
12/19/2024 19:00,97.31428705
12/19/2024 20:00,100.7254249
12/19/2024 21:00,98.23833427
12/19/2024 22:00,71.0694926
12/19/2024 23:00,44.41166757
12/20/2024,51.49322083
12/20/2024 1:00,46.95932285
12/20/2024 2:00,43.71607229
12/20/2024 3:00,41.39491602
12/20/2024 4:00,44.50166772
12/20/2024 5:00,63.86166751
12/20/2024 6:00,69.25423878
12/20/2024 7:00,92.27894873
12/20/2024 8:00,104.3607159
12/20/2024 9:00,87.53220484
12/20/2024 10:00,94.51356118
12/20/2024 11:00,77.21754543
12/20/2024 12:00,50.71754489
12/20/2024 13:00,45.40877259
12/20/2024 14:00,58.03389927
12/20/2024 15:00,38.51166757
12/20/2024 16:00,38.35423803
12/20/2024 17:00,69.73050968
12/20/2024 18:00,110.2250015
12/20/2024 19:00,141.9400027
12/20/2024 20:00,159.095003
12/20/2024 21:00,114.7636386
12/20/2024 22:00,108.0203413
12/20/2024 23:00,97.55593368
12/21/2024,75.62166773
12/21/2024 1:00,76.500002
12/21/2024 2:00,64.38772041
12/21/2024 3:00,66.37413913
12/21/2024 4:00,78.54210703
12/21/2024 5:00,76.31034654
12/21/2024 6:00,88.87666817
12/21/2024 7:00,114.9616685
12/21/2024 8:00,123.1250022
12/21/2024 9:00,109.335002
12/21/2024 10:00,104.9438605
12/21/2024 11:00,75.27000154
12/21/2024 12:00,55.02666734
12/21/2024 13:00,41.7850009
12/21/2024 14:00,30.03389892
12/21/2024 15:00,32.3084752
12/21/2024 16:00,37.19824627
12/21/2024 17:00,42.13559419
12/21/2024 18:00,47.8933342
12/21/2024 19:00,71.11525539
12/21/2024 20:00,61.67000071
12/21/2024 21:00,73.98947438
12/21/2024 22:00,82.24166851
12/21/2024 23:00,62.29830629
12/22/2024,59.68833427
12/22/2024 1:00,59.28275937
12/22/2024 2:00,55.61833401
12/22/2024 3:00,58.2465525
12/22/2024 4:00,50.73500074
12/22/2024 5:00,64.56000163
12/22/2024 6:00,69.22034021
12/22/2024 7:00,94.76833522
12/22/2024 8:00,103.5016685
12/22/2024 9:00,75.17333514
12/22/2024 10:00,75.58421178
12/22/2024 11:00,70.04237405
12/22/2024 12:00,45.080001
12/22/2024 13:00,42.51166725
12/22/2024 14:00,28.84500046
12/22/2024 15:00,32.43559359
12/22/2024 16:00,35.04827638
12/22/2024 17:00,50.57288238
12/22/2024 18:00,70.69491655
12/22/2024 19:00,90.2491543
12/22/2024 20:00,105.1949164
12/22/2024 21:00,111.0051743
12/22/2024 22:00,84.6620707
12/22/2024 23:00,77.06271336
12/23/2024,68.5783343
12/23/2024 1:00,62.83859748
12/23/2024 2:00,56.48500061
12/23/2024 3:00,54.06271246
12/23/2024 4:00,54.1084757
12/23/2024 5:00,NA
12/23/2024 6:00,NA
12/23/2024 7:00,NA
12/23/2024 8:00,NA
12/23/2024 9:00,NA
12/23/2024 10:00,NA
12/23/2024 11:00,NA
12/23/2024 12:00,NA
12/23/2024 13:00,NA
12/23/2024 14:00,45.26333402
12/23/2024 15:00,43.88666763
12/23/2024 16:00,40.73965559
12/23/2024 17:00,47.65084813
12/23/2024 18:00,66.44000111
12/23/2024 19:00,68.55084888
12/23/2024 20:00,77.65344981
12/23/2024 21:00,102.371668
12/23/2024 22:00,98.84833425
12/23/2024 23:00,73.20678135
12/24/2024,64.5250007
12/24/2024 1:00,61.22166786
12/24/2024 2:00,63.57118723
12/24/2024 3:00,65.9237303
12/24/2024 4:00,76.60508663
12/24/2024 5:00,79.83050977
12/24/2024 6:00,82.80666828
12/24/2024 7:00,97.27500159
12/24/2024 8:00,107.723335
12/24/2024 9:00,86.40339118
12/24/2024 10:00,85.72542533
12/24/2024 11:00,61.8474586
12/24/2024 12:00,44.97166754
12/24/2024 13:00,61.74166781
12/24/2024 14:00,46.12105326
12/24/2024 15:00,40.76666737
12/24/2024 16:00,48.33833402
12/24/2024 17:00,77.66440776
12/24/2024 18:00,88.71017055
12/24/2024 19:00,79.95932343
12/24/2024 20:00,82.62373093
12/24/2024 21:00,82.70333443
12/24/2024 22:00,80.21186596
12/24/2024 23:00,73.18644236
12/25/2024,68.40169642
12/25/2024 1:00,67.40000126
12/25/2024 2:00,57.28644154
12/25/2024 3:00,70.6566679
12/25/2024 4:00,81.00508622
12/25/2024 5:00,58.53166752
12/25/2024 6:00,66.88275995
12/25/2024 7:00,92.33898447
12/25/2024 8:00,110.7333346
12/25/2024 9:00,109.9898317
12/25/2024 10:00,89.24666831
12/25/2024 11:00,69.48644211
12/25/2024 12:00,51.53500074
12/25/2024 13:00,37.25166718
12/25/2024 14:00,33.39661055
12/25/2024 15:00,26.84137963
12/25/2024 16:00,25.36166712
12/25/2024 17:00,42.98474667
12/25/2024 18:00,92.12203514
12/25/2024 19:00,129.4033922
12/25/2024 20:00,128.9450026
12/25/2024 21:00,91.14333522
12/25/2024 22:00,71.26000125
12/25/2024 23:00,64.11525539
12/26/2024,66.48333473
12/26/2024 1:00,68.33448403
12/26/2024 2:00,60.34333401
12/26/2024 3:00,62.29827677
12/26/2024 4:00,59.31694988
12/26/2024 5:00,65.50166798
12/26/2024 6:00,71.78813663
12/26/2024 7:00,89.68000158
12/26/2024 8:00,97.17118835
12/26/2024 9:00,93.60000148
12/26/2024 10:00,95.18500188
12/26/2024 11:00,84.04561521
12/26/2024 12:00,34.07241443
12/26/2024 13:00,23.35166715
12/26/2024 14:00,25.41666718
12/26/2024 15:00,23.20666707
12/26/2024 16:00,27.59333378
12/26/2024 17:00,43.55666742
12/26/2024 18:00,80.44833444
12/26/2024 19:00,98.05333481
12/26/2024 20:00,102.111668
12/26/2024 21:00,92.88166873
12/26/2024 22:00,84.33389955
12/26/2024 23:00,67.78813708
12/27/2024,65.08166796
12/27/2024 1:00,54.68620767
12/27/2024 2:00,51.19491603
12/27/2024 3:00,51.05762779
12/27/2024 4:00,52.13606631
12/27/2024 5:00,58.48666763
12/27/2024 6:00,NA
12/27/2024 7:00,NA
12/27/2024 8:00,NA
12/27/2024 9:00,NA
12/27/2024 10:00,76.48833453
12/27/2024 11:00,92.55689792
12/27/2024 12:00,72.76034599
12/27/2024 13:00,47.53666732
12/27/2024 14:00,42.71166744
12/27/2024 15:00,39.95762802
12/27/2024 16:00,33.85833397
12/27/2024 17:00,44.60000067
12/27/2024 18:00,55.24000111
12/27/2024 19:00,48.68666744
12/27/2024 20:00,51.9862075
12/27/2024 21:00,71.19152657
12/27/2024 22:00,85.94406878
12/27/2024 23:00,62.9576277
12/28/2024,55.74310421
12/28/2024 1:00,53.14000085
12/28/2024 2:00,57.17166735
12/28/2024 3:00,54.6847465
12/28/2024 4:00,60.44138034
12/28/2024 5:00,70.76333485
12/28/2024 6:00,86.59333496
12/28/2024 7:00,99.45344991
12/28/2024 8:00,121.6389856
12/28/2024 9:00,116.8440699
12/28/2024 10:00,97.33833478
12/28/2024 11:00,94.80517341
12/28/2024 12:00,92.17758797
12/28/2024 13:00,98.0271203
12/28/2024 14:00,80.02711991
12/28/2024 15:00,86.06440851
12/28/2024 16:00,105.7327603
12/28/2024 17:00,157.5593246
12/28/2024 18:00,204.9033366
12/28/2024 19:00,138.7118667
12/28/2024 20:00,130.4711888
12/28/2024 21:00,134.3583352
12/28/2024 22:00,NA
12/28/2024 23:00,NA
12/29/2024,NA
12/29/2024 1:00,NA
12/29/2024 2:00,NA
12/29/2024 3:00,NA
12/29/2024 4:00,NA
12/29/2024 5:00,NA
12/29/2024 6:00,NA
12/29/2024 7:00,NA
12/29/2024 8:00,NA
12/29/2024 9:00,121.0474595
12/29/2024 10:00,90.26551911
12/29/2024 11:00,64.49166749
12/29/2024 12:00,59.08000094
12/29/2024 13:00,35.01666733
12/29/2024 14:00,24.54000044
12/29/2024 15:00,25.65500043
12/29/2024 16:00,29.85593253
12/29/2024 17:00,37.56166725
12/29/2024 18:00,95.90508587
12/29/2024 19:00,127.9762734
12/29/2024 20:00,95.81785856
12/29/2024 21:00,70.28474691
12/29/2024 22:00,59.02586306
12/29/2024 23:00,52.95084834
12/30/2024,49.54166737
12/30/2024 1:00,44.11333427
12/30/2024 2:00,39.50000091
12/30/2024 3:00,41.78333391
12/30/2024 4:00,44.69152599
12/30/2024 5:00,59.65593351
12/30/2024 6:00,68.1135605
12/30/2024 7:00,102.7183351
12/30/2024 8:00,95.74067934
12/30/2024 9:00,88.84827778
12/30/2024 10:00,88.89661201
12/30/2024 11:00,94.72034092
12/30/2024 12:00,54.46610273
12/30/2024 13:00,28.75254279
12/30/2024 14:00,24.36500034
12/30/2024 15:00,28.93728845
12/30/2024 16:00,35.88772007
12/30/2024 17:00,48.5406787
12/30/2024 18:00,56.10333398
12/30/2024 19:00,62.15500107
12/30/2024 20:00,57.9368432
12/30/2024 21:00,104.0728826
12/30/2024 22:00,73.78333473
12/30/2024 23:00,64.71833464
12/31/2024,58.75932267
12/31/2024 1:00,54.58620762
12/31/2024 2:00,48.15423797
12/31/2024 3:00,46.84833412
12/31/2024 4:00,57.43220442
12/31/2024 5:00,62.55087816
12/31/2024 6:00,70.80847595
12/31/2024 7:00,87.58333473
12/31/2024 8:00,114.0948294
12/31/2024 9:00,97.98666814
12/31/2024 10:00,80.63793248
12/31/2024 11:00,60.22931132
12/31/2024 12:00,53.15084807
12/31/2024 13:00,42.05254312
12/31/2024 14:00,35.85517318
12/31/2024 15:00,31.39666716
12/31/2024 16:00,32.02500054
12/31/2024 17:00,42.43389899
12/31/2024 18:00,50.580001
12/31/2024 19:00,82.90333506
12/31/2024 20:00,91.12833468
12/31/2024 21:00,103.6830523
12/31/2024 22:00,91.58833453
12/31/2024 23:00,82.81034614
