Date,PM2.5
1/1/2024,130.5499997
1/1/2024 1:00,158.6516671
1/1/2024 2:00,130.3649996
1/1/2024 3:00,129.4300002
1/1/2024 4:00,128.1666676
1/1/2024 5:00,108.7316666
1/1/2024 6:00,114.8966667
1/1/2024 7:00,110.5983337
1/1/2024 8:00,112.4983334
1/1/2024 9:00,127.398333
1/1/2024 10:00,94.05666682
1/1/2024 11:00,90.21666616
1/1/2024 12:00,65.76500015
1/1/2024 13:00,40.1033336
1/1/2024 14:00,37.68000024
1/1/2024 15:00,36.97166678
1/1/2024 16:00,38.57166678
1/1/2024 17:00,44.11999982
1/1/2024 18:00,72.41475409
1/1/2024 19:00,94.21666692
1/1/2024 20:00,82.19666723
1/1/2024 21:00,83.613333
1/1/2024 22:00,77.76833318
1/1/2024 23:00,69.63000043
1/2/2024,58.83833345
1/2/2024 1:00,55.70666695
1/2/2024 2:00,55.75833359
1/2/2024 3:00,61.11500022
1/2/2024 4:00,61.43333321
1/2/2024 5:00,62.34500008
1/2/2024 6:00,81.53333321
1/2/2024 7:00,95.58666636
1/2/2024 8:00,107.8483335
1/2/2024 9:00,112.4649999
1/2/2024 10:00,96.25999997
1/2/2024 11:00,69.47499949
1/2/2024 12:00,52.90666637
1/2/2024 13:00,42.99333337
1/2/2024 14:00,30.43500001
1/2/2024 15:00,34.65666685
1/2/2024 16:00,43.29666665
1/2/2024 17:00,51.59833342
1/2/2024 18:00,71.97833335
1/2/2024 19:00,86.20666695
1/2/2024 20:00,81.14000003
1/2/2024 21:00,71.52666715
1/2/2024 22:00,70.01333288
1/2/2024 23:00,66.41166668
1/3/2024,72.52499962
1/3/2024 1:00,79.4700002
1/3/2024 2:00,83.89333318
1/3/2024 3:00,87.63728811
1/3/2024 4:00,82.03500023
1/3/2024 5:00,117.7966666
1/3/2024 6:00,103.8466666
1/3/2024 7:00,141.3416669
1/3/2024 8:00,103.8066669
1/3/2024 9:00,91.07666664
1/3/2024 10:00,87.4416673
1/3/2024 11:00,80.82666664
1/3/2024 12:00,51.62999983
1/3/2024 13:00,31.71500003
1/3/2024 14:00,41.44666662
1/3/2024 15:00,40.40666676
1/3/2024 16:00,41.49166654
1/3/2024 17:00,47.95499999
1/3/2024 18:00,61.22833341
1/3/2024 19:00,73.64499963
1/3/2024 20:00,82.4399999
1/3/2024 21:00,81.82666677
1/3/2024 22:00,81.02333342
1/3/2024 23:00,54.75
1/4/2024,58.79333331
1/4/2024 1:00,68.27666645
1/4/2024 2:00,77.05166677
1/4/2024 3:00,73.25666656
1/4/2024 4:00,73.01500034
1/4/2024 5:00,74.65999978
1/4/2024 6:00,90.16333313
1/4/2024 7:00,103.7033333
1/4/2024 8:00,106.2233336
1/4/2024 9:00,94.38166644
1/4/2024 10:00,78.24666735
1/4/2024 11:00,78.57166691
1/4/2024 12:00,52.62333349
1/4/2024 13:00,39.73833329
1/4/2024 14:00,30.16166665
1/4/2024 15:00,31.9683334
1/4/2024 16:00,32.13500001
1/4/2024 17:00,50.20333325
1/4/2024 18:00,64.28000011
1/4/2024 19:00,92.74166705
1/4/2024 20:00,105.4316667
1/4/2024 21:00,109.1200001
1/4/2024 22:00,73.4450002
1/4/2024 23:00,68.1283336
1/5/2024,68.26949168
1/5/2024 1:00,60.82166678
1/5/2024 2:00,55.28833332
1/5/2024 3:00,80.31833344
1/5/2024 4:00,69.85333309
1/5/2024 5:00,85.69000028
1/5/2024 6:00,91.58333321
1/5/2024 7:00,96.92833303
1/5/2024 8:00,120.2633333
1/5/2024 9:00,102.5216662
1/5/2024 10:00,82.30000013
1/5/2024 11:00,75.47000008
1/5/2024 12:00,53.175
1/5/2024 13:00,31.27333342
1/5/2024 14:00,21.14166671
1/5/2024 15:00,26.92666664
1/5/2024 16:00,45.54333299
1/5/2024 17:00,52.52666677
1/5/2024 18:00,63.07166665
1/5/2024 19:00,69.91666635
1/5/2024 20:00,93.4283329
1/5/2024 21:00,97.49999987
1/5/2024 22:00,97.10999997
1/5/2024 23:00,77.87833347
1/6/2024,85.83620677
1/6/2024 1:00,58.53166688
1/6/2024 2:00,56.77666677
1/6/2024 3:00,57.96333345
1/6/2024 4:00,60.24333344
1/6/2024 5:00,60.26500003
1/6/2024 6:00,73.25999972
1/6/2024 7:00,100.2450005
1/6/2024 8:00,101.445
1/6/2024 9:00,87.11333357
1/6/2024 10:00,76.25999972
1/6/2024 11:00,79.08666655
1/6/2024 12:00,54.00833327
1/6/2024 13:00,30.46499977
1/6/2024 14:00,34.4499999
1/6/2024 15:00,44.34666684
1/6/2024 16:00,48.01666673
1/6/2024 17:00,61.74666653
1/6/2024 18:00,92.64166654
1/6/2024 19:00,126.5900007
1/6/2024 20:00,151.0633335
1/6/2024 21:00,179.0999989
1/6/2024 22:00,125.5066663
1/6/2024 23:00,89.53833313
1/7/2024,92.48833275
1/7/2024 1:00,85.05333341
1/7/2024 2:00,85.98166669
1/7/2024 3:00,78.34666646
1/7/2024 4:00,91.42500025
1/7/2024 5:00,90.23833326
1/7/2024 6:00,100.7400004
1/7/2024 7:00,115.9049993
1/7/2024 8:00,127.4266665
1/7/2024 9:00,124.4183336
1/7/2024 10:00,108.2316668
1/7/2024 11:00,101.585
1/7/2024 12:00,69.30500024
1/7/2024 13:00,38.21666654
1/7/2024 14:00,41.76166643
1/7/2024 15:00,42.6450002
1/7/2024 16:00,45.24666672
1/7/2024 17:00,59.54166654
1/7/2024 18:00,79.93166669
1/7/2024 19:00,87.97833316
1/7/2024 20:00,108.2616667
1/7/2024 21:00,112.6883334
1/7/2024 22:00,115.2516664
1/7/2024 23:00,101.3433332
1/8/2024,99.36206962
1/8/2024 1:00,99.28833313
1/8/2024 2:00,90.38666674
1/8/2024 3:00,92.13499985
1/8/2024 4:00,96.95000013
1/8/2024 5:00,102.6766669
1/8/2024 6:00,121.51
1/8/2024 7:00,120.6116667
1/8/2024 8:00,130.9483325
1/8/2024 9:00,129.388334
1/8/2024 10:00,109.1550002
1/8/2024 11:00,105.8783334
1/8/2024 12:00,64.16833293
1/8/2024 13:00,40.55500018
1/8/2024 14:00,39.15666666
1/8/2024 15:00,38.17499997
1/8/2024 16:00,43.4933335
1/8/2024 17:00,58.7433328
1/8/2024 18:00,116.5450003
1/8/2024 19:00,188.8999996
1/8/2024 20:00,124.1600004
1/8/2024 21:00,119.3766666
1/8/2024 22:00,116.2166669
1/8/2024 23:00,101.778333
1/9/2024,86.01864443
1/9/2024 1:00,99.18644107
1/9/2024 2:00,128.8866669
1/9/2024 3:00,104.2383331
1/9/2024 4:00,117.9750003
1/9/2024 5:00,96.41666667
1/9/2024 6:00,108.2366669
1/9/2024 7:00,115.9133331
1/9/2024 8:00,129.5333333
1/9/2024 9:00,119.8249999
1/9/2024 10:00,112.3083333
1/9/2024 11:00,88.45666644
1/9/2024 12:00,71.70666669
1/9/2024 13:00,42.32833341
1/9/2024 14:00,37.28666681
1/9/2024 15:00,38.57333323
1/9/2024 16:00,46.19166654
1/9/2024 17:00,53.23000024
1/9/2024 18:00,94.74333312
1/9/2024 19:00,87.74000003
1/9/2024 20:00,112.2966666
1/9/2024 21:00,136.5716661
1/9/2024 22:00,135.701667
1/9/2024 23:00,118.8733335
1/10/2024,105.9616669
1/10/2024 1:00,97.3775865
1/10/2024 2:00,96.44166667
1/10/2024 3:00,81.51999957
1/10/2024 4:00,80.91999969
1/10/2024 5:00,90.38333333
1/10/2024 6:00,97.38333333
1/10/2024 7:00,124.6666668
1/10/2024 8:00,117.9583335
1/10/2024 9:00,120.7799999
1/10/2024 10:00,125.4599996
1/10/2024 11:00,115.5516661
1/10/2024 12:00,24.6566666
1/10/2024 13:00,26.43833332
1/10/2024 14:00,29.5166666
1/10/2024 15:00,30.98333346
1/10/2024 16:00,34.82666648
1/10/2024 17:00,47.19000022
1/10/2024 18:00,65.36500015
1/10/2024 19:00,89.175
1/10/2024 20:00,92.01833356
1/10/2024 21:00,99.53499997
1/10/2024 22:00,101.6166674
1/10/2024 23:00,86.55666618
1/11/2024,72.18474579
1/11/2024 1:00,62.66166668
1/11/2024 2:00,52.58833338
1/11/2024 3:00,52.34333337
1/11/2024 4:00,51.95666676
1/11/2024 5:00,58.93500004
1/11/2024 6:00,68.99166698
1/11/2024 7:00,101.4583326
1/11/2024 8:00,99.99666659
1/11/2024 9:00,77.10999972
1/11/2024 10:00,68.6600001
1/11/2024 11:00,57.26833324
1/11/2024 12:00,62.35666669
1/11/2024 13:00,51.32999999
1/11/2024 14:00,44.26333332
1/11/2024 15:00,45.41000017
1/11/2024 16:00,44.87500006
1/11/2024 17:00,51.87000014
1/11/2024 18:00,77.33666706
1/11/2024 19:00,97.12833239
1/11/2024 20:00,97.75666707
1/11/2024 21:00,98.17833316
1/11/2024 22:00,93.47166659
1/11/2024 23:00,86.21333351
1/12/2024,84.7266669
1/12/2024 1:00,86.09166603
1/12/2024 2:00,88.96833356
1/12/2024 3:00,86.67666651
1/12/2024 4:00,84.93500023
1/12/2024 5:00,101.4616671
1/12/2024 6:00,115.6066664
1/12/2024 7:00,138.7449999
1/12/2024 8:00,134.4516665
1/12/2024 9:00,124.9916663
1/12/2024 10:00,96.14666684
1/12/2024 11:00,54.50333341
1/12/2024 12:00,42.25333354
1/12/2024 13:00,48.06166668
1/12/2024 14:00,54.59500001
1/12/2024 15:00,49.78333352
1/12/2024 16:00,75.42666696
1/12/2024 17:00,71.83000024
1/12/2024 18:00,90.96833331
1/12/2024 19:00,103.4833336
1/12/2024 20:00,107.9049999
1/12/2024 21:00,129.9900003
1/12/2024 22:00,127.5266661
1/12/2024 23:00,100.0849998
1/13/2024,97.62333387
1/13/2024 1:00,96.45333341
1/13/2024 2:00,88.13220357
1/13/2024 3:00,86.2816672
1/13/2024 4:00,99.16833344
1/13/2024 5:00,102.8799999
1/13/2024 6:00,117.286667
1/13/2024 7:00,143.1016663
1/13/2024 8:00,134.2433348
1/13/2024 9:00,124.9983332
1/13/2024 10:00,94.15499992
1/13/2024 11:00,90.613333
1/13/2024 12:00,65.89666659
1/13/2024 13:00,35.80000013
1/13/2024 14:00,35.77833331
1/13/2024 15:00,53.74333318
1/13/2024 16:00,50.34833317
1/13/2024 17:00,73.17068955
1/13/2024 18:00,218.2728814
1/13/2024 19:00,122.1633336
1/13/2024 20:00,115.066667
1/13/2024 21:00,122.5633335
1/13/2024 22:00,104.8549999
1/13/2024 23:00,105.9500006
1/14/2024,97.56333262
1/14/2024 1:00,85.52333336
1/14/2024 2:00,75.59499982
1/14/2024 3:00,72.83499985
1/14/2024 4:00,71.43499985
1/14/2024 5:00,75.89833431
1/14/2024 6:00,91.46333364
1/14/2024 7:00,115.4766665
1/14/2024 8:00,129.21
1/14/2024 9:00,135.3383341
1/14/2024 10:00,132.6200002
1/14/2024 11:00,122.3183332
1/14/2024 12:00,83.08166637
1/14/2024 13:00,41.02666664
1/14/2024 14:00,36.60833359
1/14/2024 15:00,37.64500001
1/14/2024 16:00,41.14833336
1/14/2024 17:00,51.81166693
1/14/2024 18:00,54.40000013
1/14/2024 19:00,88.13499953
1/14/2024 20:00,120.1200001
1/14/2024 21:00,111.4899998
1/14/2024 22:00,117.2283329
1/14/2024 23:00,134.3899996
1/15/2024,116.0050848
1/15/2024 1:00,111.8423731
1/15/2024 2:00,108.6549999
1/15/2024 3:00,75.29833374
1/15/2024 4:00,82.02666651
1/15/2024 5:00,83.54333331
1/15/2024 6:00,124.5083336
1/15/2024 7:00,127.9433337
1/15/2024 8:00,120.8516668
1/15/2024 9:00,127.0516664
1/15/2024 10:00,119.075
1/15/2024 11:00,100.2133334
1/15/2024 12:00,61.09499989
1/15/2024 13:00,38.24000022
1/15/2024 14:00,36.07333342
1/15/2024 15:00,32.99666659
1/15/2024 16:00,39.3249999
1/15/2024 17:00,46.47500013
1/15/2024 18:00,91.475
1/15/2024 19:00,97.31333338
1/15/2024 20:00,114.0233332
1/15/2024 21:00,147.2116659
1/15/2024 22:00,159.5650007
1/15/2024 23:00,118.5800002
1/16/2024,111.2133335
1/16/2024 1:00,126.8066668
1/16/2024 2:00,122.9372879
1/16/2024 3:00,106.6849998
1/16/2024 4:00,109.9616666
1/16/2024 5:00,90.43333321
1/16/2024 6:00,88.92833309
1/16/2024 7:00,111.8083336
1/16/2024 8:00,77.54333363
1/16/2024 9:00,76.86333377
1/16/2024 10:00,83.78333359
1/16/2024 11:00,77.90833333
1/16/2024 12:00,40.65333328
1/16/2024 13:00,32.67333349
1/16/2024 14:00,41.7083334
1/16/2024 15:00,32.28666668
1/16/2024 16:00,40.49499979
1/16/2024 17:00,43.98833326
1/16/2024 18:00,54.33499991
1/16/2024 19:00,58.54499982
1/16/2024 20:00,82.25333316
1/16/2024 21:00,75.13833313
1/16/2024 22:00,65.62999992
1/16/2024 23:00,74.33500055
1/17/2024,71.01999969
1/17/2024 1:00,90.96500015
1/17/2024 2:00,80.2833327
1/17/2024 3:00,69.5666666
1/17/2024 4:00,73.83333333
1/17/2024 5:00,74.23666662
1/17/2024 6:00,96.04166654
1/17/2024 7:00,106.3633334
1/17/2024 8:00,106.775
1/17/2024 9:00,88.22833265
1/17/2024 10:00,74.01666692
1/17/2024 11:00,52.10166658
1/17/2024 12:00,38.67666645
1/17/2024 13:00,29.16000007
1/17/2024 14:00,27.54333334
1/17/2024 15:00,28.91166671
1/17/2024 16:00,30.71833324
1/17/2024 17:00,37.35500011
1/17/2024 18:00,155.3216664
1/17/2024 19:00,61.08166669
1/17/2024 20:00,72.90499986
1/17/2024 21:00,50.53833357
1/17/2024 22:00,65.22000001
1/17/2024 23:00,55.22000014
1/18/2024,59.36999989
1/18/2024 1:00,60.79500008
1/18/2024 2:00,57.5566665
1/18/2024 3:00,59.13333352
1/18/2024 4:00,50.36333351
1/18/2024 5:00,68.1950002
1/18/2024 6:00,91.15166677
1/18/2024 7:00,105.915
1/18/2024 8:00,88.22833354
1/18/2024 9:00,69.61833331
1/18/2024 10:00,65.22833354
1/18/2024 11:00,54.25333316
1/18/2024 12:00,39.0083333
1/18/2024 13:00,41.96666673
1/18/2024 14:00,49.50999985
1/18/2024 15:00,41.71000023
1/18/2024 16:00,42.54500008
1/18/2024 17:00,64.08666668
1/18/2024 18:00,137.9783333
1/18/2024 19:00,74.01833331
1/18/2024 20:00,78.06666629
1/18/2024 21:00,74.59333344
1/18/2024 22:00,65.91333326
1/18/2024 23:00,61.17000008
1/19/2024,60.22000008
1/19/2024 1:00,53.8283336
1/19/2024 2:00,59.57833347
1/19/2024 3:00,59.69166667
1/19/2024 4:00,63.11833337
1/19/2024 5:00,76.12166659
1/19/2024 6:00,92.25166677
1/19/2024 7:00,96.99666634
1/19/2024 8:00,83.68499978
1/19/2024 9:00,83.37666702
1/19/2024 10:00,80.125
1/19/2024 11:00,62.04666627
1/19/2024 12:00,59.80666669
1/19/2024 13:00,59.47333349
1/19/2024 14:00,49.84833298
1/19/2024 15:00,46.97166634
1/19/2024 16:00,51.41666698
1/19/2024 17:00,63.61333357
1/19/2024 18:00,88.18166669
1/19/2024 19:00,121.5583326
1/19/2024 20:00,112.9666668
1/19/2024 21:00,107.6050008
1/19/2024 22:00,116.1716668
1/19/2024 23:00,108.0266673
1/20/2024,92.41500028
1/20/2024 1:00,83.18499985
1/20/2024 2:00,85.4399999
1/20/2024 3:00,86.15333328
1/20/2024 4:00,97.18166669
1/20/2024 5:00,111.7216667
1/20/2024 6:00,101.3700001
1/20/2024 7:00,101.1883333
1/20/2024 8:00,131.8966667
1/20/2024 9:00,140.1566668
1/20/2024 10:00,119.0833333
1/20/2024 11:00,87.23666719
1/20/2024 12:00,54.47166665
1/20/2024 13:00,43.73499978
1/20/2024 14:00,41.27999999
1/20/2024 15:00,54.30833321
1/20/2024 16:00,53.9266667
1/20/2024 17:00,61.86500034
1/20/2024 18:00,71.53500029
1/20/2024 19:00,74.59666659
1/20/2024 20:00,87.25499967
1/20/2024 21:00,84.10833321
1/20/2024 22:00,77.67666639
1/20/2024 23:00,77.65666631
1/21/2024,70.93500074
1/21/2024 1:00,62.30333328
1/21/2024 2:00,74.70333303
1/21/2024 3:00,81.54666659
1/21/2024 4:00,91.20666682
1/21/2024 5:00,102.4416669
1/21/2024 6:00,103.9716665
1/21/2024 7:00,116.791803
1/21/2024 8:00,113.2633335
1/21/2024 9:00,104.9300002
1/21/2024 10:00,106.8549998
1/21/2024 11:00,102.6233331
1/21/2024 12:00,58.36666689
1/21/2024 13:00,38.57833322
1/21/2024 14:00,39.97000001
1/21/2024 15:00,43.21000004
1/21/2024 16:00,47.59166654
1/21/2024 17:00,57.17333361
1/21/2024 18:00,74.1233333
1/21/2024 19:00,93.25166664
1/21/2024 20:00,105.0766669
1/21/2024 21:00,97.23333346
1/21/2024 22:00,94.76666654
1/21/2024 23:00,70.70666631
1/22/2024,63.24166648
1/22/2024 1:00,70.55666663
1/22/2024 2:00,72.74000028
1/22/2024 3:00,71.90166651
1/22/2024 4:00,68.0016669
1/22/2024 5:00,78.10833282
1/22/2024 6:00,97.025
1/22/2024 7:00,101.3508199
1/22/2024 8:00,156.0333338
1/22/2024 9:00,107.2400003
1/22/2024 10:00,107.696667
1/22/2024 11:00,84.8549998
1/22/2024 12:00,66.60499992
1/22/2024 13:00,46.26833331
1/22/2024 14:00,48.10666669
1/22/2024 15:00,43.33666649
1/22/2024 16:00,44.88833351
1/22/2024 17:00,50.99000009
1/22/2024 18:00,78.18666681
1/22/2024 19:00,109.6550003
1/22/2024 20:00,97.02166659
1/22/2024 21:00,87.04000066
1/22/2024 22:00,92.69666646
1/22/2024 23:00,73.08666649
1/23/2024,77.5899999
1/23/2024 1:00,77.06333326
1/23/2024 2:00,75.72833316
1/23/2024 3:00,67.97166659
1/23/2024 4:00,67.96833337
1/23/2024 5:00,83.33666712
1/23/2024 6:00,84.60833346
1/23/2024 7:00,103.4866665
1/23/2024 8:00,110.9816667
1/23/2024 9:00,123.3916667
1/23/2024 10:00,118.5683337
1/23/2024 11:00,100.4600001
1/23/2024 12:00,65.50833321
1/23/2024 13:00,50.8483333
1/23/2024 14:00,51.40666669
1/23/2024 15:00,46.49000009
1/23/2024 16:00,52.11833331
1/23/2024 17:00,53.05500005
1/23/2024 18:00,59.60999991
1/23/2024 19:00,81.98666598
1/23/2024 20:00,85.6416666
1/23/2024 21:00,99.43666674
1/23/2024 22:00,111.9416668
1/23/2024 23:00,94.59499957
1/24/2024,72.24666672
1/24/2024 1:00,68.26833318
1/24/2024 2:00,72.31833305
1/24/2024 3:00,74.43999964
1/24/2024 4:00,63.91333319
1/24/2024 5:00,75.02333317
1/24/2024 6:00,84.73333333
1/24/2024 7:00,140.2250003
1/24/2024 8:00,142.8499992
1/24/2024 9:00,131.965
1/24/2024 10:00,88.99166667
1/24/2024 11:00,62.83666643
1/24/2024 12:00,53.73666649
1/24/2024 13:00,50.04666678
1/24/2024 14:00,51.68666668
1/24/2024 15:00,54.17166684
1/24/2024 16:00,56.21833324
1/24/2024 17:00,57.2149999
1/24/2024 18:00,102.2299998
1/24/2024 19:00,136.5883331
1/24/2024 20:00,74.86666635
1/24/2024 21:00,115.4749999
1/24/2024 22:00,105.5333332
1/24/2024 23:00,110.6666672
1/25/2024,97.87666683
1/25/2024 1:00,113.8066668
1/25/2024 2:00,98.6149999
1/25/2024 3:00,75.80333322
1/25/2024 4:00,93.19999975
1/25/2024 5:00,82.15166677
1/25/2024 6:00,88.56499952
1/25/2024 7:00,99.90833308
1/25/2024 8:00,118.1616669
1/25/2024 9:00,120.0866669
1/25/2024 10:00,109.7266668
1/25/2024 11:00,91.83333321
1/25/2024 12:00,45.47000014
1/25/2024 13:00,44.5549998
1/25/2024 14:00,39.7516667
1/25/2024 15:00,43.76000004
1/25/2024 16:00,49.89166679
1/25/2024 17:00,55.39666678
1/25/2024 18:00,76.73833351
1/25/2024 19:00,93.40499954
1/25/2024 20:00,92.86666667
1/25/2024 21:00,86.86666629
1/25/2024 22:00,91.41999982
1/25/2024 23:00,107.7216671
1/26/2024,86.69333293
1/26/2024 1:00,112.0633338
1/26/2024 2:00,110.4233335
1/26/2024 3:00,131.5383334
1/26/2024 4:00,121.6150003
1/26/2024 5:00,101.1766666
1/26/2024 6:00,97.74999949
1/26/2024 7:00,109.4033334
1/26/2024 8:00,121.9533332
1/26/2024 9:00,124.283334
1/26/2024 10:00,119.3216665
1/26/2024 11:00,105.6066667
1/26/2024 12:00,54.90999985
1/26/2024 13:00,35.08000015
1/26/2024 14:00,39.77166659
1/26/2024 15:00,39.53166663
1/26/2024 16:00,41.35666669
1/26/2024 17:00,60.84000009
1/26/2024 18:00,127.2816659
1/26/2024 19:00,84.42499949
1/26/2024 20:00,92.16500015
1/26/2024 21:00,104.0016668
1/26/2024 22:00,96.32333349
1/26/2024 23:00,104.5816666
1/27/2024,88.57666664
1/27/2024 1:00,83.72499962
1/27/2024 2:00,75.82833316
1/27/2024 3:00,74.06666648
1/27/2024 4:00,73.25000013
1/27/2024 5:00,81.46333288
1/27/2024 6:00,77.03333333
1/27/2024 7:00,101.9916662
1/27/2024 8:00,111.0666669
1/27/2024 9:00,100.075
1/27/2024 10:00,94.78500023
1/27/2024 11:00,76.45833327
1/27/2024 12:00,54.40333309
1/27/2024 13:00,43.5716664
1/27/2024 14:00,44.45500005
1/27/2024 15:00,46.22166678
1/27/2024 16:00,50.53666681
1/27/2024 17:00,56.57666702
1/27/2024 18:00,79.32333323
1/27/2024 19:00,90.53666649
1/27/2024 20:00,86.18499972
1/27/2024 21:00,90.36166662
1/27/2024 22:00,90.39833272
1/27/2024 23:00,90.20166626
1/28/2024,106.1666664
1/28/2024 1:00,81.63000005
1/28/2024 2:00,77.65833333
1/28/2024 3:00,95.45166664
1/28/2024 4:00,91.13333333
1/28/2024 5:00,115.9449999
1/28/2024 6:00,134.9466666
1/28/2024 7:00,141.2549985
1/28/2024 8:00,147.3849998
1/28/2024 9:00,118.0850004
1/28/2024 10:00,96.3483331
1/28/2024 11:00,71.25666682
1/28/2024 12:00,53.69333305
1/28/2024 13:00,53.86999995
1/28/2024 14:00,56.47833341
1/28/2024 15:00,56.42333361
1/28/2024 16:00,59.42166665
1/28/2024 17:00,66.31166649
1/28/2024 18:00,85.82500064
1/28/2024 19:00,98.58833338
1/28/2024 20:00,113.8266665
1/28/2024 21:00,118.4433332
1/28/2024 22:00,131.7966666
1/28/2024 23:00,116.1916668
1/29/2024,120.7949998
1/29/2024 1:00,118.6333333
1/29/2024 2:00,99.72833341
1/29/2024 3:00,88.73333371
1/29/2024 4:00,90.21666667
1/29/2024 5:00,95.7233331
1/29/2024 6:00,111.9383338
1/29/2024 7:00,123.6099998
1/29/2024 8:00,151.926667
1/29/2024 9:00,158.6183329
1/29/2024 10:00,146.2866671
1/29/2024 11:00,103.2466667
1/29/2024 12:00,51.20000001
1/29/2024 13:00,43.87499981
1/29/2024 14:00,57.86333319
1/29/2024 15:00,58.84500008
1/29/2024 16:00,61.43500004
1/29/2024 17:00,71.26500022
1/29/2024 18:00,81.51833356
1/29/2024 19:00,97.45666669
1/29/2024 20:00,111.5950002
1/29/2024 21:00,125.6066668
1/29/2024 22:00,136.5583327
1/29/2024 23:00,123.3699994
1/30/2024,112.1850002
1/30/2024 1:00,117.2999995
1/30/2024 2:00,124.4683329
1/30/2024 3:00,117.1683332
1/30/2024 4:00,126.1416674
1/30/2024 5:00,127.4266668
1/30/2024 6:00,135.8549998
1/30/2024 7:00,135.6666656
1/30/2024 8:00,140.878333
1/30/2024 9:00,151.8316672
1/30/2024 10:00,135.0049997
1/30/2024 11:00,92.72333298
1/30/2024 12:00,102.0533333
1/30/2024 13:00,65.33499997
1/30/2024 14:00,63.05000025
1/30/2024 15:00,65.15666669
1/30/2024 16:00,70.60499967
1/30/2024 17:00,76.38000031
1/30/2024 18:00,116.0216667
1/30/2024 19:00,103.3166668
1/30/2024 20:00,113.9783333
1/30/2024 21:00,118.5699994
1/30/2024 22:00,127.816666
1/30/2024 23:00,111.5933332
1/31/2024,98.75333316
1/31/2024 1:00,93.96500028
1/31/2024 2:00,99.94666684
1/31/2024 3:00,109.64
1/31/2024 4:00,114.6566666
1/31/2024 5:00,112.9999996
1/31/2024 6:00,127.3766671
1/31/2024 7:00,122.3216662
1/31/2024 8:00,143.1316676
1/31/2024 9:00,151.7383334
1/31/2024 10:00,144.4833346
1/31/2024 11:00,98.82500025
1/31/2024 12:00,70.01333307
1/31/2024 13:00,69.34666653
1/31/2024 14:00,59.25000019
1/31/2024 15:00,64.83500029
1/31/2024 16:00,74.85333328
1/31/2024 17:00,90.48833326
1/31/2024 18:00,90.69000066
1/31/2024 19:00,102.2283337
1/31/2024 20:00,198.4783326
1/31/2024 21:00,151.5016666
1/31/2024 22:00,114.2300003
1/31/2024 23:00,116.9483331
2/1/2024,126.0516664
2/1/2024 1:00,128.0616667
2/1/2024 2:00,126.4083331
2/1/2024 3:00,113.4866669
2/1/2024 4:00,106.9683336
2/1/2024 5:00,102.4316664
2/1/2024 6:00,128.041666
2/1/2024 7:00,134.973333
2/1/2024 8:00,124.5083335
2/1/2024 9:00,129.2433329
2/1/2024 10:00,127.5783326
2/1/2024 11:00,122.1600002
2/1/2024 12:00,90.70500005
2/1/2024 13:00,84.38000005
2/1/2024 14:00,88.75932183
2/1/2024 15:00,90.76833344
2/1/2024 16:00,99.36166687
2/1/2024 17:00,105.2300002
2/1/2024 18:00,101.053333
2/1/2024 19:00,101.2233334
2/1/2024 20:00,133.9250009
2/1/2024 21:00,123.8266665
2/1/2024 22:00,100.3766666
2/1/2024 23:00,82.30666656
2/2/2024,70.11166662
2/2/2024 1:00,56.95499973
2/2/2024 2:00,57.63166637
2/2/2024 3:00,53.75500011
2/2/2024 4:00,60.82999999
2/2/2024 5:00,68.12833322
2/2/2024 6:00,87.28833262
2/2/2024 7:00,96.41500053
2/2/2024 8:00,119.508333
2/2/2024 9:00,111.7283332
2/2/2024 10:00,77.1033336
2/2/2024 11:00,62.22000008
2/2/2024 12:00,42.58833329
2/2/2024 13:00,31.91333338
2/2/2024 14:00,27.38166679
2/2/2024 15:00,36.33166666
2/2/2024 16:00,49.80333316
2/2/2024 17:00,49.54500001
2/2/2024 18:00,50.46833324
2/2/2024 19:00,52.56666673
2/2/2024 20:00,64.41000042
2/2/2024 21:00,159.6083331
2/2/2024 22:00,75.93333333
2/2/2024 23:00,81.25833365
2/3/2024,62.76999969
2/3/2024 1:00,55.99499989
2/3/2024 2:00,53.97500019
2/3/2024 3:00,53.95500005
2/3/2024 4:00,51.60833327
2/3/2024 5:00,62.10333322
2/3/2024 6:00,77.16333338
2/3/2024 7:00,87.19666684
2/3/2024 8:00,103.0783333
2/3/2024 9:00,111.2216662
2/3/2024 10:00,87.03499997
2/3/2024 11:00,63.7716664
2/3/2024 12:00,56.65499992
2/3/2024 13:00,47.08000018
2/3/2024 14:00,37.77833341
2/3/2024 15:00,35.0666667
2/3/2024 16:00,41.0149999
2/3/2024 17:00,45.89166641
2/3/2024 18:00,55.7266669
2/3/2024 19:00,190.1349984
2/3/2024 20:00,169.8766678
2/3/2024 21:00,107.6499991
2/3/2024 22:00,109.9200002
2/3/2024 23:00,94.56500015
2/4/2024,89.2266669
2/4/2024 1:00,83.54000041
2/4/2024 2:00,79.17666639
2/4/2024 3:00,78.72666626
2/4/2024 4:00,77.55166702
2/4/2024 5:00,87.19166603
2/4/2024 6:00,86.22500025
2/4/2024 7:00,123.9433336
2/4/2024 8:00,110.7450003
2/4/2024 9:00,99.1516669
2/4/2024 10:00,84.61166649
2/4/2024 11:00,87.42166621
2/4/2024 12:00,96.36499964
2/4/2024 13:00,83.67500013
2/4/2024 14:00,85.62499987
2/4/2024 15:00,77.57666715
2/4/2024 16:00,107.4299998
2/4/2024 17:00,84.05333354
2/4/2024 18:00,115.833333
2/4/2024 19:00,120.8166664
2/4/2024 20:00,150.3266665
2/4/2024 21:00,200.9083323
2/4/2024 22:00,126.0783338
2/4/2024 23:00,112.3816668
2/5/2024,119.9033333
2/5/2024 1:00,124.3233334
2/5/2024 2:00,121.6033337
2/5/2024 3:00,115.1166672
2/5/2024 4:00,138.8049994
2/5/2024 5:00,132.7749996
2/5/2024 6:00,139.6233327
2/5/2024 7:00,149.9866661
2/5/2024 8:00,156.2150009
2/5/2024 9:00,160.9266663
2/5/2024 10:00,157.8666672
2/5/2024 11:00,112.15
2/5/2024 12:00,49.6049997
2/5/2024 13:00,30.41833312
2/5/2024 14:00,32.19666681
2/5/2024 15:00,36.74166644
2/5/2024 16:00,42.20499999
2/5/2024 17:00,47.19833349
2/5/2024 18:00,58.12500013
2/5/2024 19:00,67.15999985
2/5/2024 20:00,131.4599998
2/5/2024 21:00,277.1542365
2/5/2024 22:00,182.9250004
2/5/2024 23:00,166.7633336
2/6/2024,115.4733334
2/6/2024 1:00,99.23666611
2/6/2024 2:00,71.55499999
2/6/2024 3:00,69.51833312
2/6/2024 4:00,73.7399999
2/6/2024 5:00,84.59500046
2/6/2024 6:00,108.3016665
2/6/2024 7:00,107.1633336
2/6/2024 8:00,97.38666674
2/6/2024 9:00,101.7266665
2/6/2024 10:00,95.11499977
2/6/2024 11:00,86.02333349
2/6/2024 12:00,56.65000019
2/6/2024 13:00,38.01694906
2/6/2024 14:00,39.12500006
2/6/2024 15:00,37.12333352
2/6/2024 16:00,43.08333321
2/6/2024 17:00,49.83333346
2/6/2024 18:00,55.87833341
2/6/2024 19:00,56.08499991
2/6/2024 20:00,71.18166695
2/6/2024 21:00,85.35999985
2/6/2024 22:00,86.80500056
2/6/2024 23:00,76.20666656
2/7/2024,66.17666683
2/7/2024 1:00,72.64166654
2/7/2024 2:00,80.82333336
2/7/2024 3:00,76.12833341
2/7/2024 4:00,84.25999997
2/7/2024 5:00,85.43333308
2/7/2024 6:00,98.92333323
2/7/2024 7:00,118.0366666
2/7/2024 8:00,121.4616667
2/7/2024 9:00,116.5049999
2/7/2024 10:00,107.5883333
2/7/2024 11:00,92.14833361
2/7/2024 12:00,53.75166642
2/7/2024 13:00,30.74999994
2/7/2024 14:00,26.32500006
2/7/2024 15:00,23.04666675
2/7/2024 16:00,29.67833325
2/7/2024 17:00,43.45333347
2/7/2024 18:00,60.13166663
2/7/2024 19:00,65.87166665
2/7/2024 20:00,61.08833338
2/7/2024 21:00,73.00166639
2/7/2024 22:00,62.49999968
2/7/2024 23:00,69.75333366
2/8/2024,68.17833309
2/8/2024 1:00,79.34999994
2/8/2024 2:00,93.51833356
2/8/2024 3:00,88.36166649
2/8/2024 4:00,68.72666696
2/8/2024 5:00,94.09166705
2/8/2024 6:00,112.1183332
2/8/2024 7:00,110.9416665
2/8/2024 8:00,122.0916664
2/8/2024 9:00,116.5816666
2/8/2024 10:00,99.51833293
2/8/2024 11:00,75.83499985
2/8/2024 12:00,33.03833323
2/8/2024 13:00,23.76333332
2/8/2024 14:00,26.91166665
2/8/2024 15:00,33.7700002
2/8/2024 16:00,39.28333308
2/8/2024 17:00,44.6183335
2/8/2024 18:00,56.72166653
2/8/2024 19:00,74.46333345
2/8/2024 20:00,96.51666679
2/8/2024 21:00,103.1550002
2/8/2024 22:00,102.5050001
2/8/2024 23:00,96.85833371
2/9/2024,88.78000043
2/9/2024 1:00,83.64166705
2/9/2024 2:00,77.57333349
2/9/2024 3:00,87.24499995
2/9/2024 4:00,94.35666682
2/9/2024 5:00,106.8566667
2/9/2024 6:00,116.0399999
2/9/2024 7:00,131.1533335
2/9/2024 8:00,108.8199999
2/9/2024 9:00,93.6266669
2/9/2024 10:00,80.91333364
2/9/2024 11:00,82.36333338
2/9/2024 12:00,71.30166677
2/9/2024 13:00,57.26333338
2/9/2024 14:00,66.66333338
2/9/2024 15:00,81.14166667
2/9/2024 16:00,76.7516669
2/9/2024 17:00,79.45833321
2/9/2024 18:00,90.52833328
2/9/2024 19:00,95.25999985
2/9/2024 20:00,120.5750005
2/9/2024 21:00,144.1316664
2/9/2024 22:00,139.3166656
2/9/2024 23:00,128.2283333
2/10/2024,130.1583338
2/10/2024 1:00,128.7183333
2/10/2024 2:00,139.6500006
2/10/2024 3:00,136.0716665
2/10/2024 4:00,138.3566655
2/10/2024 5:00,139.245001
2/10/2024 6:00,138.9500004
2/10/2024 7:00,162.5400009
2/10/2024 8:00,166.9249995
2/10/2024 9:00,158.8899999
2/10/2024 10:00,145.1316671
2/10/2024 11:00,120.6116667
2/10/2024 12:00,52.90499999
2/10/2024 13:00,39.10655738
2/10/2024 14:00,38.86833324
2/10/2024 15:00,49.60833346
2/10/2024 16:00,49.67166665
2/10/2024 17:00,64.99666672
2/10/2024 18:00,86.34333305
2/10/2024 19:00,104.246667
2/10/2024 20:00,118.9550003
2/10/2024 21:00,158.5366674
2/10/2024 22:00,160.5766663
2/10/2024 23:00,150.1066669
2/11/2024,122.4583335
2/11/2024 1:00,164.4449997
2/11/2024 2:00,116.4866665
2/11/2024 3:00,138.158333
2/11/2024 4:00,124.1849995
2/11/2024 5:00,115.6949999
2/11/2024 6:00,135.4600002
2/11/2024 7:00,125.6550006
2/11/2024 8:00,133.2516659
2/11/2024 9:00,130.2100004
2/11/2024 10:00,114.1316658
2/11/2024 11:00,83.22000008
2/11/2024 12:00,42.22500003
2/11/2024 13:00,24.04500004
2/11/2024 14:00,23.1333333
2/11/2024 15:00,37.42833335
2/11/2024 16:00,39.2700002
2/11/2024 17:00,53.90333335
2/11/2024 18:00,71.46000004
2/11/2024 19:00,80.27833354
2/11/2024 20:00,101.0683329
2/11/2024 21:00,112.4483331
2/11/2024 22:00,99.17666651
2/11/2024 23:00,78.09666659
2/12/2024,85.83833338
2/12/2024 1:00,79.18500023
2/12/2024 2:00,74.95081955
2/12/2024 3:00,91.68166682
2/12/2024 4:00,77.436667
2/12/2024 5:00,94.53000069
2/12/2024 6:00,105.9083327
2/12/2024 7:00,138.0833333
2/12/2024 8:00,137.3133334
2/12/2024 9:00,121.1249997
2/12/2024 10:00,108.3450001
2/12/2024 11:00,71.67499968
2/12/2024 12:00,34.31333338
2/12/2024 13:00,38.03666684
2/12/2024 14:00,36.34999997
2/12/2024 15:00,37.70666676
2/12/2024 16:00,48.30999997
2/12/2024 17:00,57.51333332
2/12/2024 18:00,65.50999985
2/12/2024 19:00,79.15166632
2/12/2024 20:00,94.08666674
2/12/2024 21:00,102.2116669
2/12/2024 22:00,121.1016664
2/12/2024 23:00,98.8016669
2/13/2024,100.0016665
2/13/2024 1:00,95.26833318
2/13/2024 2:00,94.43114734
2/13/2024 3:00,95.36333338
2/13/2024 4:00,88.51500003
2/13/2024 5:00,109.5966667
2/13/2024 6:00,113.1150004
2/13/2024 7:00,127.3916664
2/13/2024 8:00,137.7499999
2/13/2024 9:00,114.4683333
2/13/2024 10:00,95.72000008
2/13/2024 11:00,66.23333314
2/13/2024 12:00,31.08500005
2/13/2024 13:00,32.11000007
2/13/2024 14:00,37.06833324
2/13/2024 15:00,43.17333336
2/13/2024 16:00,NA
2/13/2024 17:00,NA
2/13/2024 18:00,NA
2/13/2024 19:00,NA
2/13/2024 20:00,NA
2/13/2024 21:00,NA
2/13/2024 22:00,NA
2/13/2024 23:00,NA
2/14/2024,NA
2/14/2024 1:00,NA
2/14/2024 2:00,NA
2/14/2024 3:00,NA
2/14/2024 4:00,NA
2/14/2024 5:00,NA
2/14/2024 6:00,NA
2/14/2024 7:00,NA
2/14/2024 8:00,NA
2/14/2024 9:00,NA
2/14/2024 10:00,NA
2/14/2024 11:00,NA
2/14/2024 12:00,NA
2/14/2024 13:00,NA
2/14/2024 14:00,NA
2/14/2024 15:00,NA
2/14/2024 16:00,NA
2/14/2024 17:00,99.34000028
2/14/2024 18:00,117.571667
2/14/2024 19:00,100.9733336
2/14/2024 20:00,106.9850005
2/14/2024 21:00,100.2400003
2/14/2024 22:00,116.5016669
2/14/2024 23:00,109.1116669
2/15/2024,102.4266668
2/15/2024 1:00,88.52666702
2/15/2024 2:00,96.22166659
2/15/2024 3:00,116.2633327
2/15/2024 4:00,120.5399999
2/15/2024 5:00,119.361666
2/15/2024 6:00,146.346667
2/15/2024 7:00,142.2816677
2/15/2024 8:00,141.6483334
2/15/2024 9:00,128.5316678
2/15/2024 10:00,94.71333357
2/15/2024 11:00,81.79333331
2/15/2024 12:00,45.30833305
2/15/2024 13:00,29.65999994
2/15/2024 14:00,33.8733333
2/15/2024 15:00,33.05999985
2/15/2024 16:00,40.51333319
2/15/2024 17:00,49.32500006
2/15/2024 18:00,53.64500027
2/15/2024 19:00,61.60000019
2/15/2024 20:00,93.72666702
2/15/2024 21:00,126.3850001
2/15/2024 22:00,121.1633327
2/15/2024 23:00,120.7350002
2/16/2024,109.1849998
2/16/2024 1:00,105.1483331
2/16/2024 2:00,91.80000025
2/16/2024 3:00,198.3084756
2/16/2024 4:00,85.45499929
2/16/2024 5:00,88.87500038
2/16/2024 6:00,93.00333328
2/16/2024 7:00,109.446667
2/16/2024 8:00,125.0700012
2/16/2024 9:00,98.78833351
2/16/2024 10:00,101.1166663
2/16/2024 11:00,64.1166666
2/16/2024 12:00,48.0899999
2/16/2024 13:00,40.5333334
2/16/2024 14:00,35.65666663
2/16/2024 15:00,41.97333349
2/16/2024 16:00,54.41333357
2/16/2024 17:00,65.7850001
2/16/2024 18:00,71.85999947
2/16/2024 19:00,78.13833288
2/16/2024 20:00,85.12499936
2/16/2024 21:00,81.58833389
2/16/2024 22:00,101.2816664
2/16/2024 23:00,100.7116667
2/17/2024,94.96833344
2/17/2024 1:00,88.09166603
2/17/2024 2:00,91.45
2/17/2024 3:00,89.55166639
2/17/2024 4:00,91.188333
2/17/2024 5:00,97.31500041
2/17/2024 6:00,100.2233331
2/17/2024 7:00,123.7816668
2/17/2024 8:00,126.3133333
2/17/2024 9:00,120.7750005
2/17/2024 10:00,102.153333
2/17/2024 11:00,70.71666667
2/17/2024 12:00,51.16833344
2/17/2024 13:00,40.74333318
2/17/2024 14:00,45.55499986
2/17/2024 15:00,51.39333331
2/17/2024 16:00,85.17000058
2/17/2024 17:00,83.09166679
2/17/2024 18:00,88.7350001
2/17/2024 19:00,94.83666649
2/17/2024 20:00,87.275
2/17/2024 21:00,100.6133338
2/17/2024 22:00,103.0400005
2/17/2024 23:00,87.94833361
2/18/2024,84.03833351
2/18/2024 1:00,84.92166621
2/18/2024 2:00,82.37500013
2/18/2024 3:00,79.15166626
2/18/2024 4:00,76.11166674
2/18/2024 5:00,86.08000043
2/18/2024 6:00,93.7600001
2/18/2024 7:00,107.9699999
2/18/2024 8:00,109.9050004
2/18/2024 9:00,104.6083327
2/18/2024 10:00,125.6716661
2/18/2024 11:00,80.35000019
2/18/2024 12:00,47.92166659
2/18/2024 13:00,58.91499977
2/18/2024 14:00,57.1083334
2/18/2024 15:00,62.2516667
2/18/2024 16:00,75.12833341
2/18/2024 17:00,79.61166662
2/18/2024 18:00,83.23999964
2/18/2024 19:00,94.49833336
2/18/2024 20:00,97.74666684
2/18/2024 21:00,107.4783335
2/18/2024 22:00,104.1183334
2/18/2024 23:00,99.09833336
2/19/2024,101.4716668
2/19/2024 1:00,103.3099998
2/19/2024 2:00,97.58333346
2/19/2024 3:00,104.7566668
2/19/2024 4:00,104.2149998
2/19/2024 5:00,118.4350006
2/19/2024 6:00,131.8800002
2/19/2024 7:00,144.641666
2/19/2024 8:00,149.2400004
2/19/2024 9:00,137.6733339
2/19/2024 10:00,125.6649996
2/19/2024 11:00,117.6199998
2/19/2024 12:00,95.06333313
2/19/2024 13:00,73.69666723
2/19/2024 14:00,61.61166649
2/19/2024 15:00,68.70983555
2/19/2024 16:00,76.37833366
2/19/2024 17:00,83.85999997
2/19/2024 18:00,86.20833295
2/19/2024 19:00,95.8399999
2/19/2024 20:00,98.39499969
2/19/2024 21:00,107.0700003
2/19/2024 22:00,118.2549995
2/19/2024 23:00,114.8333335
2/20/2024,109.508333
2/20/2024 1:00,99.76666718
2/20/2024 2:00,106.4366665
2/20/2024 3:00,113.8616665
2/20/2024 4:00,116.3000005
2/20/2024 5:00,124.9466665
2/20/2024 6:00,146.1233334
2/20/2024 7:00,150.9266668
2/20/2024 8:00,159.1783338
2/20/2024 9:00,165.8949999
2/20/2024 10:00,170.6716662
2/20/2024 11:00,138.8433334
2/20/2024 12:00,50.35423712
2/20/2024 13:00,39.40000003
2/20/2024 14:00,31.65666666
2/20/2024 15:00,33.40499996
2/20/2024 16:00,36.90333322
2/20/2024 17:00,50.60166658
2/20/2024 18:00,65.86166649
2/20/2024 19:00,67.28499978
2/20/2024 20:00,84.26166649
2/20/2024 21:00,105.9083331
2/20/2024 22:00,110.2233336
2/20/2024 23:00,96.03333384
2/21/2024,91.58000005
2/21/2024 1:00,79.45833333
2/21/2024 2:00,84.83833313
2/21/2024 3:00,79.13999964
2/21/2024 4:00,68.32166665
2/21/2024 5:00,77.46833344
2/21/2024 6:00,87.70166715
2/21/2024 7:00,104.6216663
2/21/2024 8:00,121.9283325
2/21/2024 9:00,126.8233332
2/21/2024 10:00,89.66166649
2/21/2024 11:00,65.92999986
2/21/2024 12:00,64.63333302
2/21/2024 13:00,53.39333337
2/21/2024 14:00,43.31666679
2/21/2024 15:00,47.21475401
2/21/2024 16:00,55.69833368
2/21/2024 17:00,59.18500004
2/21/2024 18:00,70.85166677
2/21/2024 19:00,68.61333288
2/21/2024 20:00,68.20166664
2/21/2024 21:00,77.78666662
2/21/2024 22:00,80.64166641
2/21/2024 23:00,75.28499972
2/22/2024,68.96166655
2/22/2024 1:00,68.70833321
2/22/2024 2:00,70.35666656
2/22/2024 3:00,61.81999982
2/22/2024 4:00,62.96166706
2/22/2024 5:00,69.61833331
2/22/2024 6:00,91.59666697
2/22/2024 7:00,96.74333331
2/22/2024 8:00,108.9166668
2/22/2024 9:00,115.6050007
2/22/2024 10:00,77.77500019
2/22/2024 11:00,43.78666681
2/22/2024 12:00,35.73666665
2/22/2024 13:00,51.01333351
2/22/2024 14:00,56.16499971
2/22/2024 15:00,53.37999986
2/22/2024 16:00,49.1483333
2/22/2024 17:00,35.62333317
2/22/2024 18:00,37.06000017
2/22/2024 19:00,35.6766668
2/22/2024 20:00,38.64833323
2/22/2024 21:00,40.68833313
2/22/2024 22:00,40.90166651
2/22/2024 23:00,52.91833337
2/23/2024,40.42166653
2/23/2024 1:00,42.40500018
2/23/2024 2:00,44.91833344
2/23/2024 3:00,44.80666676
2/23/2024 4:00,44.10666669
2/23/2024 5:00,68.11666654
2/23/2024 6:00,72.45333354
2/23/2024 7:00,81.7766669
2/23/2024 8:00,88.1899999
2/23/2024 9:00,85.80833371
2/23/2024 10:00,65.46166662
2/23/2024 11:00,47.07333349
2/23/2024 12:00,30.28166666
2/23/2024 13:00,24.56833324
2/23/2024 14:00,28.58499994
2/23/2024 15:00,35.73499972
2/23/2024 16:00,41.18166666
2/23/2024 17:00,45.21166681
2/23/2024 18:00,54.95166639
2/23/2024 19:00,64.98166682
2/23/2024 20:00,72.31666673
2/23/2024 21:00,75.23833268
2/23/2024 22:00,93.3100001
2/23/2024 23:00,76.33166682
2/24/2024,62.64500008
2/24/2024 1:00,68.94666634
2/24/2024 2:00,89.33166644
2/24/2024 3:00,94.95166677
2/24/2024 4:00,69.44166673
2/24/2024 5:00,76.93333327
2/24/2024 6:00,102.5983335
2/24/2024 7:00,102.7099997
2/24/2024 8:00,102.7733336
2/24/2024 9:00,86.31999982
2/24/2024 10:00,73.74499969
2/24/2024 11:00,39.34833333
2/24/2024 12:00,39.90499999
2/24/2024 13:00,36.14833358
2/24/2024 14:00,33.57833328
2/24/2024 15:00,28.92999999
2/24/2024 16:00,35.79999975
2/24/2024 17:00,38.23833338
2/24/2024 18:00,44.21166662
2/24/2024 19:00,56.31666679
2/24/2024 20:00,58.70333341
2/24/2024 21:00,58.55500011
2/24/2024 22:00,66.79666691
2/24/2024 23:00,73.27500025
2/25/2024,70.65666695
2/25/2024 1:00,75.72000033
2/25/2024 2:00,70.06000023
2/25/2024 3:00,74.01666641
2/25/2024 4:00,77.98000018
2/25/2024 5:00,86.00666669
2/25/2024 6:00,81.47833328
2/25/2024 7:00,76.66666679
2/25/2024 8:00,83.10999947
2/25/2024 9:00,74.12333349
2/25/2024 10:00,75.67499987
2/25/2024 11:00,44.20999997
2/25/2024 12:00,30.24166663
2/25/2024 13:00,33.43000005
2/25/2024 14:00,35.62999989
2/25/2024 15:00,34.16833324
2/25/2024 16:00,40.48833319
2/25/2024 17:00,54.28833332
2/25/2024 18:00,63.50000006
2/25/2024 19:00,74.21166655
2/25/2024 20:00,78.14666678
2/25/2024 21:00,82.38333333
2/25/2024 22:00,90.82833366
2/25/2024 23:00,73.4100001
2/26/2024,77.38000018
2/26/2024 1:00,73.79333331
2/26/2024 2:00,73.07833354
2/26/2024 3:00,68.83666681
2/26/2024 4:00,88.32166659
2/26/2024 5:00,93.01833331
2/26/2024 6:00,114.665
2/26/2024 7:00,111.9083337
2/26/2024 8:00,112.3683331
2/26/2024 9:00,113.3383335
2/26/2024 10:00,111.8666662
2/26/2024 11:00,83.84666684
2/26/2024 12:00,63.28999996
2/26/2024 13:00,36.52999996
2/26/2024 14:00,34.90499999
2/26/2024 15:00,38.64666653
2/26/2024 16:00,41.00999991
2/26/2024 17:00,47.57000014
2/26/2024 18:00,53.44500008
2/26/2024 19:00,62.81500015
2/26/2024 20:00,55.70333347
2/26/2024 21:00,72.95833365
2/26/2024 22:00,84.13000031
2/26/2024 23:00,95.69666697
2/27/2024,84.91666679
2/27/2024 1:00,74.27833354
2/27/2024 2:00,79.30000025
2/27/2024 3:00,89.52166684
2/27/2024 4:00,85.92999992
2/27/2024 5:00,96.33833275
2/27/2024 6:00,114.0316671
2/27/2024 7:00,119.3416668
2/27/2024 8:00,116.7350001
2/27/2024 9:00,110.9233334
2/27/2024 10:00,99.40333303
2/27/2024 11:00,78.34833336
2/27/2024 12:00,36.56999998
2/27/2024 13:00,34.96166668
2/27/2024 14:00,47.90999997
2/27/2024 15:00,51.88666662
2/27/2024 16:00,53.10166645
2/27/2024 17:00,54.97666683
2/27/2024 18:00,73.17166665
2/27/2024 19:00,87.36333377
2/27/2024 20:00,113.575
2/27/2024 21:00,115.0516668
2/27/2024 22:00,99.81333364
2/27/2024 23:00,93.99499995
2/28/2024,98.98833326
2/28/2024 1:00,90.50666606
2/28/2024 2:00,85.2766669
2/28/2024 3:00,100.0183332
2/28/2024 4:00,111.0916669
2/28/2024 5:00,113.4933332
2/28/2024 6:00,119.763333
2/28/2024 7:00,112.3500001
2/28/2024 8:00,125.8516663
2/28/2024 9:00,123.2666667
2/28/2024 10:00,116.4766668
2/28/2024 11:00,66.30666656
2/28/2024 12:00,27.9333334
2/28/2024 13:00,34.9816665
2/28/2024 14:00,28.76833334
2/28/2024 15:00,31.84333318
2/28/2024 16:00,40.25666676
2/28/2024 17:00,54.6233333
2/28/2024 18:00,60.56500009
2/28/2024 19:00,71.08666674
2/28/2024 20:00,67.23500023
2/28/2024 21:00,68.60833365
2/28/2024 22:00,67.47666632
2/28/2024 23:00,73.463333
2/29/2024,NA
2/29/2024 1:00,NA
2/29/2024 2:00,NA
2/29/2024 3:00,NA
2/29/2024 4:00,NA
2/29/2024 5:00,NA
2/29/2024 6:00,NA
2/29/2024 7:00,NA
2/29/2024 8:00,NA
2/29/2024 9:00,NA
2/29/2024 10:00,NA
2/29/2024 11:00,NA
2/29/2024 12:00,NA
2/29/2024 13:00,NA
2/29/2024 14:00,NA
2/29/2024 15:00,NA
2/29/2024 16:00,NA
2/29/2024 17:00,NA
2/29/2024 18:00,NA
2/29/2024 19:00,NA
2/29/2024 20:00,NA
2/29/2024 21:00,NA
2/29/2024 22:00,NA
2/29/2024 23:00,NA
3/1/2024,69.80999991
3/1/2024 1:00,72.31833305
3/1/2024 2:00,82.02500076
3/1/2024 3:00,81.97999954
3/1/2024 4:00,88.39333356
3/1/2024 5:00,99.07666677
3/1/2024 6:00,123.5083341
3/1/2024 7:00,115.115
3/1/2024 8:00,122.1283335
3/1/2024 9:00,118.0133334
3/1/2024 10:00,103.3450001
3/1/2024 11:00,74.59999955
3/1/2024 12:00,61.81166693
3/1/2024 13:00,53.34166667
3/1/2024 14:00,50.55833321
3/1/2024 15:00,55.40833333
3/1/2024 16:00,64.31166693
3/1/2024 17:00,71.89499969
3/1/2024 18:00,84.34500008
3/1/2024 19:00,86.98166618
3/1/2024 20:00,90.21833369
3/1/2024 21:00,101.16
3/1/2024 22:00,102.2733335
3/1/2024 23:00,92.80333354
3/2/2024,91.69666659
3/2/2024 1:00,94.89333305
3/2/2024 2:00,94.40166664
3/2/2024 3:00,96.51833344
3/2/2024 4:00,101.4816672
3/2/2024 5:00,102.5616671
3/2/2024 6:00,108.4683337
3/2/2024 7:00,113.2900003
3/2/2024 8:00,136.8899998
3/2/2024 9:00,132.8100001
3/2/2024 10:00,96.67333374
3/2/2024 11:00,86.23500036
3/2/2024 12:00,83.50166664
3/2/2024 13:00,56.02333349
3/2/2024 14:00,47.04666672
3/2/2024 15:00,53.47500006
3/2/2024 16:00,58.16999995
3/2/2024 17:00,61.47833335
3/2/2024 18:00,61.69499995
3/2/2024 19:00,72.65000013
3/2/2024 20:00,70.37833366
3/2/2024 21:00,68.825
3/2/2024 22:00,72.4266669
3/2/2024 23:00,76.15166664
3/3/2024,72.6649999
3/3/2024 1:00,76.32000008
3/3/2024 2:00,81.38666674
3/3/2024 3:00,85.386667
3/3/2024 4:00,76.38983064
3/3/2024 5:00,72.46500003
3/3/2024 6:00,84.08000031
3/3/2024 7:00,73.85333322
3/3/2024 8:00,71.86666749
3/3/2024 9:00,68.73166663
3/3/2024 10:00,50.14666684
3/3/2024 11:00,58.07333342
3/3/2024 12:00,63.50333363
3/3/2024 13:00,40.05999997
3/3/2024 14:00,31.63000005
3/3/2024 15:00,33.94833326
3/3/2024 16:00,30.35000003
3/3/2024 17:00,36.03333311
3/3/2024 18:00,27.47166675
3/3/2024 19:00,33.0283335
3/3/2024 20:00,30.16166674
3/3/2024 21:00,27.89666665
3/3/2024 22:00,29.0899998
3/3/2024 23:00,27.18999996
3/4/2024,30.87999989
3/4/2024 1:00,26.00166664
3/4/2024 2:00,29.57999986
3/4/2024 3:00,29.63666668
3/4/2024 4:00,29.12666658
3/4/2024 5:00,38.1
3/4/2024 6:00,50.64333324
3/4/2024 7:00,57.77666632
3/4/2024 8:00,63.81166655
3/4/2024 9:00,71.1033336
3/4/2024 10:00,66.68166701
3/4/2024 11:00,47.83666644
3/4/2024 12:00,22.1433334
3/4/2024 13:00,17.37499992
3/4/2024 14:00,17.86833329
3/4/2024 15:00,20.93166676
3/4/2024 16:00,25.20666653
3/4/2024 17:00,27.92499997
3/4/2024 18:00,32.58000011
3/4/2024 19:00,34.14499995
3/4/2024 20:00,33.26499999
3/4/2024 21:00,37.18499988
3/4/2024 22:00,48.86333338
3/4/2024 23:00,45.50833333
3/5/2024,43.08833351
3/5/2024 1:00,42.1983331
3/5/2024 2:00,38.44333344
3/5/2024 3:00,43.25000019
3/5/2024 4:00,56.3649999
3/5/2024 5:00,53.76500028
3/5/2024 6:00,78.93666668
3/5/2024 7:00,66.59500008
3/5/2024 8:00,73.70000013
3/5/2024 9:00,71.89333363
3/5/2024 10:00,65.91833312
3/5/2024 11:00,58.68166676
3/5/2024 12:00,21.49666657
3/5/2024 13:00,11.16833328
3/5/2024 14:00,11.80166666
3/5/2024 15:00,13.33833335
3/5/2024 16:00,16.77499997
3/5/2024 17:00,19.58666668
3/5/2024 18:00,20.60666669
3/5/2024 19:00,27.84833339
3/5/2024 20:00,38.29666659
3/5/2024 21:00,45.375
3/5/2024 22:00,59.55500018
3/5/2024 23:00,43.38333333
3/6/2024,39.17999973
3/6/2024 1:00,39.43833342
3/6/2024 2:00,43.19833368
3/6/2024 3:00,41.00500024
3/6/2024 4:00,40.08666668
3/6/2024 5:00,57.75833333
3/6/2024 6:00,77.28333346
3/6/2024 7:00,76.57333349
3/6/2024 8:00,87.95499992
3/6/2024 9:00,89.56666667
3/6/2024 10:00,77.02666651
3/6/2024 11:00,36.48166666
3/6/2024 12:00,14.66499996
3/6/2024 13:00,13.78499997
3/6/2024 14:00,10.08474579
3/6/2024 15:00,10.86666673
3/6/2024 16:00,12.26666667
3/6/2024 17:00,19.77333344
3/6/2024 18:00,40.31166674
3/6/2024 19:00,52.80666656
3/6/2024 20:00,64.59499989
3/6/2024 21:00,70.42666721
3/6/2024 22:00,86.62666677
3/6/2024 23:00,76.73833326
3/7/2024,48.86999969
3/7/2024 1:00,60.29666684
3/7/2024 2:00,61.56833318
3/7/2024 3:00,64.05999972
3/7/2024 4:00,89.87999967
3/7/2024 5:00,81.16000017
3/7/2024 6:00,108.0433329
3/7/2024 7:00,118.9966663
3/7/2024 8:00,112.2896551
3/7/2024 9:00,103.1199999
3/7/2024 10:00,65.93166695
3/7/2024 11:00,43.23666643
3/7/2024 12:00,24.19000003
3/7/2024 13:00,18.49833336
3/7/2024 14:00,15.75333336
3/7/2024 15:00,16.15166669
3/7/2024 16:00,19.78499986
3/7/2024 17:00,24.06166674
3/7/2024 18:00,44.9583334
3/7/2024 19:00,56.55666669
3/7/2024 20:00,56.69500008
3/7/2024 21:00,66.83666687
3/7/2024 22:00,58.28333321
3/7/2024 23:00,72.43500029
3/8/2024,73.17666658
3/8/2024 1:00,50.90338988
3/8/2024 2:00,34.90833343
3/8/2024 3:00,40.96666673
3/8/2024 4:00,42.55333335
3/8/2024 5:00,47.24833291
3/8/2024 6:00,63.40499999
3/8/2024 7:00,79.44666646
3/8/2024 8:00,74.83833364
3/8/2024 9:00,83.91833344
3/8/2024 10:00,66.8766667
3/8/2024 11:00,50.18499997
3/8/2024 12:00,32.02500003
3/8/2024 13:00,25.61500009
3/8/2024 14:00,25.99333334
3/8/2024 15:00,30.36666667
3/8/2024 16:00,41.1333334
3/8/2024 17:00,59.6066665
3/8/2024 18:00,80.04000028
3/8/2024 19:00,113.8133339
3/8/2024 20:00,103.1983335
3/8/2024 21:00,90.40333328
3/8/2024 22:00,83.99666672
3/8/2024 23:00,94.84166679
3/9/2024,110.2583331
3/9/2024 1:00,105.8549995
3/9/2024 2:00,102.9416668
3/9/2024 3:00,106.9483334
3/9/2024 4:00,103.1399999
3/9/2024 5:00,114.8200005
3/9/2024 6:00,124.2566664
3/9/2024 7:00,116.3716667
3/9/2024 8:00,129.5366666
3/9/2024 9:00,118.3983335
3/9/2024 10:00,88.2899999
3/9/2024 11:00,54.7216664
3/9/2024 12:00,50.6799998
3/9/2024 13:00,39.25999991
3/9/2024 14:00,37.88999983
3/9/2024 15:00,41.17500025
3/9/2024 16:00,43.76999995
3/9/2024 17:00,52.25833346
3/9/2024 18:00,63.04500001
3/9/2024 19:00,67.56333313
3/9/2024 20:00,76.4033336
3/9/2024 21:00,83.011667
3/9/2024 22:00,80.17166672
3/9/2024 23:00,89.263333
3/10/2024,109.3533337
3/10/2024 1:00,95.09499995
3/10/2024 2:00,85.95666644
3/10/2024 3:00,81.49000003
3/10/2024 4:00,85.11333364
3/10/2024 5:00,90.20666707
3/10/2024 6:00,95.98333359
3/10/2024 7:00,113.4999999
3/10/2024 8:00,119.4866669
3/10/2024 9:00,101.8533337
3/10/2024 10:00,84.68666674
3/10/2024 11:00,59.31333338
3/10/2024 12:00,44.01500022
3/10/2024 13:00,41.54500014
3/10/2024 14:00,46.51666692
3/10/2024 15:00,55.57166684
3/10/2024 16:00,53.99166673
3/10/2024 17:00,68.88833332
3/10/2024 18:00,78.13833326
3/10/2024 19:00,84.12000008
3/10/2024 20:00,94.09333344
3/10/2024 21:00,102.7466662
3/10/2024 22:00,101.025
3/10/2024 23:00,99.37499962
3/11/2024,102.8716665
3/11/2024 1:00,105.8483336
3/11/2024 2:00,114.8433332
3/11/2024 3:00,114.3550003
3/11/2024 4:00,117.8083335
3/11/2024 5:00,111.3516665
3/11/2024 6:00,109.9350006
3/11/2024 7:00,114.1649995
3/11/2024 8:00,123.6050002
3/11/2024 9:00,119.6700005
3/11/2024 10:00,95.27166659
3/11/2024 11:00,73.1299998
3/11/2024 12:00,64.80499942
3/11/2024 13:00,58.93833351
3/11/2024 14:00,53.91333345
3/11/2024 15:00,56.66833286
3/11/2024 16:00,51.70833314
3/11/2024 17:00,62.09333337
3/11/2024 18:00,83.23166695
3/11/2024 19:00,77.10833308
3/11/2024 20:00,75.39833336
3/11/2024 21:00,83.9649999
3/11/2024 22:00,99.15333328
3/11/2024 23:00,102.6116673
3/12/2024,91.07499975
3/12/2024 1:00,87.91525437
3/12/2024 2:00,108.3133329
3/12/2024 3:00,100.6016664
3/12/2024 4:00,98.53000018
3/12/2024 5:00,127.541666
3/12/2024 6:00,117.0100002
3/12/2024 7:00,123.1550012
3/12/2024 8:00,127.6766664
3/12/2024 9:00,116.7849998
3/12/2024 10:00,90.28000018
3/12/2024 11:00,69.51333313
3/12/2024 12:00,58.80499992
3/12/2024 13:00,37.68833313
3/12/2024 14:00,29.62000004
3/12/2024 15:00,33.23666668
3/12/2024 16:00,36.29999987
3/12/2024 17:00,53.57868832
3/12/2024 18:00,67.93166644
3/12/2024 19:00,73.92833379
3/12/2024 20:00,76.24000022
3/12/2024 21:00,59.47499987
3/12/2024 22:00,67.37333323
3/12/2024 23:00,72.43666668
3/13/2024,57.91499977
3/13/2024 1:00,56.04000009
3/13/2024 2:00,58.74333331
3/13/2024 3:00,64.14333382
3/13/2024 4:00,75.10333354
3/13/2024 5:00,81.82166621
3/13/2024 6:00,94.38666687
3/13/2024 7:00,85.62333349
3/13/2024 8:00,93.66166649
3/13/2024 9:00,104.4150004
3/13/2024 10:00,73.49166648
3/13/2024 11:00,33.97166675
3/13/2024 12:00,30.55833337
3/13/2024 13:00,26.35499986
3/13/2024 14:00,31.92333323
3/13/2024 15:00,37.86833324
3/13/2024 16:00,47.57333342
3/13/2024 17:00,51.0100001
3/13/2024 18:00,55.79344259
3/13/2024 19:00,66.70833314
3/13/2024 20:00,54.55499999
3/13/2024 21:00,69.96000004
3/13/2024 22:00,69.49666697
3/13/2024 23:00,73.62666613
3/14/2024,57.9266667
3/14/2024 1:00,59.45166651
3/14/2024 2:00,71.47500057
3/14/2024 3:00,66.68166688
3/14/2024 4:00,80.38666674
3/14/2024 5:00,95.47666702
3/14/2024 6:00,101.5666667
3/14/2024 7:00,87.02333336
3/14/2024 8:00,108.5166665
3/14/2024 9:00,94.91500053
3/14/2024 10:00,74.80333347
3/14/2024 11:00,53.17166678
3/14/2024 12:00,41.61333338
3/14/2024 13:00,35.04000015
3/14/2024 14:00,31.9233332
3/14/2024 15:00,28.92333323
3/14/2024 16:00,30.29833323
3/14/2024 17:00,33.56500015
3/14/2024 18:00,48.35499992
3/14/2024 19:00,57.75333379
3/14/2024 20:00,58.411667
3/14/2024 21:00,65.08666668
3/14/2024 22:00,87.98666636
3/14/2024 23:00,67.93499966
3/15/2024,57.75833295
3/15/2024 1:00,54.58833345
3/15/2024 2:00,57.84499982
3/15/2024 3:00,63.52499968
3/15/2024 4:00,65.63166682
3/15/2024 5:00,71.79666672
3/15/2024 6:00,102.0616669
3/15/2024 7:00,118.46
3/15/2024 8:00,112.8916664
3/15/2024 9:00,82.85166664
3/15/2024 10:00,57.09666704
3/15/2024 11:00,32.8549998
3/15/2024 12:00,34.25999975
3/15/2024 13:00,28.60163936
3/15/2024 14:00,23.8483332
3/15/2024 15:00,23.625
3/15/2024 16:00,27.79166676
3/15/2024 17:00,35.98333324
3/15/2024 18:00,46.48166644
3/15/2024 19:00,48.83333346
3/15/2024 20:00,52.69833323
3/15/2024 21:00,59.47166665
3/15/2024 22:00,59.15499999
3/15/2024 23:00,67.17166659
3/16/2024,57.70166677
3/16/2024 1:00,50.50500005
3/16/2024 2:00,55.91333345
3/16/2024 3:00,53.84000022
3/16/2024 4:00,54.19333344
3/16/2024 5:00,62.86000004
3/16/2024 6:00,93.07166659
3/16/2024 7:00,107.0633331
3/16/2024 8:00,115.526667
3/16/2024 9:00,101.7700003
3/16/2024 10:00,53.73333343
3/16/2024 11:00,24.3916666
3/16/2024 12:00,27.82333333
3/16/2024 13:00,33.14999987
3/16/2024 14:00,52.19000003
3/16/2024 15:00,37.46166662
3/16/2024 16:00,35.44833345
3/16/2024 17:00,39.80000006
3/16/2024 18:00,44.79833342
3/16/2024 19:00,52.26500009
3/16/2024 20:00,60.16333319
3/16/2024 21:00,82.20666606
3/16/2024 22:00,90.71833331
3/16/2024 23:00,NA
3/17/2024,NA
3/17/2024 1:00,NA
3/17/2024 2:00,NA
3/17/2024 3:00,NA
3/17/2024 4:00,NA
3/17/2024 5:00,NA
3/17/2024 6:00,NA
3/17/2024 7:00,NA
3/17/2024 8:00,113.9016669
3/17/2024 9:00,111.6516665
3/17/2024 10:00,56.87999992
3/17/2024 11:00,29.24666659
3/17/2024 12:00,25.35499992
3/17/2024 13:00,24.78166669
3/17/2024 14:00,35.15500002
3/17/2024 15:00,38.36333332
3/17/2024 16:00,43.48499991
3/17/2024 17:00,50.63000011
3/17/2024 18:00,64.89166667
3/17/2024 19:00,80.59666678
3/17/2024 20:00,109.5933336
3/17/2024 21:00,110.8233336
3/17/2024 22:00,100.8783342
3/17/2024 23:00,89.26333351
3/18/2024,87.96000036
3/18/2024 1:00,89.54833323
3/18/2024 2:00,88.06833305
3/18/2024 3:00,88.54500008
3/18/2024 4:00,100.4716668
3/18/2024 5:00,111.3299994
3/18/2024 6:00,121.333333
3/18/2024 7:00,131.5166669
3/18/2024 8:00,139.7033333
3/18/2024 9:00,132.4133327
3/18/2024 10:00,103.1633335
3/18/2024 11:00,56.73000005
3/18/2024 12:00,42.6983333
3/18/2024 13:00,43.15166664
3/18/2024 14:00,47.70000013
3/18/2024 15:00,38.81311492
3/18/2024 16:00,59.96499964
3/18/2024 17:00,64.85499961
3/18/2024 18:00,75.87333336
3/18/2024 19:00,102.491667
3/18/2024 20:00,113.0816667
3/18/2024 21:00,103.1299997
3/18/2024 22:00,108.6666662
3/18/2024 23:00,111.3750005
3/19/2024,111.6099996
3/19/2024 1:00,103.765
3/19/2024 2:00,108.8116666
3/19/2024 3:00,118.8833335
3/19/2024 4:00,136.861667
3/19/2024 5:00,121.2766668
3/19/2024 6:00,135.2450001
3/19/2024 7:00,149.9699997
3/19/2024 8:00,150.8366666
3/19/2024 9:00,126.2483331
3/19/2024 10:00,95.9899999
3/19/2024 11:00,44.31333323
3/19/2024 12:00,25.00166674
3/19/2024 13:00,25.25666666
3/19/2024 14:00,30.08499985
3/19/2024 15:00,35.88666677
3/19/2024 16:00,36.09666646
3/19/2024 17:00,62.32999986
3/19/2024 18:00,78.04500008
3/19/2024 19:00,88.66833267
3/19/2024 20:00,94.20666707
3/19/2024 21:00,105.3650007
3/19/2024 22:00,113.9199994
3/19/2024 23:00,106.9474573
3/20/2024,105.3033339
3/20/2024 1:00,99.75166651
3/20/2024 2:00,108.0900007
3/20/2024 3:00,107.1899998
3/20/2024 4:00,103.9900002
3/20/2024 5:00,112.6966662
3/20/2024 6:00,140.935
3/20/2024 7:00,143.2099998
3/20/2024 8:00,127.3583336
3/20/2024 9:00,113.9383333
3/20/2024 10:00,137.25
3/20/2024 11:00,87.68666674
3/20/2024 12:00,62.0516669
3/20/2024 13:00,64.99499982
3/20/2024 14:00,102.8033338
3/20/2024 15:00,83.40999997
3/20/2024 16:00,79.58833377
3/20/2024 17:00,73.60999985
3/20/2024 18:00,102.2766669
3/20/2024 19:00,81.15833321
3/20/2024 20:00,81.6899999
3/20/2024 21:00,86.66333326
3/20/2024 22:00,81.2200002
3/20/2024 23:00,84.5783329
3/21/2024,91.01833318
3/21/2024 1:00,89.79166654
3/21/2024 2:00,87.18166695
3/21/2024 3:00,93.22666715
3/21/2024 4:00,95.40833321
3/21/2024 5:00,85.2533329
3/21/2024 6:00,82.87166672
3/21/2024 7:00,96.22666702
3/21/2024 8:00,101.7199997
3/21/2024 9:00,92.44833374
3/21/2024 10:00,91.93499985
3/21/2024 11:00,66.00333335
3/21/2024 12:00,63.92999986
3/21/2024 13:00,91.77833316
3/21/2024 14:00,92.58166656
3/21/2024 15:00,84.58666662
3/21/2024 16:00,91.68333359
3/21/2024 17:00,98.13333359
3/21/2024 18:00,100.0799998
3/21/2024 19:00,75.16333326
3/21/2024 20:00,97.77166659
3/21/2024 21:00,106.2166663
3/21/2024 22:00,105.796667
3/21/2024 23:00,83.65666695
3/22/2024,95.0166673
3/22/2024 1:00,92.15666669
3/22/2024 2:00,79.46833331
3/22/2024 3:00,76.43333371
3/22/2024 4:00,73.26166649
3/22/2024 5:00,72.03333397
3/22/2024 6:00,76.88833326
3/22/2024 7:00,73.93833326
3/22/2024 8:00,69.95833289
3/22/2024 9:00,77.70333309
3/22/2024 10:00,56.25833314
3/22/2024 11:00,48.57666677
3/22/2024 12:00,41.86333338
3/22/2024 13:00,36.85166677
3/22/2024 14:00,32.97833335
3/22/2024 15:00,34.90819659
3/22/2024 16:00,45.34666678
3/22/2024 17:00,47.16833324
3/22/2024 18:00,48.99333337
3/22/2024 19:00,53.56333357
3/22/2024 20:00,52.36166649
3/22/2024 21:00,51.88166676
3/22/2024 22:00,56.22166665
3/22/2024 23:00,52.95999991
3/23/2024,50.71333319
3/23/2024 1:00,49.89666672
3/23/2024 2:00,48.32166672
3/23/2024 3:00,44.22166672
3/23/2024 4:00,37.87833335
3/23/2024 5:00,42.69500008
3/23/2024 6:00,32.16333316
3/23/2024 7:00,29.79833345
3/23/2024 8:00,36.77166656
3/23/2024 9:00,33.86999995
3/23/2024 10:00,36.1
3/23/2024 11:00,31.99166657
3/23/2024 12:00,32.72833328
3/23/2024 13:00,39.74833336
3/23/2024 14:00,41.07666658
3/23/2024 15:00,42.64333312
3/23/2024 16:00,50.63333359
3/23/2024 17:00,54.64499982
3/23/2024 18:00,62.47499968
3/23/2024 19:00,67.1449995
3/23/2024 20:00,69.55500011
3/23/2024 21:00,72.06833369
3/23/2024 22:00,80.49166654
3/23/2024 23:00,71.87833379
3/24/2024,71.98499997
3/24/2024 1:00,67.95833359
3/24/2024 2:00,65.68666655
3/24/2024 3:00,60.82666664
3/24/2024 4:00,57.96500009
3/24/2024 5:00,53.76000029
3/24/2024 6:00,61.61666673
3/24/2024 7:00,72.8450002
3/24/2024 8:00,79.49999975
3/24/2024 9:00,81.27666658
3/24/2024 10:00,61.19999975
3/24/2024 11:00,57.56333332
3/24/2024 12:00,50.13000005
3/24/2024 13:00,47.46333345
3/24/2024 14:00,56.45
3/24/2024 15:00,60.92333342
3/24/2024 16:00,65.11333326
3/24/2024 17:00,70.97166704
3/24/2024 18:00,76.175
3/24/2024 19:00,75.14499995
3/24/2024 20:00,74.51666692
3/24/2024 21:00,70.21500015
3/24/2024 22:00,78.44000041
3/24/2024 23:00,79.55666656
3/25/2024,77.62333336
3/25/2024 1:00,82.90333366
3/25/2024 2:00,72.93499985
3/25/2024 3:00,72.5700002
3/25/2024 4:00,71.3516669
3/25/2024 5:00,79.97499962
3/25/2024 6:00,81.72499975
3/25/2024 7:00,77.14666672
3/25/2024 8:00,78.55
3/25/2024 9:00,55.28333333
3/25/2024 10:00,51.25000006
3/25/2024 11:00,44.59500014
3/25/2024 12:00,37.13666671
3/25/2024 13:00,32.06666644
3/25/2024 14:00,30.6649999
3/25/2024 15:00,33.71166674
3/25/2024 16:00,38.53606552
3/25/2024 17:00,41.91000004
3/25/2024 18:00,47.11166693
3/25/2024 19:00,56.51500009
3/25/2024 20:00,58.09666653
3/25/2024 21:00,57.78666662
3/25/2024 22:00,57.58666668
3/25/2024 23:00,57.43166656
3/26/2024,43.88499972
3/26/2024 1:00,38.27833341
3/26/2024 2:00,38.72166646
3/26/2024 3:00,39.09333331
3/26/2024 4:00,45.64000009
3/26/2024 5:00,46.28032797
3/26/2024 6:00,58.61500009
3/26/2024 7:00,59.3583334
3/26/2024 8:00,62.98499972
3/26/2024 9:00,62.68000031
3/26/2024 10:00,67.81166649
3/26/2024 11:00,54.1350001
3/26/2024 12:00,44.65166651
3/26/2024 13:00,46.68666674
3/26/2024 14:00,54.27833335
3/26/2024 15:00,58.33666681
3/26/2024 16:00,57.25999997
3/26/2024 17:00,64.00499961
3/26/2024 18:00,70.886667
3/26/2024 19:00,76.36666667
3/26/2024 20:00,74.91000048
3/26/2024 21:00,79.65833333
3/26/2024 22:00,74.05500018
3/26/2024 23:00,81.17499936
3/27/2024,80.15999997
3/27/2024 1:00,72.00666644
3/27/2024 2:00,72.23499985
3/27/2024 3:00,73.09000015
3/27/2024 4:00,73.47500013
3/27/2024 5:00,73.62333374
3/27/2024 6:00,83.988333
3/27/2024 7:00,92.46166611
3/27/2024 8:00,97.20833295
3/27/2024 9:00,102.8149995
3/27/2024 10:00,89.63833326
3/27/2024 11:00,73.16500041
3/27/2024 12:00,62.77166697
3/27/2024 13:00,52.50166683
3/27/2024 14:00,55.57833328
3/27/2024 15:00,61.49333363
3/27/2024 16:00,60.23833319
3/27/2024 17:00,63.83833332
3/27/2024 18:00,66.53833332
3/27/2024 19:00,65.85000025
3/27/2024 20:00,63.49137898
3/27/2024 21:00,60.61333332
3/27/2024 22:00,45.7950002
3/27/2024 23:00,47.23666668
3/28/2024,45.07999992
3/28/2024 1:00,39.75666682
3/28/2024 2:00,39.8166666
3/28/2024 3:00,42.93499978
3/28/2024 4:00,45.11166668
3/28/2024 5:00,48.65166683
3/28/2024 6:00,50.76000004
3/28/2024 7:00,52.49166673
3/28/2024 8:00,57.07999992
3/28/2024 9:00,60.77000001
3/28/2024 10:00,67.31833375
3/28/2024 11:00,63.14333382
3/28/2024 12:00,54.45833352
3/28/2024 13:00,42.50500011
3/28/2024 14:00,39.10333354
3/28/2024 15:00,44.28333346
3/28/2024 16:00,39.64166667
3/28/2024 17:00,43.29666665
3/28/2024 18:00,52.57166665
3/28/2024 19:00,60.34333356
3/28/2024 20:00,58.89333331
3/28/2024 21:00,67.73499985
3/28/2024 22:00,67.84500001
3/28/2024 23:00,71.88000005
3/29/2024,70.15333347
3/29/2024 1:00,76.12333336
3/29/2024 2:00,77.49999987
3/29/2024 3:00,57.9183335
3/29/2024 4:00,53.44166686
3/29/2024 5:00,62.29333318
3/29/2024 6:00,69.62500025
3/29/2024 7:00,78.81999919
3/29/2024 8:00,80.58166682
3/29/2024 9:00,70.35499992
3/29/2024 10:00,50.44333344
3/29/2024 11:00,52.93833345
3/29/2024 12:00,41.87166672
3/29/2024 13:00,43.75833333
3/29/2024 14:00,36.43000024
3/29/2024 15:00,34.49666672
3/29/2024 16:00,37.35999991
3/29/2024 17:00,42.48499978
3/29/2024 18:00,48.71166636
3/29/2024 19:00,51.02833328
3/29/2024 20:00,60.13833351
3/29/2024 21:00,71.06999982
3/29/2024 22:00,76.40166639
3/29/2024 23:00,64.24833291
3/30/2024,65.68666668
3/30/2024 1:00,63.4850001
3/30/2024 2:00,58.75333296
3/30/2024 3:00,58.64833323
3/30/2024 4:00,58.52666658
3/30/2024 5:00,65.60499973
3/30/2024 6:00,72.72499987
3/30/2024 7:00,78.39166667
3/30/2024 8:00,79.46666654
3/30/2024 9:00,67.26666667
3/30/2024 10:00,47.65166677
3/30/2024 11:00,38.94833339
3/30/2024 12:00,28.07833331
3/30/2024 13:00,23.70499996
3/30/2024 14:00,24.32666664
3/30/2024 15:00,26.47166675
3/30/2024 16:00,29.45
3/30/2024 17:00,45.60999988
3/30/2024 18:00,55.20000019
3/30/2024 19:00,49.17166669
3/30/2024 20:00,20.07999992
3/30/2024 21:00,22.61333332
3/30/2024 22:00,34.21500003
3/30/2024 23:00,33.69333328
3/31/2024,36.85333344
3/31/2024 1:00,40.53500036
3/31/2024 2:00,43.3016669
3/31/2024 3:00,43.63166644
3/31/2024 4:00,62.67166697
3/31/2024 5:00,69.21166681
3/31/2024 6:00,74.98000005
3/31/2024 7:00,70.51666629
3/31/2024 8:00,66.51833324
3/31/2024 9:00,49.67333361
3/31/2024 10:00,47.52833303
3/31/2024 11:00,26.39666672
3/31/2024 12:00,17.67499992
3/31/2024 13:00,15.9416667
3/31/2024 14:00,20.10166667
3/31/2024 15:00,23.88999987
3/31/2024 16:00,29.01333332
3/31/2024 17:00,36.23833326
3/31/2024 18:00,44.57833335
3/31/2024 19:00,36.91833293
3/31/2024 20:00,24.5333334
3/31/2024 21:00,19.30833316
3/31/2024 22:00,19.06500003
3/31/2024 23:00,21.73166676
4/1/2024,30.50666666
4/1/2024 1:00,32.54499998
4/1/2024 2:00,32.0566666
4/1/2024 3:00,43.85500011
4/1/2024 4:00,44.08333327
4/1/2024 5:00,51.89166698
4/1/2024 6:00,61.62833328
4/1/2024 7:00,60.37833322
4/1/2024 8:00,52.16833318
4/1/2024 9:00,44.10666637
4/1/2024 10:00,41.43833338
4/1/2024 11:00,29.35666672
4/1/2024 12:00,26.91166665
4/1/2024 13:00,23.28333333
4/1/2024 14:00,23.91833337
4/1/2024 15:00,22.05833324
4/1/2024 16:00,24.93666668
4/1/2024 17:00,30.7766667
4/1/2024 18:00,41.55999985
4/1/2024 19:00,54.13833326
4/1/2024 20:00,59.92666677
4/1/2024 21:00,152.4950002
4/1/2024 22:00,82.38333371
4/1/2024 23:00,68.19499995
4/2/2024,79.09000015
4/2/2024 1:00,81.66666641
4/2/2024 2:00,73.82333361
4/2/2024 3:00,65.43833326
4/2/2024 4:00,72.2533329
4/2/2024 5:00,77.70666631
4/2/2024 6:00,93.10666656
4/2/2024 7:00,106.5416665
4/2/2024 8:00,89.09999987
4/2/2024 9:00,75.01833305
4/2/2024 10:00,57.12666651
4/2/2024 11:00,39.67999973
4/2/2024 12:00,29.32666664
4/2/2024 13:00,33.81999979
4/2/2024 14:00,34.99166657
4/2/2024 15:00,40.04833342
4/2/2024 16:00,50.93666668
4/2/2024 17:00,62.3850001
4/2/2024 18:00,66.1899999
4/2/2024 19:00,75.22166723
4/2/2024 20:00,73.58499959
4/2/2024 21:00,88.40000025
4/2/2024 22:00,99.75666682
4/2/2024 23:00,94.5
4/3/2024,88.98166682
4/3/2024 1:00,89.75500005
4/3/2024 2:00,89.62500025
4/3/2024 3:00,95.86999995
4/3/2024 4:00,103.4883338
4/3/2024 5:00,104.496667
4/3/2024 6:00,140.0816663
4/3/2024 7:00,121.9166665
4/3/2024 8:00,120.1533337
4/3/2024 9:00,101.2233332
4/3/2024 10:00,80.15833371
4/3/2024 11:00,44.80333331
4/3/2024 12:00,33.85999991
4/3/2024 13:00,30.46166662
4/3/2024 14:00,29.59666675
4/3/2024 15:00,30.55166661
4/3/2024 16:00,35.82166688
4/3/2024 17:00,43.69500001
4/3/2024 18:00,112.1800003
4/3/2024 19:00,117.7516665
4/3/2024 20:00,109.4200002
4/3/2024 21:00,113.3449999
4/3/2024 22:00,114.0549999
4/3/2024 23:00,115.4466663
4/4/2024,111.5533333
4/4/2024 1:00,100.0550001
4/4/2024 2:00,103.1
4/4/2024 3:00,103.1116666
4/4/2024 4:00,102.9316668
4/4/2024 5:00,110.8533334
4/4/2024 6:00,120.2383334
4/4/2024 7:00,138.6349992
4/4/2024 8:00,121.9849998
4/4/2024 9:00,102.0633329
4/4/2024 10:00,75.85333335
4/4/2024 11:00,28.87166665
4/4/2024 12:00,21.32166669
4/4/2024 13:00,16.90999994
4/4/2024 14:00,20.8883334
4/4/2024 15:00,25.6666667
4/4/2024 16:00,39.88166669
4/4/2024 17:00,59.51833363
4/4/2024 18:00,70.93666655
4/4/2024 19:00,82.06666667
4/4/2024 20:00,103.8766668
4/4/2024 21:00,119.2566667
4/4/2024 22:00,112.0866665
4/4/2024 23:00,113.9716668
4/5/2024,95.55499954
4/5/2024 1:00,98.87500013
4/5/2024 2:00,96.31833331
4/5/2024 3:00,84.1166673
4/5/2024 4:00,109.8366669
4/5/2024 5:00,109.6983336
4/5/2024 6:00,110.4850002
4/5/2024 7:00,106.438333
4/5/2024 8:00,101.9583331
4/5/2024 9:00,80.12500019
4/5/2024 10:00,56.04333318
4/5/2024 11:00,36.5916666
4/5/2024 12:00,28.44999997
4/5/2024 13:00,32.02833338
4/5/2024 14:00,36.03666649
4/5/2024 15:00,48.5100001
4/5/2024 16:00,58.55333335
4/5/2024 17:00,82.15499967
4/5/2024 18:00,94.2233331
4/5/2024 19:00,99.70999959
4/5/2024 20:00,114.8166668
4/5/2024 21:00,133.0849996
4/5/2024 22:00,135.8683334
4/5/2024 23:00,113.6416659
4/6/2024,107.9016666
4/6/2024 1:00,105.6633333
4/6/2024 2:00,120.4849996
4/6/2024 3:00,116.0699998
4/6/2024 4:00,114.7566667
4/6/2024 5:00,108.9849998
4/6/2024 6:00,111.5633331
4/6/2024 7:00,128.9466666
4/6/2024 8:00,122.9050004
4/6/2024 9:00,99.5149999
4/6/2024 10:00,72.30833378
4/6/2024 11:00,45.19333353
4/6/2024 12:00,35.32000014
4/6/2024 13:00,33.7233332
4/6/2024 14:00,33.52666661
4/6/2024 15:00,29.98666668
4/6/2024 16:00,55.87166665
4/6/2024 17:00,58.19000009
4/6/2024 18:00,61.52166672
4/6/2024 19:00,71.89000003
4/6/2024 20:00,93.1149999
4/6/2024 21:00,86.59333344
4/6/2024 22:00,112.748333
4/6/2024 23:00,102.9233332
4/7/2024,91.46833344
4/7/2024 1:00,89.14999962
4/7/2024 2:00,89.27333349
4/7/2024 3:00,87.29833323
4/7/2024 4:00,98.5483331
4/7/2024 5:00,109.0733336
4/7/2024 6:00,113.5483331
4/7/2024 7:00,107.8083332
4/7/2024 8:00,86.44000053
4/7/2024 9:00,67.48333352
4/7/2024 10:00,43.18000011
4/7/2024 11:00,30.53333346
4/7/2024 12:00,31.175
4/7/2024 13:00,32.30333338
4/7/2024 14:00,40.40666656
4/7/2024 15:00,73.62333349
4/7/2024 16:00,121.1799999
4/7/2024 17:00,104.8266664
4/7/2024 18:00,124.1049993
4/7/2024 19:00,118.865
4/7/2024 20:00,131.5300006
4/7/2024 21:00,127.5833336
4/7/2024 22:00,127.5199999
4/7/2024 23:00,133.0783333
4/8/2024,132.1133327
4/8/2024 1:00,117.9183333
4/8/2024 2:00,101.5016668
4/8/2024 3:00,97.67499987
4/8/2024 4:00,85.21333326
4/8/2024 5:00,94.66833356
4/8/2024 6:00,98.58333282
4/8/2024 7:00,102.3233332
4/8/2024 8:00,88.80333303
4/8/2024 9:00,80.79666646
4/8/2024 10:00,62.3533329
4/8/2024 11:00,51.61333332
4/8/2024 12:00,42.00666663
4/8/2024 13:00,59.40499961
4/8/2024 14:00,64.47333361
4/8/2024 15:00,61.73000011
4/8/2024 16:00,69.388333
4/8/2024 17:00,59.60333347
4/8/2024 18:00,68.57833366
4/8/2024 19:00,88.55000025
4/8/2024 20:00,110.0283335
4/8/2024 21:00,111.1666667
4/8/2024 22:00,117.4649999
4/8/2024 23:00,110.3266665
4/9/2024,106.5233334
4/9/2024 1:00,108.2550001
4/9/2024 2:00,102.5583337
4/9/2024 3:00,103.898333
4/9/2024 4:00,109.8683334
4/9/2024 5:00,129.4949998
4/9/2024 6:00,135.6816669
4/9/2024 7:00,146.5683334
4/9/2024 8:00,138.9133333
4/9/2024 9:00,115.5599998
4/9/2024 10:00,95.92333323
4/9/2024 11:00,65.06833299
4/9/2024 12:00,65.31833375
4/9/2024 13:00,68.34166679
4/9/2024 14:00,72.64499982
4/9/2024 15:00,79.56499977
4/9/2024 16:00,82.55999947
4/9/2024 17:00,94.43166695
4/9/2024 18:00,147.1283339
4/9/2024 19:00,160.9433337
4/9/2024 20:00,179.0916677
4/9/2024 21:00,168.0183327
4/9/2024 22:00,147.4349993
4/9/2024 23:00,146.95
4/10/2024,146.1433345
4/10/2024 1:00,149.9499997
4/10/2024 2:00,142.8133326
4/10/2024 3:00,142.1950005
4/10/2024 4:00,149.5266663
4/10/2024 5:00,161.9599998
4/10/2024 6:00,166.8200007
4/10/2024 7:00,187.3416667
4/10/2024 8:00,180.4716665
4/10/2024 9:00,148.2899986
4/10/2024 10:00,107.8016668
4/10/2024 11:00,56.40666631
4/10/2024 12:00,53.09999994
4/10/2024 13:00,55.44333324
4/10/2024 14:00,52.23333327
4/10/2024 15:00,59.6916666
4/10/2024 16:00,56.35833333
4/10/2024 17:00,49.75833308
4/10/2024 18:00,62.11833375
4/10/2024 19:00,83.32666677
4/10/2024 20:00,97.45666669
4/10/2024 21:00,118.8883334
4/10/2024 22:00,120.2733332
4/10/2024 23:00,117.0083337
4/11/2024,122.5550002
4/11/2024 1:00,125.5700003
4/11/2024 2:00,119.9033335
4/11/2024 3:00,127.4216674
4/11/2024 4:00,127.4450001
4/11/2024 5:00,125.3416672
4/11/2024 6:00,145.1366679
4/11/2024 7:00,162.8366676
4/11/2024 8:00,150.2933329
4/11/2024 9:00,135.8150004
4/11/2024 10:00,105.9549998
4/11/2024 11:00,85.27666645
4/11/2024 12:00,58.75
4/11/2024 13:00,59.99166673
4/11/2024 14:00,69.58499966
4/11/2024 15:00,80.54499989
4/11/2024 16:00,66.12166691
4/11/2024 17:00,49.34666672
4/11/2024 18:00,52.65666669
4/11/2024 19:00,63.82166653
4/11/2024 20:00,71.13500036
4/11/2024 21:00,80.45500005
4/11/2024 22:00,76.59000028
4/11/2024 23:00,77.95666631
4/12/2024,75.18166656
4/12/2024 1:00,78.511667
4/12/2024 2:00,83.69666621
4/12/2024 3:00,79.48333321
4/12/2024 4:00,87.225
4/12/2024 5:00,101.3616667
4/12/2024 6:00,109.1633331
4/12/2024 7:00,103.8950005
4/12/2024 8:00,104.8199997
4/12/2024 9:00,96.47833265
4/12/2024 10:00,91.16500015
4/12/2024 11:00,70.68333333
4/12/2024 12:00,48.27166646
4/12/2024 13:00,46.18666674
4/12/2024 14:00,46.90333354
4/12/2024 15:00,50.5950002
4/12/2024 16:00,54.28166656
4/12/2024 17:00,60.12166678
4/12/2024 18:00,72.8901638
4/12/2024 19:00,92.45833333
4/12/2024 20:00,105.1800002
4/12/2024 21:00,104.8833338
4/12/2024 22:00,106.0483337
4/12/2024 23:00,109.3399994
4/13/2024,94.74000015
4/13/2024 1:00,99.56833318
4/13/2024 2:00,98.99000003
4/13/2024 3:00,96.54166641
4/13/2024 4:00,106.9050004
4/13/2024 5:00,120.2833331
4/13/2024 6:00,116.1266669
4/13/2024 7:00,129.3016666
4/13/2024 8:00,120.8700002
4/13/2024 9:00,105.7383336
4/13/2024 10:00,89.76999969
4/13/2024 11:00,75.30833282
4/13/2024 12:00,63.66333332
4/13/2024 13:00,64.83000024
4/13/2024 14:00,58.48000024
4/13/2024 15:00,52.18833351
4/13/2024 16:00,49.15666663
4/13/2024 17:00,47.67999999
4/13/2024 18:00,58.15666695
4/13/2024 19:00,77.21333326
4/13/2024 20:00,92.53000031
4/13/2024 21:00,95.73000005
4/13/2024 22:00,98.4899999
4/13/2024 23:00,88.09166718
4/14/2024,91.41166662
4/14/2024 1:00,99.86666679
4/14/2024 2:00,99.0266669
4/14/2024 3:00,96.66000023
4/14/2024 4:00,94.33333333
4/14/2024 5:00,117.8983335
4/14/2024 6:00,115.3216667
4/14/2024 7:00,121.4566668
4/14/2024 8:00,94.74000028
4/14/2024 9:00,83.78999977
4/14/2024 10:00,65.61333313
4/14/2024 11:00,43.52166688
4/14/2024 12:00,32.57000008
4/14/2024 13:00,33.35166677
4/14/2024 14:00,34.22166675
4/14/2024 15:00,36.68333333
4/14/2024 16:00,39.7683335
4/14/2024 17:00,44.80999997
4/14/2024 18:00,53.84500001
4/14/2024 19:00,58.13934451
4/14/2024 20:00,91.01999969
4/14/2024 21:00,88.46166636
4/14/2024 22:00,132.066667
4/14/2024 23:00,133.5650005
4/15/2024,116.1916669
4/15/2024 1:00,88.43499959
4/15/2024 2:00,85.04999949
4/15/2024 3:00,89.38333282
4/15/2024 4:00,91.54500046
4/15/2024 5:00,101.4183334
4/15/2024 6:00,117.5883331
4/15/2024 7:00,99.61500028
4/15/2024 8:00,101.2583333
4/15/2024 9:00,88.24833323
4/15/2024 10:00,65.72999986
4/15/2024 11:00,50.71333313
4/15/2024 12:00,44.92166665
4/15/2024 13:00,47.24999968
4/15/2024 14:00,47.77000001
4/15/2024 15:00,50.98333302
4/15/2024 16:00,54.90333347
4/15/2024 17:00,55.19999975
4/15/2024 18:00,59.17999986
4/15/2024 19:00,73.86333326
4/15/2024 20:00,86.09500008
4/15/2024 21:00,105.2366667
4/15/2024 22:00,96.71666692
4/15/2024 23:00,92.1216671
4/16/2024,86.30000038
4/16/2024 1:00,97.39166667
4/16/2024 2:00,104.2050002
4/16/2024 3:00,103.7483334
4/16/2024 4:00,102.7583332
4/16/2024 5:00,116.2983339
4/16/2024 6:00,128.6799994
4/16/2024 7:00,126.1250005
4/16/2024 8:00,108.2700002
4/16/2024 9:00,103.285
4/16/2024 10:00,75.84000003
4/16/2024 11:00,56.27999986
4/16/2024 12:00,49.06999982
4/16/2024 13:00,42.8733333
4/16/2024 14:00,44.32833341
4/16/2024 15:00,53.39666634
4/16/2024 16:00,61.31000017
4/16/2024 17:00,71.89166667
4/16/2024 18:00,71.24333274
4/16/2024 19:00,70.87000027
4/16/2024 20:00,78.01166732
4/16/2024 21:00,79.49166667
4/16/2024 22:00,73.28499985
4/16/2024 23:00,72.09833336
4/17/2024,81.65833321
4/17/2024 1:00,85.18166656
4/17/2024 2:00,72.06500028
4/17/2024 3:00,69.88166593
4/17/2024 4:00,66.86666622
4/17/2024 5:00,78.08499953
4/17/2024 6:00,88.67166684
4/17/2024 7:00,85.67333349
4/17/2024 8:00,77.53166669
4/17/2024 9:00,67.18166682
4/17/2024 10:00,52.14999968
4/17/2024 11:00,40.36833344
4/17/2024 12:00,38.96333345
4/17/2024 13:00,44.32666683
4/17/2024 14:00,47.63500004
4/17/2024 15:00,51.61999969
4/17/2024 16:00,51.08333327
4/17/2024 17:00,55.65166683
4/17/2024 18:00,68.59666659
4/17/2024 19:00,80.87333272
4/17/2024 20:00,92.73166707
4/17/2024 21:00,87.64833361
4/17/2024 22:00,90.15333341
4/17/2024 23:00,97.75833346
4/18/2024,105.2416667
4/18/2024 1:00,105.7266665
4/18/2024 2:00,102.4000001
4/18/2024 3:00,96.21333377
4/18/2024 4:00,101.0449998
4/18/2024 5:00,109.3850002
4/18/2024 6:00,111.1433338
4/18/2024 7:00,117.0783337
4/18/2024 8:00,101.1050001
4/18/2024 9:00,87.2016669
4/18/2024 10:00,57.43333359
4/18/2024 11:00,46.33000011
4/18/2024 12:00,47.16666667
4/18/2024 13:00,54.78666649
4/18/2024 14:00,49.32666651
4/18/2024 15:00,51.74406776
4/18/2024 16:00,54.29666665
4/18/2024 17:00,52.60500018
4/18/2024 18:00,55.57833316
4/18/2024 19:00,60.30333335
4/18/2024 20:00,63.66166655
4/18/2024 21:00,64.95000019
4/18/2024 22:00,70.33833313
4/18/2024 23:00,80.11499952
4/19/2024,80.75499967
4/19/2024 1:00,82.21000023
4/19/2024 2:00,86.72333361
4/19/2024 3:00,99.47166684
4/19/2024 4:00,106.9583335
4/19/2024 5:00,118.326667
4/19/2024 6:00,116.5316668
4/19/2024 7:00,133.4333328
4/19/2024 8:00,119.5166663
4/19/2024 9:00,108.0483332
4/19/2024 10:00,86.96499977
4/19/2024 11:00,52.6333334
4/19/2024 12:00,55.76166649
4/19/2024 13:00,58.8333334
4/19/2024 14:00,53.51999976
4/19/2024 15:00,50.56166681
4/19/2024 16:00,52.98999996
4/19/2024 17:00,55.31166681
4/19/2024 18:00,58.79000003
4/19/2024 19:00,70.41833382
4/19/2024 20:00,83.90500031
4/19/2024 21:00,117.775
4/19/2024 22:00,99.24166679
4/19/2024 23:00,99.25500005
4/20/2024,89.34833336
4/20/2024 1:00,85.11166662
4/20/2024 2:00,82.61999995
4/20/2024 3:00,80.06833331
4/20/2024 4:00,73.10999997
4/20/2024 5:00,82.00833371
4/20/2024 6:00,97.10500018
4/20/2024 7:00,95.87333374
4/20/2024 8:00,85.36666705
4/20/2024 9:00,75.44833323
4/20/2024 10:00,61.70000032
4/20/2024 11:00,53.65499999
4/20/2024 12:00,44.33166656
4/20/2024 13:00,40.77333323
4/20/2024 14:00,41.2350001
4/20/2024 15:00,39.51666667
4/20/2024 16:00,42.60166683
4/20/2024 17:00,48.78833345
4/20/2024 18:00,55.27999992
4/20/2024 19:00,58.46500009
4/20/2024 20:00,55.55000019
4/20/2024 21:00,52.14999975
4/20/2024 22:00,80.30833282
4/20/2024 23:00,70.78500017
4/21/2024,71.88166644
4/21/2024 1:00,78.49833336
4/21/2024 2:00,82.02000033
4/21/2024 3:00,74.13500036
4/21/2024 4:00,68.71500034
4/21/2024 5:00,103.5316666
4/21/2024 6:00,110.2550001
4/21/2024 7:00,104.7933333
4/21/2024 8:00,88.51500041
4/21/2024 9:00,74.60999985
4/21/2024 10:00,59.36833331
4/21/2024 11:00,38.30333309
4/21/2024 12:00,33.53499975
4/21/2024 13:00,34.84999994
4/21/2024 14:00,35.53833332
4/21/2024 15:00,51.27000027
4/21/2024 16:00,63.2016669
4/21/2024 17:00,60.9733333
4/21/2024 18:00,67.78166701
4/21/2024 19:00,82.17333349
4/21/2024 20:00,94.00833333
4/21/2024 21:00,107.04
4/21/2024 22:00,117.6566667
4/21/2024 23:00,105.8483337
4/22/2024,104.2966671
4/22/2024 1:00,100.7283337
4/22/2024 2:00,115.8166669
4/22/2024 3:00,116.5066667
4/22/2024 4:00,119.7533333
4/22/2024 5:00,129.9199999
4/22/2024 6:00,132.0683337
4/22/2024 7:00,134.4416662
4/22/2024 8:00,116.0850001
4/22/2024 9:00,91.66666679
4/22/2024 10:00,80.3799998
4/22/2024 11:00,67.45666688
4/22/2024 12:00,56.50166677
4/22/2024 13:00,61.80666663
4/22/2024 14:00,53.32666658
4/22/2024 15:00,40.10000019
4/22/2024 16:00,34.88666674
4/22/2024 17:00,37.81333351
4/22/2024 18:00,41.61666683
4/22/2024 19:00,45.73166663
4/22/2024 20:00,45.08000018
4/22/2024 21:00,72.9683335
4/22/2024 22:00,86.44500008
4/22/2024 23:00,82.97166646
4/23/2024,84.48333384
4/23/2024 1:00,74.35000064
4/23/2024 2:00,72.45000006
4/23/2024 3:00,62.28333365
4/23/2024 4:00,69.37666613
4/23/2024 5:00,79.42500025
4/23/2024 6:00,90.34166718
4/23/2024 7:00,70.77666683
4/23/2024 8:00,67.37377073
4/23/2024 9:00,56.04333324
4/23/2024 10:00,28.18666662
4/23/2024 11:00,25.69333331
4/23/2024 12:00,27.05500008
4/23/2024 13:00,29.5583334
4/23/2024 14:00,31.91333345
4/23/2024 15:00,36.21833334
4/23/2024 16:00,37.76333345
4/23/2024 17:00,40.72499975
4/23/2024 18:00,45.65166664
4/23/2024 19:00,41.73166669
4/23/2024 20:00,47.22833328
4/23/2024 21:00,52.0600001
4/23/2024 22:00,52.16333332
4/23/2024 23:00,59.6916666
4/24/2024,64.64666665
4/24/2024 1:00,61.65999978
4/24/2024 2:00,76.73166625
4/24/2024 3:00,68.49166673
4/24/2024 4:00,68.3733331
4/24/2024 5:00,82.73166618
4/24/2024 6:00,100.678334
4/24/2024 7:00,95.59166667
4/24/2024 8:00,78.77833366
4/24/2024 9:00,63.42131136
4/24/2024 10:00,54.1733333
4/24/2024 11:00,41.49166679
4/24/2024 12:00,43.75500018
4/24/2024 13:00,58.2183335
4/24/2024 14:00,51.59999994
4/24/2024 15:00,45.1833334
4/24/2024 16:00,49.93166682
4/24/2024 17:00,52.11666667
4/24/2024 18:00,63.65999991
4/24/2024 19:00,78.8399999
4/24/2024 20:00,72.53666687
4/24/2024 21:00,69.51333338
4/24/2024 22:00,104.4116664
4/24/2024 23:00,91.41666667
4/25/2024,81.74666646
4/25/2024 1:00,85.50999997
4/25/2024 2:00,74.04333331
4/25/2024 3:00,103.5883334
4/25/2024 4:00,107.5783332
4/25/2024 5:00,100.6500003
4/25/2024 6:00,113.4183336
4/25/2024 7:00,120.6466668
4/25/2024 8:00,94.41833344
4/25/2024 9:00,80.39000003
4/25/2024 10:00,69.31999982
4/25/2024 11:00,61.23333308
4/25/2024 12:00,50.51166674
4/25/2024 13:00,48.20333335
4/25/2024 14:00,55.0833334
4/25/2024 15:00,63.60333322
4/25/2024 16:00,59.80499986
4/25/2024 17:00,62.03333333
4/25/2024 18:00,68.13166733
4/25/2024 19:00,85.16000036
4/25/2024 20:00,108.8933333
4/25/2024 21:00,116.085
4/25/2024 22:00,122.6733336
4/25/2024 23:00,107.0800001
4/26/2024,113.0700003
4/26/2024 1:00,115.2666665
4/26/2024 2:00,111.1266665
4/26/2024 3:00,106.9766664
4/26/2024 4:00,120.9566663
4/26/2024 5:00,115.6250003
4/26/2024 6:00,140.513334
4/26/2024 7:00,167.1333328
4/26/2024 8:00,130.4716661
4/26/2024 9:00,104.9966668
4/26/2024 10:00,87.0200002
4/26/2024 11:00,69.57500051
4/26/2024 12:00,61.47333336
4/26/2024 13:00,63.0266669
4/26/2024 14:00,64.94166679
4/26/2024 15:00,68.70999991
4/26/2024 16:00,81.36833318
4/26/2024 17:00,85.33333346
4/26/2024 18:00,87.11333288
4/26/2024 19:00,98.75333354
4/26/2024 20:00,120.5483334
4/26/2024 21:00,138.986666
4/26/2024 22:00,123.5616671
4/26/2024 23:00,121.3366665
4/27/2024,116.1633334
4/27/2024 1:00,103.8433332
4/27/2024 2:00,104.4683332
4/27/2024 3:00,110.8249991
4/27/2024 4:00,115.8816668
4/27/2024 5:00,127.0666664
4/27/2024 6:00,137.3050003
4/27/2024 7:00,138.8349998
4/27/2024 8:00,128.7416667
4/27/2024 9:00,112
4/27/2024 10:00,90.09499969
4/27/2024 11:00,75.37666651
4/27/2024 12:00,80.99833361
4/27/2024 13:00,73.22499936
4/27/2024 14:00,57.61666673
4/27/2024 15:00,64.14666672
4/27/2024 16:00,61.55166651
4/27/2024 17:00,57.19000015
4/27/2024 18:00,52.65833352
4/27/2024 19:00,61.81500015
4/27/2024 20:00,82.49499931
4/27/2024 21:00,90.775
4/27/2024 22:00,80.39333318
4/27/2024 23:00,76.44333382
4/28/2024,89.05166588
4/28/2024 1:00,80.10500031
4/28/2024 2:00,80.92833328
4/28/2024 3:00,87.2850001
4/28/2024 4:00,82.96833318
4/28/2024 5:00,99.89000028
4/28/2024 6:00,111.0949999
4/28/2024 7:00,118.3349998
4/28/2024 8:00,101.5416667
4/28/2024 9:00,79.04999987
4/28/2024 10:00,54.21166639
4/28/2024 11:00,30.46166671
4/28/2024 12:00,33.93166666
4/28/2024 13:00,39.88833316
4/28/2024 14:00,39.46666676
4/28/2024 15:00,38.05499996
4/28/2024 16:00,33.40833324
4/28/2024 17:00,38.31333332
4/28/2024 18:00,48.89499995
4/28/2024 19:00,60.68333359
4/28/2024 20:00,67.69833279
4/28/2024 21:00,73.13666649
4/28/2024 22:00,92.32666677
4/28/2024 23:00,91.75333341
4/29/2024,86.13000005
4/29/2024 1:00,80.16166674
4/29/2024 2:00,82.91666718
4/29/2024 3:00,83.93499985
4/29/2024 4:00,97.47166621
4/29/2024 5:00,99.15499992
4/29/2024 6:00,115.3866666
4/29/2024 7:00,118.3183332
4/29/2024 8:00,93.82499987
4/29/2024 9:00,75.71999944
4/29/2024 10:00,66.17499975
4/29/2024 11:00,50.41999976
4/29/2024 12:00,55.34000003
4/29/2024 13:00,56.51833324
4/29/2024 14:00,63.70499954
4/29/2024 15:00,64.66833318
4/29/2024 16:00,60.88333359
4/29/2024 17:00,54.12166659
4/29/2024 18:00,62.89833304
4/29/2024 19:00,84.66833318
4/29/2024 20:00,97.97833328
4/29/2024 21:00,112.8800001
4/29/2024 22:00,116.6033335
4/29/2024 23:00,115.3766664
4/30/2024,102.8283337
4/30/2024 1:00,102.4949996
4/30/2024 2:00,85.98666674
4/30/2024 3:00,85.51166674
4/30/2024 4:00,88.85166702
4/30/2024 5:00,104.9016669
4/30/2024 6:00,119.1533337
4/30/2024 7:00,123.4583337
4/30/2024 8:00,111.1966668
4/30/2024 9:00,93.75333341
4/30/2024 10:00,64.07333336
4/30/2024 11:00,46.36333326
4/30/2024 12:00,61.14999994
4/30/2024 13:00,64.58000005
4/30/2024 14:00,48.5016667
4/30/2024 15:00,44.72166665
4/30/2024 16:00,43.79833336
4/30/2024 17:00,44.88833319
4/30/2024 18:00,52.29000003
4/30/2024 19:00,70.29333337
4/30/2024 20:00,86.14499982
4/30/2024 21:00,92.07166595
4/30/2024 22:00,102.9266669
4/30/2024 23:00,114.7000005
5/1/2024,102.8700001
5/1/2024 1:00,96.31833344
5/1/2024 2:00,104.8383334
5/1/2024 3:00,104.4216665
5/1/2024 4:00,105.7316663
5/1/2024 5:00,118.9916673
5/1/2024 6:00,129.6433338
5/1/2024 7:00,134.8599996
5/1/2024 8:00,108.338333
5/1/2024 9:00,97.50499967
5/1/2024 10:00,73.40833327
5/1/2024 11:00,54.20166667
5/1/2024 12:00,30.68666668
5/1/2024 13:00,32.52166659
5/1/2024 14:00,26.34166679
5/1/2024 15:00,43.58333321
5/1/2024 16:00,48.5416666
5/1/2024 17:00,38.48333359
5/1/2024 18:00,39.69999994
5/1/2024 19:00,40.31166662
5/1/2024 20:00,45.47000014
5/1/2024 21:00,46.88666662
5/1/2024 22:00,74.34333299
5/1/2024 23:00,76.17333374
5/2/2024,74.54500008
5/2/2024 1:00,67.64666704
5/2/2024 2:00,61.49999968
5/2/2024 3:00,60.67666664
5/2/2024 4:00,77.3283329
5/2/2024 5:00,106.1800001
5/2/2024 6:00,130.0683329
5/2/2024 7:00,108.6766666
5/2/2024 8:00,84.83000018
5/2/2024 9:00,81.2600001
5/2/2024 10:00,46.50999997
5/2/2024 11:00,33.93333356
5/2/2024 12:00,37.6033336
5/2/2024 13:00,39.91333373
5/2/2024 14:00,45.46999976
5/2/2024 15:00,44.27833354
5/2/2024 16:00,51.52166678
5/2/2024 17:00,52.9850001
5/2/2024 18:00,59.05000006
5/2/2024 19:00,67.13166656
5/2/2024 20:00,65.81833356
5/2/2024 21:00,93.64499995
5/2/2024 22:00,119.6716667
5/2/2024 23:00,124.3333337
5/3/2024,133.0483335
5/3/2024 1:00,135.6500005
5/3/2024 2:00,133.2749994
5/3/2024 3:00,126.351666
5/3/2024 4:00,143.6550003
5/3/2024 5:00,142.4083338
5/3/2024 6:00,157.3066666
5/3/2024 7:00,139.9633331
5/3/2024 8:00,143.5500003
5/3/2024 9:00,123.5449999
5/3/2024 10:00,100.1249996
5/3/2024 11:00,93.2399999
5/3/2024 12:00,75.14666659
5/3/2024 13:00,72.98833326
5/3/2024 14:00,79.0733331
5/3/2024 15:00,78.42166672
5/3/2024 16:00,81.64666672
5/3/2024 17:00,80.93666662
5/3/2024 18:00,83.37666664
5/3/2024 19:00,95.02166684
5/3/2024 20:00,102.9066671
5/3/2024 21:00,112.2299995
5/3/2024 22:00,122.3516673
5/3/2024 23:00,131.7700001
5/4/2024,139.1483327
5/4/2024 1:00,149.7350006
5/4/2024 2:00,152.496666
5/4/2024 3:00,152.8616659
5/4/2024 4:00,157.2100006
5/4/2024 5:00,150.6516665
5/4/2024 6:00,163.0333333
5/4/2024 7:00,151.675001
5/4/2024 8:00,127.6716668
5/4/2024 9:00,114.5083335
5/4/2024 10:00,106.0566664
5/4/2024 11:00,86.09999975
5/4/2024 12:00,75.24499995
5/4/2024 13:00,76.88333321
5/4/2024 14:00,69.4950002
5/4/2024 15:00,64.51333332
5/4/2024 16:00,57.30499992
5/4/2024 17:00,63.03333327
5/4/2024 18:00,66.77333342
5/4/2024 19:00,73.89000015
5/4/2024 20:00,86.20833295
5/4/2024 21:00,87.14000028
5/4/2024 22:00,95.89333344
5/4/2024 23:00,115.5199997
5/5/2024,114.0650003
5/5/2024 1:00,113.0666665
5/5/2024 2:00,135.3183342
5/5/2024 3:00,118.9416667
5/5/2024 4:00,115.1166664
5/5/2024 5:00,125.0033332
5/5/2024 6:00,133.7300004
5/5/2024 7:00,133.4249999
5/5/2024 8:00,118.7799998
5/5/2024 9:00,100.6333331
5/5/2024 10:00,75.11166668
5/5/2024 11:00,59.05499999
5/5/2024 12:00,65.05333347
5/5/2024 13:00,62.30333316
5/5/2024 14:00,65.66833318
5/5/2024 15:00,64.18833319
5/5/2024 16:00,61.813333
5/5/2024 17:00,62.34333318
5/5/2024 18:00,68.74333286
5/5/2024 19:00,69.41833413
5/5/2024 20:00,62.39666716
5/5/2024 21:00,69.91833312
5/5/2024 22:00,78.68333359
5/5/2024 23:00,74.72666651
5/6/2024,74.06666629
5/6/2024 1:00,78.09166692
5/6/2024 2:00,77.72333336
5/6/2024 3:00,80.12833379
5/6/2024 4:00,86.53999977
5/6/2024 5:00,103.5733334
5/6/2024 6:00,111.5966663
5/6/2024 7:00,100.4566667
5/6/2024 8:00,96.61999969
5/6/2024 9:00,88.60833359
5/6/2024 10:00,77.4950002
5/6/2024 11:00,61.43333314
5/6/2024 12:00,57.4266667
5/6/2024 13:00,48.26500015
5/6/2024 14:00,45.54333337
5/6/2024 15:00,45.67999999
5/6/2024 16:00,51.32500019
5/6/2024 17:00,53.67666683
5/6/2024 18:00,56.26166674
5/6/2024 19:00,90.35500015
5/6/2024 20:00,21.89833336
5/6/2024 21:00,18.65499997
5/6/2024 22:00,29.81499999
5/6/2024 23:00,30.74000003
5/7/2024,24.19333334
5/7/2024 1:00,32.85000016
5/7/2024 2:00,36.5600001
5/7/2024 3:00,30.84166667
5/7/2024 4:00,43.43666681
5/7/2024 5:00,45.69666659
5/7/2024 6:00,46.38833338
5/7/2024 7:00,49.80500011
5/7/2024 8:00,59.42333336
5/7/2024 9:00,69.97999967
5/7/2024 10:00,44.87377035
5/7/2024 11:00,30.57333336
5/7/2024 12:00,30.92000011
5/7/2024 13:00,44.86333332
5/7/2024 14:00,53.15833333
5/7/2024 15:00,44.95333341
5/7/2024 16:00,47.82833341
5/7/2024 17:00,44.75999997
5/7/2024 18:00,40.91666648
5/7/2024 19:00,22.19500006
5/7/2024 20:00,17.47833335
5/7/2024 21:00,16.69166662
5/7/2024 22:00,31.84166671
5/7/2024 23:00,38.24666678
5/8/2024,38.53166666
5/8/2024 1:00,40.0450002
5/8/2024 2:00,32.55000013
5/8/2024 3:00,37.02666667
5/8/2024 4:00,41.16666667
5/8/2024 5:00,48.19999981
5/8/2024 6:00,55.96000017
5/8/2024 7:00,59.78500004
5/8/2024 8:00,64.9416666
5/8/2024 9:00,56.21833344
5/8/2024 10:00,55.45573763
5/8/2024 11:00,38.62499981
5/8/2024 12:00,26.60999988
5/8/2024 13:00,24.67499997
5/8/2024 14:00,24.83333317
5/8/2024 15:00,31.14333337
5/8/2024 16:00,28.3
5/8/2024 17:00,28.26666663
5/8/2024 18:00,27.91333338
5/8/2024 19:00,27.52166675
5/8/2024 20:00,33.64166663
5/8/2024 21:00,32.28833323
5/8/2024 22:00,33.61000007
5/8/2024 23:00,34.57499962
5/9/2024,33.27000011
5/9/2024 1:00,31.24833326
5/9/2024 2:00,32.52833325
5/9/2024 3:00,29.33833316
5/9/2024 4:00,31.31833337
5/9/2024 5:00,30.57166684
5/9/2024 6:00,36.50333322
5/9/2024 7:00,41.47500019
5/9/2024 8:00,54.02166684
5/9/2024 9:00,50.05333296
5/9/2024 10:00,38.7100001
5/9/2024 11:00,35.53833329
5/9/2024 12:00,25.57666655
5/9/2024 13:00,16.45999999
5/9/2024 14:00,18.35000002
5/9/2024 15:00,27.19166676
5/9/2024 16:00,33.10333341
5/9/2024 17:00,34.62833319
5/9/2024 18:00,37.46999998
5/9/2024 19:00,45.69500027
5/9/2024 20:00,50.83666687
5/9/2024 21:00,53.24666659
5/9/2024 22:00,51.10833327
5/9/2024 23:00,48.61000017
5/10/2024,47.28499985
5/10/2024 1:00,40.69333324
5/10/2024 2:00,23.67333331
5/10/2024 3:00,25.45333331
5/10/2024 4:00,27.98166663
5/10/2024 5:00,23.57166662
5/10/2024 6:00,24.57666664
5/10/2024 7:00,33.59999987
5/10/2024 8:00,38.75500011
5/10/2024 9:00,37.99833298
5/10/2024 10:00,42.05999997
5/10/2024 11:00,40.45333344
5/10/2024 12:00,28.7983333
5/10/2024 13:00,22.75499996
5/10/2024 14:00,20.07833335
5/10/2024 15:00,18.71333321
5/10/2024 16:00,20.95833332
5/10/2024 17:00,22.29500001
5/10/2024 18:00,27.70833333
5/10/2024 19:00,34.45666656
5/10/2024 20:00,36.92166691
5/10/2024 21:00,41.17999999
5/10/2024 22:00,47.85333335
5/10/2024 23:00,44.92333349
5/11/2024,41.25666669
5/11/2024 1:00,37.41333338
5/11/2024 2:00,40.78333333
5/11/2024 3:00,38.25333347
5/11/2024 4:00,40.26999976
5/11/2024 5:00,39.65499992
5/11/2024 6:00,45.53833332
5/11/2024 7:00,51.13166682
5/11/2024 8:00,43.83666665
5/11/2024 9:00,40.19500011
5/11/2024 10:00,41.3016669
5/11/2024 11:00,36.50500008
5/11/2024 12:00,26.01000007
5/11/2024 13:00,21.62166665
5/11/2024 14:00,22.94499992
5/11/2024 15:00,23.09999997
5/11/2024 16:00,24.73000011
5/11/2024 17:00,27.99499998
5/11/2024 18:00,30.51166665
5/11/2024 19:00,33.5549997
5/11/2024 20:00,34.26500012
5/11/2024 21:00,43.1833334
5/11/2024 22:00,42.99166667
5/11/2024 23:00,42.10166651
5/12/2024,41.83166656
5/12/2024 1:00,40.05833346
5/12/2024 2:00,50.16666667
5/12/2024 3:00,45.94666646
5/12/2024 4:00,45.3516667
5/12/2024 5:00,45.74166698
5/12/2024 6:00,48.21333345
5/12/2024 7:00,49.41833356
5/12/2024 8:00,39.84000006
5/12/2024 9:00,21.51500003
5/12/2024 10:00,14.47166665
5/12/2024 11:00,14.95166663
5/12/2024 12:00,13.66499998
5/12/2024 13:00,13.31833334
5/12/2024 14:00,21.92166659
5/12/2024 15:00,27.54500004
5/12/2024 16:00,38.70333322
5/12/2024 17:00,37.6183334
5/12/2024 18:00,39.36666648
5/12/2024 19:00,54.61833331
5/12/2024 20:00,50.26666667
5/12/2024 21:00,52.18666674
5/12/2024 22:00,66.46666667
5/12/2024 23:00,46.22999986
5/13/2024,36.08333333
5/13/2024 1:00,31.50500002
5/13/2024 2:00,32.25833333
5/13/2024 3:00,31.82833331
5/13/2024 4:00,38.93833332
5/13/2024 5:00,36.98000005
5/13/2024 6:00,45.5083334
5/13/2024 7:00,52.76333313
5/13/2024 8:00,45.27833344
5/13/2024 9:00,22.20166664
5/13/2024 10:00,16.18833326
5/13/2024 11:00,22.45833333
5/13/2024 12:00,30.57166659
5/13/2024 13:00,28.41666668
5/13/2024 14:00,19
5/13/2024 15:00,22.04666669
5/13/2024 16:00,22.86833337
5/13/2024 17:00,26.76166665
5/13/2024 18:00,30.68666658
5/13/2024 19:00,34.76500006
5/13/2024 20:00,43.21666641
5/13/2024 21:00,56.30166645
5/13/2024 22:00,51.21333338
5/13/2024 23:00,45.03833338
5/14/2024,34.18666662
5/14/2024 1:00,33.4766667
5/14/2024 2:00,36.53999993
5/14/2024 3:00,41.74000003
5/14/2024 4:00,40.09333312
5/14/2024 5:00,52.23666681
5/14/2024 6:00,55.60333335
5/14/2024 7:00,48.82333355
5/14/2024 8:00,44.25000006
5/14/2024 9:00,36.88000008
5/14/2024 10:00,28.72499997
5/14/2024 11:00,24.14166667
5/14/2024 12:00,21.86666676
5/14/2024 13:00,20.07333317
5/14/2024 14:00,21.50000006
5/14/2024 15:00,20.9233333
5/14/2024 16:00,24.27500013
5/14/2024 17:00,26.42999992
5/14/2024 18:00,29.9316666
5/14/2024 19:00,33.95666653
5/14/2024 20:00,40.09333324
5/14/2024 21:00,52.49333337
5/14/2024 22:00,47.59499995
5/14/2024 23:00,49.39166686
5/15/2024,44.60333335
5/15/2024 1:00,45.48333327
5/15/2024 2:00,44.07000033
5/15/2024 3:00,53.39333331
5/15/2024 4:00,61.58666674
5/15/2024 5:00,61.70333335
5/15/2024 6:00,53.87333368
5/15/2024 7:00,53.11666641
5/15/2024 8:00,48.27666677
5/15/2024 9:00,37.05666663
5/15/2024 10:00,23.58833335
5/15/2024 11:00,21.94999994
5/15/2024 12:00,26.19500008
5/15/2024 13:00,NA
5/15/2024 14:00,NA
5/15/2024 15:00,NA
5/15/2024 16:00,NA
5/15/2024 17:00,NA
5/15/2024 18:00,NA
5/15/2024 19:00,NA
5/15/2024 20:00,NA
5/15/2024 21:00,NA
5/15/2024 22:00,NA
5/15/2024 23:00,NA
5/16/2024,NA
5/16/2024 1:00,NA
5/16/2024 2:00,NA
5/16/2024 3:00,NA
5/16/2024 4:00,NA
5/16/2024 5:00,NA
5/16/2024 6:00,NA
5/16/2024 7:00,NA
5/16/2024 8:00,NA
5/16/2024 9:00,NA
5/16/2024 10:00,NA
5/16/2024 11:00,NA
5/16/2024 12:00,NA
5/16/2024 13:00,NA
5/16/2024 14:00,NA
5/16/2024 15:00,NA
5/16/2024 16:00,NA
5/16/2024 17:00,NA
5/16/2024 18:00,NA
5/16/2024 19:00,NA
5/16/2024 20:00,NA
5/16/2024 21:00,NA
5/16/2024 22:00,NA
5/16/2024 23:00,NA
5/17/2024,NA
5/17/2024 1:00,NA
5/17/2024 2:00,NA
5/17/2024 3:00,NA
5/17/2024 4:00,NA
5/17/2024 5:00,NA
5/17/2024 6:00,NA
5/17/2024 7:00,NA
5/17/2024 8:00,NA
5/17/2024 9:00,NA
5/17/2024 10:00,NA
5/17/2024 11:00,NA
5/17/2024 12:00,NA
5/17/2024 13:00,NA
5/17/2024 14:00,NA
5/17/2024 15:00,NA
5/17/2024 16:00,NA
5/17/2024 17:00,NA
5/17/2024 18:00,NA
5/17/2024 19:00,NA
5/17/2024 20:00,NA
5/17/2024 21:00,NA
5/17/2024 22:00,NA
5/17/2024 23:00,NA
5/18/2024,NA
5/18/2024 1:00,NA
5/18/2024 2:00,NA
5/18/2024 3:00,NA
5/18/2024 4:00,NA
5/18/2024 5:00,NA
5/18/2024 6:00,NA
5/18/2024 7:00,NA
5/18/2024 8:00,NA
5/18/2024 9:00,NA
5/18/2024 10:00,NA
5/18/2024 11:00,NA
5/18/2024 12:00,NA
5/18/2024 13:00,NA
5/18/2024 14:00,NA
5/18/2024 15:00,NA
5/18/2024 16:00,NA
5/18/2024 17:00,NA
5/18/2024 18:00,NA
5/18/2024 19:00,NA
5/18/2024 20:00,NA
5/18/2024 21:00,NA
5/18/2024 22:00,NA
5/18/2024 23:00,NA
5/19/2024,NA
5/19/2024 1:00,NA
5/19/2024 2:00,NA
5/19/2024 3:00,NA
5/19/2024 4:00,NA
5/19/2024 5:00,NA
5/19/2024 6:00,NA
5/19/2024 7:00,NA
5/19/2024 8:00,NA
5/19/2024 9:00,NA
5/19/2024 10:00,NA
5/19/2024 11:00,NA
5/19/2024 12:00,NA
5/19/2024 13:00,NA
5/19/2024 14:00,NA
5/19/2024 15:00,NA
5/19/2024 16:00,NA
5/19/2024 17:00,NA
5/19/2024 18:00,NA
5/19/2024 19:00,NA
5/19/2024 20:00,NA
5/19/2024 21:00,NA
5/19/2024 22:00,NA
5/19/2024 23:00,NA
5/20/2024,NA
5/20/2024 1:00,NA
5/20/2024 2:00,NA
5/20/2024 3:00,NA
5/20/2024 4:00,NA
5/20/2024 5:00,NA
5/20/2024 6:00,NA
5/20/2024 7:00,NA
5/20/2024 8:00,NA
5/20/2024 9:00,NA
5/20/2024 10:00,NA
5/20/2024 11:00,NA
5/20/2024 12:00,NA
5/20/2024 13:00,NA
5/20/2024 14:00,NA
5/20/2024 15:00,NA
5/20/2024 16:00,NA
5/20/2024 17:00,NA
5/20/2024 18:00,NA
5/20/2024 19:00,NA
5/20/2024 20:00,NA
5/20/2024 21:00,NA
5/20/2024 22:00,NA
5/20/2024 23:00,NA
5/21/2024,NA
5/21/2024 1:00,NA
5/21/2024 2:00,NA
5/21/2024 3:00,NA
5/21/2024 4:00,NA
5/21/2024 5:00,NA
5/21/2024 6:00,NA
5/21/2024 7:00,NA
5/21/2024 8:00,NA
5/21/2024 9:00,NA
5/21/2024 10:00,NA
5/21/2024 11:00,NA
5/21/2024 12:00,NA
5/21/2024 13:00,NA
5/21/2024 14:00,NA
5/21/2024 15:00,NA
5/21/2024 16:00,20.51034493
5/21/2024 17:00,17.39333339
5/21/2024 18:00,16.72166654
5/21/2024 19:00,13.62999996
5/21/2024 20:00,11.98999998
5/21/2024 21:00,11.71499999
5/21/2024 22:00,10.57500005
5/21/2024 23:00,10.83833334
5/22/2024,11.2366667
5/22/2024 1:00,11.68499994
5/22/2024 2:00,14.31499998
5/22/2024 3:00,16.73833332
5/22/2024 4:00,17.84166651
5/22/2024 5:00,17.61500009
5/22/2024 6:00,15.73333329
5/22/2024 7:00,15.20666661
5/22/2024 8:00,13.54333334
5/22/2024 9:00,14.73999991
5/22/2024 10:00,13.4133333
5/22/2024 11:00,10.97999997
5/22/2024 12:00,11.88166668
5/22/2024 13:00,12.39333331
5/22/2024 14:00,13.07833333
5/22/2024 15:00,13.07500003
5/22/2024 16:00,10.1733333
5/22/2024 17:00,9.966666651
5/22/2024 18:00,10.39833337
5/22/2024 19:00,12.98000003
5/22/2024 20:00,14.46666665
5/22/2024 21:00,15.74499998
5/22/2024 22:00,15.58
5/22/2024 23:00,13.68
5/23/2024,12.55000005
5/23/2024 1:00,12.84833334
5/23/2024 2:00,11.68833335
5/23/2024 3:00,11.55499994
5/23/2024 4:00,12.01833329
5/23/2024 5:00,11.39666667
5/23/2024 6:00,10.33500004
5/23/2024 7:00,9.7383334
5/23/2024 8:00,10.40166672
5/23/2024 9:00,15.50499997
5/23/2024 10:00,16.90166669
5/23/2024 11:00,15.68166664
5/23/2024 12:00,15.07666664
5/23/2024 13:00,14.13166668
5/23/2024 14:00,14.31666668
5/23/2024 15:00,12.88999999
5/23/2024 16:00,12.69666664
5/23/2024 17:00,13.01666665
5/23/2024 18:00,14.88166674
5/23/2024 19:00,16.78499997
5/23/2024 20:00,19.21333329
5/23/2024 21:00,21.1266667
5/23/2024 22:00,20.85833327
5/23/2024 23:00,20.07666664
5/24/2024,19.80999994
5/24/2024 1:00,19.49666662
5/24/2024 2:00,19.41833337
5/24/2024 3:00,19.05500002
5/24/2024 4:00,19.64666665
5/24/2024 5:00,20.71833334
5/24/2024 6:00,20.18500004
5/24/2024 7:00,21.0733332
5/24/2024 8:00,17.91666662
5/24/2024 9:00,15.08499996
5/24/2024 10:00,14.04833334
5/24/2024 11:00,12.17333333
5/24/2024 12:00,10.75500002
5/24/2024 13:00,12.50999997
5/24/2024 14:00,13.08333332
5/24/2024 15:00,12.39666667
5/24/2024 16:00,12.20666664
5/24/2024 17:00,12.99499995
5/24/2024 18:00,13.18833335
5/24/2024 19:00,14.05833337
5/24/2024 20:00,15.83833334
5/24/2024 21:00,16.03333337
5/24/2024 22:00,17.57166665
5/24/2024 23:00,17.85499996
5/25/2024,18.94166676
5/25/2024 1:00,19.25333322
5/25/2024 2:00,19.34000003
5/25/2024 3:00,19.04333337
5/25/2024 4:00,17.41999998
5/25/2024 5:00,17.06666676
5/25/2024 6:00,16.88999998
5/25/2024 7:00,14.27000003
5/25/2024 8:00,12.30166672
5/25/2024 9:00,11.93666666
5/25/2024 10:00,11.40499997
5/25/2024 11:00,10.20833333
5/25/2024 12:00,9.39333334
5/25/2024 13:00,9.303333346
5/25/2024 14:00,10.41999997
5/25/2024 15:00,9.805000019
5/25/2024 16:00,13.17500005
5/25/2024 17:00,15.25000006
5/25/2024 18:00,15.7
5/25/2024 19:00,16.89666664
5/25/2024 20:00,21.40499999
5/25/2024 21:00,24.41833337
5/25/2024 22:00,23.67166669
5/25/2024 23:00,21.93499991
5/26/2024,20.0166666
5/26/2024 1:00,17.4516667
5/26/2024 2:00,15.81166668
5/26/2024 3:00,14.67666664
5/26/2024 4:00,14.36666665
5/26/2024 5:00,14.89666672
5/26/2024 6:00,14.6616666
5/26/2024 7:00,15.89666665
5/26/2024 8:00,15.81166663
5/26/2024 9:00,13.98666668
5/26/2024 10:00,15.00833335
5/26/2024 11:00,20.76333338
5/26/2024 12:00,18.47166662
5/26/2024 13:00,13.10833335
5/26/2024 14:00,11.105
5/26/2024 15:00,11.55833327
5/26/2024 16:00,12.34666664
5/26/2024 17:00,13.50833338
5/26/2024 18:00,15.48500002
5/26/2024 19:00,17.30000003
5/26/2024 20:00,18.59833342
5/26/2024 21:00,18.26833334
5/26/2024 22:00,20.07333323
5/26/2024 23:00,19.96666663
5/27/2024,19.7750001
5/27/2024 1:00,18.41666657
5/27/2024 2:00,19.02333342
5/27/2024 3:00,19.95500002
5/27/2024 4:00,20.29166667
5/27/2024 5:00,19.63166672
5/27/2024 6:00,17.1800001
5/27/2024 7:00,16.02833339
5/27/2024 8:00,14.44833328
5/27/2024 9:00,13.96166668
5/27/2024 10:00,12.7933334
5/27/2024 11:00,12.35833333
5/27/2024 12:00,11.43000005
5/27/2024 13:00,11.18000002
5/27/2024 14:00,12.58000007
5/27/2024 15:00,11.7333333
5/27/2024 16:00,9.473333327
5/27/2024 17:00,9.07166667
5/27/2024 18:00,9.411666616
5/27/2024 19:00,9.598333279
5/27/2024 20:00,8.681666676
5/27/2024 21:00,8.066666651
5/27/2024 22:00,7.421666662
5/27/2024 23:00,6.091666643
5/28/2024,5.511666656
5/28/2024 1:00,5.818333371
5/28/2024 2:00,5.956666708
5/28/2024 3:00,5.875000064
5/28/2024 4:00,6.673333367
5/28/2024 5:00,7.690000033
5/28/2024 6:00,8.534999998
5/28/2024 7:00,8.311666679
5/28/2024 8:00,8.428333354
5/28/2024 9:00,11.95833337
5/28/2024 10:00,14.07999999
5/28/2024 11:00,13.50999997
5/28/2024 12:00,12.01666665
5/28/2024 13:00,10.13166672
5/28/2024 14:00,10.14999998
5/28/2024 15:00,10.71666671
5/28/2024 16:00,10.33000003
5/28/2024 17:00,11.50666663
5/28/2024 18:00,12.26333335
5/28/2024 19:00,13.42833331
5/28/2024 20:00,14.50333325
5/28/2024 21:00,15.44166665
5/28/2024 22:00,17.58833348
5/28/2024 23:00,18.12999992
5/29/2024,20.06833331
5/29/2024 1:00,20.82166672
5/29/2024 2:00,21.96666676
5/29/2024 3:00,24.37666661
5/29/2024 4:00,26.11500006
5/29/2024 5:00,28.58333333
5/29/2024 6:00,26.82333349
5/29/2024 7:00,23.33166669
5/29/2024 8:00,19.79833336
5/29/2024 9:00,16.90500008
5/29/2024 10:00,NA
5/29/2024 11:00,NA
5/29/2024 12:00,20.85333344
5/29/2024 13:00,14.43333329
5/29/2024 14:00,13.34500001
5/29/2024 15:00,14.3216667
5/29/2024 16:00,14.0083333
5/29/2024 17:00,14.71666668
5/29/2024 18:00,15.32333339
5/29/2024 19:00,17
5/29/2024 20:00,19.03833335
5/29/2024 21:00,19.23999999
5/29/2024 22:00,21.63166656
5/29/2024 23:00,22.12166675
5/30/2024,22.24666665
5/30/2024 1:00,23.49666662
5/30/2024 2:00,22.9233333
5/30/2024 3:00,23.51000001
5/30/2024 4:00,24.61666673
5/30/2024 5:00,25.40833333
5/30/2024 6:00,24.96500006
5/30/2024 7:00,23.95499996
5/30/2024 8:00,18.56333335
5/30/2024 9:00,14.68666665
5/30/2024 10:00,13.45166666
5/30/2024 11:00,13.23000002
5/30/2024 12:00,13.65666666
5/30/2024 13:00,14.59999998
5/30/2024 14:00,14.70833329
5/30/2024 15:00,14.81666663
5/30/2024 16:00,16.40333333
5/30/2024 17:00,17.4566666
5/30/2024 18:00,20.11333332
5/30/2024 19:00,14.23833335
5/30/2024 20:00,10.5766667
5/30/2024 21:00,9.998333263
5/30/2024 22:00,12
5/30/2024 23:00,11.98000002
5/31/2024,12.02
5/31/2024 1:00,12.32666666
5/31/2024 2:00,13.36000004
5/31/2024 3:00,12.4216667
5/31/2024 4:00,12.39166671
5/31/2024 5:00,12.90000005
5/31/2024 6:00,13.6166667
5/31/2024 7:00,12.58166669
5/31/2024 8:00,11.18666665
5/31/2024 9:00,10.24333329
5/31/2024 10:00,13.93500005
5/31/2024 11:00,19.66666673
5/31/2024 12:00,19.1083333
5/31/2024 13:00,17.88666658
5/31/2024 14:00,17.24666659
5/31/2024 15:00,16.56166673
5/31/2024 16:00,15.5133333
5/31/2024 17:00,15.7633334
5/31/2024 18:00,15.59333337
5/31/2024 19:00,15.96166662
5/31/2024 20:00,14.37833339
5/31/2024 21:00,10.95333339
5/31/2024 22:00,12.05666668
5/31/2024 23:00,13.0766667
6/1/2024,12.70499999
6/1/2024 1:00,15.30500003
6/1/2024 2:00,14.54166668
6/1/2024 3:00,12.74000001
6/1/2024 4:00,12.15499999
6/1/2024 5:00,12.89666664
6/1/2024 6:00,13.27666664
6/1/2024 7:00,13.53166672
6/1/2024 8:00,12.27999994
6/1/2024 9:00,11.70000006
6/1/2024 10:00,13.19333339
6/1/2024 11:00,13.18666668
6/1/2024 12:00,13.94666664
6/1/2024 13:00,13.29166665
6/1/2024 14:00,13.16333338
6/1/2024 15:00,16.69333334
6/1/2024 16:00,20.49666659
6/1/2024 17:00,22.24666678
6/1/2024 18:00,21.71833331
6/1/2024 19:00,21.49000006
6/1/2024 20:00,21.62000001
6/1/2024 21:00,22.63999993
6/1/2024 22:00,22.92166653
6/1/2024 23:00,23.80499999
6/2/2024,23.22833338
6/2/2024 1:00,21.7500001
6/2/2024 2:00,21.32166675
6/2/2024 3:00,20.83000005
6/2/2024 4:00,21.62500006
6/2/2024 5:00,22.18166672
6/2/2024 6:00,21.64833323
6/2/2024 7:00,20.36000001
6/2/2024 8:00,18.5333334
6/2/2024 9:00,16.1666667
6/2/2024 10:00,16.97333339
6/2/2024 11:00,16.5533332
6/2/2024 12:00,15.46333329
6/2/2024 13:00,14.25166667
6/2/2024 14:00,13.8833333
6/2/2024 15:00,13.26833334
6/2/2024 16:00,12.53333338
6/2/2024 17:00,12.1783333
6/2/2024 18:00,14.56500007
6/2/2024 19:00,17.27166667
6/2/2024 20:00,19.01166658
6/2/2024 21:00,18.19000003
6/2/2024 22:00,18.00833333
6/2/2024 23:00,18.02500006
6/3/2024,18.32166681
6/3/2024 1:00,18.0166667
6/3/2024 2:00,17.74333334
6/3/2024 3:00,18.17166662
6/3/2024 4:00,18.95833343
6/3/2024 5:00,19.56000007
6/3/2024 6:00,21.09333337
6/3/2024 7:00,20.83166669
6/3/2024 8:00,18.72666658
6/3/2024 9:00,16.45666666
6/3/2024 10:00,15.99666667
6/3/2024 11:00,13.96166668
6/3/2024 12:00,13.25666668
6/3/2024 13:00,13.31166668
6/3/2024 14:00,12.86999998
6/3/2024 15:00,14.06166666
6/3/2024 16:00,14.33833337
6/3/2024 17:00,16.19000006
6/3/2024 18:00,17.64333331
6/3/2024 19:00,18.6316666
6/3/2024 20:00,18.54166657
6/3/2024 21:00,19.17666661
6/3/2024 22:00,18.64666665
6/3/2024 23:00,20.33833323
6/4/2024,21.22499994
6/4/2024 1:00,22.35500002
6/4/2024 2:00,23.07000001
6/4/2024 3:00,24.08999987
6/4/2024 4:00,24.85499996
6/4/2024 5:00,25.48000018
6/4/2024 6:00,25.40666663
6/4/2024 7:00,23.4016667
6/4/2024 8:00,20.80833346
6/4/2024 9:00,19.99666675
6/4/2024 10:00,18.2816666
6/4/2024 11:00,19.22999999
6/4/2024 12:00,14.52499997
6/4/2024 13:00,11.58666671
6/4/2024 14:00,9.118333371
6/4/2024 15:00,7.920000029
6/4/2024 16:00,8.357627206
6/4/2024 17:00,8.858333365
6/4/2024 18:00,10.76833336
6/4/2024 19:00,12.85333341
6/4/2024 20:00,13.5983333
6/4/2024 21:00,15.83
6/4/2024 22:00,17.89500011
6/4/2024 23:00,17.5483333
6/5/2024,16.44333331
6/5/2024 1:00,15.37000001
6/5/2024 2:00,14.03833334
6/5/2024 3:00,16.0250001
6/5/2024 4:00,16.77333336
6/5/2024 5:00,17.5916667
6/5/2024 6:00,18.33666665
6/5/2024 7:00,16.3416666
6/5/2024 8:00,13.55666664
6/5/2024 9:00,10.84833331
6/5/2024 10:00,10.49333334
6/5/2024 11:00,11.21333332
6/5/2024 12:00,11.99833337
6/5/2024 13:00,12.6133333
6/5/2024 14:00,14.2516667
6/5/2024 15:00,16.24166671
6/5/2024 16:00,17.03999999
6/5/2024 17:00,16.91666679
6/5/2024 18:00,16.39666678
6/5/2024 19:00,17.61500003
6/5/2024 20:00,19.69166673
6/5/2024 21:00,21.00833327
6/5/2024 22:00,20.94166663
6/5/2024 23:00,21.2583333
6/6/2024,19.88166679
6/6/2024 1:00,19.2783333
6/6/2024 2:00,12.56499998
6/6/2024 3:00,9.973333311
6/6/2024 4:00,8.698333279
6/6/2024 5:00,9.094999981
6/6/2024 6:00,9.758333317
6/6/2024 7:00,9.32166667
6/6/2024 8:00,9.44333334
6/6/2024 9:00,8.526666649
6/6/2024 10:00,9.673333343
6/6/2024 11:00,10.48833332
6/6/2024 12:00,9.771666718
6/6/2024 13:00,10.17166665
6/6/2024 14:00,9.580000035
6/6/2024 15:00,9.965000041
6/6/2024 16:00,11.48666668
6/6/2024 17:00,11.89000001
6/6/2024 18:00,11.93999995
6/6/2024 19:00,11.47833335
6/6/2024 20:00,11.60833332
6/6/2024 21:00,11.36666663
6/6/2024 22:00,11.68666668
6/6/2024 23:00,11.08000003
6/7/2024,11.65666668
6/7/2024 1:00,12.06500004
6/7/2024 2:00,12.80500003
6/7/2024 3:00,12.12666667
6/7/2024 4:00,12.01999998
6/7/2024 5:00,13.08666665
6/7/2024 6:00,14.98833332
6/7/2024 7:00,14.46499998
6/7/2024 8:00,12.20000002
6/7/2024 9:00,10.71666673
6/7/2024 10:00,10.19000001
6/7/2024 11:00,9.436666632
6/7/2024 12:00,9.26833334
6/7/2024 13:00,9.223333359
6/7/2024 14:00,9.084999943
6/7/2024 15:00,9.854999971
6/7/2024 16:00,10.44333334
6/7/2024 17:00,10.88
6/7/2024 18:00,11.77166673
6/7/2024 19:00,12.18500005
6/7/2024 20:00,12.82333334
6/7/2024 21:00,13.70999997
6/7/2024 22:00,14.23833332
6/7/2024 23:00,14.33166671
6/8/2024,14.25666664
6/8/2024 1:00,14.60166667
6/8/2024 2:00,14.30666666
6/8/2024 3:00,14.21833332
6/8/2024 4:00,11.97000001
6/8/2024 5:00,11.9083333
6/8/2024 6:00,12.30500002
6/8/2024 7:00,12.45333335
6/8/2024 8:00,12.30499996
6/8/2024 9:00,12.34333334
6/8/2024 10:00,12.44166663
6/8/2024 11:00,13.61499996
6/8/2024 12:00,13.77499997
6/8/2024 13:00,14.15
6/8/2024 14:00,14.12333331
6/8/2024 15:00,15.1533333
6/8/2024 16:00,15.01499998
6/8/2024 17:00,15.71499999
6/8/2024 18:00,17.22999996
6/8/2024 19:00,18.12666661
6/8/2024 20:00,18.34000006
6/8/2024 21:00,19.6
6/8/2024 22:00,19.60833327
6/8/2024 23:00,18.05666669
6/9/2024,17.73166666
6/9/2024 1:00,19.68833342
6/9/2024 2:00,21.47000004
6/9/2024 3:00,21.87666667
6/9/2024 4:00,20.52000008
6/9/2024 5:00,20.67666667
6/9/2024 6:00,21.78999996
6/9/2024 7:00,21.17333336
6/9/2024 8:00,18.40666666
6/9/2024 9:00,15.79166667
6/9/2024 10:00,15.01833332
6/9/2024 11:00,16.50333343
6/9/2024 12:00,16.12333331
6/9/2024 13:00,13.88666671
6/9/2024 14:00,13.84166662
6/9/2024 15:00,14.24333334
6/9/2024 16:00,15.28333335
6/9/2024 17:00,16.52833333
6/9/2024 18:00,17.99166663
6/9/2024 19:00,18.8500001
6/9/2024 20:00,20.60999997
6/9/2024 21:00,22.62666667
6/9/2024 22:00,27.18833338
6/9/2024 23:00,26.97000014
6/10/2024,26.40833321
6/10/2024 1:00,28.05833327
6/10/2024 2:00,29.63833329
6/10/2024 3:00,26.40166667
6/10/2024 4:00,27.08000002
6/10/2024 5:00,26.54000006
6/10/2024 6:00,23.57333336
6/10/2024 7:00,21.09666659
6/10/2024 8:00,17.48833329
6/10/2024 9:00,15.6133333
6/10/2024 10:00,15.06499993
6/10/2024 11:00,12.87833339
6/10/2024 12:00,11.92500002
6/10/2024 13:00,12.20666666
6/10/2024 14:00,13.44833331
6/10/2024 15:00,13.925
6/10/2024 16:00,14.43833342
6/10/2024 17:00,16.58333337
6/10/2024 18:00,17.32833331
6/10/2024 19:00,19.27333339
6/10/2024 20:00,20.66166662
6/10/2024 21:00,21.17833328
6/10/2024 22:00,20.80666666
6/10/2024 23:00,21.96166668
6/11/2024,22.2066666
6/11/2024 1:00,22.14166657
6/11/2024 2:00,23.18666677
6/11/2024 3:00,23.2350001
6/11/2024 4:00,23.3333333
6/11/2024 5:00,24.31166665
6/11/2024 6:00,25.07500006
6/11/2024 7:00,22.65333338
6/11/2024 8:00,18.19166673
6/11/2024 9:00,17.90666672
6/11/2024 10:00,17.74666675
6/11/2024 11:00,18.27666655
6/11/2024 12:00,16.91666654
6/11/2024 13:00,15.53333335
6/11/2024 14:00,16.69833325
6/11/2024 15:00,17.39499989
6/11/2024 16:00,17.89166679
6/11/2024 17:00,19.58333343
6/11/2024 18:00,21.65166664
6/11/2024 19:00,23.64666669
6/11/2024 20:00,25.61666673
6/11/2024 21:00,25.16666683
6/11/2024 22:00,24.75666666
6/11/2024 23:00,25.6983333
6/12/2024,25.2016667
6/12/2024 1:00,26.01833337
6/12/2024 2:00,25.18000005
6/12/2024 3:00,25.10999997
6/12/2024 4:00,25.76833337
6/12/2024 5:00,27.05500008
6/12/2024 6:00,28.03166682
6/12/2024 7:00,26.50999982
6/12/2024 8:00,23.19166667
6/12/2024 9:00,21.72333333
6/12/2024 10:00,18.76333332
6/12/2024 11:00,17.11166668
6/12/2024 12:00,17.2583334
6/12/2024 13:00,17.10666669
6/12/2024 14:00,16.92666658
6/12/2024 15:00,17.40499999
6/12/2024 16:00,18.30833324
6/12/2024 17:00,18.92999996
6/12/2024 18:00,19.68499997
6/12/2024 19:00,20.37500006
6/12/2024 20:00,21.37666674
6/12/2024 21:00,20.94500014
6/12/2024 22:00,22.1483332
6/12/2024 23:00,21.59333344
6/13/2024,21.89833336
6/13/2024 1:00,23.36333329
6/13/2024 2:00,23.02666664
6/13/2024 3:00,23.15666666
6/13/2024 4:00,24.48666665
6/13/2024 5:00,25.16166655
6/13/2024 6:00,24.77000001
6/13/2024 7:00,23.07333336
6/13/2024 8:00,21.10666669
6/13/2024 9:00,19.35333338
6/13/2024 10:00,16.7800001
6/13/2024 11:00,14.59333328
6/13/2024 12:00,14.76999997
6/13/2024 13:00,15.74166671
6/13/2024 14:00,17.50666663
6/13/2024 15:00,19.09500001
6/13/2024 16:00,21.01666683
6/13/2024 17:00,21.23666671
6/13/2024 18:00,21.96333326
6/13/2024 19:00,22.86166665
6/13/2024 20:00,22.68000002
6/13/2024 21:00,22.46833331
6/13/2024 22:00,23.82000014
6/13/2024 23:00,23.65833337
6/14/2024,24.40666656
6/14/2024 1:00,23.94833323
6/14/2024 2:00,23.80500002
6/14/2024 3:00,25.38833326
6/14/2024 4:00,26.27999986
6/14/2024 5:00,26.98000008
6/14/2024 6:00,27.08833338
6/14/2024 7:00,24.9916667
6/14/2024 8:00,21.34500011
6/14/2024 9:00,19.90499989
6/14/2024 10:00,20.16499996
6/14/2024 11:00,22.39333331
6/14/2024 12:00,20.61999998
6/14/2024 13:00,20.47333336
6/14/2024 14:00,21.79333328
6/14/2024 15:00,22.33166663
6/14/2024 16:00,23.40333328
6/14/2024 17:00,24.14833326
6/14/2024 18:00,25.47166672
6/14/2024 19:00,25.25499999
6/14/2024 20:00,25.3983333
6/14/2024 21:00,26.34666675
6/14/2024 22:00,24.97000001
6/14/2024 23:00,23.70833327
6/15/2024,24.42666667
6/15/2024 1:00,23.91000004
6/15/2024 2:00,25.0583334
6/15/2024 3:00,24.94666659
6/15/2024 4:00,24.80999991
6/15/2024 5:00,25.06500006
6/15/2024 6:00,24.26166665
6/15/2024 7:00,22.85666663
6/15/2024 8:00,21.41333345
6/15/2024 9:00,19.18166672
6/15/2024 10:00,17.7933334
6/15/2024 11:00,18.28666668
6/15/2024 12:00,17.88833326
6/15/2024 13:00,16.84833333
6/15/2024 14:00,18.65333335
6/15/2024 15:00,19.18499994
6/15/2024 16:00,20.56499993
6/15/2024 17:00,20.33833338
6/15/2024 18:00,21.18333317
6/15/2024 19:00,21.98666671
6/15/2024 20:00,22.94333331
6/15/2024 21:00,23.76500003
6/15/2024 22:00,23.59666659
6/15/2024 23:00,22.75333341
6/16/2024,22.03833342
6/16/2024 1:00,22.12666683
6/16/2024 2:00,21.06166674
6/16/2024 3:00,15.74166668
6/16/2024 4:00,12.03833332
6/16/2024 5:00,11.87000003
6/16/2024 6:00,11.33000002
6/16/2024 7:00,12.22166664
6/16/2024 8:00,12.10666664
6/16/2024 9:00,12.56166673
6/16/2024 10:00,13.68333332
6/16/2024 11:00,14.31833324
6/16/2024 12:00,14.62833336
6/16/2024 13:00,15.96499999
6/16/2024 14:00,16.895
6/16/2024 15:00,18.71333335
6/16/2024 16:00,18.43500007
6/16/2024 17:00,20.13333324
6/16/2024 18:00,20.24499995
6/16/2024 19:00,20.09833355
6/16/2024 20:00,21.86166662
6/16/2024 21:00,21.29833339
6/16/2024 22:00,19.29999987
6/16/2024 23:00,18.16333329
6/17/2024,20.89666672
6/17/2024 1:00,18.8883333
6/17/2024 2:00,13.90999997
6/17/2024 3:00,12.13166672
6/17/2024 4:00,11.11499995
6/17/2024 5:00,10.84666665
6/17/2024 6:00,11.15666661
6/17/2024 7:00,11.74333326
6/17/2024 8:00,11.76666662
6/17/2024 9:00,11.33833327
6/17/2024 10:00,10.15333331
6/17/2024 11:00,9.413333321
6/17/2024 12:00,11.66833337
6/17/2024 13:00,15.86666659
6/17/2024 14:00,17.42333339
6/17/2024 15:00,16.78500004
6/17/2024 16:00,17.99666667
6/17/2024 17:00,18.90333328
6/17/2024 18:00,20.1916667
6/17/2024 19:00,21.24500008
6/17/2024 20:00,22.48333327
6/17/2024 21:00,22.24833326
6/17/2024 22:00,23.05166664
6/17/2024 23:00,25.32166665
6/18/2024,24.54500004
6/18/2024 1:00,19.75333335
6/18/2024 2:00,15.18333329
6/18/2024 3:00,14.13666671
6/18/2024 4:00,13.13000003
6/18/2024 5:00,13.00166672
6/18/2024 6:00,14.21666665
6/18/2024 7:00,15.18333333
6/18/2024 8:00,16.51166671
6/18/2024 9:00,16.47000004
6/18/2024 10:00,13.81666663
6/18/2024 11:00,14.03333335
6/18/2024 12:00,14.08166666
6/18/2024 13:00,12.79499998
6/18/2024 14:00,13.31666665
6/18/2024 15:00,16.83999991
6/18/2024 16:00,21.17333333
6/18/2024 17:00,20.82833344
6/18/2024 18:00,19.15666682
6/18/2024 19:00,19.67166665
6/18/2024 20:00,20.76166665
6/18/2024 21:00,23.31333335
6/18/2024 22:00,22.91999992
6/18/2024 23:00,22.71833331
6/19/2024,19.49500004
6/19/2024 1:00,13.97166672
6/19/2024 2:00,11.60833329
6/19/2024 3:00,10.25333335
6/19/2024 4:00,10.09499995
6/19/2024 5:00,11.85333328
6/19/2024 6:00,12
6/19/2024 7:00,11.79333334
6/19/2024 8:00,10.56333337
6/19/2024 9:00,10.31666663
6/19/2024 10:00,10.69500003
6/19/2024 11:00,11.25333338
6/19/2024 12:00,11.79666664
6/19/2024 13:00,12.55500005
6/19/2024 14:00,13.13666668
6/19/2024 15:00,14.01333335
6/19/2024 16:00,14.65666674
6/19/2024 17:00,17.09344274
6/19/2024 18:00,18.72499994
6/19/2024 19:00,20.20166661
6/19/2024 20:00,19.08333337
6/19/2024 21:00,18.5166667
6/19/2024 22:00,15.37333318
6/19/2024 23:00,9.263333321
6/20/2024,5.843333356
6/20/2024 1:00,4.933333325
6/20/2024 2:00,4.649999928
6/20/2024 3:00,5.020000021
6/20/2024 4:00,5.8
6/20/2024 5:00,6.888333313
6/20/2024 6:00,8.284999998
6/20/2024 7:00,9.225000032
6/20/2024 8:00,9.123333311
6/20/2024 9:00,8.604999987
6/20/2024 10:00,8.291666675
6/20/2024 11:00,8.43166666
6/20/2024 12:00,9.421666654
6/20/2024 13:00,10.6666667
6/20/2024 14:00,9.501666609
6/20/2024 15:00,8.476666657
6/20/2024 16:00,8.293333356
6/20/2024 17:00,9.696666702
6/20/2024 18:00,10.32166662
6/20/2024 19:00,9.661666632
6/20/2024 20:00,9.611666663
6/20/2024 21:00,8.46333336
6/20/2024 22:00,7.133333373
6/20/2024 23:00,6.489999986
6/21/2024,6.668333324
6/21/2024 1:00,6.840000017
6/21/2024 2:00,6.771666694
6/21/2024 3:00,6.738333329
6/21/2024 4:00,7.268333332
6/21/2024 5:00,7.134999959
6/21/2024 6:00,7.890000065
6/21/2024 7:00,8.19166673
6/21/2024 8:00,7.391666675
6/21/2024 9:00,7.171666686
6/21/2024 10:00,7.826666641
6/21/2024 11:00,9.079999955
6/21/2024 12:00,8.641666643
6/21/2024 13:00,8.268333371
6/21/2024 14:00,7.628333362
6/21/2024 15:00,7.473333351
6/21/2024 16:00,7.718333316
6/21/2024 17:00,7.979999995
6/21/2024 18:00,8.626666633
6/21/2024 19:00,9.200000032
6/21/2024 20:00,9.741666698
6/21/2024 21:00,9.813333305
6/21/2024 22:00,10.28644072
6/21/2024 23:00,10.19000001
6/22/2024,8.638333329
6/22/2024 1:00,7.64666671
6/22/2024 2:00,8.518333348
6/22/2024 3:00,9.783333317
6/22/2024 4:00,10.49333334
6/22/2024 5:00,10.63333333
6/22/2024 6:00,10.13000003
6/22/2024 7:00,10.11500003
6/22/2024 8:00,9.751666689
6/22/2024 9:00,8.505000003
6/22/2024 10:00,8.351666673
6/22/2024 11:00,8.0883334
6/22/2024 12:00,9.003333306
6/22/2024 13:00,9.841666698
6/22/2024 14:00,10.39333332
6/22/2024 15:00,9.738333368
6/22/2024 16:00,9.220000029
6/22/2024 17:00,10.18666663
6/22/2024 18:00,10.93333338
6/22/2024 19:00,12.40333333
6/22/2024 20:00,13.60833329
6/22/2024 21:00,13.90000002
6/22/2024 22:00,13.8266667
6/22/2024 23:00,13.47333336
6/23/2024,12.74333336
6/23/2024 1:00,12.57833338
6/23/2024 2:00,11.725
6/23/2024 3:00,11.25166672
6/23/2024 4:00,10.2750001
6/23/2024 5:00,10.9216667
6/23/2024 6:00,11.30166669
6/23/2024 7:00,11.56666675
6/23/2024 8:00,10.19999997
6/23/2024 9:00,9.231666724
6/23/2024 10:00,9.403333346
6/23/2024 11:00,8.863333337
6/23/2024 12:00,8.479999971
6/23/2024 13:00,8.861666695
6/23/2024 14:00,8.549999984
6/23/2024 15:00,8.086666695
6/23/2024 16:00,8.23833336
6/23/2024 17:00,8.833333317
6/23/2024 18:00,9.505000003
6/23/2024 19:00,10.46166666
6/23/2024 20:00,11.66833329
6/23/2024 21:00,11.24499998
6/23/2024 22:00,11.65166669
6/23/2024 23:00,12.63000002
6/24/2024,12.64833336
6/24/2024 1:00,11.29833331
6/24/2024 2:00,10.20000003
6/24/2024 3:00,9.545000013
6/24/2024 4:00,8.891666683
6/24/2024 5:00,8.661666679
6/24/2024 6:00,9.45666666
6/24/2024 7:00,9.618333292
6/24/2024 8:00,8.250000032
6/24/2024 9:00,6.658333317
6/24/2024 10:00,6.373333367
6/24/2024 11:00,6.901666681
6/24/2024 12:00,6.803333346
6/24/2024 13:00,6.656666676
6/24/2024 14:00,6.356666668
6/24/2024 15:00,6.954999979
6/24/2024 16:00,7.941666683
6/24/2024 17:00,8.668333308
6/24/2024 18:00,9.080000003
6/24/2024 19:00,10.48499993
6/24/2024 20:00,12.02166669
6/24/2024 21:00,11.83666668
6/24/2024 22:00,13.27333337
6/24/2024 23:00,13.64333336
6/25/2024,13.82499995
6/25/2024 1:00,13.90166666
6/25/2024 2:00,13.97666664
6/25/2024 3:00,13.78500001
6/25/2024 4:00,13.61999993
6/25/2024 5:00,14.32499992
6/25/2024 6:00,15.58499999
6/25/2024 7:00,14.27333336
6/25/2024 8:00,13.72833333
6/25/2024 9:00,12.23000005
6/25/2024 10:00,12.63666668
6/25/2024 11:00,11.22833333
6/25/2024 12:00,10.58999999
6/25/2024 13:00,10.70166672
6/25/2024 14:00,11.27166669
6/25/2024 15:00,11.86666668
6/25/2024 16:00,12.12500005
6/25/2024 17:00,12.07333331
6/25/2024 18:00,11.42999997
6/25/2024 19:00,11.97833327
6/25/2024 20:00,12.80000002
6/25/2024 21:00,12.87333331
6/25/2024 22:00,12.7083334
6/25/2024 23:00,12.09166667
6/26/2024,11.0183334
6/26/2024 1:00,14.27000011
6/26/2024 2:00,15.28666668
6/26/2024 3:00,16.11833339
6/26/2024 4:00,15.44166665
6/26/2024 5:00,14.29499997
6/26/2024 6:00,12.63999999
6/26/2024 7:00,11.74333336
6/26/2024 8:00,10.4850001
6/26/2024 9:00,9.060000006
6/26/2024 10:00,7.68499999
6/26/2024 11:00,7.828333386
6/26/2024 12:00,8.050000072
6/26/2024 13:00,9.825
6/26/2024 14:00,9.671666622
6/26/2024 15:00,7.85000004
6/26/2024 16:00,7.978333362
6/26/2024 17:00,8.549152584
6/26/2024 18:00,8.888333352
6/26/2024 19:00,9.514999994
6/26/2024 20:00,10.09666669
6/26/2024 21:00,10.08
6/26/2024 22:00,10.45833333
6/26/2024 23:00,10.71166668
6/27/2024,11.305
6/27/2024 1:00,14.15500002
6/27/2024 2:00,15.89833331
6/27/2024 3:00,12.8516667
6/27/2024 4:00,11.59333336
6/27/2024 5:00,12.08666671
6/27/2024 6:00,12.14666673
6/27/2024 7:00,12.14500001
6/27/2024 8:00,10.50666664
6/27/2024 9:00,9.530000051
6/27/2024 10:00,8.781666652
6/27/2024 11:00,9.09000001
6/27/2024 12:00,8.7433333
6/27/2024 13:00,8.205000051
6/27/2024 14:00,7.67500004
6/27/2024 15:00,7.276666649
6/27/2024 16:00,6.694999981
6/27/2024 17:00,7.428333338
6/27/2024 18:00,8.455000027
6/27/2024 19:00,7.708333317
6/27/2024 20:00,8.828333362
6/27/2024 21:00,10.19333334
6/27/2024 22:00,10.89166671
6/27/2024 23:00,10.3383333
6/28/2024,10.35500003
6/28/2024 1:00,9.048333311
6/28/2024 2:00,7.174999992
6/28/2024 3:00,4.891666659
6/28/2024 4:00,4.081666652
6/28/2024 5:00,4.070000021
6/28/2024 6:00,5.024999992
6/28/2024 7:00,5.648333343
6/28/2024 8:00,6.188333305
6/28/2024 9:00,6.354999995
6/28/2024 10:00,5.946666678
6/28/2024 11:00,5.934999967
6/28/2024 12:00,6.196666622
6/28/2024 13:00,6.314999994
6/28/2024 14:00,5.426666665
6/28/2024 15:00,5.671666638
6/28/2024 16:00,6.256666644
6/28/2024 17:00,7.028333338
6/28/2024 18:00,7.506666708
6/28/2024 19:00,7.456666652
6/28/2024 20:00,7.098333335
6/28/2024 21:00,5.996666646
6/28/2024 22:00,5.578333362
6/28/2024 23:00,5.726666689
6/29/2024,6.406666708
6/29/2024 1:00,6.078333314
6/29/2024 2:00,5.31499997
6/29/2024 3:00,4.940000041
6/29/2024 4:00,4.606666605
6/29/2024 5:00,5.631666684
6/29/2024 6:00,5.856666676
6/29/2024 7:00,5.59666667
6/29/2024 8:00,6.06333336
6/29/2024 9:00,5.8316667
6/29/2024 10:00,6.104999979
6/29/2024 11:00,4.979999971
6/29/2024 12:00,3.629999999
6/29/2024 13:00,2.894999997
6/29/2024 14:00,2.67833335
6/29/2024 15:00,3.355000011
6/29/2024 16:00,3.455000003
6/29/2024 17:00,3.534999998
6/29/2024 18:00,4.196666686
6/29/2024 19:00,5.36166664
6/29/2024 20:00,5.795000013
6/29/2024 21:00,6.006666668
6/29/2024 22:00,5.991666667
6/29/2024 23:00,6.270000045
6/30/2024,6.725000024
6/30/2024 1:00,6.128333275
6/30/2024 2:00,6.314999986
6/30/2024 3:00,6.943333364
6/30/2024 4:00,6.896666702
6/30/2024 5:00,8.143333356
6/30/2024 6:00,9.688333337
6/30/2024 7:00,9.541666683
6/30/2024 8:00,8.704999995
6/30/2024 9:00,7.76833334
6/30/2024 10:00,7.700000008
6/30/2024 11:00,7.945000021
6/30/2024 12:00,6.635000014
6/30/2024 13:00,6.408333365
6/30/2024 14:00,7.226666665
6/30/2024 15:00,11.52166672
6/30/2024 16:00,9.711666632
6/30/2024 17:00,9.023333311
6/30/2024 18:00,9.14333334
6/30/2024 19:00,8
6/30/2024 20:00,8.908333413
6/30/2024 21:00,9.999999952
6/30/2024 22:00,10.41166666
6/30/2024 23:00,9.381666724
7/1/2024,NA
7/1/2024 1:00,NA
7/1/2024 2:00,NA
7/1/2024 3:00,NA
7/1/2024 4:00,NA
7/1/2024 5:00,NA
7/1/2024 6:00,NA
7/1/2024 7:00,NA
7/1/2024 8:00,NA
7/1/2024 9:00,NA
7/1/2024 10:00,NA
7/1/2024 11:00,NA
7/1/2024 12:00,NA
7/1/2024 13:00,NA
7/1/2024 14:00,NA
7/1/2024 15:00,NA
7/1/2024 16:00,NA
7/1/2024 17:00,NA
7/1/2024 18:00,NA
7/1/2024 19:00,NA
7/1/2024 20:00,NA
7/1/2024 21:00,NA
7/1/2024 22:00,NA
7/1/2024 23:00,NA
7/2/2024,NA
7/2/2024 1:00,NA
7/2/2024 2:00,NA
7/2/2024 3:00,NA
7/2/2024 4:00,NA
7/2/2024 5:00,NA
7/2/2024 6:00,NA
7/2/2024 7:00,NA
7/2/2024 8:00,NA
7/2/2024 9:00,NA
7/2/2024 10:00,NA
7/2/2024 11:00,NA
7/2/2024 12:00,NA
7/2/2024 13:00,NA
7/2/2024 14:00,NA
7/2/2024 15:00,NA
7/2/2024 16:00,NA
7/2/2024 17:00,NA
7/2/2024 18:00,NA
7/2/2024 19:00,NA
7/2/2024 20:00,NA
7/2/2024 21:00,NA
7/2/2024 22:00,NA
7/2/2024 23:00,NA
7/3/2024,NA
7/3/2024 1:00,NA
7/3/2024 2:00,NA
7/3/2024 3:00,NA
7/3/2024 4:00,NA
7/3/2024 5:00,NA
7/3/2024 6:00,NA
7/3/2024 7:00,NA
7/3/2024 8:00,NA
7/3/2024 9:00,NA
7/3/2024 10:00,NA
7/3/2024 11:00,NA
7/3/2024 12:00,NA
7/3/2024 13:00,NA
7/3/2024 14:00,NA
7/3/2024 15:00,NA
7/3/2024 16:00,NA
7/3/2024 17:00,NA
7/3/2024 18:00,NA
7/3/2024 19:00,NA
7/3/2024 20:00,NA
7/3/2024 21:00,NA
7/3/2024 22:00,NA
7/3/2024 23:00,NA
7/4/2024,NA
7/4/2024 1:00,NA
7/4/2024 2:00,NA
7/4/2024 3:00,NA
7/4/2024 4:00,NA
7/4/2024 5:00,NA
7/4/2024 6:00,NA
7/4/2024 7:00,NA
7/4/2024 8:00,NA
7/4/2024 9:00,NA
7/4/2024 10:00,NA
7/4/2024 11:00,NA
7/4/2024 12:00,NA
7/4/2024 13:00,NA
7/4/2024 14:00,NA
7/4/2024 15:00,NA
7/4/2024 16:00,NA
7/4/2024 17:00,NA
7/4/2024 18:00,NA
7/4/2024 19:00,NA
7/4/2024 20:00,NA
7/4/2024 21:00,NA
7/4/2024 22:00,NA
7/4/2024 23:00,NA
7/5/2024,NA
7/5/2024 1:00,NA
7/5/2024 2:00,NA
7/5/2024 3:00,NA
7/5/2024 4:00,NA
7/5/2024 5:00,NA
7/5/2024 6:00,NA
7/5/2024 7:00,NA
7/5/2024 8:00,NA
7/5/2024 9:00,NA
7/5/2024 10:00,NA
7/5/2024 11:00,NA
7/5/2024 12:00,NA
7/5/2024 13:00,NA
7/5/2024 14:00,NA
7/5/2024 15:00,NA
7/5/2024 16:00,NA
7/5/2024 17:00,NA
7/5/2024 18:00,NA
7/5/2024 19:00,NA
7/5/2024 20:00,NA
7/5/2024 21:00,NA
7/5/2024 22:00,NA
7/5/2024 23:00,NA
7/6/2024,NA
7/6/2024 1:00,NA
7/6/2024 2:00,NA
7/6/2024 3:00,NA
7/6/2024 4:00,NA
7/6/2024 5:00,NA
7/6/2024 6:00,NA
7/6/2024 7:00,NA
7/6/2024 8:00,NA
7/6/2024 9:00,NA
7/6/2024 10:00,NA
7/6/2024 11:00,NA
7/6/2024 12:00,NA
7/6/2024 13:00,NA
7/6/2024 14:00,NA
7/6/2024 15:00,NA
7/6/2024 16:00,NA
7/6/2024 17:00,NA
7/6/2024 18:00,NA
7/6/2024 19:00,NA
7/6/2024 20:00,NA
7/6/2024 21:00,NA
7/6/2024 22:00,NA
7/6/2024 23:00,NA
7/7/2024,NA
7/7/2024 1:00,NA
7/7/2024 2:00,NA
7/7/2024 3:00,NA
7/7/2024 4:00,NA
7/7/2024 5:00,NA
7/7/2024 6:00,NA
7/7/2024 7:00,NA
7/7/2024 8:00,NA
7/7/2024 9:00,NA
7/7/2024 10:00,NA
7/7/2024 11:00,NA
7/7/2024 12:00,NA
7/7/2024 13:00,NA
7/7/2024 14:00,NA
7/7/2024 15:00,NA
7/7/2024 16:00,NA
7/7/2024 17:00,NA
7/7/2024 18:00,NA
7/7/2024 19:00,NA
7/7/2024 20:00,NA
7/7/2024 21:00,NA
7/7/2024 22:00,NA
7/7/2024 23:00,NA
7/8/2024,NA
7/8/2024 1:00,NA
7/8/2024 2:00,NA
7/8/2024 3:00,NA
7/8/2024 4:00,NA
7/8/2024 5:00,NA
7/8/2024 6:00,NA
7/8/2024 7:00,NA
7/8/2024 8:00,NA
7/8/2024 9:00,NA
7/8/2024 10:00,NA
7/8/2024 11:00,NA
7/8/2024 12:00,NA
7/8/2024 13:00,NA
7/8/2024 14:00,NA
7/8/2024 15:00,NA
7/8/2024 16:00,NA
7/8/2024 17:00,NA
7/8/2024 18:00,NA
7/8/2024 19:00,NA
7/8/2024 20:00,NA
7/8/2024 21:00,NA
7/8/2024 22:00,NA
7/8/2024 23:00,NA
7/9/2024,NA
7/9/2024 1:00,NA
7/9/2024 2:00,NA
7/9/2024 3:00,NA
7/9/2024 4:00,NA
7/9/2024 5:00,NA
7/9/2024 6:00,NA
7/9/2024 7:00,NA
7/9/2024 8:00,NA
7/9/2024 9:00,NA
7/9/2024 10:00,NA
7/9/2024 11:00,NA
7/9/2024 12:00,NA
7/9/2024 13:00,NA
7/9/2024 14:00,NA
7/9/2024 15:00,NA
7/9/2024 16:00,NA
7/9/2024 17:00,NA
7/9/2024 18:00,NA
7/9/2024 19:00,NA
7/9/2024 20:00,NA
7/9/2024 21:00,NA
7/9/2024 22:00,NA
7/9/2024 23:00,NA
7/10/2024,NA
7/10/2024 1:00,NA
7/10/2024 2:00,NA
7/10/2024 3:00,NA
7/10/2024 4:00,NA
7/10/2024 5:00,NA
7/10/2024 6:00,NA
7/10/2024 7:00,NA
7/10/2024 8:00,NA
7/10/2024 9:00,NA
7/10/2024 10:00,NA
7/10/2024 11:00,NA
7/10/2024 12:00,NA
7/10/2024 13:00,NA
7/10/2024 14:00,NA
7/10/2024 15:00,NA
7/10/2024 16:00,NA
7/10/2024 17:00,NA
7/10/2024 18:00,NA
7/10/2024 19:00,NA
7/10/2024 20:00,NA
7/10/2024 21:00,NA
7/10/2024 22:00,NA
7/10/2024 23:00,NA
7/11/2024,NA
7/11/2024 1:00,NA
7/11/2024 2:00,NA
7/11/2024 3:00,NA
7/11/2024 4:00,NA
7/11/2024 5:00,NA
7/11/2024 6:00,NA
7/11/2024 7:00,NA
7/11/2024 8:00,NA
7/11/2024 9:00,NA
7/11/2024 10:00,NA
7/11/2024 11:00,NA
7/11/2024 12:00,NA
7/11/2024 13:00,NA
7/11/2024 14:00,NA
7/11/2024 15:00,NA
7/11/2024 16:00,NA
7/11/2024 17:00,NA
7/11/2024 18:00,NA
7/11/2024 19:00,NA
7/11/2024 20:00,NA
7/11/2024 21:00,NA
7/11/2024 22:00,NA
7/11/2024 23:00,NA
7/12/2024,NA
7/12/2024 1:00,NA
7/12/2024 2:00,NA
7/12/2024 3:00,NA
7/12/2024 4:00,NA
7/12/2024 5:00,NA
7/12/2024 6:00,NA
7/12/2024 7:00,NA
7/12/2024 8:00,NA
7/12/2024 9:00,NA
7/12/2024 10:00,NA
7/12/2024 11:00,NA
7/12/2024 12:00,NA
7/12/2024 13:00,NA
7/12/2024 14:00,NA
7/12/2024 15:00,NA
7/12/2024 16:00,NA
7/12/2024 17:00,NA
7/12/2024 18:00,NA
7/12/2024 19:00,NA
7/12/2024 20:00,NA
7/12/2024 21:00,NA
7/12/2024 22:00,NA
7/12/2024 23:00,NA
7/13/2024,NA
7/13/2024 1:00,NA
7/13/2024 2:00,NA
7/13/2024 3:00,NA
7/13/2024 4:00,NA
7/13/2024 5:00,NA
7/13/2024 6:00,NA
7/13/2024 7:00,NA
7/13/2024 8:00,NA
7/13/2024 9:00,NA
7/13/2024 10:00,NA
7/13/2024 11:00,NA
7/13/2024 12:00,NA
7/13/2024 13:00,NA
7/13/2024 14:00,NA
7/13/2024 15:00,NA
7/13/2024 16:00,NA
7/13/2024 17:00,NA
7/13/2024 18:00,NA
7/13/2024 19:00,NA
7/13/2024 20:00,NA
7/13/2024 21:00,NA
7/13/2024 22:00,NA
7/13/2024 23:00,NA
7/14/2024,NA
7/14/2024 1:00,NA
7/14/2024 2:00,NA
7/14/2024 3:00,NA
7/14/2024 4:00,NA
7/14/2024 5:00,NA
7/14/2024 6:00,NA
7/14/2024 7:00,NA
7/14/2024 8:00,NA
7/14/2024 9:00,NA
7/14/2024 10:00,NA
7/14/2024 11:00,NA
7/14/2024 12:00,NA
7/14/2024 13:00,NA
7/14/2024 14:00,NA
7/14/2024 15:00,NA
7/14/2024 16:00,NA
7/14/2024 17:00,NA
7/14/2024 18:00,NA
7/14/2024 19:00,NA
7/14/2024 20:00,NA
7/14/2024 21:00,NA
7/14/2024 22:00,NA
7/14/2024 23:00,NA
7/15/2024,NA
7/15/2024 1:00,NA
7/15/2024 2:00,NA
7/15/2024 3:00,NA
7/15/2024 4:00,NA
7/15/2024 5:00,NA
7/15/2024 6:00,NA
7/15/2024 7:00,NA
7/15/2024 8:00,NA
7/15/2024 9:00,NA
7/15/2024 10:00,NA
7/15/2024 11:00,NA
7/15/2024 12:00,NA
7/15/2024 13:00,NA
7/15/2024 14:00,NA
7/15/2024 15:00,NA
7/15/2024 16:00,NA
7/15/2024 17:00,NA
7/15/2024 18:00,NA
7/15/2024 19:00,NA
7/15/2024 20:00,NA
7/15/2024 21:00,NA
7/15/2024 22:00,NA
7/15/2024 23:00,NA
7/16/2024,NA
7/16/2024 1:00,NA
7/16/2024 2:00,NA
7/16/2024 3:00,NA
7/16/2024 4:00,NA
7/16/2024 5:00,NA
7/16/2024 6:00,NA
7/16/2024 7:00,NA
7/16/2024 8:00,NA
7/16/2024 9:00,NA
7/16/2024 10:00,NA
7/16/2024 11:00,NA
7/16/2024 12:00,NA
7/16/2024 13:00,NA
7/16/2024 14:00,NA
7/16/2024 15:00,NA
7/16/2024 16:00,NA
7/16/2024 17:00,NA
7/16/2024 18:00,NA
7/16/2024 19:00,NA
7/16/2024 20:00,NA
7/16/2024 21:00,NA
7/16/2024 22:00,NA
7/16/2024 23:00,NA
7/17/2024,NA
7/17/2024 1:00,NA
7/17/2024 2:00,NA
7/17/2024 3:00,NA
7/17/2024 4:00,NA
7/17/2024 5:00,NA
7/17/2024 6:00,NA
7/17/2024 7:00,NA
7/17/2024 8:00,NA
7/17/2024 9:00,NA
7/17/2024 10:00,NA
7/17/2024 11:00,NA
7/17/2024 12:00,NA
7/17/2024 13:00,NA
7/17/2024 14:00,NA
7/17/2024 15:00,NA
7/17/2024 16:00,NA
7/17/2024 17:00,NA
7/17/2024 18:00,NA
7/17/2024 19:00,NA
7/17/2024 20:00,NA
7/17/2024 21:00,NA
7/17/2024 22:00,NA
7/17/2024 23:00,NA
7/18/2024,NA
7/18/2024 1:00,NA
7/18/2024 2:00,NA
7/18/2024 3:00,NA
7/18/2024 4:00,NA
7/18/2024 5:00,NA
7/18/2024 6:00,NA
7/18/2024 7:00,NA
7/18/2024 8:00,NA
7/18/2024 9:00,NA
7/18/2024 10:00,NA
7/18/2024 11:00,NA
7/18/2024 12:00,NA
7/18/2024 13:00,NA
7/18/2024 14:00,NA
7/18/2024 15:00,NA
7/18/2024 16:00,NA
7/18/2024 17:00,NA
7/18/2024 18:00,NA
7/18/2024 19:00,NA
7/18/2024 20:00,NA
7/18/2024 21:00,NA
7/18/2024 22:00,NA
7/18/2024 23:00,NA
7/19/2024,NA
7/19/2024 1:00,NA
7/19/2024 2:00,NA
7/19/2024 3:00,NA
7/19/2024 4:00,NA
7/19/2024 5:00,NA
7/19/2024 6:00,NA
7/19/2024 7:00,NA
7/19/2024 8:00,NA
7/19/2024 9:00,NA
7/19/2024 10:00,NA
7/19/2024 11:00,NA
7/19/2024 12:00,NA
7/19/2024 13:00,NA
7/19/2024 14:00,NA
7/19/2024 15:00,NA
7/19/2024 16:00,NA
7/19/2024 17:00,NA
7/19/2024 18:00,NA
7/19/2024 19:00,NA
7/19/2024 20:00,NA
7/19/2024 21:00,NA
7/19/2024 22:00,NA
7/19/2024 23:00,NA
7/20/2024,NA
7/20/2024 1:00,NA
7/20/2024 2:00,NA
7/20/2024 3:00,NA
7/20/2024 4:00,NA
7/20/2024 5:00,NA
7/20/2024 6:00,NA
7/20/2024 7:00,NA
7/20/2024 8:00,NA
7/20/2024 9:00,NA
7/20/2024 10:00,NA
7/20/2024 11:00,NA
7/20/2024 12:00,NA
7/20/2024 13:00,NA
7/20/2024 14:00,NA
7/20/2024 15:00,NA
7/20/2024 16:00,NA
7/20/2024 17:00,NA
7/20/2024 18:00,NA
7/20/2024 19:00,NA
7/20/2024 20:00,NA
7/20/2024 21:00,NA
7/20/2024 22:00,NA
7/20/2024 23:00,NA
7/21/2024,NA
7/21/2024 1:00,NA
7/21/2024 2:00,NA
7/21/2024 3:00,NA
7/21/2024 4:00,NA
7/21/2024 5:00,NA
7/21/2024 6:00,NA
7/21/2024 7:00,NA
7/21/2024 8:00,NA
7/21/2024 9:00,NA
7/21/2024 10:00,NA
7/21/2024 11:00,NA
7/21/2024 12:00,NA
7/21/2024 13:00,NA
7/21/2024 14:00,NA
7/21/2024 15:00,NA
7/21/2024 16:00,NA
7/21/2024 17:00,NA
7/21/2024 18:00,NA
7/21/2024 19:00,NA
7/21/2024 20:00,NA
7/21/2024 21:00,NA
7/21/2024 22:00,NA
7/21/2024 23:00,NA
7/22/2024,NA
7/22/2024 1:00,NA
7/22/2024 2:00,NA
7/22/2024 3:00,NA
7/22/2024 4:00,NA
7/22/2024 5:00,NA
7/22/2024 6:00,NA
7/22/2024 7:00,NA
7/22/2024 8:00,NA
7/22/2024 9:00,NA
7/22/2024 10:00,NA
7/22/2024 11:00,NA
7/22/2024 12:00,NA
7/22/2024 13:00,NA
7/22/2024 14:00,NA
7/22/2024 15:00,NA
7/22/2024 16:00,NA
7/22/2024 17:00,NA
7/22/2024 18:00,NA
7/22/2024 19:00,NA
7/22/2024 20:00,NA
7/22/2024 21:00,NA
7/22/2024 22:00,NA
7/22/2024 23:00,NA
7/23/2024,NA
7/23/2024 1:00,NA
7/23/2024 2:00,NA
7/23/2024 3:00,NA
7/23/2024 4:00,NA
7/23/2024 5:00,NA
7/23/2024 6:00,NA
7/23/2024 7:00,NA
7/23/2024 8:00,NA
7/23/2024 9:00,NA
7/23/2024 10:00,NA
7/23/2024 11:00,NA
7/23/2024 12:00,NA
7/23/2024 13:00,NA
7/23/2024 14:00,NA
7/23/2024 15:00,NA
7/23/2024 16:00,NA
7/23/2024 17:00,NA
7/23/2024 18:00,NA
7/23/2024 19:00,NA
7/23/2024 20:00,NA
7/23/2024 21:00,NA
7/23/2024 22:00,NA
7/23/2024 23:00,NA
7/24/2024,NA
7/24/2024 1:00,NA
7/24/2024 2:00,NA
7/24/2024 3:00,NA
7/24/2024 4:00,NA
7/24/2024 5:00,NA
7/24/2024 6:00,NA
7/24/2024 7:00,NA
7/24/2024 8:00,NA
7/24/2024 9:00,NA
7/24/2024 10:00,NA
7/24/2024 11:00,NA
7/24/2024 12:00,NA
7/24/2024 13:00,NA
7/24/2024 14:00,NA
7/24/2024 15:00,NA
7/24/2024 16:00,NA
7/24/2024 17:00,NA
7/24/2024 18:00,NA
7/24/2024 19:00,NA
7/24/2024 20:00,NA
7/24/2024 21:00,NA
7/24/2024 22:00,NA
7/24/2024 23:00,NA
7/25/2024,NA
7/25/2024 1:00,NA
7/25/2024 2:00,NA
7/25/2024 3:00,NA
7/25/2024 4:00,NA
7/25/2024 5:00,NA
7/25/2024 6:00,NA
7/25/2024 7:00,NA
7/25/2024 8:00,NA
7/25/2024 9:00,NA
7/25/2024 10:00,NA
7/25/2024 11:00,NA
7/25/2024 12:00,NA
7/25/2024 13:00,NA
7/25/2024 14:00,NA
7/25/2024 15:00,NA
7/25/2024 16:00,NA
7/25/2024 17:00,NA
7/25/2024 18:00,NA
7/25/2024 19:00,NA
7/25/2024 20:00,NA
7/25/2024 21:00,NA
7/25/2024 22:00,NA
7/25/2024 23:00,NA
7/26/2024,NA
7/26/2024 1:00,NA
7/26/2024 2:00,NA
7/26/2024 3:00,NA
7/26/2024 4:00,NA
7/26/2024 5:00,NA
7/26/2024 6:00,NA
7/26/2024 7:00,NA
7/26/2024 8:00,NA
7/26/2024 9:00,NA
7/26/2024 10:00,NA
7/26/2024 11:00,NA
7/26/2024 12:00,NA
7/26/2024 13:00,NA
7/26/2024 14:00,NA
7/26/2024 15:00,NA
7/26/2024 16:00,NA
7/26/2024 17:00,NA
7/26/2024 18:00,NA
7/26/2024 19:00,NA
7/26/2024 20:00,NA
7/26/2024 21:00,NA
7/26/2024 22:00,NA
7/26/2024 23:00,NA
7/27/2024,NA
7/27/2024 1:00,NA
7/27/2024 2:00,NA
7/27/2024 3:00,NA
7/27/2024 4:00,NA
7/27/2024 5:00,NA
7/27/2024 6:00,NA
7/27/2024 7:00,NA
7/27/2024 8:00,NA
7/27/2024 9:00,NA
7/27/2024 10:00,NA
7/27/2024 11:00,NA
7/27/2024 12:00,NA
7/27/2024 13:00,NA
7/27/2024 14:00,NA
7/27/2024 15:00,NA
7/27/2024 16:00,NA
7/27/2024 17:00,NA
7/27/2024 18:00,NA
7/27/2024 19:00,NA
7/27/2024 20:00,NA
7/27/2024 21:00,NA
7/27/2024 22:00,NA
7/27/2024 23:00,NA
7/28/2024,NA
7/28/2024 1:00,NA
7/28/2024 2:00,NA
7/28/2024 3:00,NA
7/28/2024 4:00,NA
7/28/2024 5:00,NA
7/28/2024 6:00,NA
7/28/2024 7:00,NA
7/28/2024 8:00,NA
7/28/2024 9:00,NA
7/28/2024 10:00,NA
7/28/2024 11:00,NA
7/28/2024 12:00,NA
7/28/2024 13:00,NA
7/28/2024 14:00,NA
7/28/2024 15:00,NA
7/28/2024 16:00,NA
7/28/2024 17:00,NA
7/28/2024 18:00,NA
7/28/2024 19:00,NA
7/28/2024 20:00,NA
7/28/2024 21:00,NA
7/28/2024 22:00,NA
7/28/2024 23:00,NA
7/29/2024,NA
7/29/2024 1:00,NA
7/29/2024 2:00,NA
7/29/2024 3:00,NA
7/29/2024 4:00,NA
7/29/2024 5:00,NA
7/29/2024 6:00,NA
7/29/2024 7:00,NA
7/29/2024 8:00,NA
7/29/2024 9:00,NA
7/29/2024 10:00,NA
7/29/2024 11:00,NA
7/29/2024 12:00,NA
7/29/2024 13:00,NA
7/29/2024 14:00,NA
7/29/2024 15:00,NA
7/29/2024 16:00,NA
7/29/2024 17:00,NA
7/29/2024 18:00,NA
7/29/2024 19:00,NA
7/29/2024 20:00,NA
7/29/2024 21:00,NA
7/29/2024 22:00,NA
7/29/2024 23:00,NA
7/30/2024,NA
7/30/2024 1:00,NA
7/30/2024 2:00,NA
7/30/2024 3:00,NA
7/30/2024 4:00,NA
7/30/2024 5:00,NA
7/30/2024 6:00,NA
7/30/2024 7:00,NA
7/30/2024 8:00,NA
7/30/2024 9:00,NA
7/30/2024 10:00,NA
7/30/2024 11:00,NA
7/30/2024 12:00,NA
7/30/2024 13:00,NA
7/30/2024 14:00,NA
7/30/2024 15:00,NA
7/30/2024 16:00,NA
7/30/2024 17:00,NA
7/30/2024 18:00,NA
7/30/2024 19:00,NA
7/30/2024 20:00,NA
7/30/2024 21:00,NA
7/30/2024 22:00,NA
7/30/2024 23:00,NA
7/31/2024,NA
7/31/2024 1:00,NA
7/31/2024 2:00,NA
7/31/2024 3:00,NA
7/31/2024 4:00,NA
7/31/2024 5:00,NA
7/31/2024 6:00,NA
7/31/2024 7:00,NA
7/31/2024 8:00,NA
7/31/2024 9:00,NA
7/31/2024 10:00,NA
7/31/2024 11:00,NA
7/31/2024 12:00,NA
7/31/2024 13:00,NA
7/31/2024 14:00,NA
7/31/2024 15:00,NA
7/31/2024 16:00,NA
7/31/2024 17:00,NA
7/31/2024 18:00,NA
7/31/2024 19:00,NA
7/31/2024 20:00,NA
7/31/2024 21:00,NA
7/31/2024 22:00,NA
7/31/2024 23:00,NA
8/1/2024,NA
8/1/2024 1:00,NA
8/1/2024 2:00,NA
8/1/2024 3:00,NA
8/1/2024 4:00,NA
8/1/2024 5:00,NA
8/1/2024 6:00,NA
8/1/2024 7:00,NA
8/1/2024 8:00,NA
8/1/2024 9:00,NA
8/1/2024 10:00,NA
8/1/2024 11:00,NA
8/1/2024 12:00,NA
8/1/2024 13:00,NA
8/1/2024 14:00,NA
8/1/2024 15:00,NA
8/1/2024 16:00,NA
8/1/2024 17:00,NA
8/1/2024 18:00,NA
8/1/2024 19:00,NA
8/1/2024 20:00,NA
8/1/2024 21:00,NA
8/1/2024 22:00,NA
8/1/2024 23:00,NA
8/2/2024,NA
8/2/2024 1:00,NA
8/2/2024 2:00,NA
8/2/2024 3:00,NA
8/2/2024 4:00,NA
8/2/2024 5:00,NA
8/2/2024 6:00,NA
8/2/2024 7:00,NA
8/2/2024 8:00,NA
8/2/2024 9:00,NA
8/2/2024 10:00,NA
8/2/2024 11:00,NA
8/2/2024 12:00,NA
8/2/2024 13:00,NA
8/2/2024 14:00,NA
8/2/2024 15:00,NA
8/2/2024 16:00,NA
8/2/2024 17:00,NA
8/2/2024 18:00,NA
8/2/2024 19:00,NA
8/2/2024 20:00,NA
8/2/2024 21:00,NA
8/2/2024 22:00,NA
8/2/2024 23:00,NA
8/3/2024,NA
8/3/2024 1:00,NA
8/3/2024 2:00,NA
8/3/2024 3:00,NA
8/3/2024 4:00,NA
8/3/2024 5:00,NA
8/3/2024 6:00,NA
8/3/2024 7:00,NA
8/3/2024 8:00,NA
8/3/2024 9:00,NA
8/3/2024 10:00,NA
8/3/2024 11:00,NA
8/3/2024 12:00,NA
8/3/2024 13:00,NA
8/3/2024 14:00,NA
8/3/2024 15:00,NA
8/3/2024 16:00,NA
8/3/2024 17:00,NA
8/3/2024 18:00,NA
8/3/2024 19:00,NA
8/3/2024 20:00,NA
8/3/2024 21:00,NA
8/3/2024 22:00,NA
8/3/2024 23:00,NA
8/4/2024,NA
8/4/2024 1:00,NA
8/4/2024 2:00,NA
8/4/2024 3:00,NA
8/4/2024 4:00,NA
8/4/2024 5:00,NA
8/4/2024 6:00,NA
8/4/2024 7:00,NA
8/4/2024 8:00,NA
8/4/2024 9:00,NA
8/4/2024 10:00,NA
8/4/2024 11:00,NA
8/4/2024 12:00,NA
8/4/2024 13:00,NA
8/4/2024 14:00,NA
8/4/2024 15:00,NA
8/4/2024 16:00,NA
8/4/2024 17:00,NA
8/4/2024 18:00,NA
8/4/2024 19:00,NA
8/4/2024 20:00,NA
8/4/2024 21:00,NA
8/4/2024 22:00,NA
8/4/2024 23:00,NA
8/5/2024,NA
8/5/2024 1:00,NA
8/5/2024 2:00,NA
8/5/2024 3:00,NA
8/5/2024 4:00,NA
8/5/2024 5:00,NA
8/5/2024 6:00,NA
8/5/2024 7:00,NA
8/5/2024 8:00,NA
8/5/2024 9:00,NA
8/5/2024 10:00,NA
8/5/2024 11:00,NA
8/5/2024 12:00,NA
8/5/2024 13:00,NA
8/5/2024 14:00,NA
8/5/2024 15:00,NA
8/5/2024 16:00,NA
8/5/2024 17:00,NA
8/5/2024 18:00,NA
8/5/2024 19:00,NA
8/5/2024 20:00,NA
8/5/2024 21:00,NA
8/5/2024 22:00,NA
8/5/2024 23:00,NA
8/6/2024,NA
8/6/2024 1:00,NA
8/6/2024 2:00,NA
8/6/2024 3:00,NA
8/6/2024 4:00,NA
8/6/2024 5:00,NA
8/6/2024 6:00,NA
8/6/2024 7:00,NA
8/6/2024 8:00,NA
8/6/2024 9:00,NA
8/6/2024 10:00,NA
8/6/2024 11:00,NA
8/6/2024 12:00,NA
8/6/2024 13:00,NA
8/6/2024 14:00,NA
8/6/2024 15:00,NA
8/6/2024 16:00,NA
8/6/2024 17:00,NA
8/6/2024 18:00,NA
8/6/2024 19:00,NA
8/6/2024 20:00,NA
8/6/2024 21:00,NA
8/6/2024 22:00,NA
8/6/2024 23:00,NA
8/7/2024,NA
8/7/2024 1:00,NA
8/7/2024 2:00,NA
8/7/2024 3:00,NA
8/7/2024 4:00,NA
8/7/2024 5:00,NA
8/7/2024 6:00,NA
8/7/2024 7:00,NA
8/7/2024 8:00,NA
8/7/2024 9:00,NA
8/7/2024 10:00,NA
8/7/2024 11:00,NA
8/7/2024 12:00,NA
8/7/2024 13:00,NA
8/7/2024 14:00,NA
8/7/2024 15:00,NA
8/7/2024 16:00,NA
8/7/2024 17:00,NA
8/7/2024 18:00,NA
8/7/2024 19:00,NA
8/7/2024 20:00,NA
8/7/2024 21:00,NA
8/7/2024 22:00,NA
8/7/2024 23:00,NA
8/8/2024,NA
8/8/2024 1:00,NA
8/8/2024 2:00,NA
8/8/2024 3:00,NA
8/8/2024 4:00,NA
8/8/2024 5:00,NA
8/8/2024 6:00,NA
8/8/2024 7:00,NA
8/8/2024 8:00,NA
8/8/2024 9:00,NA
8/8/2024 10:00,NA
8/8/2024 11:00,NA
8/8/2024 12:00,NA
8/8/2024 13:00,NA
8/8/2024 14:00,NA
8/8/2024 15:00,NA
8/8/2024 16:00,NA
8/8/2024 17:00,NA
8/8/2024 18:00,NA
8/8/2024 19:00,NA
8/8/2024 20:00,NA
8/8/2024 21:00,NA
8/8/2024 22:00,NA
8/8/2024 23:00,NA
8/9/2024,NA
8/9/2024 1:00,NA
8/9/2024 2:00,NA
8/9/2024 3:00,NA
8/9/2024 4:00,NA
8/9/2024 5:00,NA
8/9/2024 6:00,NA
8/9/2024 7:00,NA
8/9/2024 8:00,NA
8/9/2024 9:00,NA
8/9/2024 10:00,NA
8/9/2024 11:00,NA
8/9/2024 12:00,NA
8/9/2024 13:00,NA
8/9/2024 14:00,NA
8/9/2024 15:00,NA
8/9/2024 16:00,NA
8/9/2024 17:00,NA
8/9/2024 18:00,NA
8/9/2024 19:00,NA
8/9/2024 20:00,NA
8/9/2024 21:00,NA
8/9/2024 22:00,NA
8/9/2024 23:00,NA
8/10/2024,NA
8/10/2024 1:00,NA
8/10/2024 2:00,NA
8/10/2024 3:00,NA
8/10/2024 4:00,NA
8/10/2024 5:00,NA
8/10/2024 6:00,NA
8/10/2024 7:00,NA
8/10/2024 8:00,NA
8/10/2024 9:00,NA
8/10/2024 10:00,NA
8/10/2024 11:00,NA
8/10/2024 12:00,NA
8/10/2024 13:00,NA
8/10/2024 14:00,NA
8/10/2024 15:00,NA
8/10/2024 16:00,NA
8/10/2024 17:00,NA
8/10/2024 18:00,NA
8/10/2024 19:00,NA
8/10/2024 20:00,NA
8/10/2024 21:00,NA
8/10/2024 22:00,NA
8/10/2024 23:00,NA
8/11/2024,NA
8/11/2024 1:00,NA
8/11/2024 2:00,NA
8/11/2024 3:00,NA
8/11/2024 4:00,NA
8/11/2024 5:00,NA
8/11/2024 6:00,NA
8/11/2024 7:00,NA
8/11/2024 8:00,NA
8/11/2024 9:00,NA
8/11/2024 10:00,NA
8/11/2024 11:00,NA
8/11/2024 12:00,NA
8/11/2024 13:00,NA
8/11/2024 14:00,NA
8/11/2024 15:00,NA
8/11/2024 16:00,NA
8/11/2024 17:00,NA
8/11/2024 18:00,NA
8/11/2024 19:00,NA
8/11/2024 20:00,NA
8/11/2024 21:00,NA
8/11/2024 22:00,NA
8/11/2024 23:00,NA
8/12/2024,NA
8/12/2024 1:00,NA
8/12/2024 2:00,NA
8/12/2024 3:00,NA
8/12/2024 4:00,NA
8/12/2024 5:00,NA
8/12/2024 6:00,NA
8/12/2024 7:00,NA
8/12/2024 8:00,NA
8/12/2024 9:00,NA
8/12/2024 10:00,NA
8/12/2024 11:00,NA
8/12/2024 12:00,NA
8/12/2024 13:00,NA
8/12/2024 14:00,NA
8/12/2024 15:00,NA
8/12/2024 16:00,NA
8/12/2024 17:00,NA
8/12/2024 18:00,NA
8/12/2024 19:00,NA
8/12/2024 20:00,NA
8/12/2024 21:00,NA
8/12/2024 22:00,NA
8/12/2024 23:00,NA
8/13/2024,NA
8/13/2024 1:00,NA
8/13/2024 2:00,NA
8/13/2024 3:00,NA
8/13/2024 4:00,NA
8/13/2024 5:00,NA
8/13/2024 6:00,NA
8/13/2024 7:00,NA
8/13/2024 8:00,NA
8/13/2024 9:00,NA
8/13/2024 10:00,NA
8/13/2024 11:00,NA
8/13/2024 12:00,NA
8/13/2024 13:00,NA
8/13/2024 14:00,NA
8/13/2024 15:00,NA
8/13/2024 16:00,NA
8/13/2024 17:00,NA
8/13/2024 18:00,NA
8/13/2024 19:00,NA
8/13/2024 20:00,NA
8/13/2024 21:00,NA
8/13/2024 22:00,NA
8/13/2024 23:00,NA
8/14/2024,NA
8/14/2024 1:00,NA
8/14/2024 2:00,NA
8/14/2024 3:00,NA
8/14/2024 4:00,NA
8/14/2024 5:00,NA
8/14/2024 6:00,NA
8/14/2024 7:00,NA
8/14/2024 8:00,NA
8/14/2024 9:00,NA
8/14/2024 10:00,NA
8/14/2024 11:00,NA
8/14/2024 12:00,NA
8/14/2024 13:00,NA
8/14/2024 14:00,NA
8/14/2024 15:00,NA
8/14/2024 16:00,NA
8/14/2024 17:00,NA
8/14/2024 18:00,NA
8/14/2024 19:00,NA
8/14/2024 20:00,NA
8/14/2024 21:00,NA
8/14/2024 22:00,NA
8/14/2024 23:00,NA
8/15/2024,NA
8/15/2024 1:00,NA
8/15/2024 2:00,NA
8/15/2024 3:00,NA
8/15/2024 4:00,NA
8/15/2024 5:00,NA
8/15/2024 6:00,NA
8/15/2024 7:00,NA
8/15/2024 8:00,NA
8/15/2024 9:00,NA
8/15/2024 10:00,NA
8/15/2024 11:00,NA
8/15/2024 12:00,NA
8/15/2024 13:00,NA
8/15/2024 14:00,NA
8/15/2024 15:00,NA
8/15/2024 16:00,NA
8/15/2024 17:00,NA
8/15/2024 18:00,NA
8/15/2024 19:00,NA
8/15/2024 20:00,NA
8/15/2024 21:00,NA
8/15/2024 22:00,NA
8/15/2024 23:00,NA
8/16/2024,NA
8/16/2024 1:00,NA
8/16/2024 2:00,NA
8/16/2024 3:00,NA
8/16/2024 4:00,NA
8/16/2024 5:00,NA
8/16/2024 6:00,NA
8/16/2024 7:00,NA
8/16/2024 8:00,NA
8/16/2024 9:00,NA
8/16/2024 10:00,NA
8/16/2024 11:00,NA
8/16/2024 12:00,NA
8/16/2024 13:00,NA
8/16/2024 14:00,NA
8/16/2024 15:00,NA
8/16/2024 16:00,NA
8/16/2024 17:00,NA
8/16/2024 18:00,NA
8/16/2024 19:00,NA
8/16/2024 20:00,NA
8/16/2024 21:00,NA
8/16/2024 22:00,NA
8/16/2024 23:00,NA
8/17/2024,NA
8/17/2024 1:00,NA
8/17/2024 2:00,NA
8/17/2024 3:00,NA
8/17/2024 4:00,NA
8/17/2024 5:00,NA
8/17/2024 6:00,NA
8/17/2024 7:00,NA
8/17/2024 8:00,NA
8/17/2024 9:00,NA
8/17/2024 10:00,NA
8/17/2024 11:00,NA
8/17/2024 12:00,NA
8/17/2024 13:00,NA
8/17/2024 14:00,NA
8/17/2024 15:00,NA
8/17/2024 16:00,NA
8/17/2024 17:00,NA
8/17/2024 18:00,NA
8/17/2024 19:00,NA
8/17/2024 20:00,NA
8/17/2024 21:00,NA
8/17/2024 22:00,NA
8/17/2024 23:00,NA
8/18/2024,NA
8/18/2024 1:00,NA
8/18/2024 2:00,NA
8/18/2024 3:00,NA
8/18/2024 4:00,NA
8/18/2024 5:00,NA
8/18/2024 6:00,NA
8/18/2024 7:00,NA
8/18/2024 8:00,NA
8/18/2024 9:00,NA
8/18/2024 10:00,NA
8/18/2024 11:00,NA
8/18/2024 12:00,NA
8/18/2024 13:00,NA
8/18/2024 14:00,NA
8/18/2024 15:00,NA
8/18/2024 16:00,NA
8/18/2024 17:00,NA
8/18/2024 18:00,NA
8/18/2024 19:00,NA
8/18/2024 20:00,NA
8/18/2024 21:00,NA
8/18/2024 22:00,NA
8/18/2024 23:00,NA
8/19/2024,NA
8/19/2024 1:00,NA
8/19/2024 2:00,NA
8/19/2024 3:00,NA
8/19/2024 4:00,NA
8/19/2024 5:00,NA
8/19/2024 6:00,NA
8/19/2024 7:00,NA
8/19/2024 8:00,NA
8/19/2024 9:00,NA
8/19/2024 10:00,NA
8/19/2024 11:00,NA
8/19/2024 12:00,NA
8/19/2024 13:00,NA
8/19/2024 14:00,NA
8/19/2024 15:00,NA
8/19/2024 16:00,NA
8/19/2024 17:00,NA
8/19/2024 18:00,NA
8/19/2024 19:00,NA
8/19/2024 20:00,NA
8/19/2024 21:00,NA
8/19/2024 22:00,NA
8/19/2024 23:00,NA
8/20/2024,NA
8/20/2024 1:00,NA
8/20/2024 2:00,NA
8/20/2024 3:00,NA
8/20/2024 4:00,NA
8/20/2024 5:00,NA
8/20/2024 6:00,NA
8/20/2024 7:00,NA
8/20/2024 8:00,NA
8/20/2024 9:00,NA
8/20/2024 10:00,NA
8/20/2024 11:00,NA
8/20/2024 12:00,NA
8/20/2024 13:00,NA
8/20/2024 14:00,NA
8/20/2024 15:00,NA
8/20/2024 16:00,NA
8/20/2024 17:00,NA
8/20/2024 18:00,NA
8/20/2024 19:00,NA
8/20/2024 20:00,NA
8/20/2024 21:00,NA
8/20/2024 22:00,NA
8/20/2024 23:00,NA
8/21/2024,NA
8/21/2024 1:00,NA
8/21/2024 2:00,NA
8/21/2024 3:00,NA
8/21/2024 4:00,NA
8/21/2024 5:00,NA
8/21/2024 6:00,NA
8/21/2024 7:00,NA
8/21/2024 8:00,NA
8/21/2024 9:00,NA
8/21/2024 10:00,NA
8/21/2024 11:00,NA
8/21/2024 12:00,NA
8/21/2024 13:00,NA
8/21/2024 14:00,NA
8/21/2024 15:00,NA
8/21/2024 16:00,NA
8/21/2024 17:00,NA
8/21/2024 18:00,NA
8/21/2024 19:00,NA
8/21/2024 20:00,NA
8/21/2024 21:00,NA
8/21/2024 22:00,NA
8/21/2024 23:00,NA
8/22/2024,NA
8/22/2024 1:00,NA
8/22/2024 2:00,NA
8/22/2024 3:00,NA
8/22/2024 4:00,NA
8/22/2024 5:00,NA
8/22/2024 6:00,NA
8/22/2024 7:00,NA
8/22/2024 8:00,NA
8/22/2024 9:00,NA
8/22/2024 10:00,NA
8/22/2024 11:00,NA
8/22/2024 12:00,NA
8/22/2024 13:00,NA
8/22/2024 14:00,NA
8/22/2024 15:00,NA
8/22/2024 16:00,NA
8/22/2024 17:00,NA
8/22/2024 18:00,NA
8/22/2024 19:00,NA
8/22/2024 20:00,NA
8/22/2024 21:00,NA
8/22/2024 22:00,NA
8/22/2024 23:00,NA
8/23/2024,NA
8/23/2024 1:00,NA
8/23/2024 2:00,NA
8/23/2024 3:00,NA
8/23/2024 4:00,NA
8/23/2024 5:00,NA
8/23/2024 6:00,NA
8/23/2024 7:00,NA
8/23/2024 8:00,NA
8/23/2024 9:00,NA
8/23/2024 10:00,NA
8/23/2024 11:00,NA
8/23/2024 12:00,NA
8/23/2024 13:00,NA
8/23/2024 14:00,NA
8/23/2024 15:00,NA
8/23/2024 16:00,NA
8/23/2024 17:00,NA
8/23/2024 18:00,NA
8/23/2024 19:00,NA
8/23/2024 20:00,NA
8/23/2024 21:00,NA
8/23/2024 22:00,NA
8/23/2024 23:00,NA
8/24/2024,NA
8/24/2024 1:00,NA
8/24/2024 2:00,NA
8/24/2024 3:00,NA
8/24/2024 4:00,NA
8/24/2024 5:00,NA
8/24/2024 6:00,NA
8/24/2024 7:00,NA
8/24/2024 8:00,NA
8/24/2024 9:00,NA
8/24/2024 10:00,NA
8/24/2024 11:00,NA
8/24/2024 12:00,NA
8/24/2024 13:00,NA
8/24/2024 14:00,NA
8/24/2024 15:00,NA
8/24/2024 16:00,NA
8/24/2024 17:00,NA
8/24/2024 18:00,NA
8/24/2024 19:00,NA
8/24/2024 20:00,NA
8/24/2024 21:00,NA
8/24/2024 22:00,NA
8/24/2024 23:00,NA
8/25/2024,NA
8/25/2024 1:00,NA
8/25/2024 2:00,NA
8/25/2024 3:00,NA
8/25/2024 4:00,NA
8/25/2024 5:00,NA
8/25/2024 6:00,NA
8/25/2024 7:00,NA
8/25/2024 8:00,NA
8/25/2024 9:00,NA
8/25/2024 10:00,NA
8/25/2024 11:00,NA
8/25/2024 12:00,NA
8/25/2024 13:00,NA
8/25/2024 14:00,NA
8/25/2024 15:00,NA
8/25/2024 16:00,NA
8/25/2024 17:00,NA
8/25/2024 18:00,NA
8/25/2024 19:00,NA
8/25/2024 20:00,NA
8/25/2024 21:00,NA
8/25/2024 22:00,NA
8/25/2024 23:00,NA
8/26/2024,NA
8/26/2024 1:00,NA
8/26/2024 2:00,NA
8/26/2024 3:00,NA
8/26/2024 4:00,NA
8/26/2024 5:00,NA
8/26/2024 6:00,NA
8/26/2024 7:00,NA
8/26/2024 8:00,NA
8/26/2024 9:00,NA
8/26/2024 10:00,NA
8/26/2024 11:00,NA
8/26/2024 12:00,NA
8/26/2024 13:00,NA
8/26/2024 14:00,NA
8/26/2024 15:00,NA
8/26/2024 16:00,NA
8/26/2024 17:00,NA
8/26/2024 18:00,NA
8/26/2024 19:00,NA
8/26/2024 20:00,NA
8/26/2024 21:00,NA
8/26/2024 22:00,NA
8/26/2024 23:00,NA
8/27/2024,NA
8/27/2024 1:00,NA
8/27/2024 2:00,NA
8/27/2024 3:00,NA
8/27/2024 4:00,NA
8/27/2024 5:00,NA
8/27/2024 6:00,NA
8/27/2024 7:00,NA
8/27/2024 8:00,NA
8/27/2024 9:00,NA
8/27/2024 10:00,NA
8/27/2024 11:00,NA
8/27/2024 12:00,NA
8/27/2024 13:00,NA
8/27/2024 14:00,NA
8/27/2024 15:00,NA
8/27/2024 16:00,NA
8/27/2024 17:00,NA
8/27/2024 18:00,NA
8/27/2024 19:00,NA
8/27/2024 20:00,NA
8/27/2024 21:00,NA
8/27/2024 22:00,NA
8/27/2024 23:00,NA
8/28/2024,NA
8/28/2024 1:00,NA
8/28/2024 2:00,NA
8/28/2024 3:00,NA
8/28/2024 4:00,NA
8/28/2024 5:00,NA
8/28/2024 6:00,NA
8/28/2024 7:00,NA
8/28/2024 8:00,NA
8/28/2024 9:00,NA
8/28/2024 10:00,NA
8/28/2024 11:00,NA
8/28/2024 12:00,NA
8/28/2024 13:00,NA
8/28/2024 14:00,NA
8/28/2024 15:00,NA
8/28/2024 16:00,NA
8/28/2024 17:00,NA
8/28/2024 18:00,NA
8/28/2024 19:00,NA
8/28/2024 20:00,NA
8/28/2024 21:00,NA
8/28/2024 22:00,NA
8/28/2024 23:00,NA
8/29/2024,NA
8/29/2024 1:00,NA
8/29/2024 2:00,NA
8/29/2024 3:00,NA
8/29/2024 4:00,NA
8/29/2024 5:00,NA
8/29/2024 6:00,NA
8/29/2024 7:00,NA
8/29/2024 8:00,NA
8/29/2024 9:00,NA
8/29/2024 10:00,NA
8/29/2024 11:00,NA
8/29/2024 12:00,NA
8/29/2024 13:00,NA
8/29/2024 14:00,NA
8/29/2024 15:00,NA
8/29/2024 16:00,NA
8/29/2024 17:00,NA
8/29/2024 18:00,NA
8/29/2024 19:00,NA
8/29/2024 20:00,NA
8/29/2024 21:00,NA
8/29/2024 22:00,NA
8/29/2024 23:00,NA
8/30/2024,NA
8/30/2024 1:00,NA
8/30/2024 2:00,NA
8/30/2024 3:00,NA
8/30/2024 4:00,NA
8/30/2024 5:00,NA
8/30/2024 6:00,NA
8/30/2024 7:00,NA
8/30/2024 8:00,NA
8/30/2024 9:00,NA
8/30/2024 10:00,NA
8/30/2024 11:00,NA
8/30/2024 12:00,NA
8/30/2024 13:00,NA
8/30/2024 14:00,NA
8/30/2024 15:00,NA
8/30/2024 16:00,NA
8/30/2024 17:00,NA
8/30/2024 18:00,NA
8/30/2024 19:00,NA
8/30/2024 20:00,NA
8/30/2024 21:00,NA
8/30/2024 22:00,NA
8/30/2024 23:00,NA
8/31/2024,NA
8/31/2024 1:00,NA
8/31/2024 2:00,NA
8/31/2024 3:00,NA
8/31/2024 4:00,NA
8/31/2024 5:00,NA
8/31/2024 6:00,NA
8/31/2024 7:00,NA
8/31/2024 8:00,NA
8/31/2024 9:00,NA
8/31/2024 10:00,NA
8/31/2024 11:00,NA
8/31/2024 12:00,NA
8/31/2024 13:00,NA
8/31/2024 14:00,NA
8/31/2024 15:00,NA
8/31/2024 16:00,NA
8/31/2024 17:00,NA
8/31/2024 18:00,NA
8/31/2024 19:00,NA
8/31/2024 20:00,NA
8/31/2024 21:00,NA
8/31/2024 22:00,NA
8/31/2024 23:00,NA
9/1/2024,3.961666652
9/1/2024 1:00,3.350000012
9/1/2024 2:00,3.881666644
9/1/2024 3:00,4.148333279
9/1/2024 4:00,3.838333325
9/1/2024 5:00,4.178333298
9/1/2024 6:00,5.091666675
9/1/2024 7:00,5.771666702
9/1/2024 8:00,6.408333381
9/1/2024 9:00,5.92166667
9/1/2024 10:00,5.15
9/1/2024 11:00,4.318333324
9/1/2024 12:00,3.906666676
9/1/2024 13:00,3.916666675
9/1/2024 14:00,3.681666684
9/1/2024 15:00,4.796666654
9/1/2024 16:00,3.605000011
9/1/2024 17:00,3.459999994
9/1/2024 18:00,3.498333339
9/1/2024 19:00,4.473333331
9/1/2024 20:00,4.541666675
9/1/2024 21:00,5.22833333
9/1/2024 22:00,5.584999998
9/1/2024 23:00,4.970000045
9/2/2024,3.880000011
9/2/2024 1:00,3.538333348
9/2/2024 2:00,3.355000027
9/2/2024 3:00,3.88500001
9/2/2024 4:00,4.345000076
9/2/2024 5:00,4.808333389
9/2/2024 6:00,5.563333305
9/2/2024 7:00,5.311666687
9/2/2024 8:00,5.866666651
9/2/2024 9:00,6.621666662
9/2/2024 10:00,6.851666657
9/2/2024 11:00,5.688333321
9/2/2024 12:00,4.414999994
9/2/2024 13:00,4.893333316
9/2/2024 14:00,4.191666651
9/2/2024 15:00,3.053333354
9/2/2024 16:00,2.674999976
9/2/2024 17:00,2.845000025
9/2/2024 18:00,2.883333337
9/2/2024 19:00,3.70333333
9/2/2024 20:00,3.741666655
9/2/2024 21:00,3.721666642
9/2/2024 22:00,3.876666685
9/2/2024 23:00,3.731666656
9/3/2024,3.339999998
9/3/2024 1:00,2.998333323
9/3/2024 2:00,2.72166667
9/3/2024 3:00,2.689999982
9/3/2024 4:00,2.918333336
9/3/2024 5:00,2.124999982
9/3/2024 6:00,2.001666663
9/3/2024 7:00,3.266666663
9/3/2024 8:00,3.101666673
9/3/2024 9:00,3.074999992
9/3/2024 10:00,2.968852465
9/3/2024 11:00,3.603333346
9/3/2024 12:00,3.816666651
9/3/2024 13:00,3.363333329
9/3/2024 14:00,2.688333329
9/3/2024 15:00,3.096666682
9/3/2024 16:00,4.798333335
9/3/2024 17:00,4.56499997
9/3/2024 18:00,4.093333344
9/3/2024 19:00,3.960000034
9/3/2024 20:00,4.629999987
9/3/2024 21:00,4.316666663
9/3/2024 22:00,3.920000013
9/3/2024 23:00,3.583333313
9/4/2024,2.949999984
9/4/2024 1:00,2.574999968
9/4/2024 2:00,2.361666679
9/4/2024 3:00,2.306666672
9/4/2024 4:00,2.530000011
9/4/2024 5:00,3.243333348
9/4/2024 6:00,4.130000023
9/4/2024 7:00,4.640000065
9/4/2024 8:00,5.530000019
9/4/2024 9:00,5.913333297
9/4/2024 10:00,6.391666691
9/4/2024 11:00,5.114999986
9/4/2024 12:00,3.793333304
9/4/2024 13:00,3.226666673
9/4/2024 14:00,3.370000013
9/4/2024 15:00,3.14000001
9/4/2024 16:00,3.094999989
9/4/2024 17:00,3.873333355
9/4/2024 18:00,5.748333367
9/4/2024 19:00,5.683333341
9/4/2024 20:00,4.96333336
9/4/2024 21:00,4.516666683
9/4/2024 22:00,4.10333331
9/4/2024 23:00,3.719999985
9/5/2024,3.669999985
9/5/2024 1:00,3.218333348
9/5/2024 2:00,2.611666648
9/5/2024 3:00,2.428333378
9/5/2024 4:00,2.49666667
9/5/2024 5:00,2.618333308
9/5/2024 6:00,3.468333344
9/5/2024 7:00,4.433333325
9/5/2024 8:00,5.356666668
9/5/2024 9:00,5.703333298
9/5/2024 10:00,6.249999992
9/5/2024 11:00,6.130000019
9/5/2024 12:00,4.854999987
9/5/2024 13:00,4.164999966
9/5/2024 14:00,4.720000021
9/5/2024 15:00,5.794999989
9/5/2024 16:00,5.54666667
9/5/2024 17:00,NA
9/5/2024 18:00,NA
9/5/2024 19:00,NA
9/5/2024 20:00,NA
9/5/2024 21:00,NA
9/5/2024 22:00,NA
9/5/2024 23:00,NA
9/6/2024,NA
9/6/2024 1:00,NA
9/6/2024 2:00,NA
9/6/2024 3:00,NA
9/6/2024 4:00,NA
9/6/2024 5:00,NA
9/6/2024 6:00,NA
9/6/2024 7:00,NA
9/6/2024 8:00,NA
9/6/2024 9:00,NA
9/6/2024 10:00,NA
9/6/2024 11:00,NA
9/6/2024 12:00,NA
9/6/2024 13:00,NA
9/6/2024 14:00,NA
9/6/2024 15:00,NA
9/6/2024 16:00,NA
9/6/2024 17:00,NA
9/6/2024 18:00,NA
9/6/2024 19:00,NA
9/6/2024 20:00,NA
9/6/2024 21:00,NA
9/6/2024 22:00,NA
9/6/2024 23:00,NA
9/7/2024,NA
9/7/2024 1:00,NA
9/7/2024 2:00,NA
9/7/2024 3:00,NA
9/7/2024 4:00,NA
9/7/2024 5:00,NA
9/7/2024 6:00,NA
9/7/2024 7:00,NA
9/7/2024 8:00,NA
9/7/2024 9:00,NA
9/7/2024 10:00,NA
9/7/2024 11:00,NA
9/7/2024 12:00,NA
9/7/2024 13:00,NA
9/7/2024 14:00,NA
9/7/2024 15:00,NA
9/7/2024 16:00,NA
9/7/2024 17:00,NA
9/7/2024 18:00,NA
9/7/2024 19:00,NA
9/7/2024 20:00,NA
9/7/2024 21:00,NA
9/7/2024 22:00,NA
9/7/2024 23:00,NA
9/8/2024,NA
9/8/2024 1:00,NA
9/8/2024 2:00,NA
9/8/2024 3:00,NA
9/8/2024 4:00,NA
9/8/2024 5:00,NA
9/8/2024 6:00,NA
9/8/2024 7:00,NA
9/8/2024 8:00,NA
9/8/2024 9:00,NA
9/8/2024 10:00,NA
9/8/2024 11:00,NA
9/8/2024 12:00,NA
9/8/2024 13:00,NA
9/8/2024 14:00,NA
9/8/2024 15:00,NA
9/8/2024 16:00,NA
9/8/2024 17:00,NA
9/8/2024 18:00,NA
9/8/2024 19:00,NA
9/8/2024 20:00,NA
9/8/2024 21:00,NA
9/8/2024 22:00,NA
9/8/2024 23:00,NA
9/9/2024,NA
9/9/2024 1:00,NA
9/9/2024 2:00,NA
9/9/2024 3:00,NA
9/9/2024 4:00,NA
9/9/2024 5:00,NA
9/9/2024 6:00,NA
9/9/2024 7:00,NA
9/9/2024 8:00,NA
9/9/2024 9:00,NA
9/9/2024 10:00,NA
9/9/2024 11:00,NA
9/9/2024 12:00,NA
9/9/2024 13:00,NA
9/9/2024 14:00,NA
9/9/2024 15:00,NA
9/9/2024 16:00,NA
9/9/2024 17:00,NA
9/9/2024 18:00,NA
9/9/2024 19:00,NA
9/9/2024 20:00,NA
9/9/2024 21:00,NA
9/9/2024 22:00,NA
9/9/2024 23:00,NA
9/10/2024,NA
9/10/2024 1:00,NA
9/10/2024 2:00,NA
9/10/2024 3:00,NA
9/10/2024 4:00,NA
9/10/2024 5:00,NA
9/10/2024 6:00,NA
9/10/2024 7:00,NA
9/10/2024 8:00,NA
9/10/2024 9:00,NA
9/10/2024 10:00,NA
9/10/2024 11:00,NA
9/10/2024 12:00,NA
9/10/2024 13:00,NA
9/10/2024 14:00,NA
9/10/2024 15:00,NA
9/10/2024 16:00,NA
9/10/2024 17:00,NA
9/10/2024 18:00,NA
9/10/2024 19:00,NA
9/10/2024 20:00,NA
9/10/2024 21:00,NA
9/10/2024 22:00,NA
9/10/2024 23:00,NA
9/11/2024,NA
9/11/2024 1:00,NA
9/11/2024 2:00,NA
9/11/2024 3:00,NA
9/11/2024 4:00,NA
9/11/2024 5:00,NA
9/11/2024 6:00,NA
9/11/2024 7:00,NA
9/11/2024 8:00,NA
9/11/2024 9:00,NA
9/11/2024 10:00,NA
9/11/2024 11:00,NA
9/11/2024 12:00,NA
9/11/2024 13:00,NA
9/11/2024 14:00,NA
9/11/2024 15:00,NA
9/11/2024 16:00,NA
9/11/2024 17:00,NA
9/11/2024 18:00,NA
9/11/2024 19:00,NA
9/11/2024 20:00,NA
9/11/2024 21:00,NA
9/11/2024 22:00,NA
9/11/2024 23:00,NA
9/12/2024,NA
9/12/2024 1:00,NA
9/12/2024 2:00,NA
9/12/2024 3:00,NA
9/12/2024 4:00,NA
9/12/2024 5:00,NA
9/12/2024 6:00,NA
9/12/2024 7:00,NA
9/12/2024 8:00,NA
9/12/2024 9:00,NA
9/12/2024 10:00,NA
9/12/2024 11:00,NA
9/12/2024 12:00,NA
9/12/2024 13:00,NA
9/12/2024 14:00,NA
9/12/2024 15:00,NA
9/12/2024 16:00,NA
9/12/2024 17:00,NA
9/12/2024 18:00,NA
9/12/2024 19:00,NA
9/12/2024 20:00,NA
9/12/2024 21:00,NA
9/12/2024 22:00,NA
9/12/2024 23:00,NA
9/13/2024,NA
9/13/2024 1:00,NA
9/13/2024 2:00,NA
9/13/2024 3:00,NA
9/13/2024 4:00,NA
9/13/2024 5:00,NA
9/13/2024 6:00,NA
9/13/2024 7:00,NA
9/13/2024 8:00,NA
9/13/2024 9:00,NA
9/13/2024 10:00,NA
9/13/2024 11:00,NA
9/13/2024 12:00,NA
9/13/2024 13:00,NA
9/13/2024 14:00,NA
9/13/2024 15:00,NA
9/13/2024 16:00,NA
9/13/2024 17:00,NA
9/13/2024 18:00,NA
9/13/2024 19:00,NA
9/13/2024 20:00,NA
9/13/2024 21:00,NA
9/13/2024 22:00,NA
9/13/2024 23:00,NA
9/14/2024,NA
9/14/2024 1:00,NA
9/14/2024 2:00,NA
9/14/2024 3:00,NA
9/14/2024 4:00,NA
9/14/2024 5:00,NA
9/14/2024 6:00,NA
9/14/2024 7:00,NA
9/14/2024 8:00,NA
9/14/2024 9:00,NA
9/14/2024 10:00,NA
9/14/2024 11:00,NA
9/14/2024 12:00,NA
9/14/2024 13:00,NA
9/14/2024 14:00,NA
9/14/2024 15:00,NA
9/14/2024 16:00,NA
9/14/2024 17:00,NA
9/14/2024 18:00,NA
9/14/2024 19:00,NA
9/14/2024 20:00,NA
9/14/2024 21:00,NA
9/14/2024 22:00,NA
9/14/2024 23:00,NA
9/15/2024,NA
9/15/2024 1:00,NA
9/15/2024 2:00,NA
9/15/2024 3:00,NA
9/15/2024 4:00,NA
9/15/2024 5:00,NA
9/15/2024 6:00,NA
9/15/2024 7:00,NA
9/15/2024 8:00,NA
9/15/2024 9:00,NA
9/15/2024 10:00,NA
9/15/2024 11:00,NA
9/15/2024 12:00,NA
9/15/2024 13:00,NA
9/15/2024 14:00,NA
9/15/2024 15:00,NA
9/15/2024 16:00,NA
9/15/2024 17:00,NA
9/15/2024 18:00,NA
9/15/2024 19:00,NA
9/15/2024 20:00,NA
9/15/2024 21:00,NA
9/15/2024 22:00,NA
9/15/2024 23:00,NA
9/16/2024,NA
9/16/2024 1:00,NA
9/16/2024 2:00,NA
9/16/2024 3:00,NA
9/16/2024 4:00,NA
9/16/2024 5:00,NA
9/16/2024 6:00,NA
9/16/2024 7:00,NA
9/16/2024 8:00,NA
9/16/2024 9:00,NA
9/16/2024 10:00,NA
9/16/2024 11:00,NA
9/16/2024 12:00,NA
9/16/2024 13:00,NA
9/16/2024 14:00,NA
9/16/2024 15:00,NA
9/16/2024 16:00,NA
9/16/2024 17:00,NA
9/16/2024 18:00,NA
9/16/2024 19:00,NA
9/16/2024 20:00,NA
9/16/2024 21:00,NA
9/16/2024 22:00,NA
9/16/2024 23:00,NA
9/17/2024,NA
9/17/2024 1:00,NA
9/17/2024 2:00,NA
9/17/2024 3:00,NA
9/17/2024 4:00,NA
9/17/2024 5:00,NA
9/17/2024 6:00,NA
9/17/2024 7:00,NA
9/17/2024 8:00,NA
9/17/2024 9:00,NA
9/17/2024 10:00,NA
9/17/2024 11:00,NA
9/17/2024 12:00,NA
9/17/2024 13:00,NA
9/17/2024 14:00,NA
9/17/2024 15:00,NA
9/17/2024 16:00,NA
9/17/2024 17:00,NA
9/17/2024 18:00,NA
9/17/2024 19:00,NA
9/17/2024 20:00,NA
9/17/2024 21:00,NA
9/17/2024 22:00,NA
9/17/2024 23:00,NA
9/18/2024,NA
9/18/2024 1:00,NA
9/18/2024 2:00,NA
9/18/2024 3:00,NA
9/18/2024 4:00,NA
9/18/2024 5:00,NA
9/18/2024 6:00,NA
9/18/2024 7:00,NA
9/18/2024 8:00,NA
9/18/2024 9:00,NA
9/18/2024 10:00,NA
9/18/2024 11:00,NA
9/18/2024 12:00,NA
9/18/2024 13:00,NA
9/18/2024 14:00,NA
9/18/2024 15:00,NA
9/18/2024 16:00,NA
9/18/2024 17:00,NA
9/18/2024 18:00,NA
9/18/2024 19:00,NA
9/18/2024 20:00,NA
9/18/2024 21:00,NA
9/18/2024 22:00,NA
9/18/2024 23:00,NA
9/19/2024,NA
9/19/2024 1:00,NA
9/19/2024 2:00,NA
9/19/2024 3:00,NA
9/19/2024 4:00,NA
9/19/2024 5:00,NA
9/19/2024 6:00,NA
9/19/2024 7:00,NA
9/19/2024 8:00,NA
9/19/2024 9:00,NA
9/19/2024 10:00,NA
9/19/2024 11:00,NA
9/19/2024 12:00,NA
9/19/2024 13:00,NA
9/19/2024 14:00,14.74833328
9/19/2024 15:00,15.81166665
9/19/2024 16:00,15.21999998
9/19/2024 17:00,17.67833322
9/19/2024 18:00,22.22499994
9/19/2024 19:00,21.48499997
9/19/2024 20:00,17.99333328
9/19/2024 21:00,19.34833341
9/19/2024 22:00,22.12333342
9/19/2024 23:00,25.83833329
9/20/2024,26.61499999
9/20/2024 1:00,24.50833337
9/20/2024 2:00,25.86833334
9/20/2024 3:00,22.16166658
9/20/2024 4:00,21.21666663
9/20/2024 5:00,24.94666669
9/20/2024 6:00,37.73666668
9/20/2024 7:00,33.03333324
9/20/2024 8:00,39.34999997
9/20/2024 9:00,36.5066665
9/20/2024 10:00,24.11666657
9/20/2024 11:00,17.46500007
9/20/2024 12:00,20.33499991
9/20/2024 13:00,25.55499996
9/20/2024 14:00,18.19672134
9/20/2024 15:00,19.66833337
9/20/2024 16:00,33.31666651
9/20/2024 17:00,31.04833323
9/20/2024 18:00,33.99166667
9/20/2024 19:00,38.09666675
9/20/2024 20:00,27.35500002
9/20/2024 21:00,26.9333334
9/20/2024 22:00,25.82333326
9/20/2024 23:00,36.53000008
9/21/2024,37.49833361
9/21/2024 1:00,22.08833329
9/21/2024 2:00,25.02333336
9/21/2024 3:00,21.73333337
9/21/2024 4:00,27.47999999
9/21/2024 5:00,26.20666666
9/21/2024 6:00,37.35333366
9/21/2024 7:00,29.00333344
9/21/2024 8:00,30.79166667
9/21/2024 9:00,28.32666674
9/21/2024 10:00,17.86999993
9/21/2024 11:00,12.14833337
9/21/2024 12:00,11.21166668
9/21/2024 13:00,10.36166671
9/21/2024 14:00,10.31666671
9/21/2024 15:00,10.64000003
9/21/2024 16:00,18.56499998
9/21/2024 17:00,27.87666658
9/21/2024 18:00,33.16999998
9/21/2024 19:00,39.47666648
9/21/2024 20:00,29.57500003
9/21/2024 21:00,25.46166665
9/21/2024 22:00,35.44833336
9/21/2024 23:00,35.1916667
9/22/2024,24.7733332
9/22/2024 1:00,23.36333326
9/22/2024 2:00,21.5655738
9/22/2024 3:00,27.24166651
9/22/2024 4:00,26.33666674
9/22/2024 5:00,30.68166647
9/22/2024 6:00,37.39999984
9/22/2024 7:00,36.69666681
9/22/2024 8:00,36.33999996
9/22/2024 9:00,29.79333331
9/22/2024 10:00,22.47833327
9/22/2024 11:00,22.72666661
9/22/2024 12:00,21.24666672
9/22/2024 13:00,19.51499999
9/22/2024 14:00,18.18333346
9/22/2024 15:00,17.75833341
9/22/2024 16:00,16.56333329
9/22/2024 17:00,31.74999994
9/22/2024 18:00,41.47833328
9/22/2024 19:00,48.00499999
9/22/2024 20:00,54.175
9/22/2024 21:00,36.85166674
9/22/2024 22:00,34.78833338
9/22/2024 23:00,36.97666664
9/23/2024,34.7916666
9/23/2024 1:00,28.89999994
9/23/2024 2:00,32.32166675
9/23/2024 3:00,39.9983331
9/23/2024 4:00,40.18000002
9/23/2024 5:00,42.07833335
9/23/2024 6:00,51.58833351
9/23/2024 7:00,39.81999992
9/23/2024 8:00,39.07833322
9/23/2024 9:00,37.64499995
9/23/2024 10:00,35.69833298
9/23/2024 11:00,20.97333328
9/23/2024 12:00,17.41833336
9/23/2024 13:00,16.42000014
9/23/2024 14:00,16.15666666
9/23/2024 15:00,21.78499994
9/23/2024 16:00,20.79833339
9/23/2024 17:00,21.17166665
9/23/2024 18:00,25.32999996
9/23/2024 19:00,33.7816665
9/23/2024 20:00,38.26333345
9/23/2024 21:00,31.74666665
9/23/2024 22:00,27.45833324
9/23/2024 23:00,28.99333344
9/24/2024,26.18833335
9/24/2024 1:00,22.31166684
9/24/2024 2:00,22.83833335
9/24/2024 3:00,26.07166662
9/24/2024 4:00,27.5066666
9/24/2024 5:00,31.36666686
9/24/2024 6:00,39.57333333
9/24/2024 7:00,41.13833332
9/24/2024 8:00,50.69666646
9/24/2024 9:00,33.18166656
9/24/2024 10:00,27.4500001
9/24/2024 11:00,40.42500013
9/24/2024 12:00,39.50000003
9/24/2024 13:00,31.94666672
9/24/2024 14:00,24.98666665
9/24/2024 15:00,18.05166663
9/24/2024 16:00,25.53500004
9/24/2024 17:00,28.37999992
9/24/2024 18:00,25.89500011
9/24/2024 19:00,27.90333328
9/24/2024 20:00,31.99333334
9/24/2024 21:00,20.79666662
9/24/2024 22:00,23.68500001
9/24/2024 23:00,22.52166665
9/25/2024,19.38166672
9/25/2024 1:00,17.98833338
9/25/2024 2:00,21.98999996
9/25/2024 3:00,24.05166667
9/25/2024 4:00,13.75333345
9/25/2024 5:00,6.178333338
9/25/2024 6:00,10.905
9/25/2024 7:00,17.66999997
9/25/2024 8:00,19.64500022
9/25/2024 9:00,29.60500008
9/25/2024 10:00,22.2983333
9/25/2024 11:00,31.07966093
9/25/2024 12:00,19.22833336
9/25/2024 13:00,18.03500002
9/25/2024 14:00,16.26833332
9/25/2024 15:00,16.87166677
9/25/2024 16:00,17.39499997
9/25/2024 17:00,20.80833337
9/25/2024 18:00,24.50666672
9/25/2024 19:00,26.71999989
9/25/2024 20:00,24.17500005
9/25/2024 21:00,16.98833327
9/25/2024 22:00,19.63000013
9/25/2024 23:00,13.91166665
9/26/2024,15.36333343
9/26/2024 1:00,14.12833336
9/26/2024 2:00,12.41999998
9/26/2024 3:00,12.81311476
9/26/2024 4:00,15.31833336
9/26/2024 5:00,19.64833336
9/26/2024 6:00,29.28999987
9/26/2024 7:00,28.11833344
9/26/2024 8:00,31.58500001
9/26/2024 9:00,38.21166668
9/26/2024 10:00,30.99833323
9/26/2024 11:00,19.64000009
9/26/2024 12:00,14.07833327
9/26/2024 13:00,14.795
9/26/2024 14:00,8.500000008
9/26/2024 15:00,10.695
9/26/2024 16:00,11.28666672
9/26/2024 17:00,10.0133333
9/26/2024 18:00,11.67999996
9/26/2024 19:00,11.59000004
9/26/2024 20:00,8.191666659
9/26/2024 21:00,8.114999986
9/26/2024 22:00,13.71833332
9/26/2024 23:00,13.62499998
9/27/2024,5.86166664
9/27/2024 1:00,5.263333348
9/27/2024 2:00,10.06333339
9/27/2024 3:00,NA
9/27/2024 4:00,NA
9/27/2024 5:00,NA
9/27/2024 6:00,NA
9/27/2024 7:00,NA
9/27/2024 8:00,11.875
9/27/2024 9:00,15.75166658
9/27/2024 10:00,16.4766668
9/27/2024 11:00,15.29499992
9/27/2024 12:00,13.86000015
9/27/2024 13:00,13.20166661
9/27/2024 14:00,14.04166663
9/27/2024 15:00,14.51999997
9/27/2024 16:00,16.10333339
9/27/2024 17:00,16.11833336
9/27/2024 18:00,11.16666664
9/27/2024 19:00,14.70833332
9/27/2024 20:00,13.84166673
9/27/2024 21:00,10.48499996
9/27/2024 22:00,8.123333375
9/27/2024 23:00,4.661666652
9/28/2024,3.350000008
9/28/2024 1:00,4.528333326
9/28/2024 2:00,3.811666663
9/28/2024 3:00,3.098333329
9/28/2024 4:00,2.591666657
9/28/2024 5:00,3.698333351
9/28/2024 6:00,5.099999976
9/28/2024 7:00,6.444999985
9/28/2024 8:00,8.916666675
9/28/2024 9:00,14.7833333
9/28/2024 10:00,17.83833335
9/28/2024 11:00,20.16333335
9/28/2024 12:00,23.48500004
9/28/2024 13:00,25.15166667
9/28/2024 14:00,18.30666658
9/28/2024 15:00,18.72181827
9/28/2024 16:00,16.16000005
9/28/2024 17:00,16.78500005
9/28/2024 18:00,32.35666653
9/28/2024 19:00,40.66333345
9/28/2024 20:00,49.53666662
9/28/2024 21:00,50.27500019
9/28/2024 22:00,35.22333342
9/28/2024 23:00,28.45666669
9/29/2024,37.32666661
9/29/2024 1:00,34.06166665
9/29/2024 2:00,31.32166653
9/29/2024 3:00,30.83666671
9/29/2024 4:00,32.82500006
9/29/2024 5:00,31.70500005
9/29/2024 6:00,32.03666643
9/29/2024 7:00,32.61833321
9/29/2024 8:00,41.76333345
9/29/2024 9:00,52.15499999
9/29/2024 10:00,51.59500001
9/29/2024 11:00,19.28333322
9/29/2024 12:00,8.733333341
9/29/2024 13:00,8.018333316
9/29/2024 14:00,10.57666671
9/29/2024 15:00,9.886666671
9/29/2024 16:00,11.3733333
9/29/2024 17:00,13.055
9/29/2024 18:00,18.50166661
9/29/2024 19:00,24.17166672
9/29/2024 20:00,30.06833329
9/29/2024 21:00,28.48333354
9/29/2024 22:00,30.84833349
9/29/2024 23:00,40.42166659
9/30/2024,29.98999996
9/30/2024 1:00,25.42833335
9/30/2024 2:00,24.69666665
9/30/2024 3:00,26.39666656
9/30/2024 4:00,25.56000001
9/30/2024 5:00,28.82833335
9/30/2024 6:00,29.41333335
9/30/2024 7:00,28.88666674
9/30/2024 8:00,35.83500007
9/30/2024 9:00,37.4816665
9/30/2024 10:00,26.01666663
9/30/2024 11:00,13.40500005
9/30/2024 12:00,6.426666649
9/30/2024 13:00,8.618333332
9/30/2024 14:00,8.841666675
9/30/2024 15:00,10.52711865
9/30/2024 16:00,10.97999996
9/30/2024 17:00,13.16500001
9/30/2024 18:00,15.98833329
9/30/2024 19:00,15.32999994
9/30/2024 20:00,14.3833333
9/30/2024 21:00,16.72333328
9/30/2024 22:00,24.47999999
9/30/2024 23:00,19.83333341
10/1/2024,14.4366667
10/1/2024 1:00,15.63666662
10/1/2024 2:00,16.27666663
10/1/2024 3:00,12.58166663
10/1/2024 4:00,13.06666662
10/1/2024 5:00,20.29666659
10/1/2024 6:00,32.31666663
10/1/2024 7:00,33.03499982
10/1/2024 8:00,27.08666652
10/1/2024 9:00,27.68833326
10/1/2024 10:00,25.53666665
10/1/2024 11:00,21.67333333
10/1/2024 12:00,15.82666666
10/1/2024 13:00,11.57166666
10/1/2024 14:00,9.713333305
10/1/2024 15:00,11.00499999
10/1/2024 16:00,12.78166661
10/1/2024 17:00,15.65333339
10/1/2024 18:00,19.58500002
10/1/2024 19:00,16.38833334
10/1/2024 20:00,17.75499997
10/1/2024 21:00,19.88500004
10/1/2024 22:00,19.64999997
10/1/2024 23:00,24.61166668
10/2/2024,25.60333325
10/2/2024 1:00,23.59666662
10/2/2024 2:00,24.66833337
10/2/2024 3:00,26.44333324
10/2/2024 4:00,25.68333343
10/2/2024 5:00,29.88666668
10/2/2024 6:00,37.10666666
10/2/2024 7:00,32.57166681
10/2/2024 8:00,37.72666651
10/2/2024 9:00,36.55333341
10/2/2024 10:00,27.53333343
10/2/2024 11:00,18.05166664
10/2/2024 12:00,12.68000003
10/2/2024 13:00,13.69666669
10/2/2024 14:00,17.3183332
10/2/2024 15:00,17.38333333
10/2/2024 16:00,19.41666671
10/2/2024 17:00,24.91500003
10/2/2024 18:00,28.51999998
10/2/2024 19:00,28.525
10/2/2024 20:00,27.19833326
10/2/2024 21:00,29.42999986
10/2/2024 22:00,29.9733333
10/2/2024 23:00,30.82666664
10/3/2024,27.16333326
10/3/2024 1:00,25.12833335
10/3/2024 2:00,23.51500012
10/3/2024 3:00,23.04999997
10/3/2024 4:00,18.80499996
10/3/2024 5:00,14.20166669
10/3/2024 6:00,17.58999995
10/3/2024 7:00,18.85666663
10/3/2024 8:00,20.41333332
10/3/2024 9:00,18.05666671
10/3/2024 10:00,18.26166674
10/3/2024 11:00,18.40166664
10/3/2024 12:00,18.60166664
10/3/2024 13:00,12.18999998
10/3/2024 14:00,14.77999999
10/3/2024 15:00,16.54666665
10/3/2024 16:00,20.30166659
10/3/2024 17:00,22.7666667
10/3/2024 18:00,24.02833331
10/3/2024 19:00,22.73333333
10/3/2024 20:00,17.60666672
10/3/2024 21:00,19.77500006
10/3/2024 22:00,18.07666672
10/3/2024 23:00,14.73833323
10/4/2024,13.45666669
10/4/2024 1:00,12.4283333
10/4/2024 2:00,13.95833333
10/4/2024 3:00,13.12833331
10/4/2024 4:00,8.870000013
10/4/2024 5:00,14.11666671
10/4/2024 6:00,20.87999991
10/4/2024 7:00,20.23000013
10/4/2024 8:00,17.51166663
10/4/2024 9:00,14.10666664
10/4/2024 10:00,13.1233333
10/4/2024 11:00,13.26166665
10/4/2024 12:00,12.7033333
10/4/2024 13:00,12.02333336
10/4/2024 14:00,12.74166663
10/4/2024 15:00,13.61499995
10/4/2024 16:00,12.50000005
10/4/2024 17:00,15.18666671
10/4/2024 18:00,15.225
10/4/2024 19:00,17.25500005
10/4/2024 20:00,18.59333334
10/4/2024 21:00,23.76333323
10/4/2024 22:00,26.21999995
10/4/2024 23:00,23.63166661
10/5/2024,17.73666671
10/5/2024 1:00,18.26166674
10/5/2024 2:00,15.35000013
10/5/2024 3:00,12.93333333
10/5/2024 4:00,15.39500001
10/5/2024 5:00,18.32499994
10/5/2024 6:00,27.72500006
10/5/2024 7:00,21.12166664
10/5/2024 8:00,19.99666659
10/5/2024 9:00,18.06333342
10/5/2024 10:00,14.96333334
10/5/2024 11:00,14.3983333
10/5/2024 12:00,14.75500005
10/5/2024 13:00,13.07833335
10/5/2024 14:00,13.65
10/5/2024 15:00,13.495
10/5/2024 16:00,16.56999989
10/5/2024 17:00,20.24999998
10/5/2024 18:00,24.77833338
10/5/2024 19:00,19.69333344
10/5/2024 20:00,17.36999998
10/5/2024 21:00,14.63999995
10/5/2024 22:00,15.56166668
10/5/2024 23:00,9.256666692
10/6/2024,4.533333333
10/6/2024 1:00,8.396666662
10/6/2024 2:00,10.86999997
10/6/2024 3:00,9.413333321
10/6/2024 4:00,10.89333331
10/6/2024 5:00,12.49333339
10/6/2024 6:00,21.18333332
10/6/2024 7:00,24.87833341
10/6/2024 8:00,25.84666662
10/6/2024 9:00,27.96500012
10/6/2024 10:00,28.12999996
10/6/2024 11:00,29.92166665
10/6/2024 12:00,28.49833323
10/6/2024 13:00,21.73499994
10/6/2024 14:00,16.59166675
10/6/2024 15:00,16.28666662
10/6/2024 16:00,17.06333338
10/6/2024 17:00,20.72333336
10/6/2024 18:00,20.34166663
10/6/2024 19:00,20.12999996
10/6/2024 20:00,19.90833337
10/6/2024 21:00,21.68666665
10/6/2024 22:00,20.01666671
10/6/2024 23:00,22.66166668
10/7/2024,20.8733333
10/7/2024 1:00,19.13000011
10/7/2024 2:00,18.8850001
10/7/2024 3:00,19.17166659
10/7/2024 4:00,20.18833329
10/7/2024 5:00,26.87166662
10/7/2024 6:00,36.75666672
10/7/2024 7:00,33.74500008
10/7/2024 8:00,31.38666677
10/7/2024 9:00,25.82499997
10/7/2024 10:00,25.72500003
10/7/2024 11:00,19.06000002
10/7/2024 12:00,15.1083333
10/7/2024 13:00,13.49333331
10/7/2024 14:00,13.59999997
10/7/2024 15:00,14.47999999
10/7/2024 16:00,16.64166654
10/7/2024 17:00,19.98166669
10/7/2024 18:00,22.47833325
10/7/2024 19:00,20.41666667
10/7/2024 20:00,22.20166661
10/7/2024 21:00,22.34833345
10/7/2024 22:00,21.05999997
10/7/2024 23:00,24.51333326
10/8/2024,25.07166659
10/8/2024 1:00,22.40999997
10/8/2024 2:00,20.71333326
10/8/2024 3:00,22.73500004
10/8/2024 4:00,21.43833342
10/8/2024 5:00,26.77666664
10/8/2024 6:00,36.18166663
10/8/2024 7:00,37.33666665
10/8/2024 8:00,26.23833319
10/8/2024 9:00,28.11666679
10/8/2024 10:00,28.17833322
10/8/2024 11:00,18.26499995
10/8/2024 12:00,13.95666672
10/8/2024 13:00,13.4633333
10/8/2024 14:00,13.35500005
10/8/2024 15:00,13.89499998
10/8/2024 16:00,16.2483333
10/8/2024 17:00,19.01499999
10/8/2024 18:00,20.95166672
10/8/2024 19:00,21.28333344
10/8/2024 20:00,21.70166661
10/8/2024 21:00,21.75500008
10/8/2024 22:00,21.49666669
10/8/2024 23:00,20.94666662
10/9/2024,21.3666667
10/9/2024 1:00,20.93833338
10/9/2024 2:00,22.0083334
10/9/2024 3:00,29.83666665
10/9/2024 4:00,27.81333326
10/9/2024 5:00,30.11166639
10/9/2024 6:00,50.17833322
10/9/2024 7:00,38.59333324
10/9/2024 8:00,36.0016667
10/9/2024 9:00,32.78333324
10/9/2024 10:00,29.44333334
10/9/2024 11:00,16.33666677
10/9/2024 12:00,13.56499993
10/9/2024 13:00,14.48499997
10/9/2024 14:00,16.61166658
10/9/2024 15:00,16.47833335
10/9/2024 16:00,17.40499996
10/9/2024 17:00,20.59500004
10/9/2024 18:00,20.73333327
10/9/2024 19:00,23.35333335
10/9/2024 20:00,22.65166677
10/9/2024 21:00,23.24666678
10/9/2024 22:00,25.23833332
10/9/2024 23:00,28.43999999
10/10/2024,31.01166662
10/10/2024 1:00,28.37833335
10/10/2024 2:00,24.18166669
10/10/2024 3:00,25.7999999
10/10/2024 4:00,31.94833339
10/10/2024 5:00,36.24499998
10/10/2024 6:00,36.28999974
10/10/2024 7:00,43.15999991
10/10/2024 8:00,37.36000004
10/10/2024 9:00,35.80000013
10/10/2024 10:00,35.68833367
10/10/2024 11:00,23.90833356
10/10/2024 12:00,16.69666665
10/10/2024 13:00,17.8016665
10/10/2024 14:00,19.58666662
10/10/2024 15:00,20.93833323
10/10/2024 16:00,25.55666669
10/10/2024 17:00,29.01833337
10/10/2024 18:00,30.99166651
10/10/2024 19:00,31.87166656
10/10/2024 20:00,31.50833324
10/10/2024 21:00,34.99833345
10/10/2024 22:00,34.09500014
10/10/2024 23:00,37.58333327
10/11/2024,34.31333342
10/11/2024 1:00,32.97666651
10/11/2024 2:00,33.43166669
10/11/2024 3:00,32.50666653
10/11/2024 4:00,34.58360666
10/11/2024 5:00,37.72166678
10/11/2024 6:00,50.80500018
10/11/2024 7:00,44.58333333
10/11/2024 8:00,41.82166665
10/11/2024 9:00,38.45500005
10/11/2024 10:00,28.9816666
10/11/2024 11:00,24.54000006
10/11/2024 12:00,26.35333335
10/11/2024 13:00,24.37166659
10/11/2024 14:00,21.32833338
10/11/2024 15:00,21.725
10/11/2024 16:00,26.99333331
10/11/2024 17:00,30.1100001
10/11/2024 18:00,33.6316666
10/11/2024 19:00,37.96333338
10/11/2024 20:00,40.9450002
10/11/2024 21:00,49.96833331
10/11/2024 22:00,46.75500005
10/11/2024 23:00,43.54333324
10/12/2024,40.61166668
10/12/2024 1:00,36.83000018
10/12/2024 2:00,35.7566665
10/12/2024 3:00,36.57166678
10/12/2024 4:00,39.25500005
10/12/2024 5:00,41.23166644
10/12/2024 6:00,47.20333354
10/12/2024 7:00,48.33833345
10/12/2024 8:00,49.46333338
10/12/2024 9:00,39.94333344
10/12/2024 10:00,34.10166664
10/12/2024 11:00,25.2266667
10/12/2024 12:00,20.99499989
10/12/2024 13:00,23.16999995
10/12/2024 14:00,23.2233332
10/12/2024 15:00,27.02999996
10/12/2024 16:00,35.85333325
10/12/2024 17:00,38.6066666
10/12/2024 18:00,33.30833327
10/12/2024 19:00,34.5916667
10/12/2024 20:00,32.4583334
10/12/2024 21:00,37.9083334
10/12/2024 22:00,41.17999992
10/12/2024 23:00,44.16999963
10/13/2024,40.78499997
10/13/2024 1:00,36.12999986
10/13/2024 2:00,34.69999994
10/13/2024 3:00,31.5399999
10/13/2024 4:00,28.2499999
10/13/2024 5:00,31.88333333
10/13/2024 6:00,32.99333328
10/13/2024 7:00,35.80833327
10/13/2024 8:00,34.44666653
10/13/2024 9:00,33.4066665
10/13/2024 10:00,29.25666672
10/13/2024 11:00,25.6500001
10/13/2024 12:00,24.13999996
10/13/2024 13:00,21.37666664
10/13/2024 14:00,22.3333333
10/13/2024 15:00,23.30333338
10/13/2024 16:00,24.73999996
10/13/2024 17:00,29.6311477
10/13/2024 18:00,34.23500004
10/13/2024 19:00,35.56333326
10/13/2024 20:00,37.02833322
10/13/2024 21:00,41.6733333
10/13/2024 22:00,40.82833309
10/13/2024 23:00,40.22999992
10/14/2024,37.04833361
10/14/2024 1:00,34.40166645
10/14/2024 2:00,34.03999996
10/14/2024 3:00,33.27833341
10/14/2024 4:00,33.60666669
10/14/2024 5:00,32.59833339
10/14/2024 6:00,40.70500005
10/14/2024 7:00,42.67500006
10/14/2024 8:00,37.92833322
10/14/2024 9:00,36.57166659
10/14/2024 10:00,31.62999989
10/14/2024 11:00,29.32000001
10/14/2024 12:00,23.54000009
10/14/2024 13:00,22.74833333
10/14/2024 14:00,23.80333335
10/14/2024 15:00,28.49166679
10/14/2024 16:00,31.35000006
10/14/2024 17:00,36.81833331
10/14/2024 18:00,41.14833336
10/14/2024 19:00,43.50666688
10/14/2024 20:00,46.51333338
10/14/2024 21:00,46.44333344
10/14/2024 22:00,50.22999992
10/14/2024 23:00,56.52166659
10/15/2024,51.70833365
10/15/2024 1:00,51.34333324
10/15/2024 2:00,49.80000006
10/15/2024 3:00,53.64333299
10/15/2024 4:00,49.50666682
10/15/2024 5:00,51.23500004
10/15/2024 6:00,58.77666683
10/15/2024 7:00,54.87999999
10/15/2024 8:00,55.0333334
10/15/2024 9:00,49.94000003
10/15/2024 10:00,43.7149999
10/15/2024 11:00,30.71666644
10/15/2024 12:00,24.37333336
10/15/2024 13:00,28.08666668
10/15/2024 14:00,26.78333337
10/15/2024 15:00,29.19833333
10/15/2024 16:00,34.49166667
10/15/2024 17:00,39.72950795
10/15/2024 18:00,43.52833316
10/15/2024 19:00,47.8233333
10/15/2024 20:00,52.60666663
10/15/2024 21:00,57.67666651
10/15/2024 22:00,58.75833346
10/15/2024 23:00,58.98166676
10/16/2024,53.76666667
10/16/2024 1:00,49.39666678
10/16/2024 2:00,47.66499977
10/16/2024 3:00,47.15166677
10/16/2024 4:00,48.07000008
10/16/2024 5:00,47.91999976
10/16/2024 6:00,47.23833326
10/16/2024 7:00,52.90833327
10/16/2024 8:00,50.5233333
10/16/2024 9:00,44.11833312
10/16/2024 10:00,44.63333327
10/16/2024 11:00,40.04833349
10/16/2024 12:00,36.78000011
10/16/2024 13:00,35.41333348
10/16/2024 14:00,34.56666667
10/16/2024 15:00,40.36666654
10/16/2024 16:00,50.90333322
10/16/2024 17:00,59.4649999
10/16/2024 18:00,64.33666655
10/16/2024 19:00,64.57333361
10/16/2024 20:00,70.52333349
10/16/2024 21:00,72.19499982
10/16/2024 22:00,72.57500025
10/16/2024 23:00,69.83333333
10/17/2024,66.82333361
10/17/2024 1:00,66.54500033
10/17/2024 2:00,72.62666626
10/17/2024 3:00,69.94333356
10/17/2024 4:00,71.49666646
10/17/2024 5:00,68.40666707
10/17/2024 6:00,72.03333327
10/17/2024 7:00,69.14166692
10/17/2024 8:00,67.98666668
10/17/2024 9:00,63.39833342
10/17/2024 10:00,70.05166626
10/17/2024 11:00,56.45500011
10/17/2024 12:00,34.92833296
10/17/2024 13:00,33.74000003
10/17/2024 14:00,37.01333332
10/17/2024 15:00,46.83166676
10/17/2024 16:00,49.47000001
10/17/2024 17:00,58.39166673
10/17/2024 18:00,66.02833328
10/17/2024 19:00,70.22666664
10/17/2024 20:00,72.14166667
10/17/2024 21:00,71.21166655
10/17/2024 22:00,70.80499942
10/17/2024 23:00,69.60166664
10/18/2024,65.28666668
10/18/2024 1:00,63.73333295
10/18/2024 2:00,70.3283329
10/18/2024 3:00,56.1416666
10/18/2024 4:00,55.36333332
10/18/2024 5:00,58.05833321
10/18/2024 6:00,66.01833331
10/18/2024 7:00,66.83166656
10/18/2024 8:00,63.61999969
10/18/2024 9:00,64.21833312
10/18/2024 10:00,54.54999987
10/18/2024 11:00,42.97499994
10/18/2024 12:00,43.07999999
10/18/2024 13:00,45.22999999
10/18/2024 14:00,48.08000011
10/18/2024 15:00,51.52333336
10/18/2024 16:00,57.82333355
10/18/2024 17:00,61.70333328
10/18/2024 18:00,69.58833389
10/18/2024 19:00,73.05333341
10/18/2024 20:00,77.02833303
10/18/2024 21:00,85.36833318
10/18/2024 22:00,79.34333293
10/18/2024 23:00,72.39500008
10/19/2024,63.63833326
10/19/2024 1:00,56.03500004
10/19/2024 2:00,50.72833316
10/19/2024 3:00,43.81166649
10/19/2024 4:00,45.25000013
10/19/2024 5:00,44.89666678
10/19/2024 6:00,49.22333323
10/19/2024 7:00,60.69666672
10/19/2024 8:00,64.97833366
10/19/2024 9:00,60.51666648
10/19/2024 10:00,59.25499999
10/19/2024 11:00,50.18333321
10/19/2024 12:00,37.75333328
10/19/2024 13:00,40.81500022
10/19/2024 14:00,41.61499983
10/19/2024 15:00,48.26333357
10/19/2024 16:00,52.2350001
10/19/2024 17:00,58.67166684
10/19/2024 18:00,65.03499991
10/19/2024 19:00,69.3833327
10/19/2024 20:00,72.34666634
10/19/2024 21:00,71.28166644
10/19/2024 22:00,67.84499995
10/19/2024 23:00,61.63833326
10/20/2024,59.00499999
10/20/2024 1:00,56.67333342
10/20/2024 2:00,57.51333345
10/20/2024 3:00,55.84999987
10/20/2024 4:00,55.66666679
10/20/2024 5:00,56.85833327
10/20/2024 6:00,64.1016667
10/20/2024 7:00,68.13166663
10/20/2024 8:00,63.79166667
10/20/2024 9:00,56.17666664
10/20/2024 10:00,55.97833335
10/20/2024 11:00,51.24666672
10/20/2024 12:00,39.4850001
10/20/2024 13:00,42.16166652
10/20/2024 14:00,42.29166648
10/20/2024 15:00,42.96666667
10/20/2024 16:00,47.30499973
10/20/2024 17:00,55.68833294
10/20/2024 18:00,68.54666672
10/20/2024 19:00,53.9704915
10/20/2024 20:00,44.64999987
10/20/2024 21:00,48.71166649
10/20/2024 22:00,58.03166663
10/20/2024 23:00,57.71999995
10/21/2024,50.13833357
10/21/2024 1:00,46.40166658
10/21/2024 2:00,45.06166681
10/21/2024 3:00,48.09666672
10/21/2024 4:00,37.51666673
10/21/2024 5:00,41.14000003
10/21/2024 6:00,62.51500015
10/21/2024 7:00,53.8233333
10/21/2024 8:00,53.11999976
10/21/2024 9:00,49.46833331
10/21/2024 10:00,38.28000005
10/21/2024 11:00,38.47000001
10/21/2024 12:00,32.90833333
10/21/2024 13:00,35.36833347
10/21/2024 14:00,39.67000001
10/21/2024 15:00,42.98867949
10/21/2024 16:00,44.88200012
10/21/2024 17:00,58.88666668
10/21/2024 18:00,69.29500014
10/21/2024 19:00,75.33499972
10/21/2024 20:00,75.5133337
10/21/2024 21:00,57.90999991
10/21/2024 22:00,53.40333335
10/21/2024 23:00,46.70166658
10/22/2024,51.24406795
10/22/2024 1:00,42.41166655
10/22/2024 2:00,48.27499994
10/22/2024 3:00,38.70833333
10/22/2024 4:00,51.30000006
10/22/2024 5:00,54.84999994
10/22/2024 6:00,77.06833356
10/22/2024 7:00,64.288333
10/22/2024 8:00,68.73442622
10/22/2024 9:00,59.33666668
10/22/2024 10:00,49.01000004
10/22/2024 11:00,29.42833339
10/22/2024 12:00,16.64499993
10/22/2024 13:00,20.49333328
10/22/2024 14:00,25.15166674
10/22/2024 15:00,24.88813565
10/22/2024 16:00,30.47627113
10/22/2024 17:00,38.26833312
10/22/2024 18:00,36.78833329
10/22/2024 19:00,46.94000009
10/22/2024 20:00,57.39666653
10/22/2024 21:00,46.16500003
10/22/2024 22:00,46.70499999
10/22/2024 23:00,39.33999996
10/23/2024,46.14833323
10/23/2024 1:00,42.21333332
10/23/2024 2:00,36.37000008
10/23/2024 3:00,35.9166666
10/23/2024 4:00,35.17000008
10/23/2024 5:00,43.15166664
10/23/2024 6:00,52.26000017
10/23/2024 7:00,56.78499985
10/23/2024 8:00,57.82499994
10/23/2024 9:00,58.56666686
10/23/2024 10:00,49.27333317
10/23/2024 11:00,25.46333353
10/23/2024 12:00,13.98833335
10/23/2024 13:00,14.93833332
10/23/2024 14:00,21.97999983
10/23/2024 15:00,21.55500003
10/23/2024 16:00,25.64166663
10/23/2024 17:00,31.12166656
10/23/2024 18:00,33.16833334
10/23/2024 19:00,40.69166663
10/23/2024 20:00,43.87333317
10/23/2024 21:00,36.54333318
10/23/2024 22:00,37.00333341
10/23/2024 23:00,29.8083333
10/24/2024,30.53833342
10/24/2024 1:00,28.68305074
10/24/2024 2:00,26.52000004
10/24/2024 3:00,29.55333335
10/24/2024 4:00,32.30166661
10/24/2024 5:00,36.56000017
10/24/2024 6:00,54.68833338
10/24/2024 7:00,57.5833334
10/24/2024 8:00,47.16499996
10/24/2024 9:00,44.97833341
10/24/2024 10:00,43.02499997
10/24/2024 11:00,18.1300001
10/24/2024 12:00,16.33500007
10/24/2024 13:00,14.16166674
10/24/2024 14:00,15.22833327
10/24/2024 15:00,16.92333326
10/24/2024 16:00,21.44666662
10/24/2024 17:00,23.20833327
10/24/2024 18:00,27.3916667
10/24/2024 19:00,37.27833347
10/24/2024 20:00,27.99016387
10/24/2024 21:00,32.76000004
10/24/2024 22:00,33.8850001
10/24/2024 23:00,26.26833337
10/25/2024,31.87333317
10/25/2024 1:00,31.70833343
10/25/2024 2:00,42.04999994
10/25/2024 3:00,36.38166631
10/25/2024 4:00,32.4683334
10/25/2024 5:00,34.33833303
10/25/2024 6:00,49.25000013
10/25/2024 7:00,54.48833319
10/25/2024 8:00,47.39166679
10/25/2024 9:00,47.45
10/25/2024 10:00,43.46166668
10/25/2024 11:00,36.78666655
10/25/2024 12:00,39.1233333
10/25/2024 13:00,33.04499995
10/25/2024 14:00,24.32333345
10/25/2024 15:00,16.84333334
10/25/2024 16:00,21.99000001
10/25/2024 17:00,29.25833314
10/25/2024 18:00,32.55500002
10/25/2024 19:00,41.60000013
10/25/2024 20:00,38.6666666
10/25/2024 21:00,40.93833332
10/25/2024 22:00,32.44500008
10/25/2024 23:00,32.72833328
10/26/2024,35.84499979
10/26/2024 1:00,37.74666684
10/26/2024 2:00,36.59333312
10/26/2024 3:00,39.87833338
10/26/2024 4:00,27.3066666
10/26/2024 5:00,30.51499996
10/26/2024 6:00,38.05500024
10/26/2024 7:00,40.14500001
10/26/2024 8:00,44.825
10/26/2024 9:00,47.11666673
10/26/2024 10:00,43.76833337
10/26/2024 11:00,43.00000006
10/26/2024 12:00,39.88000005
10/26/2024 13:00,20.94833342
10/26/2024 14:00,18.68333341
10/26/2024 15:00,18.75166669
10/26/2024 16:00,22.2683335
10/26/2024 17:00,29.71499987
10/26/2024 18:00,32.34666637
10/26/2024 19:00,31.71666679
10/26/2024 20:00,30.51000017
10/26/2024 21:00,39.56500003
10/26/2024 22:00,38.04999994
10/26/2024 23:00,42.09166648
10/27/2024,35.56333338
10/27/2024 1:00,34.81166674
10/27/2024 2:00,35.13000015
10/27/2024 3:00,32.90499986
10/27/2024 4:00,38.16000017
10/27/2024 5:00,41.96666673
10/27/2024 6:00,54.02500013
10/27/2024 7:00,48.84067775
10/27/2024 8:00,42.25833352
10/27/2024 9:00,33.64499992
10/27/2024 10:00,35.77166694
10/27/2024 11:00,37.57500006
10/27/2024 12:00,22.96333323
10/27/2024 13:00,20.40000013
10/27/2024 14:00,19.94333337
10/27/2024 15:00,22.46499999
10/27/2024 16:00,24.23666684
10/27/2024 17:00,27.73333343
10/27/2024 18:00,30.25166667
10/27/2024 19:00,27.83666677
10/27/2024 20:00,27.70333335
10/27/2024 21:00,33.6
10/27/2024 22:00,45.88499997
10/27/2024 23:00,42.30500005
10/28/2024,32.00833321
10/28/2024 1:00,27.91499993
10/28/2024 2:00,31.25666663
10/28/2024 3:00,28.01499999
10/28/2024 4:00,30.04999997
10/28/2024 5:00,31.85333335
10/28/2024 6:00,42.02833303
10/28/2024 7:00,45.11666654
10/28/2024 8:00,43.01000023
10/28/2024 9:00,40.288333
10/28/2024 10:00,35.34499976
10/28/2024 11:00,33.7100002
10/28/2024 12:00,20.99333331
10/28/2024 13:00,20.13500017
10/28/2024 14:00,19.19499982
10/28/2024 15:00,20.69833323
10/28/2024 16:00,22.5416667
10/28/2024 17:00,24.28500013
10/28/2024 18:00,27.17333336
10/28/2024 19:00,27.52333336
10/28/2024 20:00,25.4833333
10/28/2024 21:00,31.13499994
10/28/2024 22:00,40.81803262
10/28/2024 23:00,35.66000007
10/29/2024,28.82333336
10/29/2024 1:00,24.2583333
10/29/2024 2:00,26.27833341
10/29/2024 3:00,26.50333335
10/29/2024 4:00,28.79166654
10/29/2024 5:00,41.71999985
10/29/2024 6:00,49.45999991
10/29/2024 7:00,53.22499981
10/29/2024 8:00,38.71500022
10/29/2024 9:00,35.53000031
10/29/2024 10:00,36.76333319
10/29/2024 11:00,21.2199999
10/29/2024 12:00,12.34500001
10/29/2024 13:00,12.6716667
10/29/2024 14:00,15.76500007
10/29/2024 15:00,17.28166674
10/29/2024 16:00,20.12068966
10/29/2024 17:00,20.95000013
10/29/2024 18:00,27.23833332
10/29/2024 19:00,29.09000003
10/29/2024 20:00,29.55833343
10/29/2024 21:00,37.90499999
10/29/2024 22:00,36.13333308
10/29/2024 23:00,32.39666659
10/30/2024,26.71833337
10/30/2024 1:00,24.26500003
10/30/2024 2:00,23.6
10/30/2024 3:00,23.58000005
10/30/2024 4:00,26.31166668
10/30/2024 5:00,37.12499994
10/30/2024 6:00,46.1333334
10/30/2024 7:00,36.46999989
10/30/2024 8:00,36.30500008
10/30/2024 9:00,31.27833331
10/30/2024 10:00,30.91500003
10/30/2024 11:00,NA
10/30/2024 12:00,NA
10/30/2024 13:00,15.70166666
10/30/2024 14:00,NA
10/30/2024 15:00,NA
10/30/2024 16:00,32.57068979
10/30/2024 17:00,36.59666675
10/30/2024 18:00,41.78333308
10/30/2024 19:00,48.06333313
10/30/2024 20:00,52.82333336
10/30/2024 21:00,64.52500051
10/30/2024 22:00,61.83833332
10/30/2024 23:00,66.35333328
10/31/2024,47.63999996
10/31/2024 1:00,46.8333334
10/31/2024 2:00,48.31166674
10/31/2024 3:00,44.44499989
10/31/2024 4:00,45.18999977
10/31/2024 5:00,53.20166677
10/31/2024 6:00,64.27999986
10/31/2024 7:00,53.32166665
10/31/2024 8:00,53.3733331
10/31/2024 9:00,52.15999991
10/31/2024 10:00,47.42999986
10/31/2024 11:00,39.62745098
10/31/2024 12:00,NA
10/31/2024 13:00,NA
10/31/2024 14:00,NA
10/31/2024 15:00,NA
10/31/2024 16:00,42.60833352
10/31/2024 17:00,53.89666665
10/31/2024 18:00,57.60000006
10/31/2024 19:00,62.3316665
10/31/2024 20:00,70.52166646
10/31/2024 21:00,77.52833366
10/31/2024 22:00,69.06166668
10/31/2024 23:00,64.03166656
11/1/2024,59.59999981
11/1/2024 1:00,56.52499987
11/1/2024 2:00,52.73666655
11/1/2024 3:00,52.62499987
11/1/2024 4:00,54.80833327
11/1/2024 5:00,60.03333321
11/1/2024 6:00,62.1466664
11/1/2024 7:00,67.29000034
11/1/2024 8:00,63.80500005
11/1/2024 9:00,57.75499992
11/1/2024 10:00,59.00500024
11/1/2024 11:00,NA
11/1/2024 12:00,NA
11/1/2024 13:00,NA
11/1/2024 14:00,43.10754711
11/1/2024 15:00,47.43518519
11/1/2024 16:00,58.13666674
11/1/2024 17:00,62.89166641
11/1/2024 18:00,67.91333332
11/1/2024 19:00,71.46666654
11/1/2024 20:00,73.34666697
11/1/2024 21:00,72.76000036
11/1/2024 22:00,74.38666725
11/1/2024 23:00,70.47999967
11/2/2024,68.66500003
11/2/2024 1:00,68.06666654
11/2/2024 2:00,72.12999992
11/2/2024 3:00,72.89333331
11/2/2024 4:00,65.53499991
11/2/2024 5:00,70.37254902
11/2/2024 6:00,NA
11/2/2024 7:00,77.71999995
11/2/2024 8:00,79.03500023
11/2/2024 9:00,75.88999977
11/2/2024 10:00,74.37166653
11/2/2024 11:00,76.12413794
11/2/2024 12:00,56.22000001
11/2/2024 13:00,57.20943379
11/2/2024 14:00,NA
11/2/2024 15:00,NA
11/2/2024 16:00,80.25500018
11/2/2024 17:00,70.60833346
11/2/2024 18:00,74.82999942
11/2/2024 19:00,78.92666639
11/2/2024 20:00,87.09999949
11/2/2024 21:00,86.87166697
11/2/2024 22:00,83.41000023
11/2/2024 23:00,70.77333387
11/3/2024,70.96666679
11/3/2024 1:00,71.87333323
11/3/2024 2:00,64.825
11/3/2024 3:00,58.07833366
11/3/2024 4:00,62.29500008
11/3/2024 5:00,66.5649999
11/3/2024 6:00,66.62166646
11/3/2024 7:00,70.01166687
11/3/2024 8:00,75.89833323
11/3/2024 9:00,62.63833332
11/3/2024 10:00,55.4899999
11/3/2024 11:00,47.25000013
11/3/2024 12:00,35.39629604
11/3/2024 13:00,NA
11/3/2024 14:00,NA
11/3/2024 15:00,43.76296298
11/3/2024 16:00,39.32105248
11/3/2024 17:00,44.87000008
11/3/2024 18:00,54.91166681
11/3/2024 19:00,56.04999987
11/3/2024 20:00,60.25833346
11/3/2024 21:00,57.18333314
11/3/2024 22:00,58.2083334
11/3/2024 23:00,52.69333344
11/4/2024,47.97333336
11/4/2024 1:00,46.16000004
11/4/2024 2:00,42.06333319
11/4/2024 3:00,42.38166644
11/4/2024 4:00,40.51166662
11/4/2024 5:00,44.4850001
11/4/2024 6:00,50.5733333
11/4/2024 7:00,51.12999992
11/4/2024 8:00,46.34666653
11/4/2024 9:00,42.36166668
11/4/2024 10:00,50.59500033
11/4/2024 11:00,34.60333338
11/4/2024 12:00,26.0433335
11/4/2024 13:00,23.47833341
11/4/2024 14:00,16.57333339
11/4/2024 15:00,18.01499999
11/4/2024 16:00,17.52499997
11/4/2024 17:00,15.87500011
11/4/2024 18:00,20.28833326
11/4/2024 19:00,27.01333326
11/4/2024 20:00,19.67166667
11/4/2024 21:00,16.63166669
11/4/2024 22:00,20.87666663
11/4/2024 23:00,14.145
11/5/2024,14.52
11/5/2024 1:00,14.18500009
11/5/2024 2:00,16.64833337
11/5/2024 3:00,14.86666667
11/5/2024 4:00,17.93499991
11/5/2024 5:00,25.5350001
11/5/2024 6:00,26.77166662
11/5/2024 7:00,36.48666646
11/5/2024 8:00,33.8266667
11/5/2024 9:00,28.20333328
11/5/2024 10:00,26.41666657
11/5/2024 11:00,22.62333339
11/5/2024 12:00,10.65535715
11/5/2024 13:00,NA
11/5/2024 14:00,NA
11/5/2024 15:00,NA
11/5/2024 16:00,14.54363634
11/5/2024 17:00,19.48333327
11/5/2024 18:00,30.17999999
11/5/2024 19:00,43.38166637
11/5/2024 20:00,39.32333342
11/5/2024 21:00,37.30000006
11/5/2024 22:00,34.44833355
11/5/2024 23:00,35.70500021
11/6/2024,28.41000013
11/6/2024 1:00,27.15500002
11/6/2024 2:00,26.18999996
11/6/2024 3:00,23.63833338
11/6/2024 4:00,27.17333323
11/6/2024 5:00,30.80333347
11/6/2024 6:00,43.26166684
11/6/2024 7:00,44.95333316
11/6/2024 8:00,53.56999982
11/6/2024 9:00,46.35666676
11/6/2024 10:00,25.81166665
11/6/2024 11:00,NA
11/6/2024 12:00,NA
11/6/2024 13:00,NA
11/6/2024 14:00,NA
11/6/2024 15:00,18.6883334
11/6/2024 16:00,21.51833328
11/6/2024 17:00,27.82500003
11/6/2024 18:00,37.99500014
11/6/2024 19:00,49.70500005
11/6/2024 20:00,53.98499991
11/6/2024 21:00,47.96333332
11/6/2024 22:00,48.36500015
11/6/2024 23:00,45.46333313
11/7/2024,41.64166698
11/7/2024 1:00,33.0549998
11/7/2024 2:00,29.44333328
11/7/2024 3:00,24.76333319
11/7/2024 4:00,27.69000003
11/7/2024 5:00,37.60333341
11/7/2024 6:00,49.08500004
11/7/2024 7:00,45.28666681
11/7/2024 8:00,49.88833332
11/7/2024 9:00,48.07833347
11/7/2024 10:00,32.53000018
11/7/2024 11:00,NA
11/7/2024 12:00,NA
11/7/2024 13:00,NA
11/7/2024 14:00,NA
11/7/2024 15:00,NA
11/7/2024 16:00,17.7266667
11/7/2024 17:00,27.12000008
11/7/2024 18:00,29.14333328
11/7/2024 19:00,29.67500003
11/7/2024 20:00,44.22333304
11/7/2024 21:00,52.14666684
11/7/2024 22:00,50.62333336
11/7/2024 23:00,39.07166656
11/8/2024,32.15166674
11/8/2024 1:00,30.3233332
11/8/2024 2:00,33.95666669
11/8/2024 3:00,30.0666667
11/8/2024 4:00,27.16999998
11/8/2024 5:00,38.57499994
11/8/2024 6:00,49.61500003
11/8/2024 7:00,46.07666651
11/8/2024 8:00,52.58833345
11/8/2024 9:00,49.11166674
11/8/2024 10:00,29.39833317
11/8/2024 11:00,NA
11/8/2024 12:00,NA
11/8/2024 13:00,NA
11/8/2024 14:00,18.32244898
11/8/2024 15:00,24.35517235
11/8/2024 16:00,30.41833321
11/8/2024 17:00,44.58333346
11/8/2024 18:00,48.54833317
11/8/2024 19:00,56.20999978
11/8/2024 20:00,61.31166681
11/8/2024 21:00,71.65166658
11/8/2024 22:00,63.04166648
11/8/2024 23:00,60.48000011
11/9/2024,56.84833317
11/9/2024 1:00,52.57833347
11/9/2024 2:00,47.91500003
11/9/2024 3:00,47.30666682
11/9/2024 4:00,46.85833359
11/9/2024 5:00,44.62500006
11/9/2024 6:00,54.31333326
11/9/2024 7:00,60.48999996
11/9/2024 8:00,56.14666672
11/9/2024 9:00,62.69666672
11/9/2024 10:00,59.30833359
11/9/2024 11:00,NA
11/9/2024 12:00,NA
11/9/2024 13:00,NA
11/9/2024 14:00,NA
11/9/2024 15:00,NA
11/9/2024 16:00,41.95333316
11/9/2024 17:00,43.04666646
11/9/2024 18:00,55.82166672
11/9/2024 19:00,64.64500001
11/9/2024 20:00,82.38000031
11/9/2024 21:00,80.37333323
11/9/2024 22:00,72.40999959
11/9/2024 23:00,65.02333336
11/10/2024,66.39000009
11/10/2024 1:00,60.07666664
11/10/2024 2:00,49.37333336
11/10/2024 3:00,48.37333349
11/10/2024 4:00,45.16833324
11/10/2024 5:00,56.52333342
11/10/2024 6:00,61.18499991
11/10/2024 7:00,60.83166695
11/10/2024 8:00,58.98166669
11/10/2024 9:00,56.81833344
11/10/2024 10:00,46.6200002
11/10/2024 11:00,43.56333351
11/10/2024 12:00,36.7333333
11/10/2024 13:00,28.76610161
11/10/2024 14:00,31.11578948
11/10/2024 15:00,32.40333328
11/10/2024 16:00,38.61166655
11/10/2024 17:00,48.80666663
11/10/2024 18:00,56.83000005
11/10/2024 19:00,65.59166698
11/10/2024 20:00,57.53333359
11/10/2024 21:00,69.34166667
11/10/2024 22:00,73.94833323
11/10/2024 23:00,62.61500015
11/11/2024,54.15499986
11/11/2024 1:00,55.03000005
11/11/2024 2:00,54.9333334
11/11/2024 3:00,49.78524599
11/11/2024 4:00,49.06166681
11/11/2024 5:00,51.02500006
11/11/2024 6:00,64.27999999
11/11/2024 7:00,63.59999981
11/11/2024 8:00,63.35000032
11/11/2024 9:00,75.73000005
11/11/2024 10:00,50.81666654
11/11/2024 11:00,NA
11/11/2024 12:00,NA
11/11/2024 13:00,NA
11/11/2024 14:00,NA
11/11/2024 15:00,27.9666667
11/11/2024 16:00,40.8600001
11/11/2024 17:00,39.29499976
11/11/2024 18:00,46.71333351
11/11/2024 19:00,55.20666663
11/11/2024 20:00,63.06500041
11/11/2024 21:00,74.0649999
11/11/2024 22:00,63.45499999
11/11/2024 23:00,50.91333332
11/12/2024,48.67166672
11/12/2024 1:00,42.79500027
11/12/2024 2:00,37.95499999
11/12/2024 3:00,35.96721305
11/12/2024 4:00,44.31500003
11/12/2024 5:00,48.56333332
11/12/2024 6:00,65.78166688
11/12/2024 7:00,60.91666667
11/12/2024 8:00,62.7566665
11/12/2024 9:00,71.77833316
11/12/2024 10:00,59.2316665
11/12/2024 11:00,NA
11/12/2024 12:00,NA
11/12/2024 13:00,NA
11/12/2024 14:00,NA
11/12/2024 15:00,NA
11/12/2024 16:00,52.18166669
11/12/2024 17:00,64.0033329
11/12/2024 18:00,73.14666672
11/12/2024 19:00,76.26666641
11/12/2024 20:00,86.74166654
11/12/2024 21:00,79.2100001
11/12/2024 22:00,67.35166677
11/12/2024 23:00,65.22166672
11/13/2024,55.64499969
11/13/2024 1:00,46.28166682
11/13/2024 2:00,43.07166691
11/13/2024 3:00,45.05333328
11/13/2024 4:00,41.34166648
11/13/2024 5:00,50.72166672
11/13/2024 6:00,67.49833323
11/13/2024 7:00,74.43833319
11/13/2024 8:00,68.62500038
11/13/2024 9:00,74.936667
11/13/2024 10:00,67.19999968
11/13/2024 11:00,NA
11/13/2024 12:00,NA
11/13/2024 13:00,NA
11/13/2024 14:00,NA
11/13/2024 15:00,NA
11/13/2024 16:00,66.79333363
11/13/2024 17:00,77.41166649
11/13/2024 18:00,84.41500003
11/13/2024 19:00,87.4100001
11/13/2024 20:00,95.61666603
11/13/2024 21:00,100.0833336
11/13/2024 22:00,99.51166649
11/13/2024 23:00,92.52333323
11/14/2024,92.22333349
11/14/2024 1:00,88.98666662
11/14/2024 2:00,95.93500061
11/14/2024 3:00,87.74333369
11/14/2024 4:00,85.22000033
11/14/2024 5:00,86.37666677
11/14/2024 6:00,92.736667
11/14/2024 7:00,98.28166669
11/14/2024 8:00,94.31333364
11/14/2024 9:00,88.66666679
11/14/2024 10:00,83.97666664
11/14/2024 11:00,69.52115389
11/14/2024 12:00,NA
11/14/2024 13:00,NA
11/14/2024 14:00,NA
11/14/2024 15:00,NA
11/14/2024 16:00,67.21166738
11/14/2024 17:00,77.70333328
11/14/2024 18:00,86.6316672
11/14/2024 19:00,84.7850001
11/14/2024 20:00,87.49833323
11/14/2024 21:00,97.91500041
11/14/2024 22:00,90.55166715
11/14/2024 23:00,78.49833349
11/15/2024,74.75500018
11/15/2024 1:00,73.07166672
11/15/2024 2:00,69.37166634
11/15/2024 3:00,66.03166669
11/15/2024 4:00,61.00333322
11/15/2024 5:00,68.01166649
11/15/2024 6:00,82.70166728
11/15/2024 7:00,82.58666687
11/15/2024 8:00,93.63333321
11/15/2024 9:00,86.88499985
11/15/2024 10:00,76.60500018
11/15/2024 11:00,NA
11/15/2024 12:00,NA
11/15/2024 13:00,NA
11/15/2024 14:00,NA
11/15/2024 15:00,NA
11/15/2024 16:00,60.49500014
11/15/2024 17:00,65.85500011
11/15/2024 18:00,62.95500011
11/15/2024 19:00,82.16666698
11/15/2024 20:00,85.19999975
11/15/2024 21:00,89.05499992
11/15/2024 22:00,85.45166677
11/15/2024 23:00,74.74166641
11/16/2024,69.77999992
11/16/2024 1:00,66.17999967
11/16/2024 2:00,65.35666707
11/16/2024 3:00,62.10333335
11/16/2024 4:00,58.65833321
11/16/2024 5:00,62.27166697
11/16/2024 6:00,74.19000041
11/16/2024 7:00,77.12666702
11/16/2024 8:00,69.55333328
11/16/2024 9:00,66.79500052
11/16/2024 10:00,49.75999966
11/16/2024 11:00,NA
11/16/2024 12:00,NA
11/16/2024 13:00,NA
11/16/2024 14:00,NA
11/16/2024 15:00,NA
11/16/2024 16:00,54.29500014
11/16/2024 17:00,64.5283336
11/16/2024 18:00,64.59500014
11/16/2024 19:00,65.26500009
11/16/2024 20:00,77.32166697
11/16/2024 21:00,76.01666692
11/16/2024 22:00,69.4149999
11/16/2024 23:00,62.13666643
11/17/2024,64.28166669
11/17/2024 1:00,62.44000022
11/17/2024 2:00,56.40500011
11/17/2024 3:00,57.68833357
11/17/2024 4:00,64.12833296
11/17/2024 5:00,66.72499968
11/17/2024 6:00,71.17999999
11/17/2024 7:00,76.74166654
11/17/2024 8:00,66.82500013
11/17/2024 9:00,62.69999987
11/17/2024 10:00,44.55000006
11/17/2024 11:00,42.65599968
11/17/2024 12:00,NA
11/17/2024 13:00,NA
11/17/2024 14:00,NA
11/17/2024 15:00,46.63600006
11/17/2024 16:00,50.47499994
11/17/2024 17:00,55.98666687
11/17/2024 18:00,55.24000015
11/17/2024 19:00,77.3683328
11/17/2024 20:00,77.65166677
11/17/2024 21:00,66.31666679
11/17/2024 22:00,61.1833334
11/17/2024 23:00,49.58999996
11/18/2024,41.73333321
11/18/2024 1:00,38.81833331
11/18/2024 2:00,41.0100001
11/18/2024 3:00,44.02666664
11/18/2024 4:00,44.49666646
11/18/2024 5:00,51.17833328
11/18/2024 6:00,75.31666648
11/18/2024 7:00,75.9549998
11/18/2024 8:00,63.94499995
11/18/2024 9:00,72.27833328
11/18/2024 10:00,70.59333344
11/18/2024 11:00,NA
11/18/2024 12:00,NA
11/18/2024 13:00,NA
11/18/2024 14:00,NA
11/18/2024 15:00,NA
11/18/2024 16:00,48.46166687
11/18/2024 17:00,49.76499996
11/18/2024 18:00,48.5716671
11/18/2024 19:00,56.20499999
11/18/2024 20:00,73.48833313
11/18/2024 21:00,69.71833318
11/18/2024 22:00,63.72333336
11/18/2024 23:00,48.98833345
11/19/2024,48.1233333
11/19/2024 1:00,52.54833336
11/19/2024 2:00,65.37999999
11/19/2024 3:00,61.04833355
11/19/2024 4:00,62.86721339
11/19/2024 5:00,59.83999964
11/19/2024 6:00,65.80666669
11/19/2024 7:00,69.73333333
11/19/2024 8:00,84.28999977
11/19/2024 9:00,83.3516669
11/19/2024 10:00,72.90999972
11/19/2024 11:00,NA
11/19/2024 12:00,NA
11/19/2024 13:00,NA
11/19/2024 14:00,NA
11/19/2024 15:00,NA
11/19/2024 16:00,41.25666682
11/19/2024 17:00,40.73833326
11/19/2024 18:00,51.19833336
11/19/2024 19:00,54.50666669
11/19/2024 20:00,63.46833337
11/19/2024 21:00,51.90999991
11/19/2024 22:00,48.9233331
11/19/2024 23:00,44.6299998
11/20/2024,47.07166665
11/20/2024 1:00,42.56333326
11/20/2024 2:00,43.58666668
11/20/2024 3:00,46.32166678
11/20/2024 4:00,45.67666677
11/20/2024 5:00,46.41166662
11/20/2024 6:00,64.25166632
11/20/2024 7:00,72.74000015
11/20/2024 8:00,84.22166659
11/20/2024 9:00,73.93499985
11/20/2024 10:00,65.13666668
11/20/2024 11:00,NA
11/20/2024 12:00,NA
11/20/2024 13:00,NA
11/20/2024 14:00,22.98166669
11/20/2024 15:00,30.08999987
11/20/2024 16:00,35.9166667
11/20/2024 17:00,38.78333352
11/20/2024 18:00,41.62666645
11/20/2024 19:00,49.43500004
11/20/2024 20:00,51.63833313
11/20/2024 21:00,44.02166684
11/20/2024 22:00,41.54333344
11/20/2024 23:00,36.46333351
11/21/2024,36.46833337
11/21/2024 1:00,40.29166654
11/21/2024 2:00,50.87333349
11/21/2024 3:00,52.60333373
11/21/2024 4:00,77.05333341
11/21/2024 5:00,80.62000008
11/21/2024 6:00,66.42666702
11/21/2024 7:00,63.42166678
11/21/2024 8:00,56.84499989
11/21/2024 9:00,55.09000003
11/21/2024 10:00,65.21333345
11/21/2024 11:00,NA
11/21/2024 12:00,NA
11/21/2024 13:00,NA
11/21/2024 14:00,NA
11/21/2024 15:00,NA
11/21/2024 16:00,39.83500004
11/21/2024 17:00,45.04833323
11/21/2024 18:00,45.37666664
11/21/2024 19:00,49.52333349
11/21/2024 20:00,57.99833323
11/21/2024 21:00,58.87333336
11/21/2024 22:00,49.78833338
11/21/2024 23:00,46.69333337
11/22/2024,41.22000001
11/22/2024 1:00,40.2183335
11/22/2024 2:00,39.89666659
11/22/2024 3:00,39.51499996
11/22/2024 4:00,39.95499992
11/22/2024 5:00,46.12833328
11/22/2024 6:00,59.82666658
11/22/2024 7:00,63.08833313
11/22/2024 8:00,68.82833265
11/22/2024 9:00,64.06500003
11/22/2024 10:00,64.03833338
11/22/2024 11:00,NA
11/22/2024 12:00,NA
11/22/2024 13:00,NA
11/22/2024 14:00,NA
11/22/2024 15:00,33.59122815
11/22/2024 16:00,33.34833326
11/22/2024 17:00,38.9149999
11/22/2024 18:00,64.30333392
11/22/2024 19:00,52.08333346
11/22/2024 20:00,66.27833335
11/22/2024 21:00,77.1149999
11/22/2024 22:00,67.55999985
11/22/2024 23:00,45.02666658
11/23/2024,48.05333316
11/23/2024 1:00,43.00500011
11/23/2024 2:00,44.71333345
11/23/2024 3:00,41.29666672
11/23/2024 4:00,37.68166663
11/23/2024 5:00,45.22500006
11/23/2024 6:00,57.71999989
11/23/2024 7:00,55.54999987
11/23/2024 8:00,73.73333333
11/23/2024 9:00,76.80333277
11/23/2024 10:00,63.65666656
11/23/2024 11:00,46.54230752
11/23/2024 12:00,NA
11/23/2024 13:00,30.36333319
11/23/2024 14:00,32.45333335
11/23/2024 15:00,33.58166672
11/23/2024 16:00,37.00333344
11/23/2024 17:00,40.23833332
11/23/2024 18:00,42.51833324
11/23/2024 19:00,45.72666677
11/23/2024 20:00,56.06499977
11/23/2024 21:00,65.89833361
11/23/2024 22:00,67.76333313
11/23/2024 23:00,52.33833319
11/24/2024,50.71000023
11/24/2024 1:00,46.10000038
11/24/2024 2:00,49.16333332
11/24/2024 3:00,44.94499989
11/24/2024 4:00,42.90666701
11/24/2024 5:00,49.41500022
11/24/2024 6:00,69.70166658
11/24/2024 7:00,70.11666679
11/24/2024 8:00,72.75000025
11/24/2024 9:00,68.18333346
11/24/2024 10:00,71.18666687
11/24/2024 11:00,37.39333328
11/24/2024 12:00,24.43499997
11/24/2024 13:00,26.06499999
11/24/2024 14:00,32.32999999
11/24/2024 15:00,31.21833347
11/24/2024 16:00,34.87833316
11/24/2024 17:00,47.87166678
11/24/2024 18:00,61.59166686
11/24/2024 19:00,54.47500025
11/24/2024 20:00,61.02500025
11/24/2024 21:00,67.6966671
11/24/2024 22:00,62.68833345
11/24/2024 23:00,44.25499967
11/25/2024,34.91833331
11/25/2024 1:00,39.65500024
11/25/2024 2:00,41.83833338
11/25/2024 3:00,38.40833346
11/25/2024 4:00,37.39499969
11/25/2024 5:00,44.80500005
11/25/2024 6:00,62.10999997
11/25/2024 7:00,62.97833366
11/25/2024 8:00,62.97833322
11/25/2024 9:00,62.00833327
11/25/2024 10:00,66.01333345
11/25/2024 11:00,59.54642848
11/25/2024 12:00,32.51666694
11/25/2024 13:00,26.85833333
11/25/2024 14:00,32.28166666
11/25/2024 15:00,36.03166669
11/25/2024 16:00,41.47166684
11/25/2024 17:00,64.09166679
11/25/2024 18:00,81.33000043
11/25/2024 19:00,87.35833308
11/25/2024 20:00,93.98000031
11/25/2024 21:00,93.76333377
11/25/2024 22:00,101.2550002
11/25/2024 23:00,105.8450008
11/26/2024,101.4999999
11/26/2024 1:00,101.6850001
11/26/2024 2:00,101.3220339
11/26/2024 3:00,99.76166662
11/26/2024 4:00,98.06666692
11/26/2024 5:00,98.68833351
11/26/2024 6:00,107.8133334
11/26/2024 7:00,95.62166672
11/26/2024 8:00,96.011667
11/26/2024 9:00,102.0783334
11/26/2024 10:00,86.73166669
11/26/2024 11:00,81.13888875
11/26/2024 12:00,NA
11/26/2024 13:00,26.83500007
11/26/2024 14:00,31.41333338
11/26/2024 15:00,41.87833316
11/26/2024 16:00,60.46666667
11/26/2024 17:00,90.1899999
11/26/2024 18:00,104.9416672
11/26/2024 19:00,107.9283335
11/26/2024 20:00,130.3783326
11/26/2024 21:00,125.0433332
11/26/2024 22:00,123.0366669
11/26/2024 23:00,118.0300001
11/27/2024,95.25000038
11/27/2024 1:00,83.57166659
11/27/2024 2:00,91.49666659
11/27/2024 3:00,87.31833356
11/27/2024 4:00,83.04999975
11/27/2024 5:00,83.13166669
11/27/2024 6:00,88.04666646
11/27/2024 7:00,100.6066666
11/27/2024 8:00,104.7915252
11/27/2024 9:00,113.7849997
11/27/2024 10:00,112.2283335
11/27/2024 11:00,97.40925923
11/27/2024 12:00,NA
11/27/2024 13:00,NA
11/27/2024 14:00,NA
11/27/2024 15:00,68.30678015
11/27/2024 16:00,85.8033896
11/27/2024 17:00,101.1033337
11/27/2024 18:00,106.8999999
11/27/2024 19:00,120.7066668
11/27/2024 20:00,119.2550001
11/27/2024 21:00,103.5783333
11/27/2024 22:00,94.17333361
11/27/2024 23:00,82.06833344
11/28/2024,77.33333346
11/28/2024 1:00,74.74166705
11/28/2024 2:00,70.06666629
11/28/2024 3:00,71.66999982
11/28/2024 4:00,75.2850001
11/28/2024 5:00,94.43166707
11/28/2024 6:00,101.3983332
11/28/2024 7:00,110.4133333
11/28/2024 8:00,91.44166679
11/28/2024 9:00,114.1166669
11/28/2024 10:00,95.80333303
11/28/2024 11:00,61.325
11/28/2024 12:00,40.25333331
11/28/2024 13:00,34.45333328
11/28/2024 14:00,67.42499987
11/28/2024 15:00,58.97166678
11/28/2024 16:00,61.85333328
11/28/2024 17:00,63.3283336
11/28/2024 18:00,72.62833341
11/28/2024 19:00,81.83833338
11/28/2024 20:00,64.93666655
11/28/2024 21:00,64.92166627
11/28/2024 22:00,67.81999995
11/28/2024 23:00,87.14833399
11/29/2024,72.90500018
11/29/2024 1:00,57.55333309
11/29/2024 2:00,52.03833345
11/29/2024 3:00,55.94333318
11/29/2024 4:00,70.08500036
11/29/2024 5:00,70.17833309
11/29/2024 6:00,97.99166692
11/29/2024 7:00,77.8149999
11/29/2024 8:00,110.0433333
11/29/2024 9:00,95.02333323
11/29/2024 10:00,81.58499972
11/29/2024 11:00,63.8066665
11/29/2024 12:00,42.92000014
11/29/2024 13:00,41.74333324
11/29/2024 14:00,36.18703697
11/29/2024 15:00,40.05172407
11/29/2024 16:00,41.09666659
11/29/2024 17:00,49.63333333
11/29/2024 18:00,48.71000004
11/29/2024 19:00,56.36500009
11/29/2024 20:00,67.7816665
11/29/2024 21:00,74.50833321
11/29/2024 22:00,65.5983333
11/29/2024 23:00,67.60833352
11/30/2024,67.50666663
11/30/2024 1:00,67.66833318
11/30/2024 2:00,61.35166651
11/30/2024 3:00,54.58000024
11/30/2024 4:00,57.20999978
11/30/2024 5:00,58.50666676
11/30/2024 6:00,70.39499976
11/30/2024 7:00,73.13833326
11/30/2024 8:00,93.88666712
11/30/2024 9:00,100.0483325
11/30/2024 10:00,82.55833327
11/30/2024 11:00,60.48979576
11/30/2024 12:00,NA
11/30/2024 13:00,51.22622956
11/30/2024 14:00,40.41166662
11/30/2024 15:00,35.82999999
11/30/2024 16:00,38.36333335
11/30/2024 17:00,47.90999966
11/30/2024 18:00,61.6266667
11/30/2024 19:00,95.25666669
11/30/2024 20:00,88.5799998
11/30/2024 21:00,96.19333318
11/30/2024 22:00,75.16333357
11/30/2024 23:00,80.04833336
12/1/2024,84.7016669
12/1/2024 1:00,71.26000004
12/1/2024 2:00,67.49499963
12/1/2024 3:00,64.66333351
12/1/2024 4:00,72.64333369
12/1/2024 5:00,89.23666687
12/1/2024 6:00,105.8083332
12/1/2024 7:00,100.3150003
12/1/2024 8:00,100.581356
12/1/2024 9:00,87.50833346
12/1/2024 10:00,65.59333388
12/1/2024 11:00,61.9145453
12/1/2024 12:00,NA
12/1/2024 13:00,NA
12/1/2024 14:00,39.6450002
12/1/2024 15:00,36.01730757
12/1/2024 16:00,40.62666645
12/1/2024 17:00,51.17999986
12/1/2024 18:00,59.31166668
12/1/2024 19:00,75.54333382
12/1/2024 20:00,83.71666673
12/1/2024 21:00,85.61999995
12/1/2024 22:00,86.06333351
12/1/2024 23:00,88.25333354
12/2/2024,87.83499985
12/2/2024 1:00,81.24333331
12/2/2024 2:00,63.13499972
12/2/2024 3:00,61.23499978
12/2/2024 4:00,58.77833309
12/2/2024 5:00,64.22333285
12/2/2024 6:00,75.8266669
12/2/2024 7:00,82.98000031
12/2/2024 8:00,106.5233339
12/2/2024 9:00,104.3199998
12/2/2024 10:00,100.8233334
12/2/2024 11:00,86.78000044
12/2/2024 12:00,NA
12/2/2024 13:00,36.71864409
12/2/2024 14:00,NA
12/2/2024 15:00,37.49166686
12/2/2024 16:00,39.62833341
12/2/2024 17:00,46.77999986
12/2/2024 18:00,67.12999967
12/2/2024 19:00,87.80833321
12/2/2024 20:00,90.31500003
12/2/2024 21:00,90.57166684
12/2/2024 22:00,78.8
12/2/2024 23:00,64.50833346
12/3/2024,68.13499959
12/3/2024 1:00,69.64666678
12/3/2024 2:00,69.9016669
12/3/2024 3:00,64.34999987
12/3/2024 4:00,58.98166669
12/3/2024 5:00,66.54000041
12/3/2024 6:00,87.06999995
12/3/2024 7:00,84.82666715
12/3/2024 8:00,84.24833323
12/3/2024 9:00,87.27833328
12/3/2024 10:00,93.93166656
12/3/2024 11:00,93.3672413
12/3/2024 12:00,NA
12/3/2024 13:00,34.41166668
12/3/2024 14:00,34.70833321
12/3/2024 15:00,33.43666658
12/3/2024 16:00,40.2266669
12/3/2024 17:00,51.23166669
12/3/2024 18:00,57.83999996
12/3/2024 19:00,67.51333281
12/3/2024 20:00,91.94666659
12/3/2024 21:00,90.51166674
12/3/2024 22:00,96.16333275
12/3/2024 23:00,89.57333387
12/4/2024,82.06666679
12/4/2024 1:00,62.71666673
12/4/2024 2:00,60.09833349
12/4/2024 3:00,58.1333334
12/4/2024 4:00,57.59333324
12/4/2024 5:00,59.17333349
12/4/2024 6:00,70.68499978
12/4/2024 7:00,84.67000008
12/4/2024 8:00,101.1066669
12/4/2024 9:00,102.1433334
12/4/2024 10:00,80.79499982
12/4/2024 11:00,65.58666674
12/4/2024 12:00,57.66999969
12/4/2024 13:00,31.29666681
12/4/2024 14:00,30.8416667
12/4/2024 15:00,34.23000002
12/4/2024 16:00,45.92500019
12/4/2024 17:00,54.6333334
12/4/2024 18:00,60.70166632
12/4/2024 19:00,74.63499966
12/4/2024 20:00,88.78666598
12/4/2024 21:00,75.49333356
12/4/2024 22:00,70.47833296
12/4/2024 23:00,71.9200002
12/5/2024,58.05666669
12/5/2024 1:00,56.35166651
12/5/2024 2:00,46.55333341
12/5/2024 3:00,56.82666702
12/5/2024 4:00,62.14166648
12/5/2024 5:00,98.44166667
12/5/2024 6:00,102.2950001
12/5/2024 7:00,103.5833337
12/5/2024 8:00,83.31500003
12/5/2024 9:00,74.17000033
12/5/2024 10:00,68.2816665
12/5/2024 11:00,70.89333369
12/5/2024 12:00,57.60666656
12/5/2024 13:00,44.13500004
12/5/2024 14:00,46.19999981
12/5/2024 15:00,48.73833345
12/5/2024 16:00,52.02333336
12/5/2024 17:00,59.73000018
12/5/2024 18:00,66.23000018
12/5/2024 19:00,83.01333288
12/5/2024 20:00,98.22666651
12/5/2024 21:00,111.2750005
12/5/2024 22:00,104.7750004
12/5/2024 23:00,90.80333328
12/6/2024,90.8733331
12/6/2024 1:00,92.64918055
12/6/2024 2:00,83.20166651
12/6/2024 3:00,79.26333338
12/6/2024 4:00,69.86333326
12/6/2024 5:00,73.55333316
12/6/2024 6:00,109.0433332
12/6/2024 7:00,83.48166682
12/6/2024 8:00,77.89999975
12/6/2024 9:00,85.78666662
12/6/2024 10:00,75.82500013
12/6/2024 11:00,60.40833359
12/6/2024 12:00,56.56666667
12/6/2024 13:00,62.2299998
12/6/2024 14:00,60.57166678
12/6/2024 15:00,61.53333327
12/6/2024 16:00,67.53666674
12/6/2024 17:00,75.75833333
12/6/2024 18:00,75.31166674
12/6/2024 19:00,88.77499987
12/6/2024 20:00,95.85833346
12/6/2024 21:00,114.0716667
12/6/2024 22:00,111.8333335
12/6/2024 23:00,109.1550001
12/7/2024,116.626667
12/7/2024 1:00,92.4433328
12/7/2024 2:00,81.66166649
12/7/2024 3:00,97.39000003
12/7/2024 4:00,113.7116674
12/7/2024 5:00,96.81833331
12/7/2024 6:00,90.67833328
12/7/2024 7:00,115.4833331
12/7/2024 8:00,110.785
12/7/2024 9:00,114.3283332
12/7/2024 10:00,99.06333313
12/7/2024 11:00,74.35833359
12/7/2024 12:00,75.20499999
12/7/2024 13:00,73.79500001
12/7/2024 14:00,80.86393463
12/7/2024 15:00,66.82000058
12/7/2024 16:00,69.32666664
12/7/2024 17:00,79.15166728
12/7/2024 18:00,90.47166697
12/7/2024 19:00,103.4899999
12/7/2024 20:00,91.62833366
12/7/2024 21:00,93.41833331
12/7/2024 22:00,87.20666669
12/7/2024 23:00,85.55166651
12/8/2024,83.31833344
12/8/2024 1:00,76.53999977
12/8/2024 2:00,71.42622901
12/8/2024 3:00,66.44666684
12/8/2024 4:00,70.07166684
12/8/2024 5:00,75.18166618
12/8/2024 6:00,84.45333316
12/8/2024 7:00,90.67333387
12/8/2024 8:00,107.8416662
12/8/2024 9:00,97.57833341
12/8/2024 10:00,98.05499954
12/8/2024 11:00,86.7283329
12/8/2024 12:00,71.58166656
12/8/2024 13:00,57.35000025
12/8/2024 14:00,64.30666714
12/8/2024 15:00,73.34098341
12/8/2024 16:00,69.88833275
12/8/2024 17:00,74.04237288
12/8/2024 18:00,91.59333331
12/8/2024 19:00,101.7800001
12/8/2024 20:00,110.403333
12/8/2024 21:00,119.2533334
12/8/2024 22:00,108.6949997
12/8/2024 23:00,95.60666682
12/9/2024,100.1616669
12/9/2024 1:00,92.31000074
12/9/2024 2:00,83.41666667
12/9/2024 3:00,91.92166672
12/9/2024 4:00,98.68000005
12/9/2024 5:00,102.5900002
12/9/2024 6:00,108.1899996
12/9/2024 7:00,112.9800001
12/9/2024 8:00,112.1883335
12/9/2024 9:00,98.67500051
12/9/2024 10:00,106.2500001
12/9/2024 11:00,71.97833335
12/9/2024 12:00,51.66999976
12/9/2024 13:00,52.13166695
12/9/2024 14:00,69.78999977
12/9/2024 15:00,68.52000052
12/9/2024 16:00,80.67333323
12/9/2024 17:00,85.72000008
12/9/2024 18:00,86.96333275
12/9/2024 19:00,83.87999992
12/9/2024 20:00,81.19333344
12/9/2024 21:00,96.09333344
12/9/2024 22:00,100.6600001
12/9/2024 23:00,83.96999982
12/10/2024,82.34999962
12/10/2024 1:00,75.6200002
12/10/2024 2:00,65.6600001
12/10/2024 3:00,69.23500004
12/10/2024 4:00,78.70666669
12/10/2024 5:00,80.32500038
12/10/2024 6:00,88.23500023
12/10/2024 7:00,95.8200002
12/10/2024 8:00,97.6600001
12/10/2024 9:00,95.90500018
12/10/2024 10:00,64.84666665
12/10/2024 11:00,49.97499994
12/10/2024 12:00,43.78499997
12/10/2024 13:00,35.26166674
12/10/2024 14:00,38.99833345
12/10/2024 15:00,46.65166645
12/10/2024 16:00,50.55166677
12/10/2024 17:00,54.75000019
12/10/2024 18:00,60.9483333
12/10/2024 19:00,79.80333322
12/10/2024 20:00,105.5633338
12/10/2024 21:00,120.1699997
12/10/2024 22:00,102.8983336
12/10/2024 23:00,87.91666654
12/11/2024,71.92166634
12/11/2024 1:00,67.81166598
12/11/2024 2:00,59.88833319
12/11/2024 3:00,57.38833332
12/11/2024 4:00,60.48499997
12/11/2024 5:00,70.7183335
12/11/2024 6:00,97.50666682
12/11/2024 7:00,94.20333277
12/11/2024 8:00,113.8983331
12/11/2024 9:00,120.828333
12/11/2024 10:00,115.4400004
12/11/2024 11:00,92.66500003
12/11/2024 12:00,88.74833323
12/11/2024 13:00,46.27500013
12/11/2024 14:00,46.76000004
12/11/2024 15:00,47.3649999
12/11/2024 16:00,52.67333349
12/11/2024 17:00,71.57833328
12/11/2024 18:00,84.70000038
12/11/2024 19:00,100.5183329
12/11/2024 20:00,103.5499999
12/11/2024 21:00,103.9299999
12/11/2024 22:00,96.1933328
12/11/2024 23:00,96.97833316
12/12/2024,87.0600001
12/12/2024 1:00,89.64166654
12/12/2024 2:00,82.56666667
12/12/2024 3:00,80.20666669
12/12/2024 4:00,75.82833316
12/12/2024 5:00,78.34666723
12/12/2024 6:00,91.61499952
12/12/2024 7:00,121.4633333
12/12/2024 8:00,124.5483337
12/12/2024 9:00,118.0650003
12/12/2024 10:00,111.2300002
12/12/2024 11:00,119.3516665
12/12/2024 12:00,94.21833299
12/12/2024 13:00,38.64666653
12/12/2024 14:00,44.01999995
12/12/2024 15:00,44.50499986
12/12/2024 16:00,48.93500017
12/12/2024 17:00,57.30833333
12/12/2024 18:00,77.52999999
12/12/2024 19:00,96.43833275
12/12/2024 20:00,114.583333
12/12/2024 21:00,123.8766671
12/12/2024 22:00,144.348334
12/12/2024 23:00,130.7433324
12/13/2024,114.4000001
12/13/2024 1:00,106.4449999
12/13/2024 2:00,92.77000046
12/13/2024 3:00,78.74333305
12/13/2024 4:00,73.43500036
12/13/2024 5:00,79.10000038
12/13/2024 6:00,94.01666692
12/13/2024 7:00,112.3783337
12/13/2024 8:00,124.4233332
12/13/2024 9:00,116.8366667
12/13/2024 10:00,109.0633335
12/13/2024 11:00,121.4450003
12/13/2024 12:00,68.53499991
12/13/2024 13:00,25.96000004
12/13/2024 14:00,26.91166668
12/13/2024 15:00,27.13999993
12/13/2024 16:00,33.90333344
12/13/2024 17:00,49.22333304
12/13/2024 18:00,56.15499992
12/13/2024 19:00,73.87666613
12/13/2024 20:00,96.43833326
12/13/2024 21:00,93.9283329
12/13/2024 22:00,96.56999982
12/13/2024 23:00,89.69500058
12/14/2024,85.08666649
12/14/2024 1:00,77.96999969
12/14/2024 2:00,61.55762689
12/14/2024 3:00,60.04000034
12/14/2024 4:00,60.96000004
12/14/2024 5:00,70.525
12/14/2024 6:00,78.60166651
12/14/2024 7:00,87.93666636
12/14/2024 8:00,105.003333
12/14/2024 9:00,93.81166687
12/14/2024 10:00,71.05833295
12/14/2024 11:00,53.73833332
12/14/2024 12:00,47.21500003
12/14/2024 13:00,40.05666676
12/14/2024 14:00,45.70666663
12/14/2024 15:00,48.66500009
12/14/2024 16:00,49.65762724
12/14/2024 17:00,65.94666672
12/14/2024 18:00,75.21999963
12/14/2024 19:00,83.85499967
12/14/2024 20:00,107.9649998
12/14/2024 21:00,112.6849993
12/14/2024 22:00,99.54666646
12/14/2024 23:00,101.7316668
12/15/2024,96.13666674
12/15/2024 1:00,87.19166692
12/15/2024 2:00,81.27500013
12/15/2024 3:00,79.71666629
12/15/2024 4:00,76.11166712
12/15/2024 5:00,82.93833338
12/15/2024 6:00,88.48166656
12/15/2024 7:00,97.68000005
12/15/2024 8:00,111.1266669
12/15/2024 9:00,123.1549999
12/15/2024 10:00,122.8066666
12/15/2024 11:00,90.1833327
12/15/2024 12:00,56.01166643
12/15/2024 13:00,46.6716664
12/15/2024 14:00,40.39166673
12/15/2024 15:00,59.21666667
12/15/2024 16:00,68.67931103
12/15/2024 17:00,84.80666695
12/15/2024 18:00,116.1566666
12/15/2024 19:00,104.9666665
12/15/2024 20:00,134.1616662
12/15/2024 21:00,122.6183333
12/15/2024 22:00,108.9216663
12/15/2024 23:00,97.99166629
12/16/2024,109.9966672
12/16/2024 1:00,94.37999929
12/16/2024 2:00,80.54333356
12/16/2024 3:00,78.37000008
12/16/2024 4:00,84.35666682
12/16/2024 5:00,89.73833338
12/16/2024 6:00,94.33333333
12/16/2024 7:00,108.9283337
12/16/2024 8:00,135.9116667
12/16/2024 9:00,149.5933342
12/16/2024 10:00,124.1333332
12/16/2024 11:00,83.98833345
12/16/2024 12:00,69.21166617
12/16/2024 13:00,45.35166651
12/16/2024 14:00,33.74166673
12/16/2024 15:00,36.4483331
12/16/2024 16:00,39.45666682
12/16/2024 17:00,58.35166664
12/16/2024 18:00,78.36166668
12/16/2024 19:00,106.9116667
12/16/2024 20:00,122.3866667
12/16/2024 21:00,116.8800002
12/16/2024 22:00,108.6633334
12/16/2024 23:00,109.4149995
12/17/2024,107.2000001
12/17/2024 1:00,92.89833323
12/17/2024 2:00,79.44333331
12/17/2024 3:00,70.30833282
12/17/2024 4:00,64.80166651
12/17/2024 5:00,65.59000028
12/17/2024 6:00,86.79833361
12/17/2024 7:00,97.17166697
12/17/2024 8:00,124.4816661
12/17/2024 9:00,113.9066669
12/17/2024 10:00,114.8799999
12/17/2024 11:00,86.31500015
12/17/2024 12:00,68.03166656
12/17/2024 13:00,27.7649999
12/17/2024 14:00,27.9183334
12/17/2024 15:00,30.58500001
12/17/2024 16:00,38.29285731
12/17/2024 17:00,47.84999994
12/17/2024 18:00,59.68666655
12/17/2024 19:00,95.65166626
12/17/2024 20:00,110.3883336
12/17/2024 21:00,124.6366661
12/17/2024 22:00,120.6416663
12/17/2024 23:00,106.796667
12/18/2024,86.30500031
12/18/2024 1:00,92.41666641
12/18/2024 2:00,88.72166646
12/18/2024 3:00,80.4766669
12/18/2024 4:00,89.86499952
12/18/2024 5:00,116.5083335
12/18/2024 6:00,105.4816671
12/18/2024 7:00,110.3483331
12/18/2024 8:00,105.253333
12/18/2024 9:00,105.3966662
12/18/2024 10:00,95.92666664
12/18/2024 11:00,89.01999982
12/18/2024 12:00,59.98833338
12/18/2024 13:00,29.85833333
12/18/2024 14:00,31.27166669
12/18/2024 15:00,31.30999991
12/18/2024 16:00,39.12166678
12/18/2024 17:00,47.42166653
12/18/2024 18:00,70.57666664
12/18/2024 19:00,101.2750001
12/18/2024 20:00,85.99666634
12/18/2024 21:00,79.43499966
12/18/2024 22:00,103.2150004
12/18/2024 23:00,83.86999969
12/19/2024,93.84333344
12/19/2024 1:00,83.75166677
12/19/2024 2:00,70.89999987
12/19/2024 3:00,46.34333324
12/19/2024 4:00,43.08833319
12/19/2024 5:00,49.45500018
12/19/2024 6:00,75.44999943
12/19/2024 7:00,75.96999995
12/19/2024 8:00,90.08000018
12/19/2024 9:00,84.8233331
12/19/2024 10:00,84.27666677
12/19/2024 11:00,55.72999992
12/19/2024 12:00,62.65999991
12/19/2024 13:00,56.21833344
12/19/2024 14:00,55.73833313
12/19/2024 15:00,44.41166674
12/19/2024 16:00,46.23833313
12/19/2024 17:00,50.74499995
12/19/2024 18:00,57.07499994
12/19/2024 19:00,64.51833331
12/19/2024 20:00,92.05833321
12/19/2024 21:00,106.7783334
12/19/2024 22:00,88.69500046
12/19/2024 23:00,71.80166639
12/20/2024,63.89333299
12/20/2024 1:00,54.79499982
12/20/2024 2:00,51.94666672
12/20/2024 3:00,67.64166654
12/20/2024 4:00,74.19166654
12/20/2024 5:00,80.32500038
12/20/2024 6:00,88.75333354
12/20/2024 7:00,99.63666623
12/20/2024 8:00,102.6000003
12/20/2024 9:00,95.38166644
12/20/2024 10:00,93.4283329
12/20/2024 11:00,79.54333337
12/20/2024 12:00,76.36500053
12/20/2024 13:00,67.7233331
12/20/2024 14:00,47.30499992
12/20/2024 15:00,42.36166674
12/20/2024 16:00,53.79491522
12/20/2024 17:00,58.09833298
12/20/2024 18:00,93.47833277
12/20/2024 19:00,119.0749996
12/20/2024 20:00,139.8550002
12/20/2024 21:00,137.8549998
12/20/2024 22:00,117.3399998
12/20/2024 23:00,99.27000008
12/21/2024,77.25
12/21/2024 1:00,73.05333322
12/21/2024 2:00,67.886667
12/21/2024 3:00,60.90666695
12/21/2024 4:00,93.05333328
12/21/2024 5:00,75.83999971
12/21/2024 6:00,86.47833328
12/21/2024 7:00,94.99500046
12/21/2024 8:00,114.4533332
12/21/2024 9:00,127.7783337
12/21/2024 10:00,105.7100002
12/21/2024 11:00,82.77166646
12/21/2024 12:00,63.94333318
12/21/2024 13:00,29.79666681
12/21/2024 14:00,33.16499993
12/21/2024 15:00,38.46833337
12/21/2024 16:00,40.35666682
12/21/2024 17:00,49.82166665
12/21/2024 18:00,63.76333345
12/21/2024 19:00,74.18500042
12/21/2024 20:00,102.758333
12/21/2024 21:00,101.9450001
12/21/2024 22:00,90.65833282
12/21/2024 23:00,82.42000008
12/22/2024,87.48666623
12/22/2024 1:00,78.87333349
12/22/2024 2:00,70.35666707
12/22/2024 3:00,66.98000011
12/22/2024 4:00,77.18499972
12/22/2024 5:00,68.42666677
12/22/2024 6:00,93.09833387
12/22/2024 7:00,96.69333331
12/22/2024 8:00,110.8149995
12/22/2024 9:00,103.1716666
12/22/2024 10:00,78.62666702
12/22/2024 11:00,69.28999958
12/22/2024 12:00,60.76500015
12/22/2024 13:00,40.7766667
12/22/2024 14:00,37.425
12/22/2024 15:00,38.9816665
12/22/2024 16:00,44.84262323
12/22/2024 17:00,47.21166668
12/22/2024 18:00,59.9983333
12/22/2024 19:00,73.14166667
12/22/2024 20:00,112.1500003
12/22/2024 21:00,124.866667
12/22/2024 22:00,125.6833324
12/22/2024 23:00,117.6933325
12/23/2024,123.4299997
12/23/2024 1:00,91.62000008
12/23/2024 2:00,92.26833407
12/23/2024 3:00,80.38000031
12/23/2024 4:00,122.0166665
12/23/2024 5:00,97.71166712
12/23/2024 6:00,89.11666654
12/23/2024 7:00,97.05166651
12/23/2024 8:00,82.26833382
12/23/2024 9:00,111.1550001
12/23/2024 10:00,98.47833341
12/23/2024 11:00,77.87499962
12/23/2024 12:00,57.1983333
12/23/2024 13:00,50.31666648
12/23/2024 14:00,50.64666678
12/23/2024 15:00,44.6899999
12/23/2024 16:00,49.25666656
12/23/2024 17:00,61.68333333
12/23/2024 18:00,70.99333324
12/23/2024 19:00,106.5033332
12/23/2024 20:00,111.0650002
12/23/2024 21:00,117.8733335
12/23/2024 22:00,120.1766666
12/23/2024 23:00,102.5099997
12/24/2024,80.40000013
12/24/2024 1:00,83.42166723
12/24/2024 2:00,94.51166725
12/24/2024 3:00,88.52666664
12/24/2024 4:00,100.3916664
12/24/2024 5:00,108.313333
12/24/2024 6:00,103.1383334
12/24/2024 7:00,101.7616664
12/24/2024 8:00,129.8450003
12/24/2024 9:00,110.7549998
12/24/2024 10:00,118.3916665
12/24/2024 11:00,101.5416662
12/24/2024 12:00,49.27166659
12/24/2024 13:00,52.48333321
12/24/2024 14:00,52.7166666
12/24/2024 15:00,50.51000004
12/24/2024 16:00,58.64333337
12/24/2024 17:00,70.1666666
12/24/2024 18:00,100.7583326
12/24/2024 19:00,86.80999997
12/24/2024 20:00,106.4633335
12/24/2024 21:00,106.4883329
12/24/2024 22:00,123.6833345
12/24/2024 23:00,117.51
12/25/2024,114.1016666
12/25/2024 1:00,132.2949998
12/25/2024 2:00,94.94999962
12/25/2024 3:00,86.63333346
12/25/2024 4:00,85.97666677
12/25/2024 5:00,85.72333298
12/25/2024 6:00,97.43666649
12/25/2024 7:00,108.4816667
12/25/2024 8:00,103.0016669
12/25/2024 9:00,124.8283334
12/25/2024 10:00,103.76
12/25/2024 11:00,73.98000018
12/25/2024 12:00,71.06000004
12/25/2024 13:00,38.73166688
12/25/2024 14:00,26.83666652
12/25/2024 15:00,26.13333337
12/25/2024 16:00,32.60500008
12/25/2024 17:00,50.06666648
12/25/2024 18:00,71.61999982
12/25/2024 19:00,80.21833344
12/25/2024 20:00,107.0616662
12/25/2024 21:00,131.2583332
12/25/2024 22:00,126.9083335
12/25/2024 23:00,96.19000003
12/26/2024,89.52000008
12/26/2024 1:00,74.43666712
12/26/2024 2:00,68.91166706
12/26/2024 3:00,70.41666692
12/26/2024 4:00,72.58333308
12/26/2024 5:00,72.90166709
12/26/2024 6:00,96.29180283
12/26/2024 7:00,100.6966665
12/26/2024 8:00,113.3366666
12/26/2024 9:00,131.0516666
12/26/2024 10:00,116.2900003
12/26/2024 11:00,86.91833337
12/26/2024 12:00,37.86999998
12/26/2024 13:00,26.57166662
12/26/2024 14:00,29.7600001
12/26/2024 15:00,32.50166677
12/26/2024 16:00,37.83166666
12/26/2024 17:00,45.09833349
12/26/2024 18:00,54.54000009
12/26/2024 19:00,81.7016669
12/26/2024 20:00,100.2783338
12/26/2024 21:00,112.185
12/26/2024 22:00,105.846667
12/26/2024 23:00,98.49333305
12/27/2024,87.06666692
12/27/2024 1:00,88.70500031
12/27/2024 2:00,87.95666669
12/27/2024 3:00,98.19833272
12/27/2024 4:00,105.9283338
12/27/2024 5:00,113.0616669
12/27/2024 6:00,121.7466662
12/27/2024 7:00,101.1683336
12/27/2024 8:00,115.9
12/27/2024 9:00,112.9300002
12/27/2024 10:00,83.56500003
12/27/2024 11:00,81.72500025
12/27/2024 12:00,57.14999994
12/27/2024 13:00,40.62499994
12/27/2024 14:00,40.52500013
12/27/2024 15:00,33.46333316
12/27/2024 16:00,56.5258626
12/27/2024 17:00,81.72166678
12/27/2024 18:00,100.2100004
12/27/2024 19:00,99.15333316
12/27/2024 20:00,105.9616665
12/27/2024 21:00,122.1650004
12/27/2024 22:00,119.9883339
12/27/2024 23:00,105.3099998
12/28/2024,73.76166674
12/28/2024 1:00,75.39166679
12/28/2024 2:00,80.33166682
12/28/2024 3:00,90.86666641
12/28/2024 4:00,92.49836068
12/28/2024 5:00,97.85666656
12/28/2024 6:00,96.03166682
12/28/2024 7:00,111.7099997
12/28/2024 8:00,115.6816667
12/28/2024 9:00,133.1333337
12/28/2024 10:00,142.3100006
12/28/2024 11:00,129.2483339
12/28/2024 12:00,110.3450006
12/28/2024 13:00,101.7183331
12/28/2024 14:00,81.90833352
12/28/2024 15:00,93.661667
12/28/2024 16:00,108.5166669
12/28/2024 17:00,140.1350009
12/28/2024 18:00,171.9283335
12/28/2024 19:00,114.6183333
12/28/2024 20:00,144.9599991
12/28/2024 21:00,150.0283338
12/28/2024 22:00,158.1599996
12/28/2024 23:00,156.2883329
12/29/2024,158.7849991
12/29/2024 1:00,159.3616666
12/29/2024 2:00,151.7716675
12/29/2024 3:00,138.7183334
12/29/2024 4:00,120.3849988
12/29/2024 5:00,124.5549997
12/29/2024 6:00,122.4783337
12/29/2024 7:00,132.6450003
12/29/2024 8:00,150.503333
12/29/2024 9:00,154.8499997
12/29/2024 10:00,126.0283339
12/29/2024 11:00,84.4933335
12/29/2024 12:00,57.22000027
12/29/2024 13:00,37.51333316
12/29/2024 14:00,26.7249999
12/29/2024 15:00,39.05333344
12/29/2024 16:00,30.6416666
12/29/2024 17:00,41.88500001
12/29/2024 18:00,65.04333369
12/29/2024 19:00,98.00999972
12/29/2024 20:00,114.075
12/29/2024 21:00,110.5550002
12/29/2024 22:00,113.4366669
12/29/2024 23:00,153.8583337
12/30/2024,128.7350006
12/30/2024 1:00,104.403334
12/30/2024 2:00,90.62166646
12/30/2024 3:00,82.32999967
12/30/2024 4:00,70.68999952
12/30/2024 5:00,78.94666646
12/30/2024 6:00,96.58499959
12/30/2024 7:00,99.85000025
12/30/2024 8:00,104.4133335
12/30/2024 9:00,118.7716662
12/30/2024 10:00,77.80166664
12/30/2024 11:00,63.65499973
12/30/2024 12:00,45.39166663
12/30/2024 13:00,33.12666683
12/30/2024 14:00,25.86666673
12/30/2024 15:00,29.83333333
12/30/2024 16:00,37.02333326
12/30/2024 17:00,51.98000005
12/30/2024 18:00,73.625
12/30/2024 19:00,94.23666674
12/30/2024 20:00,101.591667
12/30/2024 21:00,112.9
12/30/2024 22:00,110.8500005
12/30/2024 23:00,120.8099996
12/31/2024,97.81833318
12/31/2024 1:00,104.2066666
12/31/2024 2:00,126.0400003
12/31/2024 3:00,100.4216668
12/31/2024 4:00,115.4683336
12/31/2024 5:00,106.1133333
12/31/2024 6:00,107.3799999
12/31/2024 7:00,101.11
12/31/2024 8:00,98.17833366
12/31/2024 9:00,99.41333338
12/31/2024 10:00,89.56666629
12/31/2024 11:00,71.74333356
12/31/2024 12:00,62.5083334
12/31/2024 13:00,43.44000006
12/31/2024 14:00,41.22000027
12/31/2024 15:00,39.65166677
12/31/2024 16:00,41.9433335
12/31/2024 17:00,51.18166656
12/31/2024 18:00,56.72666683
12/31/2024 19:00,74.52666651
12/31/2024 20:00,84.55666637
12/31/2024 21:00,105.2266665
12/31/2024 22:00,107.5033332
12/31/2024 23:00,91.45000038
