Date,PM2.5
1/1/2024,79.29166648
1/1/2024 1:00,64.01166643
1/1/2024 2:00,62.26000004
1/1/2024 3:00,61.09500008
1/1/2024 4:00,59.10166677
1/1/2024 5:00,66.29333324
1/1/2024 6:00,71.89333344
1/1/2024 7:00,86.92069008
1/1/2024 8:00,88.7649999
1/1/2024 9:00,84.61833331
1/1/2024 10:00,62.42333342
1/1/2024 11:00,51.17833347
1/1/2024 12:00,56.00847458
1/1/2024 13:00,45.40166686
1/1/2024 14:00,31.37241377
1/1/2024 15:00,27.94999984
1/1/2024 16:00,33.50500002
1/1/2024 17:00,38.3216663
1/1/2024 18:00,45.29000009
1/1/2024 19:00,54.24166679
1/1/2024 20:00,73.64499976
1/1/2024 21:00,86.80000025
1/1/2024 22:00,92.88166695
1/1/2024 23:00,66.57499955
1/2/2024,53.68166701
1/2/2024 1:00,43.60166677
1/2/2024 2:00,44.9266669
1/2/2024 3:00,44.9700002
1/2/2024 4:00,49.43833319
1/2/2024 5:00,50.24000009
1/2/2024 6:00,64.65666669
1/2/2024 7:00,72.30999953
1/2/2024 8:00,74.85499973
1/2/2024 9:00,83.75166677
1/2/2024 10:00,65.45833346
1/2/2024 11:00,48.99833336
1/2/2024 12:00,42.75333341
1/2/2024 13:00,35.66000017
1/2/2024 14:00,29.67000001
1/2/2024 15:00,27.96500012
1/2/2024 16:00,25.00833346
1/2/2024 17:00,38.44333309
1/2/2024 18:00,49.08000005
1/2/2024 19:00,82.58333384
1/2/2024 20:00,74.14499982
1/2/2024 21:00,97.20333417
1/2/2024 22:00,56.68666662
1/2/2024 23:00,46.32333342
1/3/2024,44.76610184
1/3/2024 1:00,49.73499997
1/3/2024 2:00,47.71999976
1/3/2024 3:00,43.92333323
1/3/2024 4:00,48.77500013
1/3/2024 5:00,55.63500017
1/3/2024 6:00,58.91833318
1/3/2024 7:00,70.7483331
1/3/2024 8:00,79.48166644
1/3/2024 9:00,79.70333322
1/3/2024 10:00,71.63499966
1/3/2024 11:00,59.58666681
1/3/2024 12:00,33.75166677
1/3/2024 13:00,35.40499999
1/3/2024 14:00,36.19499985
1/3/2024 15:00,29.75
1/3/2024 16:00,28.85833333
1/3/2024 17:00,31.36666654
1/3/2024 18:00,33.44500008
1/3/2024 19:00,49.21833331
1/3/2024 20:00,65.84666691
1/3/2024 21:00,79.87666683
1/3/2024 22:00,63.1
1/3/2024 23:00,66.37166678
1/4/2024,47.86833356
1/4/2024 1:00,51.95500011
1/4/2024 2:00,48.08333308
1/4/2024 3:00,46.94666646
1/4/2024 4:00,46.46166649
1/4/2024 5:00,55.26000023
1/4/2024 6:00,61.98333295
1/4/2024 7:00,75.08666655
1/4/2024 8:00,83.56333338
1/4/2024 9:00,78.68166682
1/4/2024 10:00,60.49999994
1/4/2024 11:00,48.34166673
1/4/2024 12:00,44.55333322
1/4/2024 13:00,27.91499998
1/4/2024 14:00,15.71000002
1/4/2024 15:00,19.93000005
1/4/2024 16:00,23.15999994
1/4/2024 17:00,30.29666672
1/4/2024 18:00,40.23499997
1/4/2024 19:00,60.74833317
1/4/2024 20:00,70.59333331
1/4/2024 21:00,88.40500005
1/4/2024 22:00,91.53333384
1/4/2024 23:00,69.20333316
1/5/2024,54.58688498
1/5/2024 1:00,49.00166664
1/5/2024 2:00,48.43833326
1/5/2024 3:00,49.18166676
1/5/2024 4:00,47.47666658
1/5/2024 5:00,55.47000027
1/5/2024 6:00,69.25689638
1/5/2024 7:00,84.01833331
1/5/2024 8:00,99.75666682
1/5/2024 9:00,91.08166682
1/5/2024 10:00,66.87241344
1/5/2024 11:00,50.36333345
1/5/2024 12:00,40.8183335
1/5/2024 13:00,40.16333367
1/5/2024 14:00,19.07
1/5/2024 15:00,17.33166661
1/5/2024 16:00,23.48833343
1/5/2024 17:00,39.04833333
1/5/2024 18:00,39.76666648
1/5/2024 19:00,47.61166655
1/5/2024 20:00,41.00166658
1/5/2024 21:00,65.5183335
1/5/2024 22:00,62.875
1/5/2024 23:00,62.34166648
1/6/2024,45.10491775
1/6/2024 1:00,61.2383337
1/6/2024 2:00,53.13833332
1/6/2024 3:00,49.97666664
1/6/2024 4:00,53.32333317
1/6/2024 5:00,68.81166643
1/6/2024 6:00,67.93333314
1/6/2024 7:00,84.27333323
1/6/2024 8:00,68.38666706
1/6/2024 9:00,77.11833318
1/6/2024 10:00,60.04500014
1/6/2024 11:00,48.88833338
1/6/2024 12:00,40.90333322
1/6/2024 13:00,32.53166672
1/6/2024 14:00,31.51000001
1/6/2024 15:00,29.19666669
1/6/2024 16:00,35.78833323
1/6/2024 17:00,43.32166665
1/6/2024 18:00,46.36833331
1/6/2024 19:00,67.90000032
1/6/2024 20:00,91.03166669
1/6/2024 21:00,92.33833338
1/6/2024 22:00,79.36499964
1/6/2024 23:00,67.80666682
1/7/2024,73.98000031
1/7/2024 1:00,63.16666673
1/7/2024 2:00,56.69833342
1/7/2024 3:00,60.74499969
1/7/2024 4:00,66.06833356
1/7/2024 5:00,68.09166622
1/7/2024 6:00,78.45166728
1/7/2024 7:00,86.04000003
1/7/2024 8:00,95.00166639
1/7/2024 9:00,101.8750004
1/7/2024 10:00,94.62666677
1/7/2024 11:00,73.61833312
1/7/2024 12:00,58.30666676
1/7/2024 13:00,39.61333342
1/7/2024 14:00,32.17666664
1/7/2024 15:00,31.92499987
1/7/2024 16:00,35.96999995
1/7/2024 17:00,46.36666698
1/7/2024 18:00,43.72499994
1/7/2024 19:00,46.63166688
1/7/2024 20:00,68.93666636
1/7/2024 21:00,86.66833394
1/7/2024 22:00,71.33166676
1/7/2024 23:00,67.93999971
1/8/2024,55.73499985
1/8/2024 1:00,41.025862
1/8/2024 2:00,37.35666656
1/8/2024 3:00,52.97833347
1/8/2024 4:00,51.60000019
1/8/2024 5:00,66.53499953
1/8/2024 6:00,73.44166597
1/8/2024 7:00,77.93166644
1/8/2024 8:00,74.9950002
1/8/2024 9:00,91.31166662
1/8/2024 10:00,87.71999995
1/8/2024 11:00,78.84333318
1/8/2024 12:00,49.94102561
1/8/2024 13:00,35.03906256
1/8/2024 14:00,35.50500005
1/8/2024 15:00,32.42999999
1/8/2024 16:00,33.175
1/8/2024 17:00,42.83499985
1/8/2024 18:00,46.83999996
1/8/2024 19:00,64.70333316
1/8/2024 20:00,74.25833327
1/8/2024 21:00,93.73500023
1/8/2024 22:00,94.73333346
1/8/2024 23:00,77.51500015
1/9/2024,65.92499977
1/9/2024 1:00,61.54677416
1/9/2024 2:00,56.19166673
1/9/2024 3:00,61.67833328
1/9/2024 4:00,60.90499986
1/9/2024 5:00,65.10833314
1/9/2024 6:00,86.24500008
1/9/2024 7:00,90.31833331
1/9/2024 8:00,97.27500038
1/9/2024 9:00,83.40666631
1/9/2024 10:00,66.44333312
1/9/2024 11:00,55.67166659
1/9/2024 12:00,55.78499997
1/9/2024 13:00,43.21333307
1/9/2024 14:00,34.23999999
1/9/2024 15:00,37.35666672
1/9/2024 16:00,34.32166675
1/9/2024 17:00,44.16666629
1/9/2024 18:00,55.58333333
1/9/2024 19:00,71.83333333
1/9/2024 20:00,87.61333319
1/9/2024 21:00,95.53666674
1/9/2024 22:00,110.0033333
1/9/2024 23:00,80.86333307
1/10/2024,62.16000023
1/10/2024 1:00,48.09354837
1/10/2024 2:00,51.96833318
1/10/2024 3:00,54.96166674
1/10/2024 4:00,55.25166658
1/10/2024 5:00,69.07333342
1/10/2024 6:00,72.62333361
1/10/2024 7:00,89.20999997
1/10/2024 8:00,93.50833295
1/10/2024 9:00,107.0183336
1/10/2024 10:00,107.8216668
1/10/2024 11:00,63.24833279
1/10/2024 12:00,22.68500005
1/10/2024 13:00,17.99833328
1/10/2024 14:00,16.92666667
1/10/2024 15:00,20.88666676
1/10/2024 16:00,26.01833321
1/10/2024 17:00,34.13833354
1/10/2024 18:00,39.88000008
1/10/2024 19:00,65.9299998
1/10/2024 20:00,74.49500001
1/10/2024 21:00,67.27499981
1/10/2024 22:00,60.29166673
1/10/2024 23:00,36.87166678
1/11/2024,42.75322551
1/11/2024 1:00,41.57166684
1/11/2024 2:00,43.83999996
1/11/2024 3:00,40.67166662
1/11/2024 4:00,36.08666649
1/11/2024 5:00,43.20833321
1/11/2024 6:00,51.63666649
1/11/2024 7:00,191.3516655
1/11/2024 8:00,78.92166716
1/11/2024 9:00,64.46999989
1/11/2024 10:00,54.58500004
1/11/2024 11:00,46.93833319
1/11/2024 12:00,42.15666663
1/11/2024 13:00,46.30500005
1/11/2024 14:00,41.46666679
1/11/2024 15:00,43.65333338
1/11/2024 16:00,40.23999999
1/11/2024 17:00,37.87166665
1/11/2024 18:00,46.21333307
1/11/2024 19:00,58.53275884
1/11/2024 20:00,71.9949995
1/11/2024 21:00,74.69166679
1/11/2024 22:00,83.53166707
1/11/2024 23:00,78.29166718
1/12/2024,68.03499972
1/12/2024 1:00,59.62000014
1/12/2024 2:00,52.96166668
1/12/2024 3:00,57.71333326
1/12/2024 4:00,56.96166649
1/12/2024 5:00,63.81333326
1/12/2024 6:00,75.17333336
1/12/2024 7:00,91.31333326
1/12/2024 8:00,91.94833285
1/12/2024 9:00,89.91333313
1/12/2024 10:00,75.29500039
1/12/2024 11:00,48.0600001
1/12/2024 12:00,31.01999995
1/12/2024 13:00,30.76833337
1/12/2024 14:00,33.39833314
1/12/2024 15:00,35.66499974
1/12/2024 16:00,50.3833334
1/12/2024 17:00,48.85499999
1/12/2024 18:00,59.34333382
1/12/2024 19:00,76.74500014
1/12/2024 20:00,76.19833323
1/12/2024 21:00,72.70333328
1/12/2024 22:00,82.32666651
1/12/2024 23:00,86.9700002
1/13/2024,74.06166687
1/13/2024 1:00,61.65166651
1/13/2024 2:00,59.11935474
1/13/2024 3:00,59.49666665
1/13/2024 4:00,67.09999975
1/13/2024 5:00,62.05000013
1/13/2024 6:00,70.22666664
1/13/2024 7:00,83.57999967
1/13/2024 8:00,85.21499964
1/13/2024 9:00,84.05500005
1/13/2024 10:00,72.22833335
1/13/2024 11:00,62.11333351
1/13/2024 12:00,50.18333352
1/13/2024 13:00,32.20999978
1/13/2024 14:00,30.56499999
1/13/2024 15:00,51.97499994
1/13/2024 16:00,44.12833331
1/13/2024 17:00,39.90645169
1/13/2024 18:00,47.5100001
1/13/2024 19:00,71.75166696
1/13/2024 20:00,90.15500043
1/13/2024 21:00,105.451667
1/13/2024 22:00,105.8466666
1/13/2024 23:00,79.09166679
1/14/2024,67.89833355
1/14/2024 1:00,68.06499952
1/14/2024 2:00,64.94166641
1/14/2024 3:00,67.48833332
1/14/2024 4:00,71.42166646
1/14/2024 5:00,75.43666674
1/14/2024 6:00,87.52333323
1/14/2024 7:00,96.23000005
1/14/2024 8:00,100.2500006
1/14/2024 9:00,106.3866665
1/14/2024 10:00,84.62999916
1/14/2024 11:00,76.25333284
1/14/2024 12:00,55.05166664
1/14/2024 13:00,44.46666667
1/14/2024 14:00,38.70166642
1/14/2024 15:00,31.92999983
1/14/2024 16:00,33.4566666
1/14/2024 17:00,39.25333347
1/14/2024 18:00,43.77000001
1/14/2024 19:00,52.0916666
1/14/2024 20:00,79.94166641
1/14/2024 21:00,105.0566668
1/14/2024 22:00,87.91666718
1/14/2024 23:00,80.41833331
1/15/2024,75.65166664
1/15/2024 1:00,64.44714312
1/15/2024 2:00,55.61355959
1/15/2024 3:00,64.34666678
1/15/2024 4:00,76.04000015
1/15/2024 5:00,98.19166654
1/15/2024 6:00,85.22166634
1/15/2024 7:00,95.0649999
1/15/2024 8:00,98.0200002
1/15/2024 9:00,101.9333332
1/15/2024 10:00,102.6783334
1/15/2024 11:00,82.77333336
1/15/2024 12:00,49.49499979
1/15/2024 13:00,38.14666669
1/15/2024 14:00,26.78166672
1/15/2024 15:00,25.60166677
1/15/2024 16:00,29.78666665
1/15/2024 17:00,33.39166676
1/15/2024 18:00,34.59999981
1/15/2024 19:00,35.9433334
1/15/2024 20:00,64.2416666
1/15/2024 21:00,51.47833347
1/15/2024 22:00,50.21166643
1/15/2024 23:00,58.71333319
1/16/2024,59.45666669
1/16/2024 1:00,51.14333312
1/16/2024 2:00,47.8822582
1/16/2024 3:00,45.04833336
1/16/2024 4:00,49.73666649
1/16/2024 5:00,63.36666698
1/16/2024 6:00,67.40833314
1/16/2024 7:00,63.73833345
1/16/2024 8:00,74.96333288
1/16/2024 9:00,78.61500003
1/16/2024 10:00,71.70666656
1/16/2024 11:00,52.48666655
1/16/2024 12:00,34.26166658
1/16/2024 13:00,24.17166669
1/16/2024 14:00,31.39333318
1/16/2024 15:00,30.02166659
1/16/2024 16:00,31.66166665
1/16/2024 17:00,38.14666672
1/16/2024 18:00,33.00666672
1/16/2024 19:00,33.15500002
1/16/2024 20:00,51.50333328
1/16/2024 21:00,76.9983333
1/16/2024 22:00,79.80333341
1/16/2024 23:00,62.2683335
1/17/2024,56.43513489
1/17/2024 1:00,42.96666676
1/17/2024 2:00,38.13666655
1/17/2024 3:00,36.62833331
1/17/2024 4:00,36.99666659
1/17/2024 5:00,40.18166688
1/17/2024 6:00,51.51833337
1/17/2024 7:00,57.41666667
1/17/2024 8:00,61.92666677
1/17/2024 9:00,59.34000003
1/17/2024 10:00,50.70333341
1/17/2024 11:00,37.04166648
1/17/2024 12:00,30.12166678
1/17/2024 13:00,27.58833326
1/17/2024 14:00,20.92000008
1/17/2024 15:00,22.83499994
1/17/2024 16:00,23.32333336
1/17/2024 17:00,28.93999999
1/17/2024 18:00,30.42333336
1/17/2024 19:00,31.45333319
1/17/2024 20:00,45.08999993
1/17/2024 21:00,53.14833317
1/17/2024 22:00,53.74333318
1/17/2024 23:00,52.78666674
1/18/2024,43.25689678
1/18/2024 1:00,35.49500011
1/18/2024 2:00,45.21333342
1/18/2024 3:00,43.39833342
1/18/2024 4:00,46.20999997
1/18/2024 5:00,46.78999996
1/18/2024 6:00,53.95499999
1/18/2024 7:00,62.76333307
1/18/2024 8:00,58.25666663
1/18/2024 9:00,49.91833324
1/18/2024 10:00,43.83000043
1/18/2024 11:00,35.43666671
1/18/2024 12:00,41.9916666
1/18/2024 13:00,35.84500024
1/18/2024 14:00,39.04000009
1/18/2024 15:00,31.86833347
1/18/2024 16:00,32.44499992
1/18/2024 17:00,39.80166645
1/18/2024 18:00,36.90666669
1/18/2024 19:00,39.98333317
1/18/2024 20:00,48.53000024
1/18/2024 21:00,60.32500013
1/18/2024 22:00,48.22333336
1/18/2024 23:00,48.87000001
1/19/2024,49.70454563
1/19/2024 1:00,39.04166679
1/19/2024 2:00,41.28000011
1/19/2024 3:00,40.97666677
1/19/2024 4:00,41.07666677
1/19/2024 5:00,54.58666662
1/19/2024 6:00,60.86935462
1/19/2024 7:00,91.15499954
1/19/2024 8:00,86.18666623
1/19/2024 9:00,72.78833307
1/19/2024 10:00,60.2649999
1/19/2024 11:00,46.31999989
1/19/2024 12:00,38.29833342
1/19/2024 13:00,47.87499994
1/19/2024 14:00,40.89999955
1/19/2024 15:00,37.7083333
1/19/2024 16:00,38.69333321
1/19/2024 17:00,43.77000001
1/19/2024 18:00,48.13666649
1/19/2024 19:00,58.44166667
1/19/2024 20:00,70.44499976
1/19/2024 21:00,77.78833313
1/19/2024 22:00,76.05333341
1/19/2024 23:00,70.15499986
1/20/2024,55.81833318
1/20/2024 1:00,59.67833316
1/20/2024 2:00,58.82333342
1/20/2024 3:00,62.3516667
1/20/2024 4:00,67.58500029
1/20/2024 5:00,70.21666686
1/20/2024 6:00,85.64500008
1/20/2024 7:00,91.55166715
1/20/2024 8:00,114.9300001
1/20/2024 9:00,102.1083332
1/20/2024 10:00,79.911667
1/20/2024 11:00,61.70333373
1/20/2024 12:00,49.14500033
1/20/2024 13:00,36.87619069
1/20/2024 14:00,33.47999999
1/20/2024 15:00,47.21833347
1/20/2024 16:00,47.60666688
1/20/2024 17:00,44.44166686
1/20/2024 18:00,54.25500005
1/20/2024 19:00,51.81166668
1/20/2024 20:00,52.28666655
1/20/2024 21:00,65.72500032
1/20/2024 22:00,70.52499987
1/20/2024 23:00,70.34333337
1/21/2024,53.62000014
1/21/2024 1:00,47.55499986
1/21/2024 2:00,52.28666674
1/21/2024 3:00,51.74000009
1/21/2024 4:00,52.42000027
1/21/2024 5:00,53.6516667
1/21/2024 6:00,63.88666681
1/21/2024 7:00,75.73999996
1/21/2024 8:00,78.4299998
1/21/2024 9:00,87.3899999
1/21/2024 10:00,85.88999977
1/21/2024 11:00,73.20333277
1/21/2024 12:00,54.66333357
1/21/2024 13:00,34.18500023
1/21/2024 14:00,34.56333338
1/21/2024 15:00,41.43166663
1/21/2024 16:00,38.0783337
1/21/2024 17:00,39.36333338
1/21/2024 18:00,45.69666678
1/21/2024 19:00,44.22333317
1/21/2024 20:00,51.5233333
1/21/2024 21:00,77.37333361
1/21/2024 22:00,56.25937504
1/21/2024 23:00,47.23999983
1/22/2024,69.89333337
1/22/2024 1:00,52.02000001
1/22/2024 2:00,51.1066665
1/22/2024 3:00,47.01333313
1/22/2024 4:00,51.1016667
1/22/2024 5:00,65.33499966
1/22/2024 6:00,70.98833326
1/22/2024 7:00,82.11166674
1/22/2024 8:00,107.3203127
1/22/2024 9:00,84.88666681
1/22/2024 10:00,66.17166646
1/22/2024 11:00,54.20500005
1/22/2024 12:00,44.57166662
1/22/2024 13:00,37.30166655
1/22/2024 14:00,41.9583334
1/22/2024 15:00,37.80499996
1/22/2024 16:00,32.58333321
1/22/2024 17:00,39.06666676
1/22/2024 18:00,41.15333316
1/22/2024 19:00,52.98666662
1/22/2024 20:00,79.16833318
1/22/2024 21:00,80.66666641
1/22/2024 22:00,60.47999999
1/22/2024 23:00,64.4766667
1/23/2024,55.36166687
1/23/2024 1:00,58.45333341
1/23/2024 2:00,56.27166678
1/23/2024 3:00,52.80833321
1/23/2024 4:00,56.48666687
1/23/2024 5:00,58.41500009
1/23/2024 6:00,81.00666733
1/23/2024 7:00,82.66499964
1/23/2024 8:00,87.64499995
1/23/2024 9:00,95.95833321
1/23/2024 10:00,77.75833321
1/23/2024 11:00,62.54833349
1/23/2024 12:00,43.41000001
1/23/2024 13:00,34.54666659
1/23/2024 14:00,45.69166673
1/23/2024 15:00,44.463333
1/23/2024 16:00,45.94833336
1/23/2024 17:00,40.5083333
1/23/2024 18:00,40.88833294
1/23/2024 19:00,36.55333328
1/23/2024 20:00,50.36666673
1/23/2024 21:00,71.91166668
1/23/2024 22:00,69.88500042
1/23/2024 23:00,65.35333341
1/24/2024,57.51166687
1/24/2024 1:00,50.70666669
1/24/2024 2:00,54.74166673
1/24/2024 3:00,54.60666656
1/24/2024 4:00,54.31833337
1/24/2024 5:00,68.18666681
1/24/2024 6:00,73.17499987
1/24/2024 7:00,79.96166687
1/24/2024 8:00,100.4183331
1/24/2024 9:00,95.30833346
1/24/2024 10:00,65.59500033
1/24/2024 11:00,41.76166658
1/24/2024 12:00,39.88833338
1/24/2024 13:00,46.79666653
1/24/2024 14:00,55.17166659
1/24/2024 15:00,47.72500032
1/24/2024 16:00,42.85666676
1/24/2024 17:00,45.18999996
1/24/2024 18:00,46.03166656
1/24/2024 19:00,44.88833313
1/24/2024 20:00,44.69333337
1/24/2024 21:00,53.3600001
1/24/2024 22:00,67.91833344
1/24/2024 23:00,59.44333312
1/25/2024,59.48000011
1/25/2024 1:00,49.88999977
1/25/2024 2:00,66.63666617
1/25/2024 3:00,52.35499973
1/25/2024 4:00,53.77999992
1/25/2024 5:00,56.86166649
1/25/2024 6:00,63.99999987
1/25/2024 7:00,89.62333361
1/25/2024 8:00,94.50499942
1/25/2024 9:00,87.81666654
1/25/2024 10:00,75.40166664
1/25/2024 11:00,63.57833341
1/25/2024 12:00,46.78499991
1/25/2024 13:00,38.31016964
1/25/2024 14:00,31.43000002
1/25/2024 15:00,38.66833359
1/25/2024 16:00,36.10499986
1/25/2024 17:00,41.39000009
1/25/2024 18:00,48.97000001
1/25/2024 19:00,44.9516667
1/25/2024 20:00,60.01999963
1/25/2024 21:00,85.82166735
1/25/2024 22:00,74.81833312
1/25/2024 23:00,65.33499985
1/26/2024,68.98666693
1/26/2024 1:00,63.70000013
1/26/2024 2:00,50.21333338
1/26/2024 3:00,52.38166669
1/26/2024 4:00,53.42666696
1/26/2024 5:00,65.10333309
1/26/2024 6:00,75.97500064
1/26/2024 7:00,89.38666674
1/26/2024 8:00,99.82333298
1/26/2024 9:00,99.42333361
1/26/2024 10:00,81.41999989
1/26/2024 11:00,69.01666686
1/26/2024 12:00,63.6649999
1/26/2024 13:00,31.10333328
1/26/2024 14:00,24.85666672
1/26/2024 15:00,26.48166663
1/26/2024 16:00,31.27833328
1/26/2024 17:00,38.05500002
1/26/2024 18:00,41.5233333
1/26/2024 19:00,44.89666678
1/26/2024 20:00,57.64666646
1/26/2024 21:00,86.6116663
1/26/2024 22:00,70.8866663
1/26/2024 23:00,56.09999987
1/27/2024,58.93166676
1/27/2024 1:00,63.41666692
1/27/2024 2:00,57.2483333
1/27/2024 3:00,58.03833338
1/27/2024 4:00,64.8983331
1/27/2024 5:00,71.49354873
1/27/2024 6:00,69.96666641
1/27/2024 7:00,86.13666674
1/27/2024 8:00,100.1066663
1/27/2024 9:00,88.99833336
1/27/2024 10:00,70.83000005
1/27/2024 11:00,39.4983332
1/27/2024 12:00,34.8399999
1/27/2024 13:00,35.70166661
1/27/2024 14:00,28.96833347
1/27/2024 15:00,34.40500018
1/27/2024 16:00,38.15000013
1/27/2024 17:00,44.09833342
1/27/2024 18:00,54.49166698
1/27/2024 19:00,85.13166669
1/27/2024 20:00,73.40999959
1/27/2024 21:00,72.87333323
1/27/2024 22:00,69.77999999
1/27/2024 23:00,76.50499999
1/28/2024,67.05499986
1/28/2024 1:00,62.34000015
1/28/2024 2:00,61.86666698
1/28/2024 3:00,50.85499992
1/28/2024 4:00,56.28833332
1/28/2024 5:00,65.07666651
1/28/2024 6:00,70.30833346
1/28/2024 7:00,80.22833328
1/28/2024 8:00,97.86166662
1/28/2024 9:00,84.64833285
1/28/2024 10:00,69.26166687
1/28/2024 11:00,51.21499996
1/28/2024 12:00,42.38666649
1/28/2024 13:00,40.02833309
1/28/2024 14:00,41.03666668
1/28/2024 15:00,47.19500008
1/28/2024 16:00,44.27333342
1/28/2024 17:00,50.95333341
1/28/2024 18:00,59.16499952
1/28/2024 19:00,81.65166664
1/28/2024 20:00,115.3300003
1/28/2024 21:00,122.4133335
1/28/2024 22:00,104.9583333
1/28/2024 23:00,95.51833344
1/29/2024,89.47833303
1/29/2024 1:00,85.25999997
1/29/2024 2:00,86.92166659
1/29/2024 3:00,83.70166651
1/29/2024 4:00,81.39000003
1/29/2024 5:00,84.05833371
1/29/2024 6:00,98.86499952
1/29/2024 7:00,102.9133339
1/29/2024 8:00,110.6216666
1/29/2024 9:00,105.4716665
1/29/2024 10:00,102.8283335
1/29/2024 11:00,68.53833326
1/29/2024 12:00,51.94833323
1/29/2024 13:00,39.51166677
1/29/2024 14:00,47.32999992
1/29/2024 15:00,46.45166645
1/29/2024 16:00,43.10333328
1/29/2024 17:00,49.59833342
1/29/2024 18:00,52.76034493
1/29/2024 19:00,58.00500031
1/29/2024 20:00,83.41500047
1/29/2024 21:00,85.43333308
1/29/2024 22:00,81.15999959
1/29/2024 23:00,69.07499975
1/30/2024,57.90833391
1/30/2024 1:00,68.76833356
1/30/2024 2:00,62.91333313
1/30/2024 3:00,66.25333309
1/30/2024 4:00,68.01333332
1/30/2024 5:00,72.29999981
1/30/2024 6:00,84.19666634
1/30/2024 7:00,94.27499975
1/30/2024 8:00,104.6133331
1/30/2024 9:00,102.5683331
1/30/2024 10:00,86.48166695
1/30/2024 11:00,63.12333349
1/30/2024 12:00,63.62166646
1/30/2024 13:00,60.03000011
1/30/2024 14:00,52.80166658
1/30/2024 15:00,47.60166658
1/30/2024 16:00,52.59500001
1/30/2024 17:00,62.30000013
1/30/2024 18:00,64.57833309
1/30/2024 19:00,68.94000009
1/30/2024 20:00,69.99333331
1/30/2024 21:00,97.34166692
1/30/2024 22:00,89.50833346
1/30/2024 23:00,82.92419323
1/31/2024,77.43793093
1/31/2024 1:00,73.90499961
1/31/2024 2:00,69.1199995
1/31/2024 3:00,64.75999972
1/31/2024 4:00,67.83000018
1/31/2024 5:00,71.82333361
1/31/2024 6:00,88.6100001
1/31/2024 7:00,100.1850001
1/31/2024 8:00,116.2866666
1/31/2024 9:00,118.2266668
1/31/2024 10:00,93.90833359
1/31/2024 11:00,80.96000036
1/31/2024 12:00,74.2833334
1/31/2024 13:00,59.3450002
1/31/2024 14:00,44.26500009
1/31/2024 15:00,45.72166665
1/31/2024 16:00,52.59666659
1/31/2024 17:00,65.68833332
1/31/2024 18:00,60.44166648
1/31/2024 19:00,71.85333322
1/31/2024 20:00,76.73000005
1/31/2024 21:00,69.0716664
1/31/2024 22:00,61.55499992
1/31/2024 23:00,81.18166688
2/1/2024,91.4299998
2/1/2024 1:00,87.78500023
2/1/2024 2:00,81.79166654
2/1/2024 3:00,76.24500008
2/1/2024 4:00,74.48333321
2/1/2024 5:00,81.70333316
2/1/2024 6:00,90.84310361
2/1/2024 7:00,101.1533335
2/1/2024 8:00,111.7150003
2/1/2024 9:00,106.5800003
2/1/2024 10:00,98.9649999
2/1/2024 11:00,84.88166688
2/1/2024 12:00,69.38666662
2/1/2024 13:00,57.53833313
2/1/2024 14:00,64.78499997
2/1/2024 15:00,66.90500031
2/1/2024 16:00,70.67999986
2/1/2024 17:00,78.2299998
2/1/2024 18:00,77.87833316
2/1/2024 19:00,75.44499969
2/1/2024 20:00,76.01500015
2/1/2024 21:00,71.21166611
2/1/2024 22:00,67.67666702
2/1/2024 23:00,66.81166674
2/2/2024,62.93166669
2/2/2024 1:00,47.96833344
2/2/2024 2:00,40.77500006
2/2/2024 3:00,51.24333344
2/2/2024 4:00,61.31999995
2/2/2024 5:00,50.11333332
2/2/2024 6:00,59.0566665
2/2/2024 7:00,78.83499985
2/2/2024 8:00,88.03999977
2/2/2024 9:00,84.16999982
2/2/2024 10:00,73.71499996
2/2/2024 11:00,58.63666668
2/2/2024 12:00,41.32499981
2/2/2024 13:00,24.34666677
2/2/2024 14:00,21.82833325
2/2/2024 15:00,27.77833308
2/2/2024 16:00,28.88666662
2/2/2024 17:00,36.02166669
2/2/2024 18:00,30.72833319
2/2/2024 19:00,34.78000011
2/2/2024 20:00,37.30166651
2/2/2024 21:00,36.5166666
2/2/2024 22:00,42.69666675
2/2/2024 23:00,49.00666663
2/3/2024,50.19500014
2/3/2024 1:00,45.36999976
2/3/2024 2:00,41.01833344
2/3/2024 3:00,39.63999996
2/3/2024 4:00,44.52833316
2/3/2024 5:00,58.71499971
2/3/2024 6:00,57.63000005
2/3/2024 7:00,69.84833342
2/3/2024 8:00,79.27833303
2/3/2024 9:00,73.31999995
2/3/2024 10:00,67.71666654
2/3/2024 11:00,58.73000011
2/3/2024 12:00,45.8483332
2/3/2024 13:00,39.62833335
2/3/2024 14:00,28.84833339
2/3/2024 15:00,25.575
2/3/2024 16:00,26.97000001
2/3/2024 17:00,33.36774183
2/3/2024 18:00,35.13333321
2/3/2024 19:00,57.47833338
2/3/2024 20:00,68.77499987
2/3/2024 21:00,79.05000025
2/3/2024 22:00,67.60833333
2/3/2024 23:00,66.72000014
2/4/2024,59.65999997
2/4/2024 1:00,48.96499983
2/4/2024 2:00,51.08333333
2/4/2024 3:00,47.7316665
2/4/2024 4:00,56.16999976
2/4/2024 5:00,57.49500008
2/4/2024 6:00,71.67166678
2/4/2024 7:00,72.47166634
2/4/2024 8:00,80.10333354
2/4/2024 9:00,76.21499952
2/4/2024 10:00,72.39166641
2/4/2024 11:00,69.95499961
2/4/2024 12:00,69.20000013
2/4/2024 13:00,62.83833338
2/4/2024 14:00,60.75833333
2/4/2024 15:00,53.31166668
2/4/2024 16:00,62.78166663
2/4/2024 17:00,69.57166678
2/4/2024 18:00,75.46500003
2/4/2024 19:00,86.67500025
2/4/2024 20:00,80.6600001
2/4/2024 21:00,89.33666674
2/4/2024 22:00,103.7783329
2/4/2024 23:00,90.06166636
2/5/2024,88.90833308
2/5/2024 1:00,79.84833323
2/5/2024 2:00,80.94499995
2/5/2024 3:00,79.62166684
2/5/2024 4:00,77.03833351
2/5/2024 5:00,80.97666664
2/5/2024 6:00,88.60833346
2/5/2024 7:00,94.67166697
2/5/2024 8:00,100.9066667
2/5/2024 9:00,110.5583332
2/5/2024 10:00,118.9433334
2/5/2024 11:00,96.76500015
2/5/2024 12:00,32.6349999
2/5/2024 13:00,29.53333346
2/5/2024 14:00,28.62499994
2/5/2024 15:00,27.47833328
2/5/2024 16:00,30.83333327
2/5/2024 17:00,35.64833326
2/5/2024 18:00,36.03666655
2/5/2024 19:00,39.32666664
2/5/2024 20:00,54.50333322
2/5/2024 21:00,78.88166669
2/5/2024 22:00,76.34833412
2/5/2024 23:00,61.84000003
2/6/2024,56.34833342
2/6/2024 1:00,46.66999995
2/6/2024 2:00,46.425
2/6/2024 3:00,44.0366663
2/6/2024 4:00,44.9733333
2/6/2024 5:00,48.93500004
2/6/2024 6:00,55.02166659
2/6/2024 7:00,73.12833316
2/6/2024 8:00,97.04666659
2/6/2024 9:00,96.58666674
2/6/2024 10:00,81.51333338
2/6/2024 11:00,59.32500006
2/6/2024 12:00,34.23333324
2/6/2024 13:00,25.11666654
2/6/2024 14:00,21.21499991
2/6/2024 15:00,25.5149999
2/6/2024 16:00,31.46166681
2/6/2024 17:00,35.87666674
2/6/2024 18:00,37.25500018
2/6/2024 19:00,39.11499971
2/6/2024 20:00,44.8066666
2/6/2024 21:00,67.10166696
2/6/2024 22:00,70.80000032
2/6/2024 23:00,54.18666655
2/7/2024,52.74500001
2/7/2024 1:00,47.22499994
2/7/2024 2:00,46.44666672
2/7/2024 3:00,44.20833327
2/7/2024 4:00,47.15500011
2/7/2024 5:00,54.06666654
2/7/2024 6:00,69.87333342
2/7/2024 7:00,79.96999995
2/7/2024 8:00,77.52000001
2/7/2024 9:00,88.94333331
2/7/2024 10:00,77.7749993
2/7/2024 11:00,58.1083334
2/7/2024 12:00,30.52166659
2/7/2024 13:00,27.06499987
2/7/2024 14:00,22.5000001
2/7/2024 15:00,19.57500016
2/7/2024 16:00,22.84000003
2/7/2024 17:00,25.68833326
2/7/2024 18:00,30.06166662
2/7/2024 19:00,40.23833338
2/7/2024 20:00,54.46500003
2/7/2024 21:00,49.17333349
2/7/2024 22:00,45.2483333
2/7/2024 23:00,44.95833333
2/8/2024,43.58333314
2/8/2024 1:00,38.42333336
2/8/2024 2:00,41.80166651
2/8/2024 3:00,37.4399999
2/8/2024 4:00,40.60000006
2/8/2024 5:00,49.70166664
2/8/2024 6:00,60.04666653
2/8/2024 7:00,75.66666673
2/8/2024 8:00,77.1600001
2/8/2024 9:00,72.61999982
2/8/2024 10:00,63.9933335
2/8/2024 11:00,64.83999996
2/8/2024 12:00,43.4133327
2/8/2024 13:00,27.08666635
2/8/2024 14:00,22.60169513
2/8/2024 15:00,21.50833321
2/8/2024 16:00,29.7983333
2/8/2024 17:00,32.15833359
2/8/2024 18:00,37.16166658
2/8/2024 19:00,42.19666684
2/8/2024 20:00,60.33166682
2/8/2024 21:00,65.7983333
2/8/2024 22:00,66.41166662
2/8/2024 23:00,61.71166643
2/9/2024,56.74166673
2/9/2024 1:00,51.85999997
2/9/2024 2:00,58.02666664
2/9/2024 3:00,57.11666648
2/9/2024 4:00,56.84833336
2/9/2024 5:00,60.40666676
2/9/2024 6:00,72.18000011
2/9/2024 7:00,74.84500008
2/9/2024 8:00,82.80333328
2/9/2024 9:00,72.65166664
2/9/2024 10:00,66.2366663
2/9/2024 11:00,63.00999978
2/9/2024 12:00,64.7399999
2/9/2024 13:00,51.95999991
2/9/2024 14:00,51.58666655
2/9/2024 15:00,57.36500015
2/9/2024 16:00,53.85166683
2/9/2024 17:00,56.68833319
2/9/2024 18:00,66.27166678
2/9/2024 19:00,72.19499989
2/9/2024 20:00,80.33666649
2/9/2024 21:00,86.69166641
2/9/2024 22:00,91.33666623
2/9/2024 23:00,95.22500025
2/10/2024,85.58333359
2/10/2024 1:00,79.3733331
2/10/2024 2:00,79.18666649
2/10/2024 3:00,78.5982762
2/10/2024 4:00,85.96666679
2/10/2024 5:00,87.93499972
2/10/2024 6:00,100.873333
2/10/2024 7:00,118.8316669
2/10/2024 8:00,124.7116671
2/10/2024 9:00,118.5083328
2/10/2024 10:00,98.94666634
2/10/2024 11:00,68.89499957
2/10/2024 12:00,34.80967752
2/10/2024 13:00,31.87833328
2/10/2024 14:00,34.01333342
2/10/2024 15:00,44.97666651
2/10/2024 16:00,42.31500015
2/10/2024 17:00,43.60999997
2/10/2024 18:00,48.37999992
2/10/2024 19:00,61.61333326
2/10/2024 20:00,74.5166666
2/10/2024 21:00,72.32166595
2/10/2024 22:00,91.59833298
2/10/2024 23:00,84.08499972
2/11/2024,77.65333277
2/11/2024 1:00,70.1416666
2/11/2024 2:00,62.8066665
2/11/2024 3:00,61.71500015
2/11/2024 4:00,61.58666636
2/11/2024 5:00,66.28499978
2/11/2024 6:00,79.02000046
2/11/2024 7:00,92.03833313
2/11/2024 8:00,94.30833371
2/11/2024 9:00,93.13870965
2/11/2024 10:00,77.95833378
2/11/2024 11:00,54.58666687
2/11/2024 12:00,32.88666677
2/11/2024 13:00,28.99333326
2/11/2024 14:00,18.71333334
2/11/2024 15:00,31.81166662
2/11/2024 16:00,28.34333331
2/11/2024 17:00,36.95999997
2/11/2024 18:00,42.05333335
2/11/2024 19:00,47.82833347
2/11/2024 20:00,63.01166662
2/11/2024 21:00,62.62666658
2/11/2024 22:00,57.30666656
2/11/2024 23:00,69.56229469
2/12/2024,63.24333337
2/12/2024 1:00,58.89166654
2/12/2024 2:00,53.27833341
2/12/2024 3:00,54.84833323
2/12/2024 4:00,54.62166684
2/12/2024 5:00,63.41999982
2/12/2024 6:00,76.61333326
2/12/2024 7:00,83.11499977
2/12/2024 8:00,88.97333336
2/12/2024 9:00,82.37666664
2/12/2024 10:00,75.836667
2/12/2024 11:00,52.23333378
2/12/2024 12:00,29.22333326
2/12/2024 13:00,32.96666654
2/12/2024 14:00,32.39666653
2/12/2024 15:00,28.36333326
2/12/2024 16:00,36.45333347
2/12/2024 17:00,46.58166644
2/12/2024 18:00,46.53500036
2/12/2024 19:00,47.92166653
2/12/2024 20:00,62.79666672
2/12/2024 21:00,66.92166659
2/12/2024 22:00,68.82666645
2/12/2024 23:00,55.30500024
2/13/2024,61.80000006
2/13/2024 1:00,64.32000001
2/13/2024 2:00,62.0566665
2/13/2024 3:00,55.16166655
2/13/2024 4:00,79.44333305
2/13/2024 5:00,76.16500034
2/13/2024 6:00,74.39333331
2/13/2024 7:00,68.50499973
2/13/2024 8:00,78.62500051
2/13/2024 9:00,97.14666583
2/13/2024 10:00,72.92000001
2/13/2024 11:00,46.13833332
2/13/2024 12:00,36.76999995
2/13/2024 13:00,35.03833332
2/13/2024 14:00,30.65333328
2/13/2024 15:00,33.91833324
2/13/2024 16:00,38.92999996
2/13/2024 17:00,44.08852443
2/13/2024 18:00,46.59333324
2/13/2024 19:00,57.41500003
2/13/2024 20:00,66.5649999
2/13/2024 21:00,59.74999981
2/13/2024 22:00,57.69833349
2/13/2024 23:00,64.31666654
2/14/2024,57.67666632
2/14/2024 1:00,57.00500018
2/14/2024 2:00,48.05666656
2/14/2024 3:00,53.34833323
2/14/2024 4:00,54.87499994
2/14/2024 5:00,59.39166648
2/14/2024 6:00,77.62166684
2/14/2024 7:00,78.72333399
2/14/2024 8:00,101.8466665
2/14/2024 9:00,109.1233337
2/14/2024 10:00,88.25833359
2/14/2024 11:00,75.64999975
2/14/2024 12:00,79.02333323
2/14/2024 13:00,83.35666695
2/14/2024 14:00,54.67999969
2/14/2024 15:00,23.34833328
2/14/2024 16:00,25.71166662
2/14/2024 17:00,79.60500024
2/14/2024 18:00,87.74166654
2/14/2024 19:00,73.18166631
2/14/2024 20:00,87.09833355
2/14/2024 21:00,85.43833332
2/14/2024 22:00,82.24499944
2/14/2024 23:00,57.64333331
2/15/2024,64.12833347
2/15/2024 1:00,54.14166641
2/15/2024 2:00,51.28666674
2/15/2024 3:00,51.15833327
2/15/2024 4:00,60.60666669
2/15/2024 5:00,74.40833314
2/15/2024 6:00,77.61500041
2/15/2024 7:00,83.61833382
2/15/2024 8:00,86.31666654
2/15/2024 9:00,90.93833351
2/15/2024 10:00,81.15666688
2/15/2024 11:00,62.65166664
2/15/2024 12:00,51.65000003
2/15/2024 13:00,40.32666645
2/15/2024 14:00,24.66666665
2/15/2024 15:00,26.81166684
2/15/2024 16:00,28.83666662
2/15/2024 17:00,34.1433334
2/15/2024 18:00,38.01500006
2/15/2024 19:00,41.24666672
2/15/2024 20:00,44.35666666
2/15/2024 21:00,66.35333354
2/15/2024 22:00,63.29666672
2/15/2024 23:00,63.85333322
2/16/2024,55.28500004
2/16/2024 1:00,45.43500029
2/16/2024 2:00,41.03833345
2/16/2024 3:00,42.93166656
2/16/2024 4:00,51.83333321
2/16/2024 5:00,66.17333317
2/16/2024 6:00,69.94499982
2/16/2024 7:00,82.66666692
2/16/2024 8:00,89.41333377
2/16/2024 9:00,93.08333321
2/16/2024 10:00,72.37333323
2/16/2024 11:00,40.80166642
2/16/2024 12:00,33.05166667
2/16/2024 13:00,34.34333331
2/16/2024 14:00,32.52166662
2/16/2024 15:00,36.01999985
2/16/2024 16:00,44.82333301
2/16/2024 17:00,44.7766667
2/16/2024 18:00,49.82166684
2/16/2024 19:00,52.42999986
2/16/2024 20:00,53.63500017
2/16/2024 21:00,61.28833357
2/16/2024 22:00,65.48000043
2/16/2024 23:00,63.36833324
2/17/2024,57.47999999
2/17/2024 1:00,56.67333323
2/17/2024 2:00,56.45499992
2/17/2024 3:00,54.8183335
2/17/2024 4:00,57.99666684
2/17/2024 5:00,60.22999992
2/17/2024 6:00,76.11666705
2/17/2024 7:00,85.4016669
2/17/2024 8:00,95.23499997
2/17/2024 9:00,92.83833313
2/17/2024 10:00,68.32333349
2/17/2024 11:00,56.48666668
2/17/2024 12:00,50.79333312
2/17/2024 13:00,43.075
2/17/2024 14:00,40.7200002
2/17/2024 15:00,42.40333328
2/17/2024 16:00,57.68666674
2/17/2024 17:00,55.46999976
2/17/2024 18:00,61.84500008
2/17/2024 19:00,69.03833351
2/17/2024 20:00,72.5533336
2/17/2024 21:00,69.75166683
2/17/2024 22:00,73.47166646
2/17/2024 23:00,71.77999999
2/18/2024,61.91999995
2/18/2024 1:00,68.87499994
2/18/2024 2:00,71.59833399
2/18/2024 3:00,62.82999948
2/18/2024 4:00,57.87833341
2/18/2024 5:00,68.38499997
2/18/2024 6:00,79.11833331
2/18/2024 7:00,81.81666705
2/18/2024 8:00,106.4300001
2/18/2024 9:00,106.1366667
2/18/2024 10:00,97.8950002
2/18/2024 11:00,70.63666674
2/18/2024 12:00,44.70666682
2/18/2024 13:00,49.6233333
2/18/2024 14:00,53.26999989
2/18/2024 15:00,52.35999991
2/18/2024 16:00,62.30833308
2/18/2024 17:00,55.87833322
2/18/2024 18:00,57.33166663
2/18/2024 19:00,63.46000017
2/18/2024 20:00,77.41666667
2/18/2024 21:00,79.93333346
2/18/2024 22:00,72.74333305
2/18/2024 23:00,79.975
2/19/2024,77.19666621
2/19/2024 1:00,72.575
2/19/2024 2:00,72.5433328
2/19/2024 3:00,83.08666623
2/19/2024 4:00,73.78499985
2/19/2024 5:00,83.68499947
2/19/2024 6:00,86.21500003
2/19/2024 7:00,100.3816668
2/19/2024 8:00,108.9716663
2/19/2024 9:00,106.8666672
2/19/2024 10:00,81.28166637
2/19/2024 11:00,73.48499985
2/19/2024 12:00,82.24499969
2/19/2024 13:00,59.62666645
2/19/2024 14:00,52.61333338
2/19/2024 15:00,57.92131155
2/19/2024 16:00,61.91833344
2/19/2024 17:00,62.92833341
2/19/2024 18:00,62.81333332
2/19/2024 19:00,63.42333323
2/19/2024 20:00,66.19833285
2/19/2024 21:00,82.13166707
2/19/2024 22:00,78.88166682
2/19/2024 23:00,83.25833346
2/20/2024,80.49166654
2/20/2024 1:00,77.8299998
2/20/2024 2:00,74.93666636
2/20/2024 3:00,72.83333346
2/20/2024 4:00,70.14333363
2/20/2024 5:00,80.16500015
2/20/2024 6:00,96.99833323
2/20/2024 7:00,106.248334
2/20/2024 8:00,118.7766666
2/20/2024 9:00,109.2899996
2/20/2024 10:00,115.7699999
2/20/2024 11:00,103.1983336
2/20/2024 12:00,49.27000004
2/20/2024 13:00,45.47213132
2/20/2024 14:00,33.21499996
2/20/2024 15:00,36.86166668
2/20/2024 16:00,29.80499999
2/20/2024 17:00,33.29499985
2/20/2024 18:00,46.65833317
2/20/2024 19:00,45.59999987
2/20/2024 20:00,52.80499999
2/20/2024 21:00,62.77666639
2/20/2024 22:00,67.41166693
2/20/2024 23:00,62.09833336
2/21/2024,51.89833336
2/21/2024 1:00,50.78166669
2/21/2024 2:00,47.66000017
2/21/2024 3:00,47.74666659
2/21/2024 4:00,52.3333334
2/21/2024 5:00,65.11833331
2/21/2024 6:00,65.8083334
2/21/2024 7:00,77.82833379
2/21/2024 8:00,81.95
2/21/2024 9:00,99.73934386
2/21/2024 10:00,81.47499981
2/21/2024 11:00,45.36166649
2/21/2024 12:00,43.87999992
2/21/2024 13:00,42.31166684
2/21/2024 14:00,32.02166665
2/21/2024 15:00,44.45833352
2/21/2024 16:00,39.44499992
2/21/2024 17:00,45.13278705
2/21/2024 18:00,53.24499995
2/21/2024 19:00,46.32999986
2/21/2024 20:00,44.36666673
2/21/2024 21:00,52.36666667
2/21/2024 22:00,48.44333331
2/21/2024 23:00,62.57500006
2/22/2024,45.1733333
2/22/2024 1:00,41.19666672
2/22/2024 2:00,40.18833326
2/22/2024 3:00,45.26333326
2/22/2024 4:00,54.02000014
2/22/2024 5:00,53.7649999
2/22/2024 6:00,60.9799998
2/22/2024 7:00,77.06166693
2/22/2024 8:00,66.49333363
2/22/2024 9:00,73.65000051
2/22/2024 10:00,56.97833328
2/22/2024 11:00,41.03500026
2/22/2024 12:00,27.85166674
2/22/2024 13:00,32.73999996
2/22/2024 14:00,32.43333343
2/22/2024 15:00,33.32833344
2/22/2024 16:00,35.62166672
2/22/2024 17:00,30.38333343
2/22/2024 18:00,28.75999985
2/22/2024 19:00,30.87833338
2/22/2024 20:00,30.73000005
2/22/2024 21:00,31.48166672
2/22/2024 22:00,33.31333345
2/22/2024 23:00,31.61666657
2/23/2024,31.33999999
2/23/2024 1:00,33.6100001
2/23/2024 2:00,27.33999996
2/23/2024 3:00,29.97333339
2/23/2024 4:00,33.97166672
2/23/2024 5:00,42.4816665
2/23/2024 6:00,46.47333336
2/23/2024 7:00,50.00999991
2/23/2024 8:00,66.16833369
2/23/2024 9:00,53.40500024
2/23/2024 10:00,46.59166654
2/23/2024 11:00,31.14166651
2/23/2024 12:00,23.95409847
2/23/2024 13:00,25.37333315
2/23/2024 14:00,21.8033336
2/23/2024 15:00,21.4783333
2/23/2024 16:00,35.0483333
2/23/2024 17:00,70.81833318
2/23/2024 18:00,50.79500008
2/23/2024 19:00,37.31499977
2/23/2024 20:00,43.36333348
2/23/2024 21:00,51.12499994
2/23/2024 22:00,50.54333328
2/23/2024 23:00,39.80333335
2/24/2024,46.5766667
2/24/2024 1:00,37.7516668
2/24/2024 2:00,38.37333326
2/24/2024 3:00,33.05666676
2/24/2024 4:00,39.10833327
2/24/2024 5:00,47.14333331
2/24/2024 6:00,73.36166674
2/24/2024 7:00,61.09333318
2/24/2024 8:00,68.25500011
2/24/2024 9:00,61.91000004
2/24/2024 10:00,50.67499987
2/24/2024 11:00,26.79666662
2/24/2024 12:00,33.98333327
2/24/2024 13:00,29.21864396
2/24/2024 14:00,25.36499996
2/24/2024 15:00,28.80333354
2/24/2024 16:00,22.99000006
2/24/2024 17:00,25.48833338
2/24/2024 18:00,33.68333321
2/24/2024 19:00,40.7133331
2/24/2024 20:00,42.42166672
2/24/2024 21:00,46.44500008
2/24/2024 22:00,53.61166674
2/24/2024 23:00,38.21500003
2/25/2024,36.46833318
2/25/2024 1:00,43.61000023
2/25/2024 2:00,43.7399999
2/25/2024 3:00,37.30833333
2/25/2024 4:00,48.875
2/25/2024 5:00,57.17500013
2/25/2024 6:00,57.50645151
2/25/2024 7:00,69.74166654
2/25/2024 8:00,79.52666651
2/25/2024 9:00,72.25500018
2/25/2024 10:00,59.29333347
2/25/2024 11:00,37.61999995
2/25/2024 12:00,29.4316666
2/25/2024 13:00,25.79166657
2/25/2024 14:00,28.49000003
2/25/2024 15:00,26.65
2/25/2024 16:00,27.99500004
2/25/2024 17:00,41.13833357
2/25/2024 18:00,46.24500014
2/25/2024 19:00,42.75999991
2/25/2024 20:00,45.26999995
2/25/2024 21:00,61.88166676
2/25/2024 22:00,58.51333307
2/25/2024 23:00,55.75
2/26/2024,58.19999987
2/26/2024 1:00,52.02333361
2/26/2024 2:00,48.10000006
2/26/2024 3:00,61.81333351
2/26/2024 4:00,61.96166655
2/26/2024 5:00,66.02500032
2/26/2024 6:00,78.74000053
2/26/2024 7:00,86.48166644
2/26/2024 8:00,94.78499985
2/26/2024 9:00,91.48499985
2/26/2024 10:00,78.77499994
2/26/2024 11:00,56.93833326
2/26/2024 12:00,52.85999991
2/26/2024 13:00,33.40833346
2/26/2024 14:00,30.70333331
2/26/2024 15:00,30.01333348
2/26/2024 16:00,31.88166676
2/26/2024 17:00,35.8350001
2/26/2024 18:00,35.93833316
2/26/2024 19:00,39.02833347
2/26/2024 20:00,41.0333334
2/26/2024 21:00,46.44833342
2/26/2024 22:00,52.41500009
2/26/2024 23:00,44.11571421
2/27/2024,42.90917454
2/27/2024 1:00,42.75833365
2/27/2024 2:00,45.71129048
2/27/2024 3:00,50.18135562
2/27/2024 4:00,46.54666659
2/27/2024 5:00,64.45666656
2/27/2024 6:00,71.24999955
2/27/2024 7:00,78.67166697
2/27/2024 8:00,77.02166621
2/27/2024 9:00,84.61166617
2/27/2024 10:00,76.75333335
2/27/2024 11:00,82.26000023
2/27/2024 12:00,38.5016667
2/27/2024 13:00,36.63999999
2/27/2024 14:00,38.15333331
2/27/2024 15:00,37.22166662
2/27/2024 16:00,41.15166651
2/27/2024 17:00,37.63166663
2/27/2024 18:00,63.4350001
2/27/2024 19:00,68.46166693
2/27/2024 20:00,81.36333319
2/27/2024 21:00,81.82833341
2/27/2024 22:00,74.33666674
2/27/2024 23:00,63.91333351
2/28/2024,57.51833318
2/28/2024 1:00,59.4516667
2/28/2024 2:00,81.43166637
2/28/2024 3:00,86.24166724
2/28/2024 4:00,58.31333351
2/28/2024 5:00,59.87000014
2/28/2024 6:00,74.41500047
2/28/2024 7:00,81.32500051
2/28/2024 8:00,83.89333324
2/28/2024 9:00,80.8899999
2/28/2024 10:00,74.2033329
2/28/2024 11:00,52.98500032
2/28/2024 12:00,29.72166678
2/28/2024 13:00,21.30833325
2/28/2024 14:00,21.34166657
2/28/2024 15:00,26.48333337
2/28/2024 16:00,30.45999997
2/28/2024 17:00,41.89833326
2/28/2024 18:00,45.65833346
2/28/2024 19:00,44.76333332
2/28/2024 20:00,46.66999969
2/28/2024 21:00,49.70833308
2/28/2024 22:00,50.99999994
2/28/2024 23:00,55.47666677
2/29/2024,50.24833323
2/29/2024 1:00,52.3442623
2/29/2024 2:00,48.47500013
2/29/2024 3:00,54.38499997
2/29/2024 4:00,53.43333314
2/29/2024 5:00,64.03833338
2/29/2024 6:00,85.59833336
2/29/2024 7:00,86.09499982
2/29/2024 8:00,95.66666679
2/29/2024 9:00,88.54500008
2/29/2024 10:00,67.26500028
2/29/2024 11:00,57.72333349
2/29/2024 12:00,40.5100002
2/29/2024 13:00,43.2233332
2/29/2024 14:00,34.34333324
2/29/2024 15:00,40.0083334
2/29/2024 16:00,34.65737712
2/29/2024 17:00,34.47500019
2/29/2024 18:00,43.43000011
2/29/2024 19:00,44.5766667
2/29/2024 20:00,48.23333314
2/29/2024 21:00,55.40000019
2/29/2024 22:00,64.51499971
2/29/2024 23:00,49.81666679
3/1/2024,48.30500005
3/1/2024 1:00,46.27999992
3/1/2024 2:00,48.60166677
3/1/2024 3:00,52.45166677
3/1/2024 4:00,62.65
3/1/2024 5:00,68.0016662
3/1/2024 6:00,76.4566665
3/1/2024 7:00,83.6216671
3/1/2024 8:00,79.27833392
3/1/2024 9:00,82.87500013
3/1/2024 10:00,77.38333321
3/1/2024 11:00,58.99999994
3/1/2024 12:00,58.58666674
3/1/2024 13:00,58.16333319
3/1/2024 14:00,51.58833332
3/1/2024 15:00,48.51500009
3/1/2024 16:00,52.26166655
3/1/2024 17:00,54.6850001
3/1/2024 18:00,59.5883337
3/1/2024 19:00,58.84666634
3/1/2024 20:00,59.81166681
3/1/2024 21:00,74.76833382
3/1/2024 22:00,74.94500008
3/1/2024 23:00,72.73833351
3/2/2024,70.82166697
3/2/2024 1:00,72.97540934
3/2/2024 2:00,76.37833252
3/2/2024 3:00,76.92499949
3/2/2024 4:00,75.70833346
3/2/2024 5:00,80.55499929
3/2/2024 6:00,83.6399999
3/2/2024 7:00,90.02833316
3/2/2024 8:00,98.22166672
3/2/2024 9:00,102.3116665
3/2/2024 10:00,90.79499995
3/2/2024 11:00,83.40967732
3/2/2024 12:00,79.58499991
3/2/2024 13:00,60.475
3/2/2024 14:00,49.13833319
3/2/2024 15:00,45.33833364
3/2/2024 16:00,49.1450002
3/2/2024 17:00,48.74166679
3/2/2024 18:00,46.54833298
3/2/2024 19:00,55.94333318
3/2/2024 20:00,54.89333344
3/2/2024 21:00,54.16166674
3/2/2024 22:00,55.36500003
3/2/2024 23:00,58.12499994
3/3/2024,57.52666664
3/3/2024 1:00,54.46833344
3/3/2024 2:00,50.08833345
3/3/2024 3:00,49.74499989
3/3/2024 4:00,54.66451602
3/3/2024 5:00,49.73666681
3/3/2024 6:00,61.75666682
3/3/2024 7:00,59.47166665
3/3/2024 8:00,50.51000017
3/3/2024 9:00,49.24000015
3/3/2024 10:00,51.77166678
3/3/2024 11:00,40.6899998
3/3/2024 12:00,40.61166674
3/3/2024 13:00,31.07499971
3/3/2024 14:00,30.89499998
3/3/2024 15:00,28.85166664
3/3/2024 16:00,26.17666664
3/3/2024 17:00,25.78548385
3/3/2024 18:00,23.13114757
3/3/2024 19:00,29.78500001
3/3/2024 20:00,30.85333331
3/3/2024 21:00,30.86833334
3/3/2024 22:00,33.56333338
3/3/2024 23:00,26.11000004
3/4/2024,16.90833332
3/4/2024 1:00,13.75333336
3/4/2024 2:00,20.75666668
3/4/2024 3:00,15.40806453
3/4/2024 4:00,24.05166672
3/4/2024 5:00,22.97666677
3/4/2024 6:00,29.7516667
3/4/2024 7:00,37.4733331
3/4/2024 8:00,46.62333336
3/4/2024 9:00,55.12833328
3/4/2024 10:00,53.92166665
3/4/2024 11:00,37.21666657
3/4/2024 12:00,17.91166671
3/4/2024 13:00,17.795
3/4/2024 14:00,16.62166653
3/4/2024 15:00,16.71499998
3/4/2024 16:00,16.99499993
3/4/2024 17:00,24.88999996
3/4/2024 18:00,22.37000004
3/4/2024 19:00,23.93833335
3/4/2024 20:00,26.65666666
3/4/2024 21:00,23.34333324
3/4/2024 22:00,25.7833334
3/4/2024 23:00,38.80500008
3/5/2024,38.44833333
3/5/2024 1:00,31.77499987
3/5/2024 2:00,31.13999993
3/5/2024 3:00,31.33833323
3/5/2024 4:00,37.43666674
3/5/2024 5:00,43.39333334
3/5/2024 6:00,57.82333291
3/5/2024 7:00,64.55666676
3/5/2024 8:00,69.17000008
3/5/2024 9:00,68.91499939
3/5/2024 10:00,58.35714286
3/5/2024 11:00,38.08500001
3/5/2024 12:00,18.74333323
3/5/2024 13:00,14.48499994
3/5/2024 14:00,12.66500003
3/5/2024 15:00,10.90999997
3/5/2024 16:00,12.96333336
3/5/2024 17:00,17.27166662
3/5/2024 18:00,21.29516132
3/5/2024 19:00,39.113333
3/5/2024 20:00,28.22999992
3/5/2024 21:00,30.20999988
3/5/2024 22:00,32.30000016
3/5/2024 23:00,40.05322592
3/6/2024,30.17499987
3/6/2024 1:00,32.9516668
3/6/2024 2:00,28.83000002
3/6/2024 3:00,34.68999999
3/6/2024 4:00,30.41499996
3/6/2024 5:00,39.18500004
3/6/2024 6:00,58.1440676
3/6/2024 7:00,62.80166613
3/6/2024 8:00,61.17666651
3/6/2024 9:00,74.15333309
3/6/2024 10:00,67.14333353
3/6/2024 11:00,24.89333332
3/6/2024 12:00,15.40333344
3/6/2024 13:00,13.34999997
3/6/2024 14:00,11.99500002
3/6/2024 15:00,9.014999994
3/6/2024 16:00,8.111666663
3/6/2024 17:00,15.70333343
3/6/2024 18:00,31.05166656
3/6/2024 19:00,33.44333347
3/6/2024 20:00,47.14500008
3/6/2024 21:00,57.49666672
3/6/2024 22:00,41.89166673
3/6/2024 23:00,35.60833333
3/7/2024,39.69354845
3/7/2024 1:00,38.50833346
3/7/2024 2:00,34.47000011
3/7/2024 3:00,34.47833344
3/7/2024 4:00,43.81666667
3/7/2024 5:00,53.15166683
3/7/2024 6:00,67.94833336
3/7/2024 7:00,77.48500004
3/7/2024 8:00,87.38333384
3/7/2024 9:00,81.82666639
3/7/2024 10:00,66.41333338
3/7/2024 11:00,53.14000022
3/7/2024 12:00,28.11500007
3/7/2024 13:00,20.45500002
3/7/2024 14:00,16.07000003
3/7/2024 15:00,18.05833343
3/7/2024 16:00,21.31000007
3/7/2024 17:00,20.99000014
3/7/2024 18:00,30.37500006
3/7/2024 19:00,45.25500015
3/7/2024 20:00,41.0350001
3/7/2024 21:00,41.13666668
3/7/2024 22:00,41.84000015
3/7/2024 23:00,54.75666682
3/8/2024,49.96833318
3/8/2024 1:00,37.07666658
3/8/2024 2:00,37.84000003
3/8/2024 3:00,43.30500018
3/8/2024 4:00,36.87833325
3/8/2024 5:00,58.42999992
3/8/2024 6:00,77.22000039
3/8/2024 7:00,65.90999991
3/8/2024 8:00,80.05666656
3/8/2024 9:00,79.18999983
3/8/2024 10:00,53.99666659
3/8/2024 11:00,51.09193537
3/8/2024 12:00,34.08166653
3/8/2024 13:00,29.88500013
3/8/2024 14:00,24.48666674
3/8/2024 15:00,24.93333327
3/8/2024 16:00,32.95333331
3/8/2024 17:00,42.79677446
3/8/2024 18:00,64.29666646
3/8/2024 19:00,71.78032828
3/8/2024 20:00,67.38500023
3/8/2024 21:00,70.98032742
3/8/2024 22:00,78.08000018
3/8/2024 23:00,79.65499992
3/9/2024,68.15166664
3/9/2024 1:00,81.33666674
3/9/2024 2:00,73.80666695
3/9/2024 3:00,80.84166654
3/9/2024 4:00,84.92333374
3/9/2024 5:00,80.2016669
3/9/2024 6:00,88.82786923
3/9/2024 7:00,100.2103446
3/9/2024 8:00,116.426667
3/9/2024 9:00,97.56999957
3/9/2024 10:00,75.17666677
3/9/2024 11:00,54.56999989
3/9/2024 12:00,51.64666665
3/9/2024 13:00,45.85166648
3/9/2024 14:00,38.21833353
3/9/2024 15:00,39.25333335
3/9/2024 16:00,40.26166662
3/9/2024 17:00,45.46000004
3/9/2024 18:00,45.52000001
3/9/2024 19:00,48.98166625
3/9/2024 20:00,51.39193566
3/9/2024 21:00,53.12500013
3/9/2024 22:00,60.62999999
3/9/2024 23:00,55.74833336
3/10/2024,53.55333347
3/10/2024 1:00,56.19666678
3/10/2024 2:00,55.81333351
3/10/2024 3:00,56.74333324
3/10/2024 4:00,56.05833327
3/10/2024 5:00,77.41333319
3/10/2024 6:00,80.68666712
3/10/2024 7:00,84.14166654
3/10/2024 8:00,81.22333361
3/10/2024 9:00,82.57333374
3/10/2024 10:00,65.71166655
3/10/2024 11:00,52.85666676
3/10/2024 12:00,49.42666658
3/10/2024 13:00,46.58333327
3/10/2024 14:00,44.625
3/10/2024 15:00,49.15166677
3/10/2024 16:00,52.51333357
3/10/2024 17:00,55.27833296
3/10/2024 18:00,58.62666658
3/10/2024 19:00,61.75999997
3/10/2024 20:00,65.39000009
3/10/2024 21:00,73.26666641
3/10/2024 22:00,72.78666649
3/10/2024 23:00,74.91833305
3/11/2024,76.3266674
3/11/2024 1:00,83.42666677
3/11/2024 2:00,86.07166627
3/11/2024 3:00,100.0066667
3/11/2024 4:00,83.40500031
3/11/2024 5:00,101.4616674
3/11/2024 6:00,101.3583332
3/11/2024 7:00,100.6383327
3/11/2024 8:00,113.7066664
3/11/2024 9:00,99.60499992
3/11/2024 10:00,79.30833391
3/11/2024 11:00,66.80333373
3/11/2024 12:00,59.93333365
3/11/2024 13:00,62.09500014
3/11/2024 14:00,52.77000014
3/11/2024 15:00,48.49833323
3/11/2024 16:00,50.89344256
3/11/2024 17:00,55.1483333
3/11/2024 18:00,59.89666691
3/11/2024 19:00,58.19666678
3/11/2024 20:00,60.03333321
3/11/2024 21:00,60.8916666
3/11/2024 22:00,73.08833351
3/11/2024 23:00,69.01999989
3/12/2024,68.80666707
3/12/2024 1:00,67.39833374
3/12/2024 2:00,70.74666665
3/12/2024 3:00,75.91333313
3/12/2024 4:00,71.98333308
3/12/2024 5:00,82.9100001
3/12/2024 6:00,87.87377079
3/12/2024 7:00,98.45833346
3/12/2024 8:00,109.1949999
3/12/2024 9:00,101.3936507
3/12/2024 10:00,83.14999987
3/12/2024 11:00,75.22833335
3/12/2024 12:00,45.33333352
3/12/2024 13:00,33.2483333
3/12/2024 14:00,31.77333349
3/12/2024 15:00,29.24166654
3/12/2024 16:00,38.12833322
3/12/2024 17:00,45.72333342
3/12/2024 18:00,53.05666663
3/12/2024 19:00,56.05166677
3/12/2024 20:00,47.76000017
3/12/2024 21:00,43.81333332
3/12/2024 22:00,45.18666662
3/12/2024 23:00,56.74166679
3/13/2024,55.21333345
3/13/2024 1:00,52.46833318
3/13/2024 2:00,49.94499995
3/13/2024 3:00,61.66333338
3/13/2024 4:00,57.74666684
3/13/2024 5:00,64.49999987
3/13/2024 6:00,80.86500015
3/13/2024 7:00,83.28333346
3/13/2024 8:00,89.84499995
3/13/2024 9:00,79.08833294
3/13/2024 10:00,59.43833307
3/13/2024 11:00,43.18833338
3/13/2024 12:00,33.1683334
3/13/2024 13:00,29.91666657
3/13/2024 14:00,29.67999992
3/13/2024 15:00,36.05166661
3/13/2024 16:00,45.40999997
3/13/2024 17:00,46.87499975
3/13/2024 18:00,47.53166669
3/13/2024 19:00,40.62499997
3/13/2024 20:00,33.16000023
3/13/2024 21:00,46.46666686
3/13/2024 22:00,59.47833309
3/13/2024 23:00,62.60833327
3/14/2024,49.85333328
3/14/2024 1:00,48.99333344
3/14/2024 2:00,44.96166693
3/14/2024 3:00,52.31666654
3/14/2024 4:00,53.54333324
3/14/2024 5:00,66.67500045
3/14/2024 6:00,74.57666626
3/14/2024 7:00,85.87500006
3/14/2024 8:00,85.68666674
3/14/2024 9:00,85.4733331
3/14/2024 10:00,64.42333336
3/14/2024 11:00,51.91694906
3/14/2024 12:00,46.23999996
3/14/2024 13:00,40.05666647
3/14/2024 14:00,36.06000001
3/14/2024 15:00,32.77999992
3/14/2024 16:00,32.87000001
3/14/2024 17:00,34.73499991
3/14/2024 18:00,41.49333331
3/14/2024 19:00,47.22333336
3/14/2024 20:00,39.48666649
3/14/2024 21:00,40.21833363
3/14/2024 22:00,47.15666656
3/14/2024 23:00,60.66499983
3/15/2024,45.37833328
3/15/2024 1:00,45.75333309
3/15/2024 2:00,45.67333336
3/15/2024 3:00,45.71111086
3/15/2024 4:00,46.34166673
3/15/2024 5:00,62.84499989
3/15/2024 6:00,80.0516667
3/15/2024 7:00,81.86166712
3/15/2024 8:00,68.55999985
3/15/2024 9:00,67.9483333
3/15/2024 10:00,48.73499994
3/15/2024 11:00,41.92499984
3/15/2024 12:00,35.20999988
3/15/2024 13:00,31.12166672
3/15/2024 14:00,31.51000013
3/15/2024 15:00,27.28000008
3/15/2024 16:00,32.4583334
3/15/2024 17:00,36.90333325
3/15/2024 18:00,37.2666667
3/15/2024 19:00,39.3483331
3/15/2024 20:00,41.66166677
3/15/2024 21:00,50.64166673
3/15/2024 22:00,48.875
3/15/2024 23:00,45.78666681
3/16/2024,52.0983331
3/16/2024 1:00,48.5
3/16/2024 2:00,48.76166687
3/16/2024 3:00,59.0516667
3/16/2024 4:00,60.0350001
3/16/2024 5:00,63.85499967
3/16/2024 6:00,75.95833352
3/16/2024 7:00,81.86166687
3/16/2024 8:00,83.98666687
3/16/2024 9:00,83.41833318
3/16/2024 10:00,43.55166658
3/16/2024 11:00,28.47833328
3/16/2024 12:00,26.80483883
3/16/2024 13:00,29.38166671
3/16/2024 14:00,39.89333328
3/16/2024 15:00,42.73333333
3/16/2024 16:00,36.37166672
3/16/2024 17:00,35.68833323
3/16/2024 18:00,40.66833334
3/16/2024 19:00,48.74333318
3/16/2024 20:00,46.06666679
3/16/2024 21:00,52.0350001
3/16/2024 22:00,55.57000033
3/16/2024 23:00,52.49166648
3/17/2024,50.5733333
3/17/2024 1:00,47.96499996
3/17/2024 2:00,50.23500023
3/17/2024 3:00,59.72666658
3/17/2024 4:00,57.96935488
3/17/2024 5:00,65.13442655
3/17/2024 6:00,88.57833303
3/17/2024 7:00,99.44833361
3/17/2024 8:00,101.1616673
3/17/2024 9:00,96.08500048
3/17/2024 10:00,54.1083333
3/17/2024 11:00,35.17000017
3/17/2024 12:00,38.99523841
3/17/2024 13:00,31.53833323
3/17/2024 14:00,43.61333335
3/17/2024 15:00,42.06393458
3/17/2024 16:00,44.54666653
3/17/2024 17:00,48.34166648
3/17/2024 18:00,56.68166669
3/17/2024 19:00,62.83666668
3/17/2024 20:00,66.2683335
3/17/2024 21:00,66.78833345
3/17/2024 22:00,73.89333324
3/17/2024 23:00,72.61166674
3/18/2024,71.00999978
3/18/2024 1:00,73.26333313
3/18/2024 2:00,70.33000011
3/18/2024 3:00,67.61666673
3/18/2024 4:00,74.23833357
3/18/2024 5:00,85.75166664
3/18/2024 6:00,103.4573774
3/18/2024 7:00,104.0483329
3/18/2024 8:00,115.2766668
3/18/2024 9:00,117.633333
3/18/2024 10:00,98.83666668
3/18/2024 11:00,67.36833344
3/18/2024 12:00,53.22166672
3/18/2024 13:00,47.08833313
3/18/2024 14:00,49.42499987
3/18/2024 15:00,40.4983331
3/18/2024 16:00,54.34999994
3/18/2024 17:00,57.86833331
3/18/2024 18:00,60.79166673
3/18/2024 19:00,75.87833366
3/18/2024 20:00,83.90833359
3/18/2024 21:00,73.82499987
3/18/2024 22:00,76.38000031
3/18/2024 23:00,72.59830552
3/19/2024,69.51500047
3/19/2024 1:00,63.29500008
3/19/2024 2:00,74.89999994
3/19/2024 3:00,74.63499978
3/19/2024 4:00,89.43333295
3/19/2024 5:00,102.836667
3/19/2024 6:00,114.9216668
3/19/2024 7:00,104.2066668
3/19/2024 8:00,108.09
3/19/2024 9:00,105.676667
3/19/2024 10:00,83.08166637
3/19/2024 11:00,42.46000026
3/19/2024 12:00,33.4229509
3/19/2024 13:00,27.6733332
3/19/2024 14:00,34.42258066
3/19/2024 15:00,44.9966664
3/19/2024 16:00,37.79666669
3/19/2024 17:00,53.14500017
3/19/2024 18:00,83.23000024
3/19/2024 19:00,70.70500005
3/19/2024 20:00,75.94000015
3/19/2024 21:00,82.65666695
3/19/2024 22:00,77.14666697
3/19/2024 23:00,82.30333354
3/20/2024,73.57833328
3/20/2024 1:00,68.23666636
3/20/2024 2:00,68.02333336
3/20/2024 3:00,75.42499987
3/20/2024 4:00,81.27333323
3/20/2024 5:00,85.98666655
3/20/2024 6:00,88.56833305
3/20/2024 7:00,97.49000066
3/20/2024 8:00,103.9749997
3/20/2024 9:00,116.7316666
3/20/2024 10:00,99.36000023
3/20/2024 11:00,83.98499985
3/20/2024 12:00,61.81166655
3/20/2024 13:00,59.56333319
3/20/2024 14:00,55.24333331
3/20/2024 15:00,55.80666663
3/20/2024 16:00,57.62166691
3/20/2024 17:00,57.62833341
3/20/2024 18:00,58.51333313
3/20/2024 19:00,64.82000039
3/20/2024 20:00,71.79166667
3/20/2024 21:00,72.46000023
3/20/2024 22:00,72.27833341
3/20/2024 23:00,73.40999959
3/21/2024,76.8700002
3/21/2024 1:00,76.66000086
3/21/2024 2:00,73.32833303
3/21/2024 3:00,77.04499969
3/21/2024 4:00,73.40666669
3/21/2024 5:00,69.33050873
3/21/2024 6:00,72.2283329
3/21/2024 7:00,80.62500025
3/21/2024 8:00,81.85833321
3/21/2024 9:00,76.82500013
3/21/2024 10:00,63.15666676
3/21/2024 11:00,62.37333349
3/21/2024 12:00,46.23333321
3/21/2024 13:00,72.10999953
3/21/2024 14:00,77.60333366
3/21/2024 15:00,72.98360662
3/21/2024 16:00,81.83500023
3/21/2024 17:00,86.90499992
3/21/2024 18:00,82.24666672
3/21/2024 19:00,90.17000008
3/21/2024 20:00,86.62333298
3/21/2024 21:00,78.68000005
3/21/2024 22:00,66.86499977
3/21/2024 23:00,63.00666676
3/22/2024,54.81333313
3/22/2024 1:00,61.52166627
3/22/2024 2:00,63.23833313
3/22/2024 3:00,66.17833341
3/22/2024 4:00,72.06833293
3/22/2024 5:00,75.49833323
3/22/2024 6:00,77.22666651
3/22/2024 7:00,75.02333361
3/22/2024 8:00,66.62166691
3/22/2024 9:00,65.57499987
3/22/2024 10:00,42.48833319
3/22/2024 11:00,38.41166671
3/22/2024 12:00,38.04098376
3/22/2024 13:00,39.02833344
3/22/2024 14:00,39.58833338
3/22/2024 15:00,39.69666665
3/22/2024 16:00,36.46500038
3/22/2024 17:00,36.04333312
3/22/2024 18:00,37.31166662
3/22/2024 19:00,41.8
3/22/2024 20:00,41.09666665
3/22/2024 21:00,41.8066665
3/22/2024 22:00,43.64000003
3/22/2024 23:00,46.53833332
3/23/2024,43.85901642
3/23/2024 1:00,43.58333352
3/23/2024 2:00,40.2516669
3/23/2024 3:00,39.57666658
3/23/2024 4:00,36.04666684
3/23/2024 5:00,31.11333329
3/23/2024 6:00,32.85166686
3/23/2024 7:00,26.58666668
3/23/2024 8:00,33.27166662
3/23/2024 9:00,35.38833351
3/23/2024 10:00,29.42333342
3/23/2024 11:00,31.58333317
3/23/2024 12:00,29.55666666
3/23/2024 13:00,36.40499983
3/23/2024 14:00,31.53333317
3/23/2024 15:00,31.68999996
3/23/2024 16:00,38.64666659
3/23/2024 17:00,44.19666678
3/23/2024 18:00,53.54666697
3/23/2024 19:00,52.19333324
3/23/2024 20:00,53.64166667
3/23/2024 21:00,59.48000005
3/23/2024 22:00,53.97333361
3/23/2024 23:00,57.15333347
3/24/2024,55.98333327
3/24/2024 1:00,49.69833355
3/24/2024 2:00,46.69333331
3/24/2024 3:00,42.20000025
3/24/2024 4:00,41.85333354
3/24/2024 5:00,43.03833313
3/24/2024 6:00,46.40499986
3/24/2024 7:00,61.61999989
3/24/2024 8:00,58.94000009
3/24/2024 9:00,56.88000005
3/24/2024 10:00,56.98666655
3/24/2024 11:00,56.02499994
3/24/2024 12:00,47.72333355
3/24/2024 13:00,45.79833349
3/24/2024 14:00,45.58666687
3/24/2024 15:00,47.41833356
3/24/2024 16:00,50.38166695
3/24/2024 17:00,54.70666669
3/24/2024 18:00,59.73999983
3/24/2024 19:00,58.65333347
3/24/2024 20:00,60.9916666
3/24/2024 21:00,57.10333328
3/24/2024 22:00,59.75500018
3/24/2024 23:00,58.86833344
3/25/2024,59.35333328
3/25/2024 1:00,57.90833327
3/25/2024 2:00,39.35999991
3/25/2024 3:00,40.42166678
3/25/2024 4:00,41.18499997
3/25/2024 5:00,41.29166679
3/25/2024 6:00,44.39333344
3/25/2024 7:00,44.13166676
3/25/2024 8:00,44.0416666
3/25/2024 9:00,33.18000024
3/25/2024 10:00,30.97833319
3/25/2024 11:00,37.11833353
3/25/2024 12:00,37.06499993
3/25/2024 13:00,32.15333338
3/25/2024 14:00,30.93934441
3/25/2024 15:00,30.34166676
3/25/2024 16:00,46.03333346
3/25/2024 17:00,43.38833319
3/25/2024 18:00,46.49500014
3/25/2024 19:00,43.5566665
3/25/2024 20:00,57.37333355
3/25/2024 21:00,45.37000014
3/25/2024 22:00,39.59666653
3/25/2024 23:00,42.61833312
3/26/2024,44.61666686
3/26/2024 1:00,38.23833326
3/26/2024 2:00,32.9516667
3/26/2024 3:00,42.87166669
3/26/2024 4:00,34.30333347
3/26/2024 5:00,42.69833323
3/26/2024 6:00,47.15999997
3/26/2024 7:00,48.48166707
3/26/2024 8:00,44.07666677
3/26/2024 9:00,52.4
3/26/2024 10:00,55.81166662
3/26/2024 11:00,56.00666644
3/26/2024 12:00,48.64166686
3/26/2024 13:00,48.04000009
3/26/2024 14:00,52.26166693
3/26/2024 15:00,53.19166667
3/26/2024 16:00,51.37166665
3/26/2024 17:00,56.21499996
3/26/2024 18:00,56.05166658
3/26/2024 19:00,60.0483333
3/26/2024 20:00,57.38833332
3/26/2024 21:00,59.23333365
3/26/2024 22:00,60.42666677
3/26/2024 23:00,61.81000004
3/27/2024,65.1600001
3/27/2024 1:00,64.66666692
3/27/2024 2:00,57.09833336
3/27/2024 3:00,58.4233331
3/27/2024 4:00,59.34500001
3/27/2024 5:00,61.55166645
3/27/2024 6:00,74.24666659
3/27/2024 7:00,71.52166723
3/27/2024 8:00,75.93166695
3/27/2024 9:00,77.17333298
3/27/2024 10:00,63.13833326
3/27/2024 11:00,54.49666646
3/27/2024 12:00,55.24499982
3/27/2024 13:00,52.3600001
3/27/2024 14:00,53.51833305
3/27/2024 15:00,49.81964309
3/27/2024 16:00,51.91428554
3/27/2024 17:00,52.89999994
3/27/2024 18:00,52.9733333
3/27/2024 19:00,54.6566665
3/27/2024 20:00,57.47000001
3/27/2024 21:00,56.16666641
3/27/2024 22:00,36.325
3/27/2024 23:00,38.62666658
3/28/2024,39.29666684
3/28/2024 1:00,36.03166644
3/28/2024 2:00,35.52000008
3/28/2024 3:00,34.87166684
3/28/2024 4:00,36.48666693
3/28/2024 5:00,41.23333346
3/28/2024 6:00,43.53999996
3/28/2024 7:00,44.33333314
3/28/2024 8:00,51.24166673
3/28/2024 9:00,54.43166656
3/28/2024 10:00,55.94000003
3/28/2024 11:00,47.92000001
3/28/2024 12:00,44.03833357
3/28/2024 13:00,33.95
3/28/2024 14:00,38.04833314
3/28/2024 15:00,36.70499996
3/28/2024 16:00,28.57333333
3/28/2024 17:00,32.82166656
3/28/2024 18:00,38.71833334
3/28/2024 19:00,44.49500027
3/28/2024 20:00,50.1333334
3/28/2024 21:00,53.12666664
3/28/2024 22:00,58.67333317
3/28/2024 23:00,60.08499991
3/29/2024,63.72499975
3/29/2024 1:00,54.71833331
3/29/2024 2:00,59.14166667
3/29/2024 3:00,52.3549998
3/29/2024 4:00,52.34333337
3/29/2024 5:00,55.63333327
3/29/2024 6:00,66.33499991
3/29/2024 7:00,69.70333328
3/29/2024 8:00,64.86499977
3/29/2024 9:00,57.47499981
3/29/2024 10:00,38.95666676
3/29/2024 11:00,42.87499994
3/29/2024 12:00,41.58999996
3/29/2024 13:00,47.0100001
3/29/2024 14:00,43.82833347
3/29/2024 15:00,39.44833323
3/29/2024 16:00,39.85499986
3/29/2024 17:00,39.02500013
3/29/2024 18:00,42.13833332
3/29/2024 19:00,44.20333316
3/29/2024 20:00,39.90999991
3/29/2024 21:00,42.64500014
3/29/2024 22:00,50.69333331
3/29/2024 23:00,56.37333323
3/30/2024,48.61666686
3/30/2024 1:00,48.64000009
3/30/2024 2:00,49.05000019
3/30/2024 3:00,41.5583334
3/30/2024 4:00,45.3850001
3/30/2024 5:00,63.14666678
3/30/2024 6:00,57.57499975
3/30/2024 7:00,66.35833352
3/30/2024 8:00,66.81333319
3/30/2024 9:00,69.52499975
3/30/2024 10:00,51.27000001
3/30/2024 11:00,39.64333302
3/30/2024 12:00,36.59333328
3/30/2024 13:00,30.64333331
3/30/2024 14:00,27.00500005
3/30/2024 15:00,28.51500003
3/30/2024 16:00,31.31166665
3/30/2024 17:00,43.55500008
3/30/2024 18:00,50.74666684
3/30/2024 19:00,53.49666665
3/30/2024 20:00,19.49333328
3/30/2024 21:00,19.2750001
3/30/2024 22:00,21.93333333
3/30/2024 23:00,19.55500007
3/31/2024,21.66166665
3/31/2024 1:00,24.48833329
3/31/2024 2:00,22.89666669
3/31/2024 3:00,26.45499996
3/31/2024 4:00,36.57999996
3/31/2024 5:00,41.93833326
3/31/2024 6:00,44.57166646
3/31/2024 7:00,45.07000008
3/31/2024 8:00,46.89500027
3/31/2024 9:00,49.34333344
3/31/2024 10:00,45.73333314
3/31/2024 11:00,32.67833325
3/31/2024 12:00,18.35500003
3/31/2024 13:00,21.30166669
3/31/2024 14:00,20.0983332
3/31/2024 15:00,27.95166651
3/31/2024 16:00,29.63666662
3/31/2024 17:00,36.15666685
3/31/2024 18:00,53.03499985
3/31/2024 19:00,32.81666673
3/31/2024 20:00,18.02499997
3/31/2024 21:00,15.16833339
3/31/2024 22:00,21.49499992
3/31/2024 23:00,28.41999998
4/1/2024,29.41333348
4/1/2024 1:00,25.19333328
4/1/2024 2:00,20.6250001
4/1/2024 3:00,22.28000005
4/1/2024 4:00,21.94333328
4/1/2024 5:00,28.55166664
4/1/2024 6:00,50.7066665
4/1/2024 7:00,52.38833313
4/1/2024 8:00,50.2916666
4/1/2024 9:00,42.34833336
4/1/2024 10:00,37.24333331
4/1/2024 11:00,38.4333334
4/1/2024 12:00,24.23833323
4/1/2024 13:00,26.04310345
4/1/2024 14:00,26.13333333
4/1/2024 15:00,26.44666669
4/1/2024 16:00,25.37833322
4/1/2024 17:00,33.97833344
4/1/2024 18:00,41.41333335
4/1/2024 19:00,51.38333359
4/1/2024 20:00,45.1049998
4/1/2024 21:00,44.22333342
4/1/2024 22:00,47.24666672
4/1/2024 23:00,48.35999978
4/2/2024,43.77166678
4/2/2024 1:00,51.76666679
4/2/2024 2:00,48.80333309
4/2/2024 3:00,45.53833345
4/2/2024 4:00,44.00166651
4/2/2024 5:00,58.6833334
4/2/2024 6:00,73.09000009
4/2/2024 7:00,79.71666635
4/2/2024 8:00,76.14333356
4/2/2024 9:00,64.57166634
4/2/2024 10:00,53.68666655
4/2/2024 11:00,44.65333335
4/2/2024 12:00,41.2250001
4/2/2024 13:00,39.67499994
4/2/2024 14:00,32.62166656
4/2/2024 15:00,36.05833333
4/2/2024 16:00,53.03666655
4/2/2024 17:00,67.44000009
4/2/2024 18:00,68.47166684
4/2/2024 19:00,65.94999987
4/2/2024 20:00,63.93666662
4/2/2024 21:00,59.93000005
4/2/2024 22:00,63.60666644
4/2/2024 23:00,73.58499966
4/3/2024,63.57000008
4/3/2024 1:00,61.17166653
4/3/2024 2:00,58.09499995
4/3/2024 3:00,62.66166681
4/3/2024 4:00,68.72833347
4/3/2024 5:00,67.86333345
4/3/2024 6:00,86.87333285
4/3/2024 7:00,81.41833293
4/3/2024 8:00,86.7200002
4/3/2024 9:00,92.75999972
4/3/2024 10:00,76.67166697
4/3/2024 11:00,71.28666649
4/3/2024 12:00,37.94666669
4/3/2024 13:00,46.48166695
4/3/2024 14:00,27.69500011
4/3/2024 15:00,32.95833346
4/3/2024 16:00,40.92166672
4/3/2024 17:00,52.47333323
4/3/2024 18:00,86.74333318
4/3/2024 19:00,91.36500015
4/3/2024 20:00,103.9866665
4/3/2024 21:00,88.1049998
4/3/2024 22:00,95.65666695
4/3/2024 23:00,100.4433331
4/4/2024,93.80666695
4/4/2024 1:00,88.67166672
4/4/2024 2:00,80.1350001
4/4/2024 3:00,73.75833346
4/4/2024 4:00,82.98833389
4/4/2024 5:00,88.48833351
4/4/2024 6:00,98.34000041
4/4/2024 7:00,99.93166682
4/4/2024 8:00,106.4716666
4/4/2024 9:00,107.985
4/4/2024 10:00,92.87500013
4/4/2024 11:00,53.1816665
4/4/2024 12:00,26.42666648
4/4/2024 13:00,19.25999997
4/4/2024 14:00,24.9383334
4/4/2024 15:00,37.39500001
4/4/2024 16:00,42.81999976
4/4/2024 17:00,68.79666659
4/4/2024 18:00,76.80666669
4/4/2024 19:00,91.10833359
4/4/2024 20:00,83.95000025
4/4/2024 21:00,80.59166679
4/4/2024 22:00,80.64833291
4/4/2024 23:00,67.41000036
4/5/2024,60.77999986
4/5/2024 1:00,54.63833319
4/5/2024 2:00,61.12666658
4/5/2024 3:00,62.45000006
4/5/2024 4:00,58.43833351
4/5/2024 5:00,73.18666643
4/5/2024 6:00,84.58666693
4/5/2024 7:00,81.59500008
4/5/2024 8:00,75.63333308
4/5/2024 9:00,71.64666672
4/5/2024 10:00,49.29500008
4/5/2024 11:00,43.53666662
4/5/2024 12:00,35.34333324
4/5/2024 13:00,37.08499982
4/5/2024 14:00,39.13499972
4/5/2024 15:00,62.24500039
4/5/2024 16:00,76.26666679
4/5/2024 17:00,90.54500008
4/5/2024 18:00,92.74833349
4/5/2024 19:00,98.40833384
4/5/2024 20:00,95.66833344
4/5/2024 21:00,92.43666623
4/5/2024 22:00,99.73999977
4/5/2024 23:00,94.87500064
4/6/2024,94.83999964
4/6/2024 1:00,92.76166662
4/6/2024 2:00,91.89666723
4/6/2024 3:00,96.89333394
4/6/2024 4:00,94.12500013
4/6/2024 5:00,99.86999995
4/6/2024 6:00,103.2733336
4/6/2024 7:00,106.9216663
4/6/2024 8:00,107.8500003
4/6/2024 9:00,99.28333371
4/6/2024 10:00,84.06833324
4/6/2024 11:00,61.38499991
4/6/2024 12:00,78.79999962
4/6/2024 13:00,38.89166651
4/6/2024 14:00,42.94499963
4/6/2024 15:00,36.9483333
4/6/2024 16:00,58.4783335
4/6/2024 17:00,61.67666664
4/6/2024 18:00,66.00499986
4/6/2024 19:00,75.19666678
4/6/2024 20:00,81.87833328
4/6/2024 21:00,76.17833277
4/6/2024 22:00,73.13833351
4/6/2024 23:00,73.42999992
4/7/2024,65.16166668
4/7/2024 1:00,71.46666635
4/7/2024 2:00,75.79000003
4/7/2024 3:00,65.45333309
4/7/2024 4:00,62.17166646
4/7/2024 5:00,81.10999978
4/7/2024 6:00,90.65500005
4/7/2024 7:00,78.41999995
4/7/2024 8:00,88.44000003
4/7/2024 9:00,77.95000032
4/7/2024 10:00,50.55166655
4/7/2024 11:00,34.60666676
4/7/2024 12:00,38.73000008
4/7/2024 13:00,38.05999978
4/7/2024 14:00,48.87833347
4/7/2024 15:00,75.23333352
4/7/2024 16:00,147.3549985
4/7/2024 17:00,121.0416667
4/7/2024 18:00,134.5683327
4/7/2024 19:00,128.121667
4/7/2024 20:00,131.6150003
4/7/2024 21:00,117.1066669
4/7/2024 22:00,112.8149996
4/7/2024 23:00,110.1
4/8/2024,87.49666646
4/8/2024 1:00,85.10166639
4/8/2024 2:00,NA
4/8/2024 3:00,NA
4/8/2024 4:00,NA
4/8/2024 5:00,NA
4/8/2024 6:00,NA
4/8/2024 7:00,NA
4/8/2024 8:00,NA
4/8/2024 9:00,NA
4/8/2024 10:00,NA
4/8/2024 11:00,NA
4/8/2024 12:00,NA
4/8/2024 13:00,NA
4/8/2024 14:00,NA
4/8/2024 15:00,NA
4/8/2024 16:00,NA
4/8/2024 17:00,NA
4/8/2024 18:00,NA
4/8/2024 19:00,NA
4/8/2024 20:00,NA
4/8/2024 21:00,NA
4/8/2024 22:00,NA
4/8/2024 23:00,NA
4/9/2024,NA
4/9/2024 1:00,NA
4/9/2024 2:00,NA
4/9/2024 3:00,NA
4/9/2024 4:00,NA
4/9/2024 5:00,NA
4/9/2024 6:00,NA
4/9/2024 7:00,NA
4/9/2024 8:00,NA
4/9/2024 9:00,NA
4/9/2024 10:00,NA
4/9/2024 11:00,NA
4/9/2024 12:00,NA
4/9/2024 13:00,NA
4/9/2024 14:00,NA
4/9/2024 15:00,NA
4/9/2024 16:00,NA
4/9/2024 17:00,NA
4/9/2024 18:00,NA
4/9/2024 19:00,NA
4/9/2024 20:00,NA
4/9/2024 21:00,NA
4/9/2024 22:00,NA
4/9/2024 23:00,NA
4/10/2024,NA
4/10/2024 1:00,NA
4/10/2024 2:00,NA
4/10/2024 3:00,NA
4/10/2024 4:00,NA
4/10/2024 5:00,NA
4/10/2024 6:00,NA
4/10/2024 7:00,NA
4/10/2024 8:00,NA
4/10/2024 9:00,NA
4/10/2024 10:00,NA
4/10/2024 11:00,NA
4/10/2024 12:00,NA
4/10/2024 13:00,NA
4/10/2024 14:00,NA
4/10/2024 15:00,NA
4/10/2024 16:00,NA
4/10/2024 17:00,NA
4/10/2024 18:00,NA
4/10/2024 19:00,NA
4/10/2024 20:00,NA
4/10/2024 21:00,NA
4/10/2024 22:00,NA
4/10/2024 23:00,NA
4/11/2024,NA
4/11/2024 1:00,NA
4/11/2024 2:00,NA
4/11/2024 3:00,NA
4/11/2024 4:00,NA
4/11/2024 5:00,NA
4/11/2024 6:00,NA
4/11/2024 7:00,NA
4/11/2024 8:00,NA
4/11/2024 9:00,NA
4/11/2024 10:00,NA
4/11/2024 11:00,NA
4/11/2024 12:00,NA
4/11/2024 13:00,NA
4/11/2024 14:00,NA
4/11/2024 15:00,NA
4/11/2024 16:00,NA
4/11/2024 17:00,NA
4/11/2024 18:00,NA
4/11/2024 19:00,NA
4/11/2024 20:00,NA
4/11/2024 21:00,NA
4/11/2024 22:00,NA
4/11/2024 23:00,NA
4/12/2024,NA
4/12/2024 1:00,NA
4/12/2024 2:00,NA
4/12/2024 3:00,NA
4/12/2024 4:00,NA
4/12/2024 5:00,NA
4/12/2024 6:00,NA
4/12/2024 7:00,NA
4/12/2024 8:00,NA
4/12/2024 9:00,NA
4/12/2024 10:00,NA
4/12/2024 11:00,NA
4/12/2024 12:00,NA
4/12/2024 13:00,NA
4/12/2024 14:00,NA
4/12/2024 15:00,NA
4/12/2024 16:00,NA
4/12/2024 17:00,NA
4/12/2024 18:00,NA
4/12/2024 19:00,NA
4/12/2024 20:00,NA
4/12/2024 21:00,NA
4/12/2024 22:00,NA
4/12/2024 23:00,NA
4/13/2024,NA
4/13/2024 1:00,NA
4/13/2024 2:00,NA
4/13/2024 3:00,NA
4/13/2024 4:00,NA
4/13/2024 5:00,NA
4/13/2024 6:00,NA
4/13/2024 7:00,NA
4/13/2024 8:00,NA
4/13/2024 9:00,NA
4/13/2024 10:00,NA
4/13/2024 11:00,NA
4/13/2024 12:00,NA
4/13/2024 13:00,NA
4/13/2024 14:00,NA
4/13/2024 15:00,NA
4/13/2024 16:00,NA
4/13/2024 17:00,NA
4/13/2024 18:00,NA
4/13/2024 19:00,NA
4/13/2024 20:00,NA
4/13/2024 21:00,NA
4/13/2024 22:00,NA
4/13/2024 23:00,NA
4/14/2024,NA
4/14/2024 1:00,NA
4/14/2024 2:00,NA
4/14/2024 3:00,NA
4/14/2024 4:00,NA
4/14/2024 5:00,NA
4/14/2024 6:00,NA
4/14/2024 7:00,NA
4/14/2024 8:00,NA
4/14/2024 9:00,NA
4/14/2024 10:00,NA
4/14/2024 11:00,NA
4/14/2024 12:00,NA
4/14/2024 13:00,NA
4/14/2024 14:00,NA
4/14/2024 15:00,NA
4/14/2024 16:00,NA
4/14/2024 17:00,NA
4/14/2024 18:00,NA
4/14/2024 19:00,NA
4/14/2024 20:00,NA
4/14/2024 21:00,NA
4/14/2024 22:00,NA
4/14/2024 23:00,NA
4/15/2024,NA
4/15/2024 1:00,NA
4/15/2024 2:00,NA
4/15/2024 3:00,NA
4/15/2024 4:00,NA
4/15/2024 5:00,NA
4/15/2024 6:00,NA
4/15/2024 7:00,NA
4/15/2024 8:00,NA
4/15/2024 9:00,NA
4/15/2024 10:00,NA
4/15/2024 11:00,NA
4/15/2024 12:00,NA
4/15/2024 13:00,NA
4/15/2024 14:00,NA
4/15/2024 15:00,NA
4/15/2024 16:00,NA
4/15/2024 17:00,NA
4/15/2024 18:00,NA
4/15/2024 19:00,NA
4/15/2024 20:00,NA
4/15/2024 21:00,NA
4/15/2024 22:00,NA
4/15/2024 23:00,NA
4/16/2024,NA
4/16/2024 1:00,NA
4/16/2024 2:00,NA
4/16/2024 3:00,NA
4/16/2024 4:00,NA
4/16/2024 5:00,NA
4/16/2024 6:00,NA
4/16/2024 7:00,NA
4/16/2024 8:00,NA
4/16/2024 9:00,NA
4/16/2024 10:00,NA
4/16/2024 11:00,NA
4/16/2024 12:00,NA
4/16/2024 13:00,NA
4/16/2024 14:00,NA
4/16/2024 15:00,NA
4/16/2024 16:00,NA
4/16/2024 17:00,NA
4/16/2024 18:00,NA
4/16/2024 19:00,NA
4/16/2024 20:00,NA
4/16/2024 21:00,NA
4/16/2024 22:00,NA
4/16/2024 23:00,NA
4/17/2024,NA
4/17/2024 1:00,NA
4/17/2024 2:00,NA
4/17/2024 3:00,NA
4/17/2024 4:00,NA
4/17/2024 5:00,NA
4/17/2024 6:00,NA
4/17/2024 7:00,NA
4/17/2024 8:00,NA
4/17/2024 9:00,NA
4/17/2024 10:00,NA
4/17/2024 11:00,NA
4/17/2024 12:00,NA
4/17/2024 13:00,NA
4/17/2024 14:00,NA
4/17/2024 15:00,NA
4/17/2024 16:00,NA
4/17/2024 17:00,NA
4/17/2024 18:00,NA
4/17/2024 19:00,NA
4/17/2024 20:00,NA
4/17/2024 21:00,NA
4/17/2024 22:00,NA
4/17/2024 23:00,NA
4/18/2024,NA
4/18/2024 1:00,NA
4/18/2024 2:00,NA
4/18/2024 3:00,NA
4/18/2024 4:00,NA
4/18/2024 5:00,NA
4/18/2024 6:00,NA
4/18/2024 7:00,NA
4/18/2024 8:00,NA
4/18/2024 9:00,NA
4/18/2024 10:00,NA
4/18/2024 11:00,NA
4/18/2024 12:00,NA
4/18/2024 13:00,NA
4/18/2024 14:00,NA
4/18/2024 15:00,59.30666688
4/18/2024 16:00,59.30166645
4/18/2024 17:00,57.41333332
4/18/2024 18:00,58.33166669
4/18/2024 19:00,63.23500004
4/18/2024 20:00,72.81333307
4/18/2024 21:00,75.5600001
4/18/2024 22:00,72.38499972
4/18/2024 23:00,75.64333356
4/19/2024,72.3050005
4/19/2024 1:00,74.73833351
4/19/2024 2:00,74.63333308
4/19/2024 3:00,76.44666659
4/19/2024 4:00,79.66333338
4/19/2024 5:00,93.68833313
4/19/2024 6:00,101.2399998
4/19/2024 7:00,99.21499977
4/19/2024 8:00,104.0466667
4/19/2024 9:00,98.85833333
4/19/2024 10:00,91.78000018
4/19/2024 11:00,69.02499987
4/19/2024 12:00,68.27999967
4/19/2024 13:00,76.5233331
4/19/2024 14:00,74.46000036
4/19/2024 15:00,68.56166725
4/19/2024 16:00,66.59833368
4/19/2024 17:00,78.62166646
4/19/2024 18:00,79.64333356
4/19/2024 19:00,79.42166646
4/19/2024 20:00,85.70666707
4/19/2024 21:00,102.9566666
4/19/2024 22:00,95.0100001
4/19/2024 23:00,95.01166623
4/20/2024,93.4950002
4/20/2024 1:00,72.49166667
4/20/2024 2:00,84.61999995
4/20/2024 3:00,75.41333326
4/20/2024 4:00,69.07666658
4/20/2024 5:00,88.50333341
4/20/2024 6:00,94.85333303
4/20/2024 7:00,86.90500056
4/20/2024 8:00,89.01833356
4/20/2024 9:00,88.37833379
4/20/2024 10:00,88.97333361
4/20/2024 11:00,70.20333379
4/20/2024 12:00,63.51833324
4/20/2024 13:00,57.78333327
4/20/2024 14:00,54.31666679
4/20/2024 15:00,52.19666653
4/20/2024 16:00,59.49166673
4/20/2024 17:00,71.65833308
4/20/2024 18:00,78.60833321
4/20/2024 19:00,72.50666656
4/20/2024 20:00,69.74166648
4/20/2024 21:00,89.26500003
4/20/2024 22:00,83.061667
4/20/2024 23:00,74.10333328
4/21/2024,71.64833304
4/21/2024 1:00,60.83666693
4/21/2024 2:00,61.28666674
4/21/2024 3:00,56.35500011
4/21/2024 4:00,58.13333346
4/21/2024 5:00,74.35833321
4/21/2024 6:00,83.50499942
4/21/2024 7:00,74.7
4/21/2024 8:00,78.13666674
4/21/2024 9:00,83.41999995
4/21/2024 10:00,67.89666691
4/21/2024 11:00,55.99166673
4/21/2024 12:00,50.55500005
4/21/2024 13:00,46.46500022
4/21/2024 14:00,49.67333355
4/21/2024 15:00,70.38000037
4/21/2024 16:00,84.25166626
4/21/2024 17:00,80.66833331
4/21/2024 18:00,82.16499977
4/21/2024 19:00,89.71666654
4/21/2024 20:00,103.91
4/21/2024 21:00,103.463333
4/21/2024 22:00,94.10833321
4/21/2024 23:00,100.061666
4/22/2024,95.47166659
4/22/2024 1:00,90.14666684
4/22/2024 2:00,91.10166664
4/22/2024 3:00,88.64166616
4/22/2024 4:00,88.64833349
4/22/2024 5:00,104.433333
4/22/2024 6:00,109.3666665
4/22/2024 7:00,112.7433329
4/22/2024 8:00,117.3583332
4/22/2024 9:00,113.4316666
4/22/2024 10:00,98.04499969
4/22/2024 11:00,90.9649999
4/22/2024 12:00,71.60000013
4/22/2024 13:00,71.36000017
4/22/2024 14:00,70.64666659
4/22/2024 15:00,56.58499959
4/22/2024 16:00,44.40666682
4/22/2024 17:00,43.05000006
4/22/2024 18:00,48.88666643
4/22/2024 19:00,56.37999967
4/22/2024 20:00,72.49666678
4/22/2024 21:00,78.66333364
4/22/2024 22:00,66.98000037
4/22/2024 23:00,61.89666691
4/23/2024,60.0516667
4/23/2024 1:00,58.72166672
4/23/2024 2:00,56.15499973
4/23/2024 3:00,55.61999989
4/23/2024 4:00,56.57333355
4/23/2024 5:00,71.80999991
4/23/2024 6:00,71.18833313
4/23/2024 7:00,92.74999924
4/23/2024 8:00,75.1266667
4/23/2024 9:00,57.56500015
4/23/2024 10:00,37.61500006
4/23/2024 11:00,34.41499993
4/23/2024 12:00,37.6649999
4/23/2024 13:00,39.08833345
4/23/2024 14:00,45.85000019
4/23/2024 15:00,51.225
4/23/2024 16:00,52.81333326
4/23/2024 17:00,55.73333359
4/23/2024 18:00,56.6816665
4/23/2024 19:00,56.2950002
4/23/2024 20:00,61.57999992
4/23/2024 21:00,61.76500015
4/23/2024 22:00,62.36499983
4/23/2024 23:00,70.78166688
4/24/2024,60.88666655
4/24/2024 1:00,55.00999997
4/24/2024 2:00,56.22500006
4/24/2024 3:00,61.25833346
4/24/2024 4:00,55.80666669
4/24/2024 5:00,83.5733333
4/24/2024 6:00,73.22500025
4/24/2024 7:00,77.18833364
4/24/2024 8:00,86.09166705
4/24/2024 9:00,80.70333341
4/24/2024 10:00,79.52833328
4/24/2024 11:00,62.99666653
4/24/2024 12:00,60.45500018
4/24/2024 13:00,76.3733338
4/24/2024 14:00,75.48833338
4/24/2024 15:00,61.51333364
4/24/2024 16:00,66.43833281
4/24/2024 17:00,68.62333374
4/24/2024 18:00,78.53000018
4/24/2024 19:00,90.34666659
4/24/2024 20:00,101.3333335
4/24/2024 21:00,89.70333328
4/24/2024 22:00,79.15499961
4/24/2024 23:00,68.68666662
4/25/2024,68.91833305
4/25/2024 1:00,67.72666683
4/25/2024 2:00,58.40666637
4/25/2024 3:00,62.09500008
4/25/2024 4:00,67.55666669
4/25/2024 5:00,80.72833328
4/25/2024 6:00,91.7149999
4/25/2024 7:00,85.88500023
4/25/2024 8:00,123.2566663
4/25/2024 9:00,94.37166634
4/25/2024 10:00,84.94166705
4/25/2024 11:00,76.59333318
4/25/2024 12:00,62.64166667
4/25/2024 13:00,58.82500006
4/25/2024 14:00,71.89166743
4/25/2024 15:00,80.86499977
4/25/2024 16:00,83.01166687
4/25/2024 17:00,83.01666667
4/25/2024 18:00,96.81499952
4/25/2024 19:00,108.9283337
4/25/2024 20:00,116.2566669
4/25/2024 21:00,108.0274203
4/25/2024 22:00,94.14333305
4/25/2024 23:00,88.60166702
4/26/2024,87.59333331
4/26/2024 1:00,90.01166649
4/26/2024 2:00,89.4733331
4/26/2024 3:00,88.14333407
4/26/2024 4:00,96.80499992
4/26/2024 5:00,107.1116666
4/26/2024 6:00,118.6733332
4/26/2024 7:00,119.4966671
4/26/2024 8:00,123.8366665
4/26/2024 9:00,123.4366667
4/26/2024 10:00,113.0316663
4/26/2024 11:00,94.67833303
4/26/2024 12:00,83.39000041
4/26/2024 13:00,90.83000043
4/26/2024 14:00,91.06999931
4/26/2024 15:00,95.50833346
4/26/2024 16:00,107.8100002
4/26/2024 17:00,111.3316672
4/26/2024 18:00,112.8583336
4/26/2024 19:00,123.5596781
4/26/2024 20:00,133.8166663
4/26/2024 21:00,116.9534479
4/26/2024 22:00,102.2816664
4/26/2024 23:00,94.19499995
4/27/2024,87.37166646
4/27/2024 1:00,86.83666636
4/27/2024 2:00,89.38166695
4/27/2024 3:00,86.75166626
4/27/2024 4:00,95.49833323
4/27/2024 5:00,109.4883334
4/27/2024 6:00,115.485
4/27/2024 7:00,111.8033337
4/27/2024 8:00,129.5883331
4/27/2024 9:00,124.6599996
4/27/2024 10:00,116.7350001
4/27/2024 11:00,105.7866666
4/27/2024 12:00,103.8650004
4/27/2024 13:00,87.06166636
4/27/2024 14:00,74.27833341
4/27/2024 15:00,80.98166669
4/27/2024 16:00,82.95999972
4/27/2024 17:00,82.93999939
4/27/2024 18:00,69.64833361
4/27/2024 19:00,69.34499989
4/27/2024 20:00,85.51833293
4/27/2024 21:00,89.66666641
4/27/2024 22:00,80.81999976
4/27/2024 23:00,72.38166644
4/28/2024,67.02500038
4/28/2024 1:00,63.31166655
4/28/2024 2:00,67.31499996
4/28/2024 3:00,69.82833354
4/28/2024 4:00,65.65999997
4/28/2024 5:00,92.38333371
4/28/2024 6:00,90.60666644
4/28/2024 7:00,94.49499995
4/28/2024 8:00,103.9083331
4/28/2024 9:00,91.04000003
4/28/2024 10:00,71.34000047
4/28/2024 11:00,51.64333337
4/28/2024 12:00,56.7799998
4/28/2024 13:00,57.23166656
4/28/2024 14:00,60.45499986
4/28/2024 15:00,40.63333343
4/28/2024 16:00,40.87333333
4/28/2024 17:00,46.57166659
4/28/2024 18:00,59.06000017
4/28/2024 19:00,65.29000009
4/28/2024 20:00,84.53000018
4/28/2024 21:00,69.71666635
4/28/2024 22:00,68.16500003
4/28/2024 23:00,66.82666683
4/29/2024,68.02666677
4/29/2024 1:00,62.6149999
4/29/2024 2:00,63.4083334
4/29/2024 3:00,63.53333346
4/29/2024 4:00,68.74833349
4/29/2024 5:00,94.49166654
4/29/2024 6:00,99.30499967
4/29/2024 7:00,99.96666667
4/29/2024 8:00,99.07333336
4/29/2024 9:00,93.78333359
4/29/2024 10:00,80.63666668
4/29/2024 11:00,69.67666677
4/29/2024 12:00,63.36166662
4/29/2024 13:00,72.34000028
4/29/2024 14:00,89.7316672
4/29/2024 15:00,81.74666697
4/29/2024 16:00,81.76333326
4/29/2024 17:00,74.18499997
4/29/2024 18:00,79.05833295
4/29/2024 19:00,88.34666659
4/29/2024 20:00,88.67333361
4/29/2024 21:00,92.23666674
4/29/2024 22:00,93.87500013
4/29/2024 23:00,94.54833323
4/30/2024,79.58333333
4/30/2024 1:00,74.44333344
4/30/2024 2:00,75.23333378
4/30/2024 3:00,69.10999991
4/30/2024 4:00,79.18500023
4/30/2024 5:00,100.6316661
4/30/2024 6:00,104.2599995
4/30/2024 7:00,100.4483331
4/30/2024 8:00,110.1449998
4/30/2024 9:00,113.4266669
4/30/2024 10:00,87.73833338
4/30/2024 11:00,76.95833333
4/30/2024 12:00,85.35833359
4/30/2024 13:00,80.55500018
4/30/2024 14:00,78.38166644
4/30/2024 15:00,71.9266667
4/30/2024 16:00,63.8083334
4/30/2024 17:00,56.78666655
4/30/2024 18:00,65.01666654
4/30/2024 19:00,86.89499963
4/30/2024 20:00,89.08499991
4/30/2024 21:00,85.48333352
4/30/2024 22:00,82.64833336
4/30/2024 23:00,83.33166631
5/1/2024,73.7850001
5/1/2024 1:00,70.73833345
5/1/2024 2:00,74.6316672
5/1/2024 3:00,72.51833369
5/1/2024 4:00,75.64666665
5/1/2024 5:00,104.4249996
5/1/2024 6:00,106.1083331
5/1/2024 7:00,108.4133334
5/1/2024 8:00,106.6949997
5/1/2024 9:00,112.8666672
5/1/2024 10:00,89.19666678
5/1/2024 11:00,71.19833387
5/1/2024 12:00,62.78500013
5/1/2024 13:00,43.52166691
5/1/2024 14:00,32.12166684
5/1/2024 15:00,44.23833319
5/1/2024 16:00,52.5333334
5/1/2024 17:00,41.63833338
5/1/2024 18:00,42.00166651
5/1/2024 19:00,38.7299998
5/1/2024 20:00,59.41999969
5/1/2024 21:00,60.65333354
5/1/2024 22:00,61.29999994
5/1/2024 23:00,60.44166679
5/2/2024,58.54333331
5/2/2024 1:00,55.12166653
5/2/2024 2:00,54.39000009
5/2/2024 3:00,54.42333355
5/2/2024 4:00,56.64333312
5/2/2024 5:00,73.93833326
5/2/2024 6:00,81.15499992
5/2/2024 7:00,88.69500008
5/2/2024 8:00,88.73166695
5/2/2024 9:00,89.3200002
5/2/2024 10:00,55.41500009
5/2/2024 11:00,43.10166664
5/2/2024 12:00,39.60833333
5/2/2024 13:00,39.95500005
5/2/2024 14:00,46.94333356
5/2/2024 15:00,54.9850001
5/2/2024 16:00,63.84333318
5/2/2024 17:00,55.24666672
5/2/2024 18:00,56.11833344
5/2/2024 19:00,66.55333347
5/2/2024 20:00,68.71000029
5/2/2024 21:00,81.87833328
5/2/2024 22:00,74.24666634
5/2/2024 23:00,71.90166696
5/3/2024,71.26333332
5/3/2024 1:00,72.55000006
5/3/2024 2:00,77.46333313
5/3/2024 3:00,77.23333321
5/3/2024 4:00,88.39666672
5/3/2024 5:00,107.8199997
5/3/2024 6:00,108.6299995
5/3/2024 7:00,106.5666663
5/3/2024 8:00,117.1583336
5/3/2024 9:00,123.8849998
5/3/2024 10:00,123.6000004
5/3/2024 11:00,118.3566661
5/3/2024 12:00,110.8400002
5/3/2024 13:00,102.9033328
5/3/2024 14:00,105.5183334
5/3/2024 15:00,105.9933333
5/3/2024 16:00,106.6499996
5/3/2024 17:00,96.09999975
5/3/2024 18:00,94.1899999
5/3/2024 19:00,89.32833354
5/3/2024 20:00,110.3483332
5/3/2024 21:00,111.3183333
5/3/2024 22:00,110.8483335
5/3/2024 23:00,108.7850002
5/4/2024,105.3766665
5/4/2024 1:00,103.8000006
5/4/2024 2:00,103.5433332
5/4/2024 3:00,101.9166665
5/4/2024 4:00,103.6083335
5/4/2024 5:00,125.4016665
5/4/2024 6:00,128.96
5/4/2024 7:00,142.9933334
5/4/2024 8:00,139.5916672
5/4/2024 9:00,132.9083333
5/4/2024 10:00,125.8199996
5/4/2024 11:00,105.0666665
5/4/2024 12:00,83.66500041
5/4/2024 13:00,91.68499934
5/4/2024 14:00,89.13166656
5/4/2024 15:00,86.68999977
5/4/2024 16:00,74.12166602
5/4/2024 17:00,89.41833286
5/4/2024 18:00,94.50499992
5/4/2024 19:00,82.08000005
5/4/2024 20:00,84.10333405
5/4/2024 21:00,86.14166667
5/4/2024 22:00,86.84333344
5/4/2024 23:00,88.83833338
5/5/2024,85.04833285
5/5/2024 1:00,76.07833341
5/5/2024 2:00,74.5033329
5/5/2024 3:00,76.8350001
5/5/2024 4:00,78.15666656
5/5/2024 5:00,99.83999964
5/5/2024 6:00,98.26333377
5/5/2024 7:00,104.5699999
5/5/2024 8:00,108.5949999
5/5/2024 9:00,108.6566668
5/5/2024 10:00,92.94666634
5/5/2024 11:00,75.73666649
5/5/2024 12:00,73.03666623
5/5/2024 13:00,77.68833326
5/5/2024 14:00,82.98333308
5/5/2024 15:00,84.63499985
5/5/2024 16:00,73.61499983
5/5/2024 17:00,70.19666684
5/5/2024 18:00,73.82833328
5/5/2024 19:00,73.98333317
5/5/2024 20:00,63.10666682
5/5/2024 21:00,65.93166656
5/5/2024 22:00,71.67333361
5/5/2024 23:00,68.67999961
5/6/2024,66.06166681
5/6/2024 1:00,67.22833366
5/6/2024 2:00,71.57666664
5/6/2024 3:00,70.91333338
5/6/2024 4:00,72.18666674
5/6/2024 5:00,81.48999964
5/6/2024 6:00,87.01666705
5/6/2024 7:00,87.79000041
5/6/2024 8:00,91.55500031
5/6/2024 9:00,97.24166667
5/6/2024 10:00,99.12333323
5/6/2024 11:00,84.94166654
5/6/2024 12:00,66.72542365
5/6/2024 13:00,58.3799998
5/6/2024 14:00,57.60666663
5/6/2024 15:00,60.33333308
5/6/2024 16:00,69.06166687
5/6/2024 17:00,74.65833321
5/6/2024 18:00,82.55499954
5/6/2024 19:00,69.91166677
5/6/2024 20:00,23.22833338
5/6/2024 21:00,15.38999999
5/6/2024 22:00,19.05999993
5/6/2024 23:00,21.81833321
5/7/2024,20.11833336
5/7/2024 1:00,20.00500005
5/7/2024 2:00,16.76499998
5/7/2024 3:00,21.36666663
5/7/2024 4:00,36.94333328
5/7/2024 5:00,46.72500013
5/7/2024 6:00,41.11333319
5/7/2024 7:00,43.34666684
5/7/2024 8:00,52.24500008
5/7/2024 9:00,63.29500008
5/7/2024 10:00,42.40833349
5/7/2024 11:00,34.83833332
5/7/2024 12:00,40.91166665
5/7/2024 13:00,48.38499985
5/7/2024 14:00,49.70500005
5/7/2024 15:00,42.9983333
5/7/2024 16:00,39.21666667
5/7/2024 17:00,38.22666683
5/7/2024 18:00,38.82666642
5/7/2024 19:00,23.68166672
5/7/2024 20:00,18.35666669
5/7/2024 21:00,17.17000001
5/7/2024 22:00,21.2333333
5/7/2024 23:00,23.26500009
5/8/2024,23.70000013
5/8/2024 1:00,23.98666662
5/8/2024 2:00,26.28666671
5/8/2024 3:00,26.72999999
5/8/2024 4:00,31.4999999
5/8/2024 5:00,33.57833328
5/8/2024 6:00,41.86500009
5/8/2024 7:00,40.19333331
5/8/2024 8:00,39.63999977
5/8/2024 9:00,36.33333333
5/8/2024 10:00,38.69166683
5/8/2024 11:00,44.51499987
5/8/2024 12:00,27.01333332
5/8/2024 13:00,27.66166684
5/8/2024 14:00,25.26666656
5/8/2024 15:00,27.2416667
5/8/2024 16:00,38.41999982
5/8/2024 17:00,32.7899999
5/8/2024 18:00,31.28333333
5/8/2024 19:00,34.1999999
5/8/2024 20:00,34.7666666
5/8/2024 21:00,30.70833324
5/8/2024 22:00,30.69833314
5/8/2024 23:00,27.19333328
5/9/2024,27.54166673
5/9/2024 1:00,26.10833346
5/9/2024 2:00,24.21500006
5/9/2024 3:00,24.61999998
5/9/2024 4:00,27.01500003
5/9/2024 5:00,29.58166676
5/9/2024 6:00,33.13666681
5/9/2024 7:00,37.68000011
5/9/2024 8:00,49.41333345
5/9/2024 9:00,45.34499995
5/9/2024 10:00,36.5566665
5/9/2024 11:00,33.02499987
5/9/2024 12:00,26.97833335
5/9/2024 13:00,23.70166677
5/9/2024 14:00,22.37000001
5/9/2024 15:00,24.66333354
5/9/2024 16:00,29.24333353
5/9/2024 17:00,36.00499992
5/9/2024 18:00,43.27166672
5/9/2024 19:00,43.49500001
5/9/2024 20:00,39.71999982
5/9/2024 21:00,47.14166648
5/9/2024 22:00,46.84666665
5/9/2024 23:00,43.70499992
5/10/2024,40.11500003
5/10/2024 1:00,42.93166656
5/10/2024 2:00,28.57999983
5/10/2024 3:00,19.96000001
5/10/2024 4:00,20.09499995
5/10/2024 5:00,19.42999989
5/10/2024 6:00,19.71833337
5/10/2024 7:00,26.58666649
5/10/2024 8:00,32.36333323
5/10/2024 9:00,34.3883331
5/10/2024 10:00,39.1733333
5/10/2024 11:00,37.41499974
5/10/2024 12:00,25.87833331
5/10/2024 13:00,29.0766667
5/10/2024 14:00,23.82833331
5/10/2024 15:00,20.04166673
5/10/2024 16:00,23.48833335
5/10/2024 17:00,26.77333317
5/10/2024 18:00,28.49666669
5/10/2024 19:00,32.17166646
5/10/2024 20:00,36.69000018
5/10/2024 21:00,38.71166684
5/10/2024 22:00,42.87166684
5/10/2024 23:00,36.98833338
5/11/2024,36.09666662
5/11/2024 1:00,35.1149998
5/11/2024 2:00,35.94833342
5/11/2024 3:00,35.98000024
5/11/2024 4:00,42.26500009
5/11/2024 5:00,46.04333344
5/11/2024 6:00,47.16333326
5/11/2024 7:00,43.90500005
5/11/2024 8:00,47.46333326
5/11/2024 9:00,43.2833334
5/11/2024 10:00,38.06833321
5/11/2024 11:00,33.31333357
5/11/2024 12:00,31.64666688
5/11/2024 13:00,30.95666653
5/11/2024 14:00,30.06833334
5/11/2024 15:00,27.30000003
5/11/2024 16:00,28.19999994
5/11/2024 17:00,30.99833317
5/11/2024 18:00,61.52833379
5/11/2024 19:00,40.72000008
5/11/2024 20:00,37.47666655
5/11/2024 21:00,38.10333335
5/11/2024 22:00,37.82999996
5/11/2024 23:00,32.3516667
5/12/2024,34.42333349
5/12/2024 1:00,35.21666689
5/12/2024 2:00,38.02999973
5/12/2024 3:00,43.99666672
5/12/2024 4:00,43.40833321
5/12/2024 5:00,45.53333321
5/12/2024 6:00,41.06999963
5/12/2024 7:00,42.58833326
5/12/2024 8:00,38.59333347
5/12/2024 9:00,23.48833329
5/12/2024 10:00,18.88999998
5/12/2024 11:00,15.21333332
5/12/2024 12:00,13.10499996
5/12/2024 13:00,14.44333334
5/12/2024 14:00,21.02499994
5/12/2024 15:00,24.59333329
5/12/2024 16:00,24.74833331
5/12/2024 17:00,38.0466665
5/12/2024 18:00,31.46666657
5/12/2024 19:00,45.66999995
5/12/2024 20:00,50.00833333
5/12/2024 21:00,32.54333331
5/12/2024 22:00,29.0149999
5/12/2024 23:00,26.53666668
5/13/2024,34.8233333
5/13/2024 1:00,28.34000003
5/13/2024 2:00,23.9166666
5/13/2024 3:00,30.54666653
5/13/2024 4:00,25.49500001
5/13/2024 5:00,21.92333339
5/13/2024 6:00,20.19666677
5/13/2024 7:00,23.07000004
5/13/2024 8:00,31.49166654
5/13/2024 9:00,32.03500004
5/13/2024 10:00,23.63499994
5/13/2024 11:00,22.63333333
5/13/2024 12:00,32.95500005
5/13/2024 13:00,35.90833321
5/13/2024 14:00,28.26166665
5/13/2024 15:00,28.04999994
5/13/2024 16:00,25.08333327
5/13/2024 17:00,24.88500001
5/13/2024 18:00,33.87333333
5/13/2024 19:00,45.7
5/13/2024 20:00,46.92333336
5/13/2024 21:00,43.96166693
5/13/2024 22:00,49.69500008
5/13/2024 23:00,43.54000028
5/14/2024,37.97333336
5/14/2024 1:00,37.18666655
5/14/2024 2:00,37.25499996
5/14/2024 3:00,40.13333365
5/14/2024 4:00,43.04166692
5/14/2024 5:00,50.81499983
5/14/2024 6:00,45.29666678
5/14/2024 7:00,56.51499996
5/14/2024 8:00,49.45666656
5/14/2024 9:00,38.7649999
5/14/2024 10:00,30.40666656
5/14/2024 11:00,35.3816665
5/14/2024 12:00,33.7166666
5/14/2024 13:00,24.38666658
5/14/2024 14:00,25.66166655
5/14/2024 15:00,24.77999996
5/14/2024 16:00,30.78999999
5/14/2024 17:00,33.83999993
5/14/2024 18:00,33.72166634
5/14/2024 19:00,35.63166672
5/14/2024 20:00,35.75833314
5/14/2024 21:00,40.25833346
5/14/2024 22:00,47.89000009
5/14/2024 23:00,44.61833344
5/15/2024,42.52500019
5/15/2024 1:00,42.54000015
5/15/2024 2:00,40.93666674
5/15/2024 3:00,39.24333331
5/15/2024 4:00,39.14499995
5/15/2024 5:00,51.28666655
5/15/2024 6:00,58.36000004
5/15/2024 7:00,56.39333356
5/15/2024 8:00,58.24500008
5/15/2024 9:00,47.95500018
5/15/2024 10:00,41.62499994
5/15/2024 11:00,29.0833334
5/15/2024 12:00,30.5666667
5/15/2024 13:00,39.28833345
5/15/2024 14:00,41.23166656
5/15/2024 15:00,34.13833335
5/15/2024 16:00,35.26000001
5/15/2024 17:00,36.65333335
5/15/2024 18:00,32.03333333
5/15/2024 19:00,37.125
5/15/2024 20:00,28.95333344
5/15/2024 21:00,27.45666676
5/15/2024 22:00,23.53499991
5/15/2024 23:00,15.09833337
5/16/2024,14.92500002
5/16/2024 1:00,17.30666663
5/16/2024 2:00,18.29833337
5/16/2024 3:00,16.42833344
5/16/2024 4:00,23.5166666
5/16/2024 5:00,30.01000013
5/16/2024 6:00,33.95666663
5/16/2024 7:00,33.87833325
5/16/2024 8:00,36.54166686
5/16/2024 9:00,34.92166665
5/16/2024 10:00,31.35666666
5/16/2024 11:00,25.18666658
5/16/2024 12:00,28.22833331
5/16/2024 13:00,29.87166672
5/16/2024 14:00,27.06333342
5/16/2024 15:00,25.82166659
5/16/2024 16:00,28.26666663
5/16/2024 17:00,29.52499994
5/16/2024 18:00,35.09499998
5/16/2024 19:00,36.80833337
5/16/2024 20:00,36.08666674
5/16/2024 21:00,39.81166658
5/16/2024 22:00,46.29333324
5/16/2024 23:00,49.62999999
5/17/2024,38.87666655
5/17/2024 1:00,36.58500004
5/17/2024 2:00,36.68500026
5/17/2024 3:00,41.01166668
5/17/2024 4:00,50.70833314
5/17/2024 5:00,52.62166672
5/17/2024 6:00,53.52166659
5/17/2024 7:00,59.5433335
5/17/2024 8:00,66.51833305
5/17/2024 9:00,61.54666691
5/17/2024 10:00,55.55333341
5/17/2024 11:00,44.32166665
5/17/2024 12:00,40.76999976
5/17/2024 13:00,41.43000018
5/17/2024 14:00,45.18666662
5/17/2024 15:00,42.52333349
5/17/2024 16:00,46.22333317
5/17/2024 17:00,46.74333305
5/17/2024 18:00,51.10000006
5/17/2024 19:00,57.45166664
5/17/2024 20:00,62.16999976
5/17/2024 21:00,63.92833341
5/17/2024 22:00,77.84999968
5/17/2024 23:00,58.54833355
5/18/2024,58.01333345
5/18/2024 1:00,58.85166677
5/18/2024 2:00,60.97999992
5/18/2024 3:00,64.83499978
5/18/2024 4:00,61.57833354
5/18/2024 5:00,78.67666702
5/18/2024 6:00,81.71166674
5/18/2024 7:00,79.22333412
5/18/2024 8:00,80.37999992
5/18/2024 9:00,73.29666665
5/18/2024 10:00,68.56333338
5/18/2024 11:00,64.3716671
5/18/2024 12:00,57.1183335
5/18/2024 13:00,56.03999996
5/18/2024 14:00,53.93499972
5/18/2024 15:00,55.26333345
5/18/2024 16:00,61.80833321
5/18/2024 17:00,67.26833318
5/18/2024 18:00,66.42499968
5/18/2024 19:00,62.40333354
5/18/2024 20:00,66.38666655
5/18/2024 21:00,62.03000031
5/18/2024 22:00,62.88000011
5/18/2024 23:00,63.5516669
5/19/2024,57.46666667
5/19/2024 1:00,50.48166656
5/19/2024 2:00,46.77666677
5/19/2024 3:00,45.28166688
5/19/2024 4:00,42.82499994
5/19/2024 5:00,48.32333317
5/19/2024 6:00,49.66000017
5/19/2024 7:00,51.6700002
5/19/2024 8:00,57.28166688
5/19/2024 9:00,52.44500008
5/19/2024 10:00,62.10666669
5/19/2024 11:00,56.76666654
5/19/2024 12:00,57.26500015
5/19/2024 13:00,47.69333356
5/19/2024 14:00,47.79000015
5/19/2024 15:00,50.34500008
5/19/2024 16:00,46.17500025
5/19/2024 17:00,49.00833327
5/19/2024 18:00,67.47833316
5/19/2024 19:00,67.8983333
5/19/2024 20:00,62.55666688
5/19/2024 21:00,62.38333321
5/19/2024 22:00,53.51333357
5/19/2024 23:00,62.2183335
5/20/2024,54.91333338
5/20/2024 1:00,52.01333319
5/20/2024 2:00,50.31500003
5/20/2024 3:00,49.82500019
5/20/2024 4:00,51.5933335
5/20/2024 5:00,61.08333327
5/20/2024 6:00,60.6716665
5/20/2024 7:00,23.84000001
5/20/2024 8:00,42.15333341
5/20/2024 9:00,49.25666663
5/20/2024 10:00,63.61166681
5/20/2024 11:00,53.4433335
5/20/2024 12:00,45.86666654
5/20/2024 13:00,34.34000006
5/20/2024 14:00,25.82666664
5/20/2024 15:00,28.6000001
5/20/2024 16:00,23.88666658
5/20/2024 17:00,33.53833332
5/20/2024 18:00,39.90333341
5/20/2024 19:00,45.67833322
5/20/2024 20:00,47.86666648
5/20/2024 21:00,45.29833342
5/20/2024 22:00,48.05999985
5/20/2024 23:00,41.78000011
5/21/2024,38.22500006
5/21/2024 1:00,36.08333333
5/21/2024 2:00,35.11500018
5/21/2024 3:00,36.53500004
5/21/2024 4:00,39.84666678
5/21/2024 5:00,49.42000001
5/21/2024 6:00,42.15166664
5/21/2024 7:00,46.66666692
5/21/2024 8:00,39.38000008
5/21/2024 9:00,30.29333331
5/21/2024 10:00,35.14499995
5/21/2024 11:00,30.45666656
5/21/2024 12:00,28.83499985
5/21/2024 13:00,22.55999994
5/21/2024 14:00,20.13166671
5/21/2024 15:00,26.47333333
5/21/2024 16:00,30.27166694
5/21/2024 17:00,29.87000004
5/21/2024 18:00,27.93999985
5/21/2024 19:00,22.19499997
5/21/2024 20:00,23.15999982
5/21/2024 21:00,23.26999997
5/21/2024 22:00,20.71666668
5/21/2024 23:00,22.51499993
5/22/2024,16.26833334
5/22/2024 1:00,22.98833332
5/22/2024 2:00,19.7816666
5/22/2024 3:00,27.06499999
5/22/2024 4:00,28.36333332
5/22/2024 5:00,30.55666663
5/22/2024 6:00,30.4483332
5/22/2024 7:00,33.53833345
5/22/2024 8:00,31.58666681
5/22/2024 9:00,46.62166665
5/22/2024 10:00,39.7933335
5/22/2024 11:00,37.00499986
5/22/2024 12:00,28.51166677
5/22/2024 13:00,27.45499989
5/22/2024 14:00,24.1666667
5/22/2024 15:00,17.46666663
5/22/2024 16:00,17.87000001
5/22/2024 17:00,21.38333322
5/22/2024 18:00,25.55666672
5/22/2024 19:00,28.9166666
5/22/2024 20:00,39.30833311
5/22/2024 21:00,38.81666673
5/22/2024 22:00,27.89166657
5/22/2024 23:00,24.98166679
5/23/2024,20.65666666
5/23/2024 1:00,20.2083333
5/23/2024 2:00,17.04666667
5/23/2024 3:00,17.70500003
5/23/2024 4:00,17.11333327
5/23/2024 5:00,22.45333335
5/23/2024 6:00,28.65333335
5/23/2024 7:00,27.90833317
5/23/2024 8:00,27.90333335
5/23/2024 9:00,32.84500011
5/23/2024 10:00,31.62166659
5/23/2024 11:00,33.43000005
5/23/2024 12:00,33.07833335
5/23/2024 13:00,30.40833346
5/23/2024 14:00,30.2266667
5/23/2024 15:00,28.3066665
5/23/2024 16:00,29.76666667
5/23/2024 17:00,29.50999985
5/23/2024 18:00,32.52000004
5/23/2024 19:00,40.12499997
5/23/2024 20:00,41.22999999
5/23/2024 21:00,50.6833334
5/23/2024 22:00,41.42999992
5/23/2024 23:00,38.56666657
5/24/2024,37.75333338
5/24/2024 1:00,31.90833346
5/24/2024 2:00,33.22833312
5/24/2024 3:00,35.52666674
5/24/2024 4:00,34.44833323
5/24/2024 5:00,48.73333327
5/24/2024 6:00,49.55999997
5/24/2024 7:00,49.26666679
5/24/2024 8:00,50.32666658
5/24/2024 9:00,40.72833335
5/24/2024 10:00,28.92166662
5/24/2024 11:00,28.23499988
5/24/2024 12:00,24.27166669
5/24/2024 13:00,26.3483333
5/24/2024 14:00,26.07999989
5/24/2024 15:00,28.46166665
5/24/2024 16:00,31.88833323
5/24/2024 17:00,33.42833338
5/24/2024 18:00,31.28333317
5/24/2024 19:00,43.27833341
5/24/2024 20:00,44.51833331
5/24/2024 21:00,38.98000005
5/24/2024 22:00,34.30166674
5/24/2024 23:00,33.87499984
5/25/2024,32.96666673
5/25/2024 1:00,35.14833355
5/25/2024 2:00,29.14666656
5/25/2024 3:00,26.41000001
5/25/2024 4:00,28.18666652
5/25/2024 5:00,27.6333334
5/25/2024 6:00,25.73000015
5/25/2024 7:00,24.63833335
5/25/2024 8:00,29.07166669
5/25/2024 9:00,29.47166659
5/25/2024 10:00,27.99166648
5/25/2024 11:00,25.48000015
5/25/2024 12:00,23.59833333
5/25/2024 13:00,23.46333342
5/25/2024 14:00,23.66833337
5/25/2024 15:00,36.56666667
5/25/2024 16:00,35.66500009
5/25/2024 17:00,38.33666687
5/25/2024 18:00,39.27499984
5/25/2024 19:00,49.80666688
5/25/2024 20:00,51.61333332
5/25/2024 21:00,44.72833328
5/25/2024 22:00,43.4049998
5/25/2024 23:00,35.17999999
5/26/2024,31.50333328
5/26/2024 1:00,30.73166656
5/26/2024 2:00,28.77333333
5/26/2024 3:00,27.27999999
5/26/2024 4:00,26.13166682
5/26/2024 5:00,37.52833319
5/26/2024 6:00,40.85999991
5/26/2024 7:00,41.44499982
5/26/2024 8:00,39.40166674
5/26/2024 9:00,36.94000015
5/26/2024 10:00,34.43833338
5/26/2024 11:00,29.32833331
5/26/2024 12:00,26.14166657
5/26/2024 13:00,29.2483332
5/26/2024 14:00,32.42166665
5/26/2024 15:00,28.11833331
5/26/2024 16:00,26.73500001
5/26/2024 17:00,27.97499997
5/26/2024 18:00,30.27000001
5/26/2024 19:00,31.04333321
5/26/2024 20:00,38.24500001
5/26/2024 21:00,44.03499991
5/26/2024 22:00,37.75166677
5/26/2024 23:00,37.89000003
5/27/2024,33.34000012
5/27/2024 1:00,28.38666665
5/27/2024 2:00,30.1499999
5/27/2024 3:00,30.27666664
5/27/2024 4:00,33.2749999
5/27/2024 5:00,35.72666693
5/27/2024 6:00,41.28833332
5/27/2024 7:00,45.03333308
5/27/2024 8:00,51.60666663
5/27/2024 9:00,35.3016667
5/27/2024 10:00,28.70833321
5/27/2024 11:00,26.5666666
5/27/2024 12:00,24.76500003
5/27/2024 13:00,25.14333331
5/27/2024 14:00,24.92999996
5/27/2024 15:00,17.99000003
5/27/2024 16:00,12.47333336
5/27/2024 17:00,14.44000004
5/27/2024 18:00,22.79166665
5/27/2024 19:00,15.75333319
5/27/2024 20:00,13.99333339
5/27/2024 21:00,16.4333333
5/27/2024 22:00,12.93333335
5/27/2024 23:00,13.0366667
5/28/2024,10.02333334
5/28/2024 1:00,10.23000002
5/28/2024 2:00,10.92833346
5/28/2024 3:00,10.24333331
5/28/2024 4:00,11.09833334
5/28/2024 5:00,13.77833333
5/28/2024 6:00,18.22333331
5/28/2024 7:00,24.83833326
5/28/2024 8:00,26.61333332
5/28/2024 9:00,34.52833357
5/28/2024 10:00,30.43833319
5/28/2024 11:00,25.43333337
5/28/2024 12:00,29.45999994
5/28/2024 13:00,33.73666668
5/28/2024 14:00,30.94833333
5/28/2024 15:00,30.19000003
5/28/2024 16:00,28.58500004
5/28/2024 17:00,30.1249999
5/28/2024 18:00,26.41666673
5/28/2024 19:00,27.36999995
5/28/2024 20:00,31.53999999
5/28/2024 21:00,44.00499976
5/28/2024 22:00,46.1266667
5/28/2024 23:00,42.37833347
5/29/2024,40.32000008
5/29/2024 1:00,38.91500009
5/29/2024 2:00,34.99666672
5/29/2024 3:00,35.35833314
5/29/2024 4:00,36.53000005
5/29/2024 5:00,44.16666667
5/29/2024 6:00,54.62833328
5/29/2024 7:00,57.8933335
5/29/2024 8:00,53.32333342
5/29/2024 9:00,40.51833309
5/29/2024 10:00,29.53499988
5/29/2024 11:00,33.18499997
5/29/2024 12:00,33.4049997
5/29/2024 13:00,30.26500015
5/29/2024 14:00,31.90166683
5/29/2024 15:00,31.69333328
5/29/2024 16:00,34.47499994
5/29/2024 17:00,35.60666676
5/29/2024 18:00,39.00000016
5/29/2024 19:00,36.38166653
5/29/2024 20:00,45.74333324
5/29/2024 21:00,51.77166646
5/29/2024 22:00,49.02500006
5/29/2024 23:00,40.88666649
5/30/2024,40.03499978
5/30/2024 1:00,42.40666644
5/30/2024 2:00,36.50833352
5/30/2024 3:00,38.33666662
5/30/2024 4:00,37.5
5/30/2024 5:00,54.98000011
5/30/2024 6:00,57.01999995
5/30/2024 7:00,52.03499991
5/30/2024 8:00,45.39166679
5/30/2024 9:00,39.69499995
5/30/2024 10:00,42.99333312
5/30/2024 11:00,39.04166663
5/30/2024 12:00,41.04666659
5/30/2024 13:00,36.24500004
5/30/2024 14:00,35.23833326
5/30/2024 15:00,37.85333328
5/30/2024 16:00,38.4083333
5/30/2024 17:00,44.47833347
5/30/2024 18:00,55.18833319
5/30/2024 19:00,18.07666655
5/30/2024 20:00,24.47000024
5/30/2024 21:00,23.3440679
5/30/2024 22:00,23.24499998
5/30/2024 23:00,23.96666667
5/31/2024,25.0733333
5/31/2024 1:00,19.57333328
5/31/2024 2:00,28.01333323
5/31/2024 3:00,21.90666666
5/31/2024 4:00,26.26833328
5/31/2024 5:00,36.26166658
5/31/2024 6:00,39.85833346
5/31/2024 7:00,42.40166677
5/31/2024 8:00,39.18499997
5/31/2024 9:00,41.62999996
5/31/2024 10:00,44.85166664
5/31/2024 11:00,45.72166697
5/31/2024 12:00,44.33500004
5/31/2024 13:00,41.10999991
5/31/2024 14:00,37.90666663
5/31/2024 15:00,35.67833322
5/31/2024 16:00,33.53666674
5/31/2024 17:00,32.96499999
5/31/2024 18:00,34.49333337
5/31/2024 19:00,32.00833337
5/31/2024 20:00,22.23499996
5/31/2024 21:00,21.1550001
5/31/2024 22:00,25.69500001
5/31/2024 23:00,26.59500008
6/1/2024,26.08166656
6/1/2024 1:00,27.34333328
6/1/2024 2:00,25.78333346
6/1/2024 3:00,22.66500003
6/1/2024 4:00,20.34166663
6/1/2024 5:00,32.30166667
6/1/2024 6:00,34.42999989
6/1/2024 7:00,41.4316665
6/1/2024 8:00,40.48666674
6/1/2024 9:00,44.89166673
6/1/2024 10:00,41.59833336
6/1/2024 11:00,41.75166639
6/1/2024 12:00,43.2016667
6/1/2024 13:00,38.84833323
6/1/2024 14:00,37.1816665
6/1/2024 15:00,42.222034
6/1/2024 16:00,36.00333335
6/1/2024 17:00,36.25666666
6/1/2024 18:00,40.23666649
6/1/2024 19:00,37.13333333
6/1/2024 20:00,44.11500028
6/1/2024 21:00,41.95000025
6/1/2024 22:00,40.45166683
6/1/2024 23:00,38.8583334
6/2/2024,42.0483331
6/2/2024 1:00,34.9399999
6/2/2024 2:00,36.78333362
6/2/2024 3:00,41.08166695
6/2/2024 4:00,39.89833317
6/2/2024 5:00,46.91666654
6/2/2024 6:00,48.90000006
6/2/2024 7:00,48.44666646
6/2/2024 8:00,41.64833314
6/2/2024 9:00,38.83999987
6/2/2024 10:00,38.37833344
6/2/2024 11:00,29.59666653
6/2/2024 12:00,30.30000003
6/2/2024 13:00,29.89333328
6/2/2024 14:00,30.37333323
6/2/2024 15:00,31.18833332
6/2/2024 16:00,31.02000008
6/2/2024 17:00,33.56000001
6/2/2024 18:00,37.71666644
6/2/2024 19:00,34.47166643
6/2/2024 20:00,35.8750001
6/2/2024 21:00,35.83833326
6/2/2024 22:00,38.93166685
6/2/2024 23:00,40.12999992
6/3/2024,38.35333331
6/3/2024 1:00,37.03166676
6/3/2024 2:00,35.27500003
6/3/2024 3:00,36.37166659
6/3/2024 4:00,36.26500012
6/3/2024 5:00,45.03166663
6/3/2024 6:00,44.79000003
6/3/2024 7:00,39.0683335
6/3/2024 8:00,45.44500008
6/3/2024 9:00,46.95666669
6/3/2024 10:00,44.44666681
6/3/2024 11:00,30.05833333
6/3/2024 12:00,28.95499999
6/3/2024 13:00,38.20666707
6/3/2024 14:00,31.17000001
6/3/2024 15:00,33.71833337
6/3/2024 16:00,29.05833333
6/3/2024 17:00,37.61166662
6/3/2024 18:00,40.86500015
6/3/2024 19:00,42.46833331
6/3/2024 20:00,42.47333361
6/3/2024 21:00,43.34999975
6/3/2024 22:00,43.45166645
6/3/2024 23:00,39.26500003
6/4/2024,43.39833342
6/4/2024 1:00,44.28833332
6/4/2024 2:00,41.30499999
6/4/2024 3:00,40.69000015
6/4/2024 4:00,43.12833341
6/4/2024 5:00,54.29166667
6/4/2024 6:00,56.57166691
6/4/2024 7:00,60.33500017
6/4/2024 8:00,56.69000003
6/4/2024 9:00,56.85999997
6/4/2024 10:00,49.89999994
6/4/2024 11:00,24.66166662
6/4/2024 12:00,18.36666668
6/4/2024 13:00,18.91833337
6/4/2024 14:00,14.86833334
6/4/2024 15:00,15.87666661
6/4/2024 16:00,21.09666665
6/4/2024 17:00,21.71833328
6/4/2024 18:00,29.68166669
6/4/2024 19:00,32.50166651
6/4/2024 20:00,30.15999994
6/4/2024 21:00,24.58333333
6/4/2024 22:00,22.81333329
6/4/2024 23:00,25.94333334
6/5/2024,22.76999998
6/5/2024 1:00,25.10666653
6/5/2024 2:00,24.39999994
6/5/2024 3:00,27.15166664
6/5/2024 4:00,30.4233333
6/5/2024 5:00,34.51999982
6/5/2024 6:00,36.34838698
6/5/2024 7:00,41.54833349
6/5/2024 8:00,38.12500003
6/5/2024 9:00,30.52666663
6/5/2024 10:00,23.84500001
6/5/2024 11:00,31.12333336
6/5/2024 12:00,28.5066665
6/5/2024 13:00,28.93166656
6/5/2024 14:00,32.66999985
6/5/2024 15:00,32.31499987
6/5/2024 16:00,33.5433334
6/5/2024 17:00,35.22166659
6/5/2024 18:00,36.24499989
6/5/2024 19:00,35.3333334
6/5/2024 20:00,39.46333313
6/5/2024 21:00,40.25166677
6/5/2024 22:00,43.23833351
6/5/2024 23:00,41.75645151
6/6/2024,38.90499992
6/6/2024 1:00,20.01000007
6/6/2024 2:00,12.4666667
6/6/2024 3:00,13.31666668
6/6/2024 4:00,11.8483333
6/6/2024 5:00,16.58833338
6/6/2024 6:00,19.77166662
6/6/2024 7:00,22.76999998
6/6/2024 8:00,27.91000004
6/6/2024 9:00,28.17499984
6/6/2024 10:00,25.8083333
6/6/2024 11:00,22.47166669
6/6/2024 12:00,21.25333328
6/6/2024 13:00,21.74333347
6/6/2024 14:00,25.75166658
6/6/2024 15:00,27.6583334
6/6/2024 16:00,27.37666683
6/6/2024 17:00,27.46499999
6/6/2024 18:00,25.73275859
6/6/2024 19:00,20.10166656
6/6/2024 20:00,19.67833336
6/6/2024 21:00,18.38166672
6/6/2024 22:00,20.54333328
6/6/2024 23:00,25.49166663
6/7/2024,24.45166661
6/7/2024 1:00,23.60166664
6/7/2024 2:00,24.07166672
6/7/2024 3:00,25.16333345
6/7/2024 4:00,28.81166652
6/7/2024 5:00,34.18333346
6/7/2024 6:00,35.4750001
6/7/2024 7:00,35.22999996
6/7/2024 8:00,36.46333313
6/7/2024 9:00,37.43666665
6/7/2024 10:00,29.94666669
6/7/2024 11:00,26.7516667
6/7/2024 12:00,22.11833318
6/7/2024 13:00,20.80833333
6/7/2024 14:00,23.60333325
6/7/2024 15:00,23.71833324
6/7/2024 16:00,23.42333333
6/7/2024 17:00,25.49833339
6/7/2024 18:00,24.76999998
6/7/2024 19:00,26.87166675
6/7/2024 20:00,26.21166662
6/7/2024 21:00,29.47499997
6/7/2024 22:00,30.57833335
6/7/2024 23:00,30.50999985
6/8/2024,31.39833336
6/8/2024 1:00,32.4516667
6/8/2024 2:00,31.73833332
6/8/2024 3:00,19.34000004
6/8/2024 4:00,21.00333341
6/8/2024 5:00,24.79166667
6/8/2024 6:00,27.77333326
6/8/2024 7:00,36.22666651
6/8/2024 8:00,42.77833328
6/8/2024 9:00,40.87499994
6/8/2024 10:00,36.74166657
6/8/2024 11:00,35.25499976
6/8/2024 12:00,33.43166653
6/8/2024 13:00,34.58999983
6/8/2024 14:00,34.59666669
6/8/2024 15:00,38.325
6/8/2024 16:00,36.37666655
6/8/2024 17:00,38.99333321
6/8/2024 18:00,41.90999985
6/8/2024 19:00,36.87166704
6/8/2024 20:00,39.64166654
6/8/2024 21:00,41.62833309
6/8/2024 22:00,38.96666673
6/8/2024 23:00,40.19499995
6/9/2024,39.09166648
6/9/2024 1:00,40.29833349
6/9/2024 2:00,41.17333323
6/9/2024 3:00,42.21833344
6/9/2024 4:00,47.96333332
6/9/2024 5:00,54.95833346
6/9/2024 6:00,55.65833333
6/9/2024 7:00,54.88166676
6/9/2024 8:00,54.74833336
6/9/2024 9:00,55.54000022
6/9/2024 10:00,46.43166682
6/9/2024 11:00,37.29333321
6/9/2024 12:00,36.80833333
6/9/2024 13:00,34.56333338
6/9/2024 14:00,32.66500015
6/9/2024 15:00,37.27500003
6/9/2024 16:00,35.45166661
6/9/2024 17:00,38.45
6/9/2024 18:00,44.10333341
6/9/2024 19:00,42.55333328
6/9/2024 20:00,42.99999994
6/9/2024 21:00,42.26333345
6/9/2024 22:00,42.08333314
6/9/2024 23:00,41.36166693
6/10/2024,48.68833345
6/10/2024 1:00,44.53000024
6/10/2024 2:00,43.28166695
6/10/2024 3:00,47.44166679
6/10/2024 4:00,50.90333309
6/10/2024 5:00,53.28666662
6/10/2024 6:00,55.80333347
6/10/2024 7:00,54.3916666
6/10/2024 8:00,57.29333337
6/10/2024 9:00,51.61666673
6/10/2024 10:00,46.7033336
6/10/2024 11:00,34.00833317
6/10/2024 12:00,35.63333359
6/10/2024 13:00,30.53333337
6/10/2024 14:00,27.96833353
6/10/2024 15:00,32.46166677
6/10/2024 16:00,30.74499998
6/10/2024 17:00,35.08666671
6/10/2024 18:00,42.00333338
6/10/2024 19:00,38.28500001
6/10/2024 20:00,41.73166676
6/10/2024 21:00,42.06610166
6/10/2024 22:00,43.44666684
6/10/2024 23:00,43.99166648
6/11/2024,44.81833337
6/11/2024 1:00,41.62833322
6/11/2024 2:00,42.53833319
6/11/2024 3:00,44.84500008
6/11/2024 4:00,47.41666654
6/11/2024 5:00,61.62499962
6/11/2024 6:00,55.63000005
6/11/2024 7:00,57.25333341
6/11/2024 8:00,63.85499967
6/11/2024 9:00,56.34333337
6/11/2024 10:00,46.47999999
6/11/2024 11:00,43.79333324
6/11/2024 12:00,40.94333344
6/11/2024 13:00,42.71166687
6/11/2024 14:00,41.52333355
6/11/2024 15:00,42.09166648
6/11/2024 16:00,43.50999978
6/11/2024 17:00,45.36333338
6/11/2024 18:00,44.82500019
6/11/2024 19:00,44.97999986
6/11/2024 20:00,47.04500027
6/11/2024 21:00,47.84166679
6/11/2024 22:00,46.93833332
6/11/2024 23:00,49.53833319
6/12/2024,48.51666654
6/12/2024 1:00,50.89999994
6/12/2024 2:00,47.98333327
6/12/2024 3:00,51.39499995
6/12/2024 4:00,55.18833319
6/12/2024 5:00,61.67000001
6/12/2024 6:00,58.55166645
6/12/2024 7:00,60.97999992
6/12/2024 8:00,65.20500005
6/12/2024 9:00,53.56666692
6/12/2024 10:00,47.60333335
6/12/2024 11:00,44.9416666
6/12/2024 12:00,39.12166659
6/12/2024 13:00,39.25666656
6/12/2024 14:00,38.72333361
6/12/2024 15:00,40.95666676
6/12/2024 16:00,40.44166679
6/12/2024 17:00,40.63500029
6/12/2024 18:00,45.78166669
6/12/2024 19:00,41.32833316
6/12/2024 20:00,42.19333344
6/12/2024 21:00,42.81333313
6/12/2024 22:00,42.93499978
6/12/2024 23:00,43.69333318
6/13/2024,43.9816665
6/13/2024 1:00,45.6266669
6/13/2024 2:00,46.02333323
6/13/2024 3:00,46.38333333
6/13/2024 4:00,48.97500032
6/13/2024 5:00,63.11999989
6/13/2024 6:00,61.43666674
6/13/2024 7:00,55.7666666
6/13/2024 8:00,51.80333354
6/13/2024 9:00,52.71500009
6/13/2024 10:00,43.33000005
6/13/2024 11:00,45.90166677
6/13/2024 12:00,42.00333316
6/13/2024 13:00,46.03833332
6/13/2024 14:00,41.79333331
6/13/2024 15:00,43.05833321
6/13/2024 16:00,44.02333361
6/13/2024 17:00,46.00333341
6/13/2024 18:00,50.2916666
6/13/2024 19:00,47.3766667
6/13/2024 20:00,48.89499995
6/13/2024 21:00,47.44500008
6/13/2024 22:00,49.35500011
6/13/2024 23:00,39.43666681
6/14/2024,42.20833327
6/14/2024 1:00,47.22333336
6/14/2024 2:00,49.4916666
6/14/2024 3:00,49.73499966
6/14/2024 4:00,50.91333332
6/14/2024 5:00,66.45000038
6/14/2024 6:00,60.36999995
6/14/2024 7:00,60.01333338
6/14/2024 8:00,61.50333354
6/14/2024 9:00,58.41666679
6/14/2024 10:00,56.11999969
6/14/2024 11:00,56.84999995
6/14/2024 12:00,53.41500015
6/14/2024 13:00,51.20499992
6/14/2024 14:00,49.84500014
6/14/2024 15:00,54.70166639
6/14/2024 16:00,52.49999987
6/14/2024 17:00,52.98166682
6/14/2024 18:00,52.3833334
6/14/2024 19:00,48.33833332
6/14/2024 20:00,48.24499995
6/14/2024 21:00,50.14262278
6/14/2024 22:00,49.67166672
6/14/2024 23:00,48.7700002
6/15/2024,46.67580648
6/15/2024 1:00,45.20333322
6/15/2024 2:00,45.01500003
6/15/2024 3:00,48.45333347
6/15/2024 4:00,49.48666674
6/15/2024 5:00,64.29333356
6/15/2024 6:00,55.736667
6/15/2024 7:00,56.61000017
6/15/2024 8:00,57.10833321
6/15/2024 9:00,55.76666654
6/15/2024 10:00,52.3433335
6/15/2024 11:00,50.59499982
6/15/2024 12:00,47.73166669
6/15/2024 13:00,47.42500013
6/15/2024 14:00,48.64333337
6/15/2024 15:00,52.95166651
6/15/2024 16:00,55.03166676
6/15/2024 17:00,51.86833337
6/15/2024 18:00,64.53333333
6/15/2024 19:00,45.38333333
6/15/2024 20:00,45.48999996
6/15/2024 21:00,46.93999996
6/15/2024 22:00,47.53000024
6/15/2024 23:00,48.01500003
6/16/2024,48.15999972
6/16/2024 1:00,41.98666655
6/16/2024 2:00,36.56166679
6/16/2024 3:00,11.97833331
6/16/2024 4:00,19.18499997
6/16/2024 5:00,22.22666661
6/16/2024 6:00,26.12166665
6/16/2024 7:00,31.57166672
6/16/2024 8:00,36.47499984
6/16/2024 9:00,44.29166629
6/16/2024 10:00,50.79000003
6/16/2024 11:00,48.06999982
6/16/2024 12:00,46.71500009
6/16/2024 13:00,44.28166676
6/16/2024 14:00,46.36000004
6/16/2024 15:00,42.01833318
6/16/2024 16:00,44.22000014
6/16/2024 17:00,50.125
6/16/2024 18:00,46.59666659
6/16/2024 19:00,41.39166667
6/16/2024 20:00,42.7766667
6/16/2024 21:00,44.41833318
6/16/2024 22:00,45.89333331
6/16/2024 23:00,42.34666678
6/17/2024,38.97833335
6/17/2024 1:00,23.78500009
6/17/2024 2:00,16.99166668
6/17/2024 3:00,16.97499989
6/17/2024 4:00,14.80499999
6/17/2024 5:00,20.49999998
6/17/2024 6:00,25.7916666
6/17/2024 7:00,34.67833347
6/17/2024 8:00,34.12999992
6/17/2024 9:00,28.20999994
6/17/2024 10:00,32.79666659
6/17/2024 11:00,39.45333338
6/17/2024 12:00,43.2983333
6/17/2024 13:00,43.52333336
6/17/2024 14:00,41.8016667
6/17/2024 15:00,44.58999983
6/17/2024 16:00,46.32500019
6/17/2024 17:00,43.30000013
6/17/2024 18:00,46.37833322
6/17/2024 19:00,45.04999987
6/17/2024 20:00,46.40666682
6/17/2024 21:00,48.12833335
6/17/2024 22:00,51.86500015
6/17/2024 23:00,50.56499977
6/18/2024,35.3950002
6/18/2024 1:00,14.58833332
6/18/2024 2:00,18.56333335
6/18/2024 3:00,21.0083334
6/18/2024 4:00,26.72000001
6/18/2024 5:00,32.76166658
6/18/2024 6:00,39.56666667
6/18/2024 7:00,47.69166686
6/18/2024 8:00,48.39833317
6/18/2024 9:00,38.53499991
6/18/2024 10:00,40.54999962
6/18/2024 11:00,40.58666687
6/18/2024 12:00,41.65333322
6/18/2024 13:00,41.93833338
6/18/2024 14:00,42.01500009
6/18/2024 15:00,48.9233331
6/18/2024 16:00,48.62833335
6/18/2024 17:00,38.49499989
6/18/2024 18:00,51.68999996
6/18/2024 19:00,44.09499995
6/18/2024 20:00,51.53333333
6/18/2024 21:00,44.07666658
6/18/2024 22:00,42.07666664
6/18/2024 23:00,37.91166674
6/19/2024,17.47333324
6/19/2024 1:00,20.90833333
6/19/2024 2:00,17.84166679
6/19/2024 3:00,21.08999996
6/19/2024 4:00,21.87833331
6/19/2024 5:00,27.39166663
6/19/2024 6:00,30.40500015
6/19/2024 7:00,33.20333303
6/19/2024 8:00,36.29333328
6/19/2024 9:00,36.30166667
6/19/2024 10:00,39.15333322
6/19/2024 11:00,41.1316665
6/19/2024 12:00,38.63833338
6/19/2024 13:00,35.20333335
6/19/2024 14:00,34.81833324
6/19/2024 15:00,34.89499995
6/19/2024 16:00,36.21333329
6/19/2024 17:00,37.79000034
6/19/2024 18:00,42.54333337
6/19/2024 19:00,40.07166672
6/19/2024 20:00,37.47166659
6/19/2024 21:00,25.65166669
6/19/2024 22:00,17.39000007
6/19/2024 23:00,10.1066666
6/20/2024,12.94333338
6/20/2024 1:00,12.44666665
6/20/2024 2:00,14.94833333
6/20/2024 3:00,14.18500004
6/20/2024 4:00,12.84666661
6/20/2024 5:00,20.90999988
6/20/2024 6:00,20.12833341
6/20/2024 7:00,23.19833339
6/20/2024 8:00,31.42166656
6/20/2024 9:00,31.45166674
6/20/2024 10:00,31.11499983
6/20/2024 11:00,28.24333337
6/20/2024 12:00,30.37333333
6/20/2024 13:00,29.9816665
6/20/2024 14:00,20.73833337
6/20/2024 15:00,20.00999996
6/20/2024 16:00,18.79333334
6/20/2024 17:00,18.12666664
6/20/2024 18:00,17.94000001
6/20/2024 19:00,19.93666662
6/20/2024 20:00,18.16833326
6/20/2024 21:00,14.24499993
6/20/2024 22:00,11.78666673
6/20/2024 23:00,12.14000006
6/21/2024,13.23500004
6/21/2024 1:00,14.10333333
6/21/2024 2:00,14.69333336
6/21/2024 3:00,14.63999999
6/21/2024 4:00,15.00166655
6/21/2024 5:00,19.30499991
6/21/2024 6:00,20.96000001
6/21/2024 7:00,26.54166667
6/21/2024 8:00,22.45333341
6/21/2024 9:00,23.24499995
6/21/2024 10:00,23.5016668
6/21/2024 11:00,23.90500007
6/21/2024 12:00,19.52096773
6/21/2024 13:00,21.76166658
6/21/2024 14:00,17.08833326
6/21/2024 15:00,16.8750001
6/21/2024 16:00,16.45333341
6/21/2024 17:00,18.30333346
6/21/2024 18:00,20.55333341
6/21/2024 19:00,20.58166663
6/21/2024 20:00,23.24333315
6/21/2024 21:00,21.60833343
6/21/2024 22:00,20.77833338
6/21/2024 23:00,20.87333333
6/22/2024,13.42833333
6/22/2024 1:00,14.07500003
6/22/2024 2:00,17.94666669
6/22/2024 3:00,20.1083333
6/22/2024 4:00,19.75333328
6/22/2024 5:00,21.28166679
6/22/2024 6:00,24.66166665
6/22/2024 7:00,28.6683334
6/22/2024 8:00,29.80499986
6/22/2024 9:00,26.36999995
6/22/2024 10:00,22.37833335
6/22/2024 11:00,21.9433334
6/22/2024 12:00,21.62500003
6/22/2024 13:00,25.57499997
6/22/2024 14:00,23.81499999
6/22/2024 15:00,22.64499998
6/22/2024 16:00,21.63833338
6/22/2024 17:00,23.19000006
6/22/2024 18:00,26.0733332
6/22/2024 19:00,26.03666658
6/22/2024 20:00,28.50666676
6/22/2024 21:00,29.50499999
6/22/2024 22:00,30.76500003
6/22/2024 23:00,29.18333337
6/23/2024,27.49333328
6/23/2024 1:00,28.50333325
6/23/2024 2:00,22.44333331
6/23/2024 3:00,15.97500003
6/23/2024 4:00,21.82333336
6/23/2024 5:00,28.27166643
6/23/2024 6:00,29.77166669
6/23/2024 7:00,30.07666664
6/23/2024 8:00,27.04166667
6/23/2024 9:00,25.69833345
6/23/2024 10:00,23.49499992
6/23/2024 11:00,22.69499995
6/23/2024 12:00,20.75517233
6/23/2024 13:00,19.35166669
6/23/2024 14:00,17.50000008
6/23/2024 15:00,18.13833332
6/23/2024 16:00,18.37999997
6/23/2024 17:00,20.51166658
6/23/2024 18:00,19.95833324
6/23/2024 19:00,20.84666665
6/23/2024 20:00,23.02333339
6/23/2024 21:00,13.40833332
6/23/2024 22:00,22.28000011
6/23/2024 23:00,23.45000003
6/24/2024,23.78833335
6/24/2024 1:00,21.82833338
6/24/2024 2:00,18.39500001
6/24/2024 3:00,16.96666663
6/24/2024 4:00,13.63333335
6/24/2024 5:00,19.2633333
6/24/2024 6:00,22.53999999
6/24/2024 7:00,19.95833343
6/24/2024 8:00,19.77999991
6/24/2024 9:00,18.08666671
6/24/2024 10:00,19.93166669
6/24/2024 11:00,21.29166662
6/24/2024 12:00,15.60166663
6/24/2024 13:00,16.38499997
6/24/2024 14:00,19.84833353
6/24/2024 15:00,17.02833341
6/24/2024 16:00,20.25333325
6/24/2024 17:00,20.44166663
6/24/2024 18:00,21.93166663
6/24/2024 19:00,23.70499999
6/24/2024 20:00,24.62999989
6/24/2024 21:00,23.98166656
6/24/2024 22:00,28.62833331
6/24/2024 23:00,26.80500011
6/25/2024,26.27166665
6/25/2024 1:00,26.08500001
6/25/2024 2:00,27.22166656
6/25/2024 3:00,27.66666676
6/25/2024 4:00,29.1899999
6/25/2024 5:00,35.80666666
6/25/2024 6:00,35.35333341
6/25/2024 7:00,38.32333349
6/25/2024 8:00,40.64833349
6/25/2024 9:00,39.00500011
6/25/2024 10:00,32.79166698
6/25/2024 11:00,25.42333339
6/25/2024 12:00,26.62499997
6/25/2024 13:00,23.33166666
6/25/2024 14:00,21.79666669
6/25/2024 15:00,24.68166672
6/25/2024 16:00,26.78833335
6/25/2024 17:00,32.44000003
6/25/2024 18:00,28.22999988
6/25/2024 19:00,23.98333343
6/25/2024 20:00,28.99333334
6/25/2024 21:00,23.60833349
6/25/2024 22:00,23.02833338
6/25/2024 23:00,23.02666664
6/26/2024,18.0483333
6/26/2024 1:00,25.34499998
6/26/2024 2:00,28.70333341
6/26/2024 3:00,28.76166674
6/26/2024 4:00,22.5750001
6/26/2024 5:00,22.43999999
6/26/2024 6:00,24.28166669
6/26/2024 7:00,27.98666658
6/26/2024 8:00,25.97666664
6/26/2024 9:00,18.18333337
6/26/2024 10:00,17.49833333
6/26/2024 11:00,17.79833328
6/26/2024 12:00,18.43333329
6/26/2024 13:00,18.9016667
6/26/2024 14:00,15.8083334
6/26/2024 15:00,17.81000001
6/26/2024 16:00,17.43499994
6/26/2024 17:00,19.0016667
6/26/2024 18:00,22.32972962
6/26/2024 19:00,20.30999993
6/26/2024 20:00,21.93666658
6/26/2024 21:00,21.9600001
6/26/2024 22:00,23.12166665
6/26/2024 23:00,21.46500015
6/27/2024,26.79666669
6/27/2024 1:00,26.29833333
6/27/2024 2:00,20.85666666
6/27/2024 3:00,20.90500002
6/27/2024 4:00,21.47666674
6/27/2024 5:00,28.78166656
6/27/2024 6:00,28.34333324
6/27/2024 7:00,30.90000016
6/27/2024 8:00,24.14999997
6/27/2024 9:00,23.17666664
6/27/2024 10:00,24.1916666
6/27/2024 11:00,23.54499992
6/27/2024 12:00,19.04166676
6/27/2024 13:00,15.8833334
6/27/2024 14:00,15.53728812
6/27/2024 15:00,16.52833333
6/27/2024 16:00,20.11166655
6/27/2024 17:00,26.39166667
6/27/2024 18:00,20.53833335
6/27/2024 19:00,22.75999994
6/27/2024 20:00,20.37666661
6/27/2024 21:00,24.28166679
6/27/2024 22:00,28.23000002
6/27/2024 23:00,24.50166667
6/28/2024,19.14166666
6/28/2024 1:00,8.696666654
6/28/2024 2:00,7.53166666
6/28/2024 3:00,5.438333356
6/28/2024 4:00,6.776666681
6/28/2024 5:00,10.6383333
6/28/2024 6:00,15.91166668
6/28/2024 7:00,16.71999998
6/28/2024 8:00,18.54833326
6/28/2024 9:00,16.20166667
6/28/2024 10:00,15.81333335
6/28/2024 11:00,16.04666683
6/28/2024 12:00,14.67666672
6/28/2024 13:00,13.59500004
6/28/2024 14:00,11.59833334
6/28/2024 15:00,12.22333336
6/28/2024 16:00,12.95833325
6/28/2024 17:00,11.95666666
6/28/2024 18:00,12.62833339
6/28/2024 19:00,13.80499994
6/28/2024 20:00,16.31833334
6/28/2024 21:00,13.95999994
6/28/2024 22:00,12.32833328
6/28/2024 23:00,10.98999996
6/29/2024,11.2583333
6/29/2024 1:00,11.17166664
6/29/2024 2:00,9.958333309
6/29/2024 3:00,7.908333357
6/29/2024 4:00,7.544999997
6/29/2024 5:00,11.46666675
6/29/2024 6:00,12.09500004
6/29/2024 7:00,15.43166659
6/29/2024 8:00,18.50833329
6/29/2024 9:00,20.47333339
6/29/2024 10:00,16.25999997
6/29/2024 11:00,8.676666737
6/29/2024 12:00,7.743333304
6/29/2024 13:00,7.473333351
6/29/2024 14:00,9.256666684
6/29/2024 15:00,8.003333306
6/29/2024 16:00,7.598333319
6/29/2024 17:00,10.68333339
6/29/2024 18:00,14.1733333
6/29/2024 19:00,13.85666668
6/29/2024 20:00,13.48833334
6/29/2024 21:00,9.386666663
6/29/2024 22:00,6.151666657
6/29/2024 23:00,10.37333337
6/30/2024,15.06499995
6/30/2024 1:00,19.05500002
6/30/2024 2:00,17.49166665
6/30/2024 3:00,16.48666668
6/30/2024 4:00,20.86166665
6/30/2024 5:00,21.82333333
6/30/2024 6:00,25.49166679
6/30/2024 7:00,27.79499992
6/30/2024 8:00,22.76333332
6/30/2024 9:00,22.17000004
6/30/2024 10:00,14.98166655
6/30/2024 11:00,22.51499996
6/30/2024 12:00,18.26999997
6/30/2024 13:00,16.54333332
6/30/2024 14:00,19.44833342
6/30/2024 15:00,14.73666662
6/30/2024 16:00,17.36166668
6/30/2024 17:00,24.18333317
6/30/2024 18:00,21.15833337
6/30/2024 19:00,16.78500009
6/30/2024 20:00,15.56166673
6/30/2024 21:00,20.22499997
6/30/2024 22:00,17.51999997
6/30/2024 23:00,15.18166664
7/1/2024,13.78999999
7/1/2024 1:00,11.54166662
7/1/2024 2:00,12.35333331
7/1/2024 3:00,12.9466667
7/1/2024 4:00,12.26333337
7/1/2024 5:00,12.36833332
7/1/2024 6:00,15.72333341
7/1/2024 7:00,18.03666663
7/1/2024 8:00,13.2666667
7/1/2024 9:00,15.19333334
7/1/2024 10:00,11.40833337
7/1/2024 11:00,8.200000032
7/1/2024 12:00,8.75333329
7/1/2024 13:00,10.66999996
7/1/2024 14:00,10.22833334
7/1/2024 15:00,10.58500001
7/1/2024 16:00,13.95166658
7/1/2024 17:00,18.69500008
7/1/2024 18:00,15.88620694
7/1/2024 19:00,15.65499992
7/1/2024 20:00,10.15500003
7/1/2024 21:00,12.2866667
7/1/2024 22:00,12.58500001
7/1/2024 23:00,11.98166666
7/2/2024,11.34666669
7/2/2024 1:00,10.97499995
7/2/2024 2:00,7.946666686
7/2/2024 3:00,7.50333333
7/2/2024 4:00,8.214999986
7/2/2024 5:00,9.983333357
7/2/2024 6:00,16.99000004
7/2/2024 7:00,21.26333324
7/2/2024 8:00,18.80666666
7/2/2024 9:00,17.11833329
7/2/2024 10:00,15.75166674
7/2/2024 11:00,16.19499992
7/2/2024 12:00,12.41666663
7/2/2024 13:00,9.576666657
7/2/2024 14:00,11.58499997
7/2/2024 15:00,7.755000003
7/2/2024 16:00,7.064999994
7/2/2024 17:00,5.951666681
7/2/2024 18:00,4.760000014
7/2/2024 19:00,10.34333332
7/2/2024 20:00,13.42833332
7/2/2024 21:00,7.823333319
7/2/2024 22:00,11.19166675
7/2/2024 23:00,8.101666665
7/3/2024,6.493333316
7/3/2024 1:00,6.035000026
7/3/2024 2:00,5.800000024
7/3/2024 3:00,5.779999959
7/3/2024 4:00,6.861666691
7/3/2024 5:00,8.776666721
7/3/2024 6:00,14.17833333
7/3/2024 7:00,22.27833323
7/3/2024 8:00,23.80833333
7/3/2024 9:00,29.04833336
7/3/2024 10:00,25.96000004
7/3/2024 11:00,21.37166669
7/3/2024 12:00,23.59666651
7/3/2024 13:00,18.94000003
7/3/2024 14:00,21.08999977
7/3/2024 15:00,14.62000003
7/3/2024 16:00,12.78833328
7/3/2024 17:00,11.13666664
7/3/2024 18:00,9.385000014
7/3/2024 19:00,10.30666667
7/3/2024 20:00,9.736666656
7/3/2024 21:00,9.786666608
7/3/2024 22:00,9.469999973
7/3/2024 23:00,13.13833335
7/4/2024,15.96034479
7/4/2024 1:00,18.4283333
7/4/2024 2:00,16.37999992
7/4/2024 3:00,10.43166668
7/4/2024 4:00,9.013333337
7/4/2024 5:00,7.958333357
7/4/2024 6:00,10.09666665
7/4/2024 7:00,9.1066667
7/4/2024 8:00,12.6233333
7/4/2024 9:00,14.65833333
7/4/2024 10:00,11.22333334
7/4/2024 11:00,13.01833328
7/4/2024 12:00,14.41833332
7/4/2024 13:00,9.931666716
7/4/2024 14:00,11.38166664
7/4/2024 15:00,19.53500005
7/4/2024 16:00,17.02499997
7/4/2024 17:00,21.75166675
7/4/2024 18:00,23.77833327
7/4/2024 19:00,29.45166661
7/4/2024 20:00,11.83666673
7/4/2024 21:00,4.838333344
7/4/2024 22:00,7.609999983
7/4/2024 23:00,9.399999976
7/5/2024,11.65833335
7/5/2024 1:00,12.38666663
7/5/2024 2:00,11.6616667
7/5/2024 3:00,12.15999993
7/5/2024 4:00,12.46833332
7/5/2024 5:00,15.91499998
7/5/2024 6:00,17.32333342
7/5/2024 7:00,21.58499999
7/5/2024 8:00,31.9850001
7/5/2024 9:00,30.1000001
7/5/2024 10:00,21.03999987
7/5/2024 11:00,19.24999998
7/5/2024 12:00,13.15166667
7/5/2024 13:00,14.56833339
7/5/2024 14:00,12.66666667
7/5/2024 15:00,9.386666727
7/5/2024 16:00,8.880327866
7/5/2024 17:00,7.33500003
7/5/2024 18:00,14.46166673
7/5/2024 19:00,16.68833351
7/5/2024 20:00,15.27000004
7/5/2024 21:00,16.01833334
7/5/2024 22:00,19.44166663
7/5/2024 23:00,21.37166669
7/6/2024,19.39500003
7/6/2024 1:00,8.728333267
7/6/2024 2:00,3.898333313
7/6/2024 3:00,2.916666659
7/6/2024 4:00,3.474999976
7/6/2024 5:00,4.208333337
7/6/2024 6:00,8.265000033
7/6/2024 7:00,9.324999984
7/6/2024 8:00,9.034999927
7/6/2024 9:00,7.51833334
7/6/2024 10:00,8.628333362
7/6/2024 11:00,8.000000024
7/6/2024 12:00,6.593333352
7/6/2024 13:00,7.095000037
7/6/2024 14:00,11.08666668
7/6/2024 15:00,10.65500002
7/6/2024 16:00,16.95333337
7/6/2024 17:00,11.71166666
7/6/2024 18:00,14.8233333
7/6/2024 19:00,17.55000002
7/6/2024 20:00,15.12166676
7/6/2024 21:00,8.558333302
7/6/2024 22:00,9.638333376
7/6/2024 23:00,8.66166664
7/7/2024,7.633333357
7/7/2024 1:00,5.239999962
7/7/2024 2:00,4.173333335
7/7/2024 3:00,4.578333338
7/7/2024 4:00,5.094999977
7/7/2024 5:00,7.293103383
7/7/2024 6:00,12.43333333
7/7/2024 7:00,14.34166671
7/7/2024 8:00,16.85499996
7/7/2024 9:00,14.42833327
7/7/2024 10:00,12.21333331
7/7/2024 11:00,12.84166673
7/7/2024 12:00,18.36666671
7/7/2024 13:00,20.63000018
7/7/2024 14:00,15.39333334
7/7/2024 15:00,9.618333348
7/7/2024 16:00,9.428333362
7/7/2024 17:00,15.24499992
7/7/2024 18:00,17.83000013
7/7/2024 19:00,20.37333331
7/7/2024 20:00,23.21499999
7/7/2024 21:00,16.13666674
7/7/2024 22:00,18.85000005
7/7/2024 23:00,20.67166667
7/8/2024,13.05666664
7/8/2024 1:00,9.6383334
7/8/2024 2:00,10.95333337
7/8/2024 3:00,13.57333336
7/8/2024 4:00,12.68833334
7/8/2024 5:00,6.666666683
7/8/2024 6:00,11.66333335
7/8/2024 7:00,14.17166662
7/8/2024 8:00,14.95999996
7/8/2024 9:00,12.19999998
7/8/2024 10:00,12.79166671
7/8/2024 11:00,12.64833331
7/8/2024 12:00,10.58500001
7/8/2024 13:00,8.079999971
7/8/2024 14:00,11.11833332
7/8/2024 15:00,9.961666656
7/8/2024 16:00,14.55499997
7/8/2024 17:00,16.70999996
7/8/2024 18:00,25.56166676
7/8/2024 19:00,20.75833337
7/8/2024 20:00,22.91166674
7/8/2024 21:00,22.67500006
7/8/2024 22:00,26.57833331
7/8/2024 23:00,23.84666659
7/9/2024,20.89999998
7/9/2024 1:00,22.64166676
7/9/2024 2:00,16.99333331
7/9/2024 3:00,18.36499996
7/9/2024 4:00,17.97999991
7/9/2024 5:00,20.73666668
7/9/2024 6:00,24.40166674
7/9/2024 7:00,23.46833315
7/9/2024 8:00,24.78500017
7/9/2024 9:00,27.62000004
7/9/2024 10:00,25.66166674
7/9/2024 11:00,21.85666666
7/9/2024 12:00,19.7433334
7/9/2024 13:00,23.58166669
7/9/2024 14:00,17.40666669
7/9/2024 15:00,16.31499996
7/9/2024 16:00,17.76724136
7/9/2024 17:00,24.25166655
7/9/2024 18:00,28.70999994
7/9/2024 19:00,27.16833329
7/9/2024 20:00,21.96166658
7/9/2024 21:00,23.73833342
7/9/2024 22:00,20.41666683
7/9/2024 23:00,18.56333332
7/10/2024,17.66833337
7/10/2024 1:00,16.9749999
7/10/2024 2:00,19.42833335
7/10/2024 3:00,20.66666654
7/10/2024 4:00,21.95666672
7/10/2024 5:00,24.9333333
7/10/2024 6:00,25.39499995
7/10/2024 7:00,28.16166671
7/10/2024 8:00,29.58999999
7/10/2024 9:00,25.58833332
7/10/2024 10:00,21.42333361
7/10/2024 11:00,19.38833323
7/10/2024 12:00,26.53666654
7/10/2024 13:00,18.93333327
7/10/2024 14:00,24.12666661
7/10/2024 15:00,19.17000011
7/10/2024 16:00,15.06500001
7/10/2024 17:00,26.8150001
7/10/2024 18:00,31.2516667
7/10/2024 19:00,23.31499998
7/10/2024 20:00,8.476666673
7/10/2024 21:00,13.14166659
7/10/2024 22:00,12.99999997
7/10/2024 23:00,10.94000001
7/11/2024,12.56666663
7/11/2024 1:00,15.17999997
7/11/2024 2:00,15.51666671
7/11/2024 3:00,16.40666669
7/11/2024 4:00,17.51833329
7/11/2024 5:00,19.4100001
7/11/2024 6:00,23.01333319
7/11/2024 7:00,26.08333352
7/11/2024 8:00,31.62999996
7/11/2024 9:00,27.86833324
7/11/2024 10:00,20.38833332
7/11/2024 11:00,19.35833335
7/11/2024 12:00,17.0599999
7/11/2024 13:00,20.45833324
7/11/2024 14:00,24.42333333
7/11/2024 15:00,24.29666665
7/11/2024 16:00,26.94499995
7/11/2024 17:00,33.84333328
7/11/2024 18:00,34.21833328
7/11/2024 19:00,49.66666673
7/11/2024 20:00,47.77666683
7/11/2024 21:00,22.18333327
7/11/2024 22:00,18.755
7/11/2024 23:00,15.34333331
7/12/2024,13.5883334
7/12/2024 1:00,10.84833332
7/12/2024 2:00,8.468333348
7/12/2024 3:00,9.238333337
7/12/2024 4:00,10.42666664
7/12/2024 5:00,8.443333308
7/12/2024 6:00,12.55000005
7/12/2024 7:00,16.88833324
7/12/2024 8:00,19.54500003
7/12/2024 9:00,17.69666659
7/12/2024 10:00,13.94499998
7/12/2024 11:00,16.46499996
7/12/2024 12:00,10.01355931
7/12/2024 13:00,10.72999993
7/12/2024 14:00,7.758333337
7/12/2024 15:00,7.258333345
7/12/2024 16:00,5.913333305
7/12/2024 17:00,7.639999994
7/12/2024 18:00,12.63500001
7/12/2024 19:00,10.77500006
7/12/2024 20:00,11.4066667
7/12/2024 21:00,12.37166667
7/12/2024 22:00,8.703333251
7/12/2024 23:00,5.816666679
7/13/2024,4.708333333
7/13/2024 1:00,5.30666666
7/13/2024 2:00,5.560000022
7/13/2024 3:00,8.628333322
7/13/2024 4:00,8.443333356
7/13/2024 5:00,11.29666671
7/13/2024 6:00,20.07166667
7/13/2024 7:00,15.88166668
7/13/2024 8:00,18.31666668
7/13/2024 9:00,20.61833336
7/13/2024 10:00,16.50833338
7/13/2024 11:00,16.17000006
7/13/2024 12:00,13.67666669
7/13/2024 13:00,12.03000005
7/13/2024 14:00,9.876666641
7/13/2024 15:00,11.65333339
7/13/2024 16:00,12.07333334
7/13/2024 17:00,12.81166665
7/13/2024 18:00,15.34666669
7/13/2024 19:00,16.11500006
7/13/2024 20:00,17.10666671
7/13/2024 21:00,16.07333331
7/13/2024 22:00,17.66999998
7/13/2024 23:00,14.57000001
7/14/2024,11.68499997
7/14/2024 1:00,11.09333332
7/14/2024 2:00,9.473333359
7/14/2024 3:00,9.263333392
7/14/2024 4:00,11.05333327
7/14/2024 5:00,15.73000003
7/14/2024 6:00,17.42499997
7/14/2024 7:00,18.75333317
7/14/2024 8:00,18.83000007
7/14/2024 9:00,19.31666659
7/14/2024 10:00,13.77166662
7/14/2024 11:00,12.09333329
7/14/2024 12:00,12.28833329
7/14/2024 13:00,13.94666672
7/14/2024 14:00,11.5633333
7/14/2024 15:00,16.88666668
7/14/2024 16:00,14.80999999
7/14/2024 17:00,18.14166671
7/14/2024 18:00,18.31666676
7/14/2024 19:00,18.92333328
7/14/2024 20:00,18.86451617
7/14/2024 21:00,15.19666667
7/14/2024 22:00,15.87500013
7/14/2024 23:00,16.72499998
7/15/2024,18.49999986
7/15/2024 1:00,21.78666671
7/15/2024 2:00,19.06333326
7/15/2024 3:00,18.71666667
7/15/2024 4:00,13.72666667
7/15/2024 5:00,14.39000001
7/15/2024 6:00,19.65166661
7/15/2024 7:00,18.66333338
7/15/2024 8:00,20.23833335
7/15/2024 9:00,23.07166669
7/15/2024 10:00,23.36833321
7/15/2024 11:00,23.87833325
7/15/2024 12:00,19.37333339
7/15/2024 13:00,21.51166668
7/15/2024 14:00,20.92166662
7/15/2024 15:00,20.39666662
7/15/2024 16:00,20.57833323
7/15/2024 17:00,18.43833326
7/15/2024 18:00,15.32499992
7/15/2024 19:00,20.18166669
7/15/2024 20:00,21.49666667
7/15/2024 21:00,19.72833331
7/15/2024 22:00,19.51333338
7/15/2024 23:00,18.8800001
7/16/2024,18.97333333
7/16/2024 1:00,17.84833325
7/16/2024 2:00,17.12
7/16/2024 3:00,12.67999999
7/16/2024 4:00,11.63499996
7/16/2024 5:00,9.358333278
7/16/2024 6:00,15.56999998
7/16/2024 7:00,19.63833342
7/16/2024 8:00,18.72666674
7/16/2024 9:00,17.84500003
7/16/2024 10:00,13.95
7/16/2024 11:00,11.71499998
7/16/2024 12:00,11.88999995
7/16/2024 13:00,11.15333336
7/16/2024 14:00,14.74166667
7/16/2024 15:00,13.87999999
7/16/2024 16:00,9.03499999
7/16/2024 17:00,10.26666664
7/16/2024 18:00,13.33666665
7/16/2024 19:00,16.3966667
7/16/2024 20:00,14.57500006
7/16/2024 21:00,16.55000002
7/16/2024 22:00,14.0966667
7/16/2024 23:00,13.99833333
7/17/2024,13.56833334
7/17/2024 1:00,12.81666675
7/17/2024 2:00,11.83666671
7/17/2024 3:00,12.64666664
7/17/2024 4:00,12.30833334
7/17/2024 5:00,8.976666633
7/17/2024 6:00,15.25666666
7/17/2024 7:00,12.36166673
7/17/2024 8:00,18.73499993
7/17/2024 9:00,21.76333326
7/17/2024 10:00,16.43666658
7/17/2024 11:00,15.33999998
7/17/2024 12:00,12.0333334
7/17/2024 13:00,10.47833335
7/17/2024 14:00,9.360000006
7/17/2024 15:00,8.161666656
7/17/2024 16:00,8.070000021
7/17/2024 17:00,13.50000006
7/17/2024 18:00,14.00666661
7/17/2024 19:00,15.91666662
7/17/2024 20:00,12.9899999
7/17/2024 21:00,17.55166666
7/17/2024 22:00,21.50999994
7/17/2024 23:00,17.50833327
7/18/2024,13.44166663
7/18/2024 1:00,13.38166666
7/18/2024 2:00,9.65333333
7/18/2024 3:00,9.691666691
7/18/2024 4:00,6.715000017
7/18/2024 5:00,7.843333332
7/18/2024 6:00,9.411666632
7/18/2024 7:00,13.4716667
7/18/2024 8:00,19.36999995
7/18/2024 9:00,13.8166667
7/18/2024 10:00,14.96999993
7/18/2024 11:00,19.82166669
7/18/2024 12:00,17.26833326
7/18/2024 13:00,13.23166669
7/18/2024 14:00,11.60166666
7/18/2024 15:00,11.17166658
7/18/2024 16:00,18.62833338
7/18/2024 17:00,11.23333336
7/18/2024 18:00,12.66000017
7/18/2024 19:00,20.91666667
7/18/2024 20:00,13.41833337
7/18/2024 21:00,15.63333329
7/18/2024 22:00,14.5083333
7/18/2024 23:00,9.943333332
7/19/2024,8.071666662
7/19/2024 1:00,8.070000005
7/19/2024 2:00,7.378333322
7/19/2024 3:00,8.153333338
7/19/2024 4:00,7.101666665
7/19/2024 5:00,6.263333352
7/19/2024 6:00,8.753333362
7/19/2024 7:00,14.03000008
7/19/2024 8:00,13.5
7/19/2024 9:00,21.73333333
7/19/2024 10:00,17.89666669
7/19/2024 11:00,16.12000003
7/19/2024 12:00,10.63
7/19/2024 13:00,8.145000076
7/19/2024 14:00,7.308333341
7/19/2024 15:00,8.04000001
7/19/2024 16:00,7.928333346
7/19/2024 17:00,9.01166664
7/19/2024 18:00,10.33000003
7/19/2024 19:00,10.82333335
7/19/2024 20:00,14.68500012
7/19/2024 21:00,15.38833334
7/19/2024 22:00,18.41999997
7/19/2024 23:00,20.53833335
7/20/2024,20.99666667
7/20/2024 1:00,16.27166657
7/20/2024 2:00,12.45166659
7/20/2024 3:00,12.90333339
7/20/2024 4:00,12.51333334
7/20/2024 5:00,15.70500002
7/20/2024 6:00,20.3533333
7/20/2024 7:00,21.67000004
7/20/2024 8:00,26.53666662
7/20/2024 9:00,19.61333327
7/20/2024 10:00,12.77333336
7/20/2024 11:00,13.28166666
7/20/2024 12:00,13.09833331
7/20/2024 13:00,12.32166664
7/20/2024 14:00,11.97000003
7/20/2024 15:00,12.29500004
7/20/2024 16:00,13.58833337
7/20/2024 17:00,13.5833333
7/20/2024 18:00,12.90833338
7/20/2024 19:00,10.90000002
7/20/2024 20:00,15.07999999
7/20/2024 21:00,16.20999993
7/20/2024 22:00,14.59499997
7/20/2024 23:00,15.29333331
7/21/2024,11.68833332
7/21/2024 1:00,12.22666663
7/21/2024 2:00,10.97666669
7/21/2024 3:00,11.45000005
7/21/2024 4:00,12.875
7/21/2024 5:00,16.52666666
7/21/2024 6:00,17.31999998
7/21/2024 7:00,20.89499992
7/21/2024 8:00,23.69666669
7/21/2024 9:00,20.99333328
7/21/2024 10:00,15.93499999
7/21/2024 11:00,12.92
7/21/2024 12:00,12.41499999
7/21/2024 13:00,12.67833335
7/21/2024 14:00,12.81333332
7/21/2024 15:00,12.51999995
7/21/2024 16:00,11.78000002
7/21/2024 17:00,13.08000002
7/21/2024 18:00,15.5716667
7/21/2024 19:00,17.60166667
7/21/2024 20:00,22.29833331
7/21/2024 21:00,21.13000002
7/21/2024 22:00,27.25666653
7/21/2024 23:00,23.26999995
7/22/2024,21.09833339
7/22/2024 1:00,17.85000013
7/22/2024 2:00,9.869999981
7/22/2024 3:00,4.986666693
7/22/2024 4:00,3.600000008
7/22/2024 5:00,5.086666652
7/22/2024 6:00,6.383333337
7/22/2024 7:00,11.45999998
7/22/2024 8:00,19.33833335
7/22/2024 9:00,22.74333334
7/22/2024 10:00,24.98666677
7/22/2024 11:00,14.31499995
7/22/2024 12:00,24.26999989
7/22/2024 13:00,24.5
7/22/2024 14:00,10.13666664
7/22/2024 15:00,7.713333289
7/22/2024 16:00,9.06833334
7/22/2024 17:00,8.129999995
7/22/2024 18:00,8.511666632
7/22/2024 19:00,15.66999993
7/22/2024 20:00,26.21666676
7/22/2024 21:00,20.3866667
7/22/2024 22:00,9.67499996
7/22/2024 23:00,8.008333325
7/23/2024,2.055555553
7/23/2024 1:00,1.996551719
7/23/2024 2:00,1.943333334
7/23/2024 3:00,3.345000019
7/23/2024 4:00,2.65999999
7/23/2024 5:00,4.069999961
7/23/2024 6:00,6.874999964
7/23/2024 7:00,11.7483333
7/23/2024 8:00,12.3116667
7/23/2024 9:00,14.02833323
7/23/2024 10:00,9.726666697
7/23/2024 11:00,6.800000016
7/23/2024 12:00,5.783333325
7/23/2024 13:00,5.193333336
7/23/2024 14:00,7.036666663
7/23/2024 15:00,7.376666701
7/23/2024 16:00,14.19166669
7/23/2024 17:00,13.21666669
7/23/2024 18:00,14.06499999
7/23/2024 19:00,19.81500003
7/23/2024 20:00,16.21999997
7/23/2024 21:00,6.72419355
7/23/2024 22:00,3.198333323
7/23/2024 23:00,4.131666652
7/24/2024,5.108333345
7/24/2024 1:00,3.698333323
7/24/2024 2:00,4.20666666
7/24/2024 3:00,4.046666654
7/24/2024 4:00,6.276666705
7/24/2024 5:00,8.054999955
7/24/2024 6:00,6.10666672
7/24/2024 7:00,8.858333349
7/24/2024 8:00,13.27666667
7/24/2024 9:00,14.15999999
7/24/2024 10:00,9.820000045
7/24/2024 11:00,4.388333313
7/24/2024 12:00,7.736666695
7/24/2024 13:00,5.954999995
7/24/2024 14:00,4.833333353
7/24/2024 15:00,5.218333336
7/24/2024 16:00,5.000000008
7/24/2024 17:00,6.614999986
7/24/2024 18:00,12.57333338
7/24/2024 19:00,11.85161294
7/24/2024 20:00,16.125
7/24/2024 21:00,12.20166667
7/24/2024 22:00,15.96666659
7/24/2024 23:00,9.098333287
7/25/2024,3.098333331
7/25/2024 1:00,3.833333333
7/25/2024 2:00,3.461666654
7/25/2024 3:00,3.63833334
7/25/2024 4:00,3.941666659
7/25/2024 5:00,6.519999997
7/25/2024 6:00,12.38333332
7/25/2024 7:00,12.38833335
7/25/2024 8:00,38.06500077
7/25/2024 9:00,16.22166662
7/25/2024 10:00,14.48999992
7/25/2024 11:00,14.50833333
7/25/2024 12:00,16.5633333
7/25/2024 13:00,12.3016667
7/25/2024 14:00,9.971666686
7/25/2024 15:00,9.408333294
7/25/2024 16:00,10.70333335
7/25/2024 17:00,15.44915246
7/25/2024 18:00,8.493333364
7/25/2024 19:00,10.92666667
7/25/2024 20:00,11.44333331
7/25/2024 21:00,9.961666671
7/25/2024 22:00,9.746666678
7/25/2024 23:00,9.36833334
7/26/2024,6.72166667
7/26/2024 1:00,6.731666629
7/26/2024 2:00,5.834999994
7/26/2024 3:00,5.45333333
7/26/2024 4:00,7.568333316
7/26/2024 5:00,10.77166666
7/26/2024 6:00,19.40166664
7/26/2024 7:00,15.40666671
7/26/2024 8:00,14.84500001
7/26/2024 9:00,14.70333335
7/26/2024 10:00,10.84666667
7/26/2024 11:00,13.0116667
7/26/2024 12:00,10.31500001
7/26/2024 13:00,6.633333333
7/26/2024 14:00,10.56833327
7/26/2024 15:00,11.63333335
7/26/2024 16:00,16.32833336
7/26/2024 17:00,12.56499999
7/26/2024 18:00,10.93499996
7/26/2024 19:00,11.58666671
7/26/2024 20:00,10.82
7/26/2024 21:00,9.711666679
7/26/2024 22:00,7.260000022
7/26/2024 23:00,8.153333354
7/27/2024,5.701666665
7/27/2024 1:00,6.200000016
7/27/2024 2:00,5.811666663
7/27/2024 3:00,6.559999998
7/27/2024 4:00,9.533333349
7/27/2024 5:00,11.66499999
7/27/2024 6:00,17.0116667
7/27/2024 7:00,13.2116667
7/27/2024 8:00,13.57500002
7/27/2024 9:00,22.09833341
7/27/2024 10:00,16.43666666
7/27/2024 11:00,15.53666673
7/27/2024 12:00,10.70833342
7/27/2024 13:00,9.629999995
7/27/2024 14:00,10.36833336
7/27/2024 15:00,9.744999997
7/27/2024 16:00,9.843333308
7/27/2024 17:00,11.47333332
7/27/2024 18:00,9.755000011
7/27/2024 19:00,12.25666668
7/27/2024 20:00,12.24000003
7/27/2024 21:00,9.226666633
7/27/2024 22:00,6.793333332
7/27/2024 23:00,8.7
7/28/2024,5.318333324
7/28/2024 1:00,5.156666656
7/28/2024 2:00,4.010000002
7/28/2024 3:00,4.466666663
7/28/2024 4:00,6.561666663
7/28/2024 5:00,8.341666691
7/28/2024 6:00,9.380000051
7/28/2024 7:00,16.94166668
7/28/2024 8:00,19.1833334
7/28/2024 9:00,27.55333341
7/28/2024 10:00,25.13500001
7/28/2024 11:00,22.36833344
7/28/2024 12:00,22.25500002
7/28/2024 13:00,20.455
7/28/2024 14:00,23.20333322
7/28/2024 15:00,18.60333338
7/28/2024 16:00,12.36666667
7/28/2024 17:00,11.68999996
7/28/2024 18:00,11.54999994
7/28/2024 19:00,11.65000002
7/28/2024 20:00,10.05833332
7/28/2024 21:00,10.45666671
7/28/2024 22:00,8.211666671
7/28/2024 23:00,6.934999967
7/29/2024,6.609999959
7/29/2024 1:00,4.461666663
7/29/2024 2:00,2.068333328
7/29/2024 3:00,3.681666668
7/29/2024 4:00,7.026666609
7/29/2024 5:00,10.59333339
7/29/2024 6:00,12.94833338
7/29/2024 7:00,13.89833333
7/29/2024 8:00,17.91499998
7/29/2024 9:00,17.92833325
7/29/2024 10:00,13.55666664
7/29/2024 11:00,10.70166673
7/29/2024 12:00,11.87833332
7/29/2024 13:00,9.945000029
7/29/2024 14:00,11.98166666
7/29/2024 15:00,8.404999995
7/29/2024 16:00,9.654999995
7/29/2024 17:00,16.0366666
7/29/2024 18:00,19.23000007
7/29/2024 19:00,17.72999994
7/29/2024 20:00,12.48666668
7/29/2024 21:00,13.71333335
7/29/2024 22:00,15.87500002
7/29/2024 23:00,13.06166665
7/30/2024,9.715000049
7/30/2024 1:00,10.32166672
7/30/2024 2:00,9.958333365
7/30/2024 3:00,10.10166666
7/30/2024 4:00,12.71999995
7/30/2024 5:00,15.27833336
7/30/2024 6:00,15.51000004
7/30/2024 7:00,17.05333323
7/30/2024 8:00,12.68833334
7/30/2024 9:00,13.22666667
7/30/2024 10:00,16.63000005
7/30/2024 11:00,15.13666668
7/30/2024 12:00,10.49166668
7/30/2024 13:00,11.26499998
7/30/2024 14:00,10.275
7/30/2024 15:00,12.07166664
7/30/2024 16:00,13.85500002
7/30/2024 17:00,14.29166667
7/30/2024 18:00,15.36500014
7/30/2024 19:00,15.95666664
7/30/2024 20:00,14.03833334
7/30/2024 21:00,11.03
7/30/2024 22:00,12.70666672
7/30/2024 23:00,13.28500004
7/31/2024,14.94500001
7/31/2024 1:00,3.26
7/31/2024 2:00,1.971428573
7/31/2024 3:00,NA
7/31/2024 4:00,1.916071421
7/31/2024 5:00,3.456666648
7/31/2024 6:00,9.085000022
7/31/2024 7:00,10.12666668
7/31/2024 8:00,16.41666667
7/31/2024 9:00,26.33333337
7/31/2024 10:00,19.71166668
7/31/2024 11:00,11.38499997
7/31/2024 12:00,4.290000004
7/31/2024 13:00,3.636666685
7/31/2024 14:00,5.363333305
7/31/2024 15:00,5.208333381
7/31/2024 16:00,3.470000021
7/31/2024 17:00,5.406666666
7/31/2024 18:00,6.558333345
7/31/2024 19:00,9.728333386
7/31/2024 20:00,9.506666684
7/31/2024 21:00,12.62833331
7/31/2024 22:00,11.05
7/31/2024 23:00,9.36000001
8/1/2024,8.761666679
8/1/2024 1:00,8.771666694
8/1/2024 2:00,7.689999994
8/1/2024 3:00,8.396666725
8/1/2024 4:00,8.319999997
8/1/2024 5:00,11.86833336
8/1/2024 6:00,15.405
8/1/2024 7:00,14.94666665
8/1/2024 8:00,16.9633333
8/1/2024 9:00,17.51166668
8/1/2024 10:00,12.22999998
8/1/2024 11:00,10.92333337
8/1/2024 12:00,11.22833327
8/1/2024 13:00,13.40500003
8/1/2024 14:00,9.169999949
8/1/2024 15:00,9.284999959
8/1/2024 16:00,10.47666667
8/1/2024 17:00,10.39000001
8/1/2024 18:00,12.28833328
8/1/2024 19:00,11.14000001
8/1/2024 20:00,13.08166664
8/1/2024 21:00,12.85166659
8/1/2024 22:00,9.656666601
8/1/2024 23:00,2.461666648
8/2/2024,3.876666661
8/2/2024 1:00,2.89666667
8/2/2024 2:00,2.651666661
8/2/2024 3:00,3.918333332
8/2/2024 4:00,6.921666678
8/2/2024 5:00,8.876666697
8/2/2024 6:00,12.04500001
8/2/2024 7:00,23.42166657
8/2/2024 8:00,16.69833335
8/2/2024 9:00,12.78166668
8/2/2024 10:00,17.29499997
8/2/2024 11:00,17.57666666
8/2/2024 12:00,14.05499997
8/2/2024 13:00,9.725000064
8/2/2024 14:00,9.43499999
8/2/2024 15:00,17.43833332
8/2/2024 16:00,18.28500002
8/2/2024 17:00,11.94833324
8/2/2024 18:00,11.34000001
8/2/2024 19:00,16.30666664
8/2/2024 20:00,16.94333344
8/2/2024 21:00,11.00833335
8/2/2024 22:00,11.88166671
8/2/2024 23:00,12.88999998
8/3/2024,15.41166662
8/3/2024 1:00,17.38500002
8/3/2024 2:00,15.96333335
8/3/2024 3:00,12.26833331
8/3/2024 4:00,12.25666664
8/3/2024 5:00,11.61666664
8/3/2024 6:00,11.93000007
8/3/2024 7:00,10.85999995
8/3/2024 8:00,8.96000003
8/3/2024 9:00,10.0016667
8/3/2024 10:00,7.571666682
8/3/2024 11:00,7.336666699
8/3/2024 12:00,8.246666618
8/3/2024 13:00,7.89666667
8/3/2024 14:00,7.42833333
8/3/2024 15:00,7.318333356
8/3/2024 16:00,8.288333337
8/3/2024 17:00,8.933333254
8/3/2024 18:00,9.419999965
8/3/2024 19:00,12.49833331
8/3/2024 20:00,9.531666684
8/3/2024 21:00,7.518333336
8/3/2024 22:00,5.971666694
8/3/2024 23:00,4.196666658
8/4/2024,3.221666678
8/4/2024 1:00,6.469999985
8/4/2024 2:00,4.220000005
8/4/2024 3:00,5.118333332
8/4/2024 4:00,5.324999956
8/4/2024 5:00,8.71000003
8/4/2024 6:00,14.63333337
8/4/2024 7:00,18.90000011
8/4/2024 8:00,13.77833335
8/4/2024 9:00,9.815000014
8/4/2024 10:00,9.941666683
8/4/2024 11:00,7.556666668
8/4/2024 12:00,7.148333359
8/4/2024 13:00,6.305000003
8/4/2024 14:00,5.923333303
8/4/2024 15:00,6.761666652
8/4/2024 16:00,6.266666667
8/4/2024 17:00,15.80833329
8/4/2024 18:00,13.72833341
8/4/2024 19:00,11.57000004
8/4/2024 20:00,14.14333336
8/4/2024 21:00,13.35500005
8/4/2024 22:00,8.881666652
8/4/2024 23:00,10.4983333
8/5/2024,8.230000011
8/5/2024 1:00,8.633333302
8/5/2024 2:00,12.97000004
8/5/2024 3:00,11.26500001
8/5/2024 4:00,10.64666671
8/5/2024 5:00,18.63999993
8/5/2024 6:00,23.85666669
8/5/2024 7:00,18.15333336
8/5/2024 8:00,15.68666658
8/5/2024 9:00,15.86833337
8/5/2024 10:00,17.35999996
8/5/2024 11:00,12.54666665
8/5/2024 12:00,10.07500006
8/5/2024 13:00,9.62499996
8/5/2024 14:00,9.753333354
8/5/2024 15:00,11.815
8/5/2024 16:00,16.17000004
8/5/2024 17:00,9.096666694
8/5/2024 18:00,11.50500002
8/5/2024 19:00,19.90499996
8/5/2024 20:00,20.71333335
8/5/2024 21:00,17.0435484
8/5/2024 22:00,11.69333336
8/5/2024 23:00,9.070000052
8/6/2024,10.73333335
8/6/2024 1:00,12.11500001
8/6/2024 2:00,10.77499994
8/6/2024 3:00,10.3416667
8/6/2024 4:00,9.096666678
8/6/2024 5:00,8.130000027
8/6/2024 6:00,11.66499998
8/6/2024 7:00,14.13833332
8/6/2024 8:00,11.12000003
8/6/2024 9:00,11.80166663
8/6/2024 10:00,12.20833332
8/6/2024 11:00,10.77999997
8/6/2024 12:00,6.909999967
8/6/2024 13:00,6.621666638
8/6/2024 14:00,6.6
8/6/2024 15:00,7.509999983
8/6/2024 16:00,5.241666667
8/6/2024 17:00,7.425000008
8/6/2024 18:00,11.75999997
8/6/2024 19:00,13.11166662
8/6/2024 20:00,10.95999992
8/6/2024 21:00,12.56499995
8/6/2024 22:00,16.9616666
8/6/2024 23:00,14.66666681
8/7/2024,9.033333381
8/7/2024 1:00,5.996666694
8/7/2024 2:00,6.388333352
8/7/2024 3:00,7.158333365
8/7/2024 4:00,6.866666691
8/7/2024 5:00,7.973333335
8/7/2024 6:00,14.12666668
8/7/2024 7:00,13.08333325
8/7/2024 8:00,10.48
8/7/2024 9:00,10.39999998
8/7/2024 10:00,13.38666673
8/7/2024 11:00,6.319999985
8/7/2024 12:00,8.566666698
8/7/2024 13:00,12.52500003
8/7/2024 14:00,12.5233333
8/7/2024 15:00,10.58333339
8/7/2024 16:00,9.254999979
8/7/2024 17:00,9.331666605
8/7/2024 18:00,7.76000003
8/7/2024 19:00,9.875000024
8/7/2024 20:00,12.72000002
8/7/2024 21:00,12.99833331
8/7/2024 22:00,9.748333311
8/7/2024 23:00,10.49166671
8/8/2024,8.966666706
8/8/2024 1:00,7.733333341
8/8/2024 2:00,7.191666667
8/8/2024 3:00,7.471666678
8/8/2024 4:00,7.289999986
8/8/2024 5:00,9.45000004
8/8/2024 6:00,17.82166673
8/8/2024 7:00,21.47666666
8/8/2024 8:00,17.40833337
8/8/2024 9:00,15.21000005
8/8/2024 10:00,12.495
8/8/2024 11:00,15.75499988
8/8/2024 12:00,18.01999997
8/8/2024 13:00,11.8433333
8/8/2024 14:00,10.10166669
8/8/2024 15:00,7.414999978
8/8/2024 16:00,11.16999999
8/8/2024 17:00,13.59833333
8/8/2024 18:00,7.583050857
8/8/2024 19:00,9.863333281
8/8/2024 20:00,14.95333335
8/8/2024 21:00,17.32333337
8/8/2024 22:00,17.3783333
8/8/2024 23:00,12.09166664
8/9/2024,9.891666643
8/9/2024 1:00,9.425
8/9/2024 2:00,6.526666705
8/9/2024 3:00,7.250000008
8/9/2024 4:00,7.906666668
8/9/2024 5:00,10.26833328
8/9/2024 6:00,16.79000014
8/9/2024 7:00,22.6083333
8/9/2024 8:00,21.87000001
8/9/2024 9:00,19.23500009
8/9/2024 10:00,23.18000005
8/9/2024 11:00,16.21666665
8/9/2024 12:00,16.0783333
8/9/2024 13:00,10.69333333
8/9/2024 14:00,14.1366666
8/9/2024 15:00,8.586666691
8/9/2024 16:00,12.09677416
8/9/2024 17:00,13.44605264
8/9/2024 18:00,15.13499996
8/9/2024 19:00,31.6899999
8/9/2024 20:00,17.67
8/9/2024 21:00,11.61000004
8/9/2024 22:00,7.506666609
8/9/2024 23:00,5.198333315
8/10/2024,4.29999998
8/10/2024 1:00,3.556666672
8/10/2024 2:00,4.448333323
8/10/2024 3:00,5.903333354
8/10/2024 4:00,5.795000009
8/10/2024 5:00,8.35333333
8/10/2024 6:00,16.57000004
8/10/2024 7:00,17.75000008
8/10/2024 8:00,20.52833339
8/10/2024 9:00,14.40166667
8/10/2024 10:00,15.17500002
8/10/2024 11:00,14.69833325
8/10/2024 12:00,14.17999999
8/10/2024 13:00,18.58833326
8/10/2024 14:00,13.16166662
8/10/2024 15:00,10.09333343
8/10/2024 16:00,11.62833328
8/10/2024 17:00,10.30166667
8/10/2024 18:00,11.47499998
8/10/2024 19:00,13.8833334
8/10/2024 20:00,16.94999997
8/10/2024 21:00,11.89499997
8/10/2024 22:00,13.27999994
8/10/2024 23:00,13.99500002
8/11/2024,5.514999998
8/11/2024 1:00,5.288333309
8/11/2024 2:00,4.444999993
8/11/2024 3:00,3.641666671
8/11/2024 4:00,3.048333343
8/11/2024 5:00,3.251666663
8/11/2024 6:00,7.838333329
8/11/2024 7:00,10.79333334
8/11/2024 8:00,18.78833338
8/11/2024 9:00,19.18166674
8/11/2024 10:00,14.92499994
8/11/2024 11:00,11.86166666
8/11/2024 12:00,8.983333325
8/11/2024 13:00,11.08666672
8/11/2024 14:00,10.85666664
8/11/2024 15:00,11.96333332
8/11/2024 16:00,16.16833339
8/11/2024 17:00,15.28999999
8/11/2024 18:00,12.12833331
8/11/2024 19:00,14.35833338
8/11/2024 20:00,18.79508198
8/11/2024 21:00,21.21500012
8/11/2024 22:00,18.895
8/11/2024 23:00,16.11666657
8/12/2024,16.20166672
8/12/2024 1:00,17.79833342
8/12/2024 2:00,16.48000002
8/12/2024 3:00,17.48500002
8/12/2024 4:00,17.2666666
8/12/2024 5:00,18.77666672
8/12/2024 6:00,23.38999999
8/12/2024 7:00,23.99500004
8/12/2024 8:00,20.84333334
8/12/2024 9:00,21.37166673
8/12/2024 10:00,23.15666653
8/12/2024 11:00,23.27166653
8/12/2024 12:00,18.05500003
8/12/2024 13:00,9.808333357
8/12/2024 14:00,20.67999995
8/12/2024 15:00,15.8233333
8/12/2024 16:00,13.60666671
8/12/2024 17:00,14.89500003
8/12/2024 18:00,12.84333329
8/12/2024 19:00,18.80666666
8/12/2024 20:00,14.25333331
8/12/2024 21:00,11.59499997
8/12/2024 22:00,10.71500005
8/12/2024 23:00,5.638333344
8/13/2024,6.748333335
8/13/2024 1:00,7.501666657
8/13/2024 2:00,9.628333394
8/13/2024 3:00,10.09000002
8/13/2024 4:00,13.10833333
8/13/2024 5:00,16.23166671
8/13/2024 6:00,26.11833321
8/13/2024 7:00,25.23166672
8/13/2024 8:00,26.6816666
8/13/2024 9:00,25.26166671
8/13/2024 10:00,17.68500013
8/13/2024 11:00,17.93333335
8/13/2024 12:00,20.66666673
8/13/2024 13:00,12.43499996
8/13/2024 14:00,17.81333342
8/13/2024 15:00,17.95999997
8/13/2024 16:00,16.51333335
8/13/2024 17:00,17.82833333
8/13/2024 18:00,20.65500011
8/13/2024 19:00,22.60333331
8/13/2024 20:00,22.83333327
8/13/2024 21:00,22.26999995
8/13/2024 22:00,10.32500005
8/13/2024 23:00,8.366666675
8/14/2024,8.889999986
8/14/2024 1:00,5.201666665
8/14/2024 2:00,4.873333343
8/14/2024 3:00,4.655000007
8/14/2024 4:00,6.788333352
8/14/2024 5:00,7.345000005
8/14/2024 6:00,14.18833335
8/14/2024 7:00,22.31666654
8/14/2024 8:00,23.04000015
8/14/2024 9:00,24.22999996
8/14/2024 10:00,16.51333335
8/14/2024 11:00,13.86499998
8/14/2024 12:00,13.07499998
8/14/2024 13:00,8.440000041
8/14/2024 14:00,7.249999976
8/14/2024 15:00,10.37833333
8/14/2024 16:00,11.68333333
8/14/2024 17:00,16.10666661
8/14/2024 18:00,13.15666672
8/14/2024 19:00,17.98999999
8/14/2024 20:00,15.99666667
8/14/2024 21:00,16.66333332
8/14/2024 22:00,10.67833327
8/14/2024 23:00,18.33833332
8/15/2024,11.60499997
8/15/2024 1:00,13.64666673
8/15/2024 2:00,11.51500001
8/15/2024 3:00,6.009999983
8/15/2024 4:00,4.023333367
8/15/2024 5:00,6.741666687
8/15/2024 6:00,14.48666673
8/15/2024 7:00,11.79166673
8/15/2024 8:00,16.25499994
8/15/2024 9:00,10.95
8/15/2024 10:00,10.47333332
8/15/2024 11:00,12.71833336
8/15/2024 12:00,6.261666687
8/15/2024 13:00,7.411666687
8/15/2024 14:00,9.231666668
8/15/2024 15:00,8.943333356
8/15/2024 16:00,9.048333303
8/15/2024 17:00,13.58965493
8/15/2024 18:00,9.201666665
8/15/2024 19:00,14.29166656
8/15/2024 20:00,11.90166673
8/15/2024 21:00,9.956666676
8/15/2024 22:00,9.678333322
8/15/2024 23:00,8.388333321
8/16/2024,6.768333348
8/16/2024 1:00,7.236666644
8/16/2024 2:00,4.266666671
8/16/2024 3:00,5.826666689
8/16/2024 4:00,7.828333338
8/16/2024 5:00,9.318333332
8/16/2024 6:00,17.5399999
8/16/2024 7:00,15.86999998
8/16/2024 8:00,13.51000005
8/16/2024 9:00,11.03166669
8/16/2024 10:00,12.04666662
8/16/2024 11:00,14.79833334
8/16/2024 12:00,16.13666666
8/16/2024 13:00,14.67333339
8/16/2024 14:00,12.16666659
8/16/2024 15:00,11.54833331
8/16/2024 16:00,11.82499998
8/16/2024 17:00,15.23499997
8/16/2024 18:00,16.73833337
8/16/2024 19:00,14.89666669
8/16/2024 20:00,14.74166671
8/16/2024 21:00,16.9883333
8/16/2024 22:00,16.72500006
8/16/2024 23:00,16.95333333
8/17/2024,13.17000008
8/17/2024 1:00,8.266666691
8/17/2024 2:00,7.724999968
8/17/2024 3:00,8.173333303
8/17/2024 4:00,6.981666668
8/17/2024 5:00,10.20333336
8/17/2024 6:00,16.88333349
8/17/2024 7:00,13.45666674
8/17/2024 8:00,15.2249999
8/17/2024 9:00,12.60166667
8/17/2024 10:00,10.58499995
8/17/2024 11:00,9.213559329
8/17/2024 12:00,6.718333316
8/17/2024 13:00,7.858333381
8/17/2024 14:00,7.243333348
8/17/2024 15:00,9.938709697
8/17/2024 16:00,9.054999955
8/17/2024 17:00,9.84666671
8/17/2024 18:00,11.00166667
8/17/2024 19:00,10.68999999
8/17/2024 20:00,12.98833334
8/17/2024 21:00,10.2866667
8/17/2024 22:00,8.679999995
8/17/2024 23:00,9.551666713
8/18/2024,4.096666638
8/18/2024 1:00,3.208333341
8/18/2024 2:00,2.282142846
8/18/2024 3:00,2.385000002
8/18/2024 4:00,2.663793089
8/18/2024 5:00,3.540000012
8/18/2024 6:00,6.110000018
8/18/2024 7:00,13.58333329
8/18/2024 8:00,11.66666667
8/18/2024 9:00,16.02333331
8/18/2024 10:00,14.22166673
8/18/2024 11:00,8.89666663
8/18/2024 12:00,10.52833327
8/18/2024 13:00,14.67166665
8/18/2024 14:00,6.343333379
8/18/2024 15:00,5.325000016
8/18/2024 16:00,10.30333332
8/18/2024 17:00,13.51166674
8/18/2024 18:00,9.638333368
8/18/2024 19:00,6.163333329
8/18/2024 20:00,9.899999976
8/18/2024 21:00,13.25166666
8/18/2024 22:00,13.16999997
8/18/2024 23:00,9.868333324
8/19/2024,5.966666667
8/19/2024 1:00,3.915000006
8/19/2024 2:00,5.151666653
8/19/2024 3:00,6.505000019
8/19/2024 4:00,7.263333329
8/19/2024 5:00,11.35833341
8/19/2024 6:00,14.65499992
8/19/2024 7:00,15.41833339
8/19/2024 8:00,13.65833327
8/19/2024 9:00,11.85499996
8/19/2024 10:00,8.780000075
8/19/2024 11:00,8.208333294
8/19/2024 12:00,8.465000033
8/19/2024 13:00,8.796666702
8/19/2024 14:00,9.296666654
8/19/2024 15:00,13.36666665
8/19/2024 16:00,14.17666664
8/19/2024 17:00,6.85333333
8/19/2024 18:00,7.995000005
8/19/2024 19:00,11.88833333
8/19/2024 20:00,14.25333338
8/19/2024 21:00,16.97833343
8/19/2024 22:00,6.016666607
8/19/2024 23:00,3.403333326
8/20/2024,3.741666663
8/20/2024 1:00,3.684999994
8/20/2024 2:00,4.659999983
8/20/2024 3:00,5.341666698
8/20/2024 4:00,4.780701746
8/20/2024 5:00,2.449019603
8/20/2024 6:00,6.729999979
8/20/2024 7:00,10.44666669
8/20/2024 8:00,12.72333337
8/20/2024 9:00,12.93499999
8/20/2024 10:00,15.24833325
8/20/2024 11:00,9.708333357
8/20/2024 12:00,10.95499996
8/20/2024 13:00,13.37333325
8/20/2024 14:00,7.906666644
8/20/2024 15:00,7.791666683
8/20/2024 16:00,9.493333403
8/20/2024 17:00,9.766666722
8/20/2024 18:00,9.886666648
8/20/2024 19:00,11.65166667
8/20/2024 20:00,11.87166672
8/20/2024 21:00,11.73833337
8/20/2024 22:00,10.3783334
8/20/2024 23:00,8.971666686
8/21/2024,8.026666649
8/21/2024 1:00,8.741666667
8/21/2024 2:00,8.921666654
8/21/2024 3:00,6.129999987
8/21/2024 4:00,6.11500001
8/21/2024 5:00,7.359999983
8/21/2024 6:00,8.956666692
8/21/2024 7:00,10.8733333
8/21/2024 8:00,10.77666668
8/21/2024 9:00,13.96999993
8/21/2024 10:00,12.35833339
8/21/2024 11:00,16.72999994
8/21/2024 12:00,16.07499995
8/21/2024 13:00,20.33833335
8/21/2024 14:00,11.42000006
8/21/2024 15:00,8.771666646
8/21/2024 16:00,9.533333357
8/21/2024 17:00,10.93333333
8/21/2024 18:00,12.68333334
8/21/2024 19:00,17.50833341
8/21/2024 20:00,17.20166667
8/21/2024 21:00,19.43000008
8/21/2024 22:00,15.55000004
8/21/2024 23:00,8.546666598
8/22/2024,6.809999967
8/22/2024 1:00,4.044999973
8/22/2024 2:00,2.58833334
8/22/2024 3:00,2.801666681
8/22/2024 4:00,4.963333307
8/22/2024 5:00,4.700000011
8/22/2024 6:00,8.083333325
8/22/2024 7:00,13.68666663
8/22/2024 8:00,15.84166662
8/22/2024 9:00,15.23333343
8/22/2024 10:00,16.9850001
8/22/2024 11:00,15.70499992
8/22/2024 12:00,17.82333325
8/22/2024 13:00,12.36166665
8/22/2024 14:00,8.334999998
8/22/2024 15:00,7.909999967
8/22/2024 16:00,7.233333357
8/22/2024 17:00,9.701666665
8/22/2024 18:00,8.64000001
8/22/2024 19:00,16.21333342
8/22/2024 20:00,16.93999995
8/22/2024 21:00,15.16333326
8/22/2024 22:00,9.951666721
8/22/2024 23:00,10.27666672
8/23/2024,10.47333332
8/23/2024 1:00,8.578333314
8/23/2024 2:00,7.991666691
8/23/2024 3:00,8.955000051
8/23/2024 4:00,9.058333373
8/23/2024 5:00,10.39666667
8/23/2024 6:00,17.42333339
8/23/2024 7:00,18.42166657
8/23/2024 8:00,19.44833341
8/23/2024 9:00,18.96666668
8/23/2024 10:00,13.65833335
8/23/2024 11:00,12.33833338
8/23/2024 12:00,11.22999994
8/23/2024 13:00,8.861666648
8/23/2024 14:00,8.243333348
8/23/2024 15:00,8.475
8/23/2024 16:00,11.59333334
8/23/2024 17:00,12.27
8/23/2024 18:00,14.46166663
8/23/2024 19:00,20.60000013
8/23/2024 20:00,14.72833328
8/23/2024 21:00,19.4250001
8/23/2024 22:00,15.12000006
8/23/2024 23:00,12.72833336
8/24/2024,9.956666605
8/24/2024 1:00,12.09333336
8/24/2024 2:00,13.08333338
8/24/2024 3:00,13.29000001
8/24/2024 4:00,13.73
8/24/2024 5:00,16.09333339
8/24/2024 6:00,25.3666666
8/24/2024 7:00,20.99833336
8/24/2024 8:00,19.64499993
8/24/2024 9:00,16.55999999
8/24/2024 10:00,11.88833335
8/24/2024 11:00,8.726666673
8/24/2024 12:00,7.605000027
8/24/2024 13:00,13.16833339
8/24/2024 14:00,14.51333332
8/24/2024 15:00,19.97500014
8/24/2024 16:00,9.238333408
8/24/2024 17:00,14.32666664
8/24/2024 18:00,18.21666667
8/24/2024 19:00,19.16666671
8/24/2024 20:00,15.36833334
8/24/2024 21:00,7.806666724
8/24/2024 22:00,7.593333364
8/24/2024 23:00,5.575000016
8/25/2024,4.131666676
8/25/2024 1:00,2.86000001
8/25/2024 2:00,4.386666679
8/25/2024 3:00,5.116666635
8/25/2024 4:00,5.13166668
8/25/2024 5:00,8.458333317
8/25/2024 6:00,14.96500006
8/25/2024 7:00,10.40333335
8/25/2024 8:00,14.05333332
8/25/2024 9:00,17.60499999
8/25/2024 10:00,20.89333344
8/25/2024 11:00,13.68000002
8/25/2024 12:00,11.76666667
8/25/2024 13:00,9.779999971
8/25/2024 14:00,7.913333337
8/25/2024 15:00,11.32166666
8/25/2024 16:00,13.28333342
8/25/2024 17:00,12.53833336
8/25/2024 18:00,19.19666667
8/25/2024 19:00,24.0750001
8/25/2024 20:00,26.11034492
8/25/2024 21:00,25.83500004
8/25/2024 22:00,18.59333344
8/25/2024 23:00,20.54499997
8/26/2024,16.64833334
8/26/2024 1:00,15.73166658
8/26/2024 2:00,13.90333333
8/26/2024 3:00,14.97166665
8/26/2024 4:00,15.23333332
8/26/2024 5:00,17.34000004
8/26/2024 6:00,19.76000002
8/26/2024 7:00,21.18833335
8/26/2024 8:00,27.54499992
8/26/2024 9:00,26.99333334
8/26/2024 10:00,25.06999995
8/26/2024 11:00,17.05666664
8/26/2024 12:00,17.175
8/26/2024 13:00,NA
8/26/2024 14:00,13.1716667
8/26/2024 15:00,19.34999994
8/26/2024 16:00,26.57000001
8/26/2024 17:00,21.45333338
8/26/2024 18:00,17.98500005
8/26/2024 19:00,14.5416667
8/26/2024 20:00,14.33500004
8/26/2024 21:00,12.78000004
8/26/2024 22:00,6.083333317
8/26/2024 23:00,5.751666669
8/27/2024,5.646666654
8/27/2024 1:00,7.966666643
8/27/2024 2:00,10.97833335
8/27/2024 3:00,9.25666666
8/27/2024 4:00,10.23000003
8/27/2024 5:00,13.10999999
8/27/2024 6:00,17.46166657
8/27/2024 7:00,18.94833341
8/27/2024 8:00,24.225
8/27/2024 9:00,17.07333336
8/27/2024 10:00,15.4983333
8/27/2024 11:00,13.58833332
8/27/2024 12:00,14.92166662
8/27/2024 13:00,14.92000008
8/27/2024 14:00,10.76833334
8/27/2024 15:00,10.54166666
8/27/2024 16:00,10.59666663
8/27/2024 17:00,13.5216667
8/27/2024 18:00,13.90500002
8/27/2024 19:00,21.75666663
8/27/2024 20:00,22.42833341
8/27/2024 21:00,17.26833329
8/27/2024 22:00,15.97666674
8/27/2024 23:00,15.2166667
8/28/2024,15.6866666
8/28/2024 1:00,14.88999996
8/28/2024 2:00,14.2883333
8/28/2024 3:00,12.33833327
8/28/2024 4:00,14.53333333
8/28/2024 5:00,17.06000004
8/28/2024 6:00,20.76999997
8/28/2024 7:00,26.31500006
8/28/2024 8:00,33.75000013
8/28/2024 9:00,35.04166673
8/28/2024 10:00,34.69166673
8/28/2024 11:00,24.25166677
8/28/2024 12:00,19.37833322
8/28/2024 13:00,14.855
8/28/2024 14:00,12.95833329
8/28/2024 15:00,13.22
8/28/2024 16:00,14.78333325
8/28/2024 17:00,16.61166665
8/28/2024 18:00,14.92
8/28/2024 19:00,17.87333325
8/28/2024 20:00,14.51833339
8/28/2024 21:00,12.38833329
8/28/2024 22:00,10.93166663
8/28/2024 23:00,10.62499998
8/29/2024,12.71500003
8/29/2024 1:00,12.37
8/29/2024 2:00,13.65333328
8/29/2024 3:00,13.62999996
8/29/2024 4:00,12.53999998
8/29/2024 5:00,13.3266667
8/29/2024 6:00,19.29833331
8/29/2024 7:00,22.54666672
8/29/2024 8:00,24.51666673
8/29/2024 9:00,22.37166672
8/29/2024 10:00,20.09000009
8/29/2024 11:00,17.19500009
8/29/2024 12:00,20.5266667
8/29/2024 13:00,14.7133333
8/29/2024 14:00,11.72500002
8/29/2024 15:00,12.36500003
8/29/2024 16:00,16.75166663
8/29/2024 17:00,9.354999995
8/29/2024 18:00,8.688333368
8/29/2024 19:00,13.01333332
8/29/2024 20:00,19.75500005
8/29/2024 21:00,13.23000001
8/29/2024 22:00,9.31333336
8/29/2024 23:00,10.37
8/30/2024,7.084745755
8/30/2024 1:00,6.096666686
8/30/2024 2:00,6.655000003
8/30/2024 3:00,8.176666681
8/30/2024 4:00,7.426666673
8/30/2024 5:00,10.60666665
8/30/2024 6:00,14.13499997
8/30/2024 7:00,21.21666656
8/30/2024 8:00,21.31166652
8/30/2024 9:00,17.69666672
8/30/2024 10:00,13.86833332
8/30/2024 11:00,15.51499999
8/30/2024 12:00,17.29166675
8/30/2024 13:00,16.3666667
8/30/2024 14:00,10.7383333
8/30/2024 15:00,9.82166663
8/30/2024 16:00,10.29666665
8/30/2024 17:00,11.01333329
8/30/2024 18:00,15.64833326
8/30/2024 19:00,14.82166669
8/30/2024 20:00,20.20000005
8/30/2024 21:00,14.90333333
8/30/2024 22:00,11.65499999
8/30/2024 23:00,19.19666661
8/31/2024,16.51833336
8/31/2024 1:00,14.85666664
8/31/2024 2:00,16.50333331
8/31/2024 3:00,16.81500007
8/31/2024 4:00,16.83666673
8/31/2024 5:00,20.33333343
8/31/2024 6:00,21.79166663
8/31/2024 7:00,25.61000004
8/31/2024 8:00,22.50833333
8/31/2024 9:00,24.05333335
8/31/2024 10:00,22.74833333
8/31/2024 11:00,26.90000003
8/31/2024 12:00,22.74833333
8/31/2024 13:00,14.1666666
8/31/2024 14:00,13.63000002
8/31/2024 15:00,16.22166677
8/31/2024 16:00,13.59833333
8/31/2024 17:00,13.23833332
8/31/2024 18:00,13.48333335
8/31/2024 19:00,16.25333338
8/31/2024 20:00,11.215
8/31/2024 21:00,8.048333351
8/31/2024 22:00,9.255000003
8/31/2024 23:00,6.970000029
9/1/2024,7.246666662
9/1/2024 1:00,7.205000011
9/1/2024 2:00,8.803333386
9/1/2024 3:00,7.958333286
9/1/2024 4:00,9.92833333
9/1/2024 5:00,12.50833332
9/1/2024 6:00,15.57833341
9/1/2024 7:00,15.2399999
9/1/2024 8:00,15.51833339
9/1/2024 9:00,18.2733333
9/1/2024 10:00,15.25000008
9/1/2024 11:00,10.96833333
9/1/2024 12:00,10.75166664
9/1/2024 13:00,9.28666664
9/1/2024 14:00,12.10166667
9/1/2024 15:00,9.173333295
9/1/2024 16:00,11.07833333
9/1/2024 17:00,13.92499997
9/1/2024 18:00,17.50833338
9/1/2024 19:00,20.43
9/1/2024 20:00,18.67000006
9/1/2024 21:00,16.4533333
9/1/2024 22:00,14.88
9/1/2024 23:00,12.54500003
9/2/2024,10.18333333
9/2/2024 1:00,8.363333384
9/2/2024 2:00,11.33333333
9/2/2024 3:00,13.34666664
9/2/2024 4:00,12.97580645
9/2/2024 5:00,14.90999999
9/2/2024 6:00,21.63333343
9/2/2024 7:00,24.09499995
9/2/2024 8:00,34.0000001
9/2/2024 9:00,30.80666669
9/2/2024 10:00,24.18000008
9/2/2024 11:00,18.0283333
9/2/2024 12:00,14.5900001
9/2/2024 13:00,16.06000005
9/2/2024 14:00,12.0583334
9/2/2024 15:00,13.79499992
9/2/2024 16:00,9.613333313
9/2/2024 17:00,8.436666711
9/2/2024 18:00,9.13666664
9/2/2024 19:00,10.85166666
9/2/2024 20:00,11.56833336
9/2/2024 21:00,15.94499993
9/2/2024 22:00,15.45666666
9/2/2024 23:00,15.03333338
9/3/2024,12.11000005
9/3/2024 1:00,12.03500005
9/3/2024 2:00,9.776666673
9/3/2024 3:00,10.07333333
9/3/2024 4:00,6.036666648
9/3/2024 5:00,4.395000001
9/3/2024 6:00,8.011666656
9/3/2024 7:00,10.22333334
9/3/2024 8:00,13.61166668
9/3/2024 9:00,10.63666663
9/3/2024 10:00,12.70666666
9/3/2024 11:00,13.16000004
9/3/2024 12:00,13.94666667
9/3/2024 13:00,10.07666666
9/3/2024 14:00,12.70166668
9/3/2024 15:00,13.84333332
9/3/2024 16:00,8.601666657
9/3/2024 17:00,11.85499995
9/3/2024 18:00,10.83499999
9/3/2024 19:00,13.16333334
9/3/2024 20:00,13.72999994
9/3/2024 21:00,8.496666702
9/3/2024 22:00,7.173333319
9/3/2024 23:00,6.491666675
9/4/2024,6.474999984
9/4/2024 1:00,5.683333381
9/4/2024 2:00,5.525000016
9/4/2024 3:00,6.925000024
9/4/2024 4:00,8.055000011
9/4/2024 5:00,12.05333335
9/4/2024 6:00,17.26833339
9/4/2024 7:00,18.21833344
9/4/2024 8:00,19.47500021
9/4/2024 9:00,16.47500002
9/4/2024 10:00,14.93333324
9/4/2024 11:00,10.00666663
9/4/2024 12:00,10.77500009
9/4/2024 13:00,10.75833335
9/4/2024 14:00,10.63499999
9/4/2024 15:00,NA
9/4/2024 16:00,NA
9/4/2024 17:00,NA
9/4/2024 18:00,NA
9/4/2024 19:00,NA
9/4/2024 20:00,NA
9/4/2024 21:00,NA
9/4/2024 22:00,NA
9/4/2024 23:00,NA
9/5/2024,NA
9/5/2024 1:00,NA
9/5/2024 2:00,NA
9/5/2024 3:00,NA
9/5/2024 4:00,NA
9/5/2024 5:00,NA
9/5/2024 6:00,NA
9/5/2024 7:00,NA
9/5/2024 8:00,NA
9/5/2024 9:00,NA
9/5/2024 10:00,NA
9/5/2024 11:00,NA
9/5/2024 12:00,NA
9/5/2024 13:00,NA
9/5/2024 14:00,NA
9/5/2024 15:00,NA
9/5/2024 16:00,NA
9/5/2024 17:00,NA
9/5/2024 18:00,NA
9/5/2024 19:00,NA
9/5/2024 20:00,NA
9/5/2024 21:00,NA
9/5/2024 22:00,NA
9/5/2024 23:00,NA
9/6/2024,NA
9/6/2024 1:00,NA
9/6/2024 2:00,NA
9/6/2024 3:00,NA
9/6/2024 4:00,NA
9/6/2024 5:00,NA
9/6/2024 6:00,NA
9/6/2024 7:00,NA
9/6/2024 8:00,NA
9/6/2024 9:00,NA
9/6/2024 10:00,NA
9/6/2024 11:00,NA
9/6/2024 12:00,NA
9/6/2024 13:00,NA
9/6/2024 14:00,NA
9/6/2024 15:00,NA
9/6/2024 16:00,NA
9/6/2024 17:00,NA
9/6/2024 18:00,NA
9/6/2024 19:00,NA
9/6/2024 20:00,NA
9/6/2024 21:00,NA
9/6/2024 22:00,NA
9/6/2024 23:00,NA
9/7/2024,NA
9/7/2024 1:00,NA
9/7/2024 2:00,NA
9/7/2024 3:00,NA
9/7/2024 4:00,NA
9/7/2024 5:00,NA
9/7/2024 6:00,NA
9/7/2024 7:00,NA
9/7/2024 8:00,NA
9/7/2024 9:00,NA
9/7/2024 10:00,NA
9/7/2024 11:00,NA
9/7/2024 12:00,NA
9/7/2024 13:00,NA
9/7/2024 14:00,NA
9/7/2024 15:00,NA
9/7/2024 16:00,NA
9/7/2024 17:00,NA
9/7/2024 18:00,NA
9/7/2024 19:00,NA
9/7/2024 20:00,NA
9/7/2024 21:00,NA
9/7/2024 22:00,NA
9/7/2024 23:00,NA
9/8/2024,NA
9/8/2024 1:00,NA
9/8/2024 2:00,NA
9/8/2024 3:00,NA
9/8/2024 4:00,NA
9/8/2024 5:00,NA
9/8/2024 6:00,NA
9/8/2024 7:00,NA
9/8/2024 8:00,NA
9/8/2024 9:00,NA
9/8/2024 10:00,NA
9/8/2024 11:00,NA
9/8/2024 12:00,NA
9/8/2024 13:00,NA
9/8/2024 14:00,NA
9/8/2024 15:00,NA
9/8/2024 16:00,NA
9/8/2024 17:00,NA
9/8/2024 18:00,NA
9/8/2024 19:00,NA
9/8/2024 20:00,NA
9/8/2024 21:00,NA
9/8/2024 22:00,NA
9/8/2024 23:00,NA
9/9/2024,NA
9/9/2024 1:00,NA
9/9/2024 2:00,NA
9/9/2024 3:00,NA
9/9/2024 4:00,NA
9/9/2024 5:00,NA
9/9/2024 6:00,NA
9/9/2024 7:00,NA
9/9/2024 8:00,NA
9/9/2024 9:00,NA
9/9/2024 10:00,NA
9/9/2024 11:00,NA
9/9/2024 12:00,NA
9/9/2024 13:00,NA
9/9/2024 14:00,NA
9/9/2024 15:00,NA
9/9/2024 16:00,NA
9/9/2024 17:00,NA
9/9/2024 18:00,NA
9/9/2024 19:00,NA
9/9/2024 20:00,NA
9/9/2024 21:00,NA
9/9/2024 22:00,NA
9/9/2024 23:00,NA
9/10/2024,NA
9/10/2024 1:00,NA
9/10/2024 2:00,NA
9/10/2024 3:00,NA
9/10/2024 4:00,NA
9/10/2024 5:00,NA
9/10/2024 6:00,NA
9/10/2024 7:00,NA
9/10/2024 8:00,NA
9/10/2024 9:00,NA
9/10/2024 10:00,NA
9/10/2024 11:00,NA
9/10/2024 12:00,NA
9/10/2024 13:00,NA
9/10/2024 14:00,NA
9/10/2024 15:00,NA
9/10/2024 16:00,NA
9/10/2024 17:00,NA
9/10/2024 18:00,NA
9/10/2024 19:00,NA
9/10/2024 20:00,NA
9/10/2024 21:00,NA
9/10/2024 22:00,NA
9/10/2024 23:00,NA
9/11/2024,NA
9/11/2024 1:00,NA
9/11/2024 2:00,NA
9/11/2024 3:00,NA
9/11/2024 4:00,NA
9/11/2024 5:00,NA
9/11/2024 6:00,NA
9/11/2024 7:00,NA
9/11/2024 8:00,NA
9/11/2024 9:00,NA
9/11/2024 10:00,NA
9/11/2024 11:00,NA
9/11/2024 12:00,NA
9/11/2024 13:00,NA
9/11/2024 14:00,NA
9/11/2024 15:00,NA
9/11/2024 16:00,NA
9/11/2024 17:00,NA
9/11/2024 18:00,NA
9/11/2024 19:00,NA
9/11/2024 20:00,NA
9/11/2024 21:00,NA
9/11/2024 22:00,NA
9/11/2024 23:00,NA
9/12/2024,NA
9/12/2024 1:00,NA
9/12/2024 2:00,NA
9/12/2024 3:00,NA
9/12/2024 4:00,NA
9/12/2024 5:00,NA
9/12/2024 6:00,NA
9/12/2024 7:00,NA
9/12/2024 8:00,NA
9/12/2024 9:00,NA
9/12/2024 10:00,NA
9/12/2024 11:00,NA
9/12/2024 12:00,NA
9/12/2024 13:00,NA
9/12/2024 14:00,NA
9/12/2024 15:00,NA
9/12/2024 16:00,NA
9/12/2024 17:00,NA
9/12/2024 18:00,NA
9/12/2024 19:00,NA
9/12/2024 20:00,NA
9/12/2024 21:00,NA
9/12/2024 22:00,NA
9/12/2024 23:00,NA
9/13/2024,NA
9/13/2024 1:00,NA
9/13/2024 2:00,NA
9/13/2024 3:00,NA
9/13/2024 4:00,NA
9/13/2024 5:00,NA
9/13/2024 6:00,NA
9/13/2024 7:00,NA
9/13/2024 8:00,NA
9/13/2024 9:00,NA
9/13/2024 10:00,NA
9/13/2024 11:00,NA
9/13/2024 12:00,NA
9/13/2024 13:00,NA
9/13/2024 14:00,NA
9/13/2024 15:00,NA
9/13/2024 16:00,NA
9/13/2024 17:00,NA
9/13/2024 18:00,NA
9/13/2024 19:00,NA
9/13/2024 20:00,NA
9/13/2024 21:00,NA
9/13/2024 22:00,NA
9/13/2024 23:00,NA
9/14/2024,NA
9/14/2024 1:00,NA
9/14/2024 2:00,NA
9/14/2024 3:00,NA
9/14/2024 4:00,NA
9/14/2024 5:00,NA
9/14/2024 6:00,NA
9/14/2024 7:00,NA
9/14/2024 8:00,NA
9/14/2024 9:00,NA
9/14/2024 10:00,NA
9/14/2024 11:00,NA
9/14/2024 12:00,NA
9/14/2024 13:00,NA
9/14/2024 14:00,NA
9/14/2024 15:00,NA
9/14/2024 16:00,NA
9/14/2024 17:00,NA
9/14/2024 18:00,NA
9/14/2024 19:00,NA
9/14/2024 20:00,NA
9/14/2024 21:00,NA
9/14/2024 22:00,NA
9/14/2024 23:00,NA
9/15/2024,NA
9/15/2024 1:00,NA
9/15/2024 2:00,NA
9/15/2024 3:00,NA
9/15/2024 4:00,NA
9/15/2024 5:00,NA
9/15/2024 6:00,NA
9/15/2024 7:00,NA
9/15/2024 8:00,NA
9/15/2024 9:00,NA
9/15/2024 10:00,NA
9/15/2024 11:00,NA
9/15/2024 12:00,NA
9/15/2024 13:00,NA
9/15/2024 14:00,NA
9/15/2024 15:00,NA
9/15/2024 16:00,NA
9/15/2024 17:00,NA
9/15/2024 18:00,NA
9/15/2024 19:00,NA
9/15/2024 20:00,NA
9/15/2024 21:00,NA
9/15/2024 22:00,NA
9/15/2024 23:00,NA
9/16/2024,NA
9/16/2024 1:00,NA
9/16/2024 2:00,NA
9/16/2024 3:00,NA
9/16/2024 4:00,NA
9/16/2024 5:00,NA
9/16/2024 6:00,NA
9/16/2024 7:00,NA
9/16/2024 8:00,NA
9/16/2024 9:00,NA
9/16/2024 10:00,NA
9/16/2024 11:00,NA
9/16/2024 12:00,NA
9/16/2024 13:00,NA
9/16/2024 14:00,NA
9/16/2024 15:00,NA
9/16/2024 16:00,NA
9/16/2024 17:00,NA
9/16/2024 18:00,NA
9/16/2024 19:00,NA
9/16/2024 20:00,NA
9/16/2024 21:00,NA
9/16/2024 22:00,NA
9/16/2024 23:00,NA
9/17/2024,NA
9/17/2024 1:00,NA
9/17/2024 2:00,NA
9/17/2024 3:00,NA
9/17/2024 4:00,NA
9/17/2024 5:00,NA
9/17/2024 6:00,NA
9/17/2024 7:00,NA
9/17/2024 8:00,NA
9/17/2024 9:00,NA
9/17/2024 10:00,NA
9/17/2024 11:00,NA
9/17/2024 12:00,NA
9/17/2024 13:00,NA
9/17/2024 14:00,NA
9/17/2024 15:00,NA
9/17/2024 16:00,NA
9/17/2024 17:00,NA
9/17/2024 18:00,NA
9/17/2024 19:00,NA
9/17/2024 20:00,NA
9/17/2024 21:00,NA
9/17/2024 22:00,NA
9/17/2024 23:00,NA
9/18/2024,NA
9/18/2024 1:00,NA
9/18/2024 2:00,NA
9/18/2024 3:00,NA
9/18/2024 4:00,NA
9/18/2024 5:00,NA
9/18/2024 6:00,NA
9/18/2024 7:00,NA
9/18/2024 8:00,NA
9/18/2024 9:00,NA
9/18/2024 10:00,NA
9/18/2024 11:00,NA
9/18/2024 12:00,NA
9/18/2024 13:00,NA
9/18/2024 14:00,NA
9/18/2024 15:00,NA
9/18/2024 16:00,NA
9/18/2024 17:00,NA
9/18/2024 18:00,NA
9/18/2024 19:00,NA
9/18/2024 20:00,NA
9/18/2024 21:00,NA
9/18/2024 22:00,NA
9/18/2024 23:00,NA
9/19/2024,NA
9/19/2024 1:00,NA
9/19/2024 2:00,NA
9/19/2024 3:00,NA
9/19/2024 4:00,NA
9/19/2024 5:00,NA
9/19/2024 6:00,NA
9/19/2024 7:00,NA
9/19/2024 8:00,NA
9/19/2024 9:00,NA
9/19/2024 10:00,NA
9/19/2024 11:00,NA
9/19/2024 12:00,NA
9/19/2024 13:00,NA
9/19/2024 14:00,NA
9/19/2024 15:00,NA
9/19/2024 16:00,NA
9/19/2024 17:00,NA
9/19/2024 18:00,NA
9/19/2024 19:00,NA
9/19/2024 20:00,NA
9/19/2024 21:00,NA
9/19/2024 22:00,NA
9/19/2024 23:00,NA
9/20/2024,NA
9/20/2024 1:00,NA
9/20/2024 2:00,NA
9/20/2024 3:00,NA
9/20/2024 4:00,NA
9/20/2024 5:00,NA
9/20/2024 6:00,NA
9/20/2024 7:00,NA
9/20/2024 8:00,NA
9/20/2024 9:00,NA
9/20/2024 10:00,NA
9/20/2024 11:00,NA
9/20/2024 12:00,31.45166664
9/20/2024 13:00,35.75000014
9/20/2024 14:00,17.79166669
9/20/2024 15:00,27.84833336
9/20/2024 16:00,35.2500001
9/20/2024 17:00,28.20499999
9/20/2024 18:00,22.88500001
9/20/2024 19:00,49.21166662
9/20/2024 20:00,34.20999991
9/20/2024 21:00,32.4333333
9/20/2024 22:00,29.10333338
9/20/2024 23:00,29.06666667
9/21/2024,23.84500008
9/21/2024 1:00,19.77333333
9/21/2024 2:00,18.8016667
9/21/2024 3:00,19.03166658
9/21/2024 4:00,18.35833335
9/21/2024 5:00,25.48666674
9/21/2024 6:00,37.9899998
9/21/2024 7:00,32.5333333
9/21/2024 8:00,38.99500001
9/21/2024 9:00,39.19666646
9/21/2024 10:00,27.68965524
9/21/2024 11:00,23.02333328
9/21/2024 12:00,17.19333336
9/21/2024 13:00,14.79666659
9/21/2024 14:00,14.71000002
9/21/2024 15:00,20.98999998
9/21/2024 16:00,22.73666665
9/21/2024 17:00,28.03999996
9/21/2024 18:00,30.99333334
9/21/2024 19:00,35.06666667
9/21/2024 20:00,34.48500004
9/21/2024 21:00,32.62999996
9/21/2024 22:00,30.39333321
9/21/2024 23:00,24.17999992
9/22/2024,24.03000011
9/22/2024 1:00,20.03166669
9/22/2024 2:00,23.72999999
9/22/2024 3:00,21.86166671
9/22/2024 4:00,20.83499993
9/22/2024 5:00,28.01000007
9/22/2024 6:00,32.0499999
9/22/2024 7:00,34.48999987
9/22/2024 8:00,38.23833348
9/22/2024 9:00,27.59333328
9/22/2024 10:00,27.02000008
9/22/2024 11:00,28.1566666
9/22/2024 12:00,22.27666661
9/22/2024 13:00,22.81500012
9/22/2024 14:00,22.91666667
9/22/2024 15:00,21.83333346
9/22/2024 16:00,18.44499998
9/22/2024 17:00,30.87333328
9/22/2024 18:00,37.99333334
9/22/2024 19:00,62.05833346
9/22/2024 20:00,58.12166646
9/22/2024 21:00,41.18499991
9/22/2024 22:00,42.82000001
9/22/2024 23:00,39.78333327
9/23/2024,33.21999992
9/23/2024 1:00,39.87000014
9/23/2024 2:00,31.30833327
9/23/2024 3:00,30.13500004
9/23/2024 4:00,37.87500035
9/23/2024 5:00,45.22500013
9/23/2024 6:00,53.61999989
9/23/2024 7:00,49.78166676
9/23/2024 8:00,58.24666634
9/23/2024 9:00,55.85499992
9/23/2024 10:00,37.10500008
9/23/2024 11:00,36.12166678
9/23/2024 12:00,37.62500003
9/23/2024 13:00,26.17000008
9/23/2024 14:00,21.64500004
9/23/2024 15:00,26.34666669
9/23/2024 16:00,29.49833336
9/23/2024 17:00,25.47499997
9/23/2024 18:00,33.12000004
9/23/2024 19:00,39.40166674
9/23/2024 20:00,51.68500023
9/23/2024 21:00,34.26166677
9/23/2024 22:00,37.81833347
9/23/2024 23:00,30.67666677
9/24/2024,31.43333337
9/24/2024 1:00,29.66333329
9/24/2024 2:00,28.13999993
9/24/2024 3:00,32.10999994
9/24/2024 4:00,32.85500005
9/24/2024 5:00,34.74833342
9/24/2024 6:00,40.20999982
9/24/2024 7:00,50.85333328
9/24/2024 8:00,52.77500032
9/24/2024 9:00,38.14000003
9/24/2024 10:00,43.48666677
9/24/2024 11:00,41.17666664
9/24/2024 12:00,39.3816665
9/24/2024 13:00,38.82166656
9/24/2024 14:00,40.18166685
9/24/2024 15:00,31.13999996
9/24/2024 16:00,34.35000006
9/24/2024 17:00,31.35500002
9/24/2024 18:00,32.25833321
9/24/2024 19:00,31.14833352
9/24/2024 20:00,30.91333323
9/24/2024 21:00,30.88666668
9/24/2024 22:00,29.49000012
9/24/2024 23:00,24.66333335
9/25/2024,24.89833333
9/25/2024 1:00,27.61166662
9/25/2024 2:00,24.60500002
9/25/2024 3:00,20.86999992
9/25/2024 4:00,16.66666656
9/25/2024 5:00,6.846666725
9/25/2024 6:00,12.91166669
9/25/2024 7:00,21.2433334
9/25/2024 8:00,20.53666665
9/25/2024 9:00,28.70999985
9/25/2024 10:00,37.02999986
9/25/2024 11:00,33.4
9/25/2024 12:00,21.90862051
9/25/2024 13:00,17.53666665
9/25/2024 14:00,16.45
9/25/2024 15:00,18.74333328
9/25/2024 16:00,19.80333341
9/25/2024 17:00,20.83000005
9/25/2024 18:00,24.33500004
9/25/2024 19:00,23.34666665
9/25/2024 20:00,20.56500001
9/25/2024 21:00,21.3466667
9/25/2024 22:00,16.99499993
9/25/2024 23:00,17.65499999
9/26/2024,15.18666668
9/26/2024 1:00,16.34500006
9/26/2024 2:00,15.94333329
9/26/2024 3:00,13.925
9/26/2024 4:00,16.70833337
9/26/2024 5:00,23.16333329
9/26/2024 6:00,29.78833342
9/26/2024 7:00,30.06333342
9/26/2024 8:00,43.36166671
9/26/2024 9:00,41.44333312
9/26/2024 10:00,37.4649998
9/26/2024 11:00,23.78833332
9/26/2024 12:00,18.55666669
9/26/2024 13:00,19.86499999
9/26/2024 14:00,17.71333332
9/26/2024 15:00,13.75333331
9/26/2024 16:00,13.56333335
9/26/2024 17:00,14.78166669
9/26/2024 18:00,14.42500004
9/26/2024 19:00,10.24666665
9/26/2024 20:00,6.461666671
9/26/2024 21:00,5.108333329
9/26/2024 22:00,6.184999998
9/26/2024 23:00,5.634999994
9/27/2024,4.623333327
9/27/2024 1:00,3.446666678
9/27/2024 2:00,2.998333339
9/27/2024 3:00,2.468333312
9/27/2024 4:00,9.894999947
9/27/2024 5:00,4.121666668
9/27/2024 6:00,8.130000047
9/27/2024 7:00,11.19
9/27/2024 8:00,13.09833332
9/27/2024 9:00,10.80833341
9/27/2024 10:00,11.14499996
9/27/2024 11:00,10.24666675
9/27/2024 12:00,10.96833339
9/27/2024 13:00,11.69000003
9/27/2024 14:00,12.45833332
9/27/2024 15:00,13.27166659
9/27/2024 16:00,10.60666667
9/27/2024 17:00,10.96833333
9/27/2024 18:00,12.29333338
9/27/2024 19:00,13.61999997
9/27/2024 20:00,10.29000003
9/27/2024 21:00,14.87833336
9/27/2024 22:00,8.409999998
9/27/2024 23:00,3.186666662
9/28/2024,2.408333333
9/28/2024 1:00,1.790384609
9/28/2024 2:00,1.725862069
9/28/2024 3:00,1.928571433
9/28/2024 4:00,2.894915231
9/28/2024 5:00,3.010000006
9/28/2024 6:00,3.995000017
9/28/2024 7:00,6.633333361
9/28/2024 8:00,11.24833336
9/28/2024 9:00,15.33333337
9/28/2024 10:00,16.43500002
9/28/2024 11:00,11.63999992
9/28/2024 12:00,12.98500001
9/28/2024 13:00,13.78333333
9/28/2024 14:00,19.95166666
9/28/2024 15:00,16.10666666
9/28/2024 16:00,14.28833335
9/28/2024 17:00,19.31333334
9/28/2024 18:00,26.62000008
9/28/2024 19:00,37.23833332
9/28/2024 20:00,30.95833324
9/28/2024 21:00,28.13833323
9/28/2024 22:00,32.1350001
9/28/2024 23:00,24.23333337
9/29/2024,21.12166665
9/29/2024 1:00,18.75500003
9/29/2024 2:00,16.145
9/29/2024 3:00,21.03999996
9/29/2024 4:00,26.9666667
9/29/2024 5:00,28.54333337
9/29/2024 6:00,30.47500006
9/29/2024 7:00,28.78833323
9/29/2024 8:00,36.66833331
9/29/2024 9:00,38.87000014
9/29/2024 10:00,35.96833312
9/29/2024 11:00,35.90833356
9/29/2024 12:00,11.81
9/29/2024 13:00,5.530000015
9/29/2024 14:00,9.835000046
9/29/2024 15:00,10.30999993
9/29/2024 16:00,10.96166661
9/29/2024 17:00,16.44333331
9/29/2024 18:00,13.60499996
9/29/2024 19:00,17.17000003
9/29/2024 20:00,19.88166666
9/29/2024 21:00,33.15666663
9/29/2024 22:00,27.43166669
9/29/2024 23:00,19.42333345
9/30/2024,15.25333339
9/30/2024 1:00,13.99827587
9/30/2024 2:00,14.67166665
9/30/2024 3:00,11.52166669
9/30/2024 4:00,15.74000007
9/30/2024 5:00,22.07500003
9/30/2024 6:00,22.74333328
9/30/2024 7:00,28.2566665
9/30/2024 8:00,38.30166655
9/30/2024 9:00,49.77166665
9/30/2024 10:00,52.30499999
9/30/2024 11:00,35.60166675
9/30/2024 12:00,10.445
9/30/2024 13:00,7.935000062
9/30/2024 14:00,9.217241361
9/30/2024 15:00,9.325806456
9/30/2024 16:00,10.61999997
9/30/2024 17:00,11.71000002
9/30/2024 18:00,11.18999996
9/30/2024 19:00,15.0733333
9/30/2024 20:00,16.7283333
9/30/2024 21:00,12.03000002
9/30/2024 22:00,12.29833336
9/30/2024 23:00,16.64000006
10/1/2024,13.12999999
10/1/2024 1:00,12.26333329
10/1/2024 2:00,11.64166662
10/1/2024 3:00,10.28500005
10/1/2024 4:00,10.03166668
10/1/2024 5:00,15.38666662
10/1/2024 6:00,20.26833332
10/1/2024 7:00,18.25333344
10/1/2024 8:00,31.27833325
10/1/2024 9:00,39.16333338
10/1/2024 10:00,45.69500014
10/1/2024 11:00,40.56999979
10/1/2024 12:00,25.40666666
10/1/2024 13:00,15.18666663
10/1/2024 14:00,11.05499997
10/1/2024 15:00,11.1116667
10/1/2024 16:00,12.55999993
10/1/2024 17:00,15.51166668
10/1/2024 18:00,15.70999991
10/1/2024 19:00,15.75333338
10/1/2024 20:00,16.95666669
10/1/2024 21:00,19.24833326
10/1/2024 22:00,18.79666672
10/1/2024 23:00,19.26499996
10/2/2024,17.20833329
10/2/2024 1:00,19.50333335
10/2/2024 2:00,16.27499997
10/2/2024 3:00,16.30333344
10/2/2024 4:00,18.51000002
10/2/2024 5:00,21.11999985
10/2/2024 6:00,31.51666698
10/2/2024 7:00,37.77166669
10/2/2024 8:00,48.2983333
10/2/2024 9:00,40.13333346
10/2/2024 10:00,26.31666654
10/2/2024 11:00,26.55333344
10/2/2024 12:00,21.57333336
10/2/2024 13:00,16.30166667
10/2/2024 14:00,21.69833331
10/2/2024 15:00,27.11166658
10/2/2024 16:00,31.30500008
10/2/2024 17:00,29.20333322
10/2/2024 18:00,34.2916667
10/2/2024 19:00,34.85499986
10/2/2024 20:00,35.60166648
10/2/2024 21:00,37.79000009
10/2/2024 22:00,29.27999999
10/2/2024 23:00,30.02333339
10/3/2024,27.70500008
10/3/2024 1:00,24.21833347
10/3/2024 2:00,20.05999988
10/3/2024 3:00,20.44333328
10/3/2024 4:00,21.02666658
10/3/2024 5:00,16.15499997
10/3/2024 6:00,17.47333333
10/3/2024 7:00,20.78833324
10/3/2024 8:00,22.22333333
10/3/2024 9:00,23.28666643
10/3/2024 10:00,26.82833338
10/3/2024 11:00,27.70500011
10/3/2024 12:00,22.0016667
10/3/2024 13:00,22.63333343
10/3/2024 14:00,15.62500005
10/3/2024 15:00,18.6100001
10/3/2024 16:00,19.79833333
10/3/2024 17:00,21.74833336
10/3/2024 18:00,21.89333328
10/3/2024 19:00,20.53000005
10/3/2024 20:00,22.67000012
10/3/2024 21:00,19.97166677
10/3/2024 22:00,16.3416667
10/3/2024 23:00,14.11833337
10/4/2024,15.55833338
10/4/2024 1:00,14.63
10/4/2024 2:00,13.93500004
10/4/2024 3:00,13.96833332
10/4/2024 4:00,11.725
10/4/2024 5:00,12.61333338
10/4/2024 6:00,17.71000002
10/4/2024 7:00,16.72999997
10/4/2024 8:00,18.11833344
10/4/2024 9:00,19.95499991
10/4/2024 10:00,16.19999997
10/4/2024 11:00,14.13833335
10/4/2024 12:00,15.08666663
10/4/2024 13:00,16.08000007
10/4/2024 14:00,15.22166672
10/4/2024 15:00,14.87333334
10/4/2024 16:00,13.7983333
10/4/2024 17:00,13.36500007
10/4/2024 18:00,14.46499996
10/4/2024 19:00,14.96166663
10/4/2024 20:00,18.80666663
10/4/2024 21:00,24.88500001
10/4/2024 22:00,19.98666658
10/4/2024 23:00,23.38000002
10/5/2024,20.34499998
10/5/2024 1:00,14.05833332
10/5/2024 2:00,19.45500007
10/5/2024 3:00,14.5516667
10/5/2024 4:00,13.42500005
10/5/2024 5:00,18.87666666
10/5/2024 6:00,20.49333329
10/5/2024 7:00,23.51833334
10/5/2024 8:00,29.25666671
10/5/2024 9:00,20.44500004
10/5/2024 10:00,22.49000006
10/5/2024 11:00,19.62500006
10/5/2024 12:00,17.76833332
10/5/2024 13:00,18.28833345
10/5/2024 14:00,18.57333339
10/5/2024 15:00,18.90500002
10/5/2024 16:00,17.50500005
10/5/2024 17:00,21.50499991
10/5/2024 18:00,20.05166667
10/5/2024 19:00,18.59166662
10/5/2024 20:00,16.39666662
10/5/2024 21:00,17.49499992
10/5/2024 22:00,15.83999999
10/5/2024 23:00,9.198333399
10/6/2024,4.058333345
10/6/2024 1:00,9.99000001
10/6/2024 2:00,8.381666684
10/6/2024 3:00,10.37666669
10/6/2024 4:00,11.52833335
10/6/2024 5:00,14.41333335
10/6/2024 6:00,20.89666661
10/6/2024 7:00,23.92333326
10/6/2024 8:00,28.82999999
10/6/2024 9:00,40.90666663
10/6/2024 10:00,35.41333332
10/6/2024 11:00,33.22833325
10/6/2024 12:00,28.94666669
10/6/2024 13:00,25.0233332
10/6/2024 14:00,19.68666671
10/6/2024 15:00,16.90000006
10/6/2024 16:00,18.1733333
10/6/2024 17:00,17.51833331
10/6/2024 18:00,18.57999992
10/6/2024 19:00,18.04166668
10/6/2024 20:00,21.69999989
10/6/2024 21:00,20.1850001
10/6/2024 22:00,20.22666667
10/6/2024 23:00,19.08666674
10/7/2024,20.2016667
10/7/2024 1:00,18.83499999
10/7/2024 2:00,18.13166658
10/7/2024 3:00,19.48499994
10/7/2024 4:00,19.18666665
10/7/2024 5:00,23.22666664
10/7/2024 6:00,26.20645157
10/7/2024 7:00,36.63166676
10/7/2024 8:00,36.90666644
10/7/2024 9:00,36.06499993
10/7/2024 10:00,32.71666667
10/7/2024 11:00,30.91000001
10/7/2024 12:00,22.78833338
10/7/2024 13:00,15.12999997
10/7/2024 14:00,15.2916667
10/7/2024 15:00,17.28166666
10/7/2024 16:00,15.97999994
10/7/2024 17:00,17.6849999
10/7/2024 18:00,18.29833333
10/7/2024 19:00,21.97758612
10/7/2024 20:00,17.73500004
10/7/2024 21:00,18.12499998
10/7/2024 22:00,20.06166655
10/7/2024 23:00,19.12999992
10/8/2024,15.39666673
10/8/2024 1:00,15.27166669
10/8/2024 2:00,14.15500002
10/8/2024 3:00,15.93833334
10/8/2024 4:00,20.55833349
10/8/2024 5:00,23.12833338
10/8/2024 6:00,25.67500006
10/8/2024 7:00,34.33999999
10/8/2024 8:00,34.51333357
10/8/2024 9:00,37.24333299
10/8/2024 10:00,32.16999985
10/8/2024 11:00,16.21499998
10/8/2024 12:00,17.05666674
10/8/2024 13:00,18.93166658
10/8/2024 14:00,15.21000001
10/8/2024 15:00,15.20999997
10/8/2024 16:00,15.72333334
10/8/2024 17:00,18.93666671
10/8/2024 18:00,21.22499997
10/8/2024 19:00,21.48500001
10/8/2024 20:00,19.94333324
10/8/2024 21:00,19.73833332
10/8/2024 22:00,19.85999991
10/8/2024 23:00,20.35333335
10/9/2024,21.00666669
10/9/2024 1:00,19.87666664
10/9/2024 2:00,15.95500002
10/9/2024 3:00,16.52000003
10/9/2024 4:00,18.62166654
10/9/2024 5:00,24.49499998
10/9/2024 6:00,33.80833317
10/9/2024 7:00,46.2516667
10/9/2024 8:00,49.2766667
10/9/2024 9:00,39.96500003
10/9/2024 10:00,39.7683335
10/9/2024 11:00,34.3499999
10/9/2024 12:00,16.95333336
10/9/2024 13:00,23.89833349
10/9/2024 14:00,17.9983333
10/9/2024 15:00,18.58499999
10/9/2024 16:00,17.22833331
10/9/2024 17:00,19.46166665
10/9/2024 18:00,22.21500009
10/9/2024 19:00,21.43333337
10/9/2024 20:00,21.04000006
10/9/2024 21:00,22.85166677
10/9/2024 22:00,22.08500007
10/9/2024 23:00,22.95499986
10/10/2024,22.53166679
10/10/2024 1:00,21.64333347
10/10/2024 2:00,20.69666675
10/10/2024 3:00,19.50833333
10/10/2024 4:00,22.11166658
10/10/2024 5:00,39.03833335
10/10/2024 6:00,31.68833342
10/10/2024 7:00,29.31499993
10/10/2024 8:00,35.03666662
10/10/2024 9:00,41.27833322
10/10/2024 10:00,40.86833337
10/10/2024 11:00,35.83333337
10/10/2024 12:00,23.41499993
10/10/2024 13:00,24.21499996
10/10/2024 14:00,26.38333324
10/10/2024 15:00,23.37833338
10/10/2024 16:00,27.68166666
10/10/2024 17:00,31.75333341
10/10/2024 18:00,31.42666658
10/10/2024 19:00,32.32000004
10/10/2024 20:00,33.21333332
10/10/2024 21:00,34.29152528
10/10/2024 22:00,33.61499993
10/10/2024 23:00,32.54499998
10/11/2024,30.1983333
10/11/2024 1:00,29.77833331
10/11/2024 2:00,28.11166662
10/11/2024 3:00,29.16666673
10/11/2024 4:00,31.06166665
10/11/2024 5:00,35.04166673
10/11/2024 6:00,37.1183335
10/11/2024 7:00,39.76499977
10/11/2024 8:00,45.23333327
10/11/2024 9:00,46.10333328
10/11/2024 10:00,43.89833336
10/11/2024 11:00,36.66333316
10/11/2024 12:00,25.19333321
10/11/2024 13:00,19.90166677
10/11/2024 14:00,20.85500008
10/11/2024 15:00,23.89666662
10/11/2024 16:00,33.06166671
10/11/2024 17:00,31.90333344
10/11/2024 18:00,35.42166669
10/11/2024 19:00,37.88333333
10/11/2024 20:00,38.05499973
10/11/2024 21:00,39.3666666
10/11/2024 22:00,44.27166684
10/11/2024 23:00,37.18833319
10/12/2024,36.41999992
10/12/2024 1:00,33.58166656
10/12/2024 2:00,31.02166665
10/12/2024 3:00,32.21000007
10/12/2024 4:00,32.5933335
10/12/2024 5:00,35.6783335
10/12/2024 6:00,45.75166677
10/12/2024 7:00,43.70499999
10/12/2024 8:00,44.34500001
10/12/2024 9:00,42.66333332
10/12/2024 10:00,35.43666668
10/12/2024 11:00,37.91666673
10/12/2024 12:00,30.4066666
10/12/2024 13:00,24.18499997
10/12/2024 14:00,22.46000007
10/12/2024 15:00,24.14833336
10/12/2024 16:00,27.7483331
10/12/2024 17:00,29.91666673
10/12/2024 18:00,29.51833331
10/12/2024 19:00,30.67833331
10/12/2024 20:00,32.37666667
10/12/2024 21:00,30.68000011
10/12/2024 22:00,31.51166668
10/12/2024 23:00,30.61166668
10/13/2024,27.83833342
10/13/2024 1:00,27.93833342
10/13/2024 2:00,26.07166669
10/13/2024 3:00,25.93500001
10/13/2024 4:00,26.825
10/13/2024 5:00,28.63000008
10/13/2024 6:00,30.98833345
10/13/2024 7:00,35.72999983
10/13/2024 8:00,41.78166663
10/13/2024 9:00,38.98500004
10/13/2024 10:00,34.87999992
10/13/2024 11:00,32.85000029
10/13/2024 12:00,27.20999988
10/13/2024 13:00,26.43666693
10/13/2024 14:00,27.75999994
10/13/2024 15:00,27.0666666
10/13/2024 16:00,29.68666665
10/13/2024 17:00,31.41333323
10/13/2024 18:00,31.4066666
10/13/2024 19:00,33.99833342
10/13/2024 20:00,35.75499999
10/13/2024 21:00,35.96000004
10/13/2024 22:00,33.91500003
10/13/2024 23:00,34.26999995
10/14/2024,34.59333331
10/14/2024 1:00,32.19833336
10/14/2024 2:00,32.79000022
10/14/2024 3:00,29.72000001
10/14/2024 4:00,31.75833327
10/14/2024 5:00,34.77666642
10/14/2024 6:00,39.46166655
10/14/2024 7:00,42.86499964
10/14/2024 8:00,45.85500018
10/14/2024 9:00,48.55000004
10/14/2024 10:00,43.32500013
10/14/2024 11:00,41.19500001
10/14/2024 12:00,29.82499987
10/14/2024 13:00,27.03166672
10/14/2024 14:00,30.55
10/14/2024 15:00,34.21333335
10/14/2024 16:00,38.38166676
10/14/2024 17:00,45.96166655
10/14/2024 18:00,41.46333338
10/14/2024 19:00,40.26333332
10/14/2024 20:00,41.60333354
10/14/2024 21:00,43.07666664
10/14/2024 22:00,40.0950002
10/14/2024 23:00,38.54499995
10/15/2024,39.14000009
10/15/2024 1:00,35.99666646
10/15/2024 2:00,34.8
10/15/2024 3:00,35.22666674
10/15/2024 4:00,37.24999981
10/15/2024 5:00,39.92666658
10/15/2024 6:00,45.73666662
10/15/2024 7:00,52.03333346
10/15/2024 8:00,65.08000043
10/15/2024 9:00,59.87833354
10/15/2024 10:00,59.5683335
10/15/2024 11:00,44.9233331
10/15/2024 12:00,30.09833339
10/15/2024 13:00,31.42333326
10/15/2024 14:00,31.2666667
10/15/2024 15:00,31.79499969
10/15/2024 16:00,36.18833332
10/15/2024 17:00,41.23666681
10/15/2024 18:00,43.47500006
10/15/2024 19:00,46.41166655
10/15/2024 20:00,46.74499963
10/15/2024 21:00,48.86833337
10/15/2024 22:00,50.8149999
10/15/2024 23:00,46.99499989
10/16/2024,44.14499982
10/16/2024 1:00,43.26499977
10/16/2024 2:00,41.66499996
10/16/2024 3:00,41.98666636
10/16/2024 4:00,44.38000018
10/16/2024 5:00,46.62500025
10/16/2024 6:00,47.4100001
10/16/2024 7:00,47.96666692
10/16/2024 8:00,57.48166631
10/16/2024 9:00,55.91666673
10/16/2024 10:00,48.46333326
10/16/2024 11:00,49.0483333
10/16/2024 12:00,46.54333344
10/16/2024 13:00,44.37166665
10/16/2024 14:00,41.18833288
10/16/2024 15:00,44.61333332
10/16/2024 16:00,54.8233331
10/16/2024 17:00,63.40500011
10/16/2024 18:00,61.24166686
10/16/2024 19:00,60.49166673
10/16/2024 20:00,61.32666664
10/16/2024 21:00,62.69333324
10/16/2024 22:00,61.40500005
10/16/2024 23:00,59.80833346
10/17/2024,59.00333328
10/17/2024 1:00,56.7149999
10/17/2024 2:00,56.59999981
10/17/2024 3:00,55.31166655
10/17/2024 4:00,55.88333327
10/17/2024 5:00,57.89499995
10/17/2024 6:00,58.12166659
10/17/2024 7:00,58.6850001
10/17/2024 8:00,72.60833346
10/17/2024 9:00,72.12833328
10/17/2024 10:00,74.79666697
10/17/2024 11:00,65.10166709
10/17/2024 12:00,50.82999999
10/17/2024 13:00,41.84666684
10/17/2024 14:00,45.25333322
10/17/2024 15:00,47.53833364
10/17/2024 16:00,53.41333345
10/17/2024 17:00,57.78500004
10/17/2024 18:00,58.85499999
10/17/2024 19:00,62.63833332
10/17/2024 20:00,63.18999964
10/17/2024 21:00,65.9583334
10/17/2024 22:00,62.90999985
10/17/2024 23:00,61.2700002
10/18/2024,56.26000004
10/18/2024 1:00,54.24333318
10/18/2024 2:00,53.35666669
10/18/2024 3:00,54.3049998
10/18/2024 4:00,50.76833318
10/18/2024 5:00,51.50666669
10/18/2024 6:00,51.57833309
10/18/2024 7:00,57.19166667
10/18/2024 8:00,66.61833305
10/18/2024 9:00,68.29666684
10/18/2024 10:00,65.79833355
10/18/2024 11:00,61.78833275
10/18/2024 12:00,49.75833308
10/18/2024 13:00,51.73500004
10/18/2024 14:00,55.83666668
10/18/2024 15:00,59.50833314
10/18/2024 16:00,65.27166691
10/18/2024 17:00,62.54833355
10/18/2024 18:00,64.39333318
10/18/2024 19:00,63.69166679
10/18/2024 20:00,64.98666693
10/18/2024 21:00,65.07000027
10/18/2024 22:00,66.71166643
10/18/2024 23:00,64.27333349
10/19/2024,61.79833349
10/19/2024 1:00,52.46166643
10/19/2024 2:00,49.70499992
10/19/2024 3:00,42.37833335
10/19/2024 4:00,37.76166662
10/19/2024 5:00,42.1483333
10/19/2024 6:00,47.77333336
10/19/2024 7:00,56.16166674
10/19/2024 8:00,68.22833347
10/19/2024 9:00,73.36500041
10/19/2024 10:00,72.26499977
10/19/2024 11:00,67.38333321
10/19/2024 12:00,50.39666634
10/19/2024 13:00,43.56166655
10/19/2024 14:00,50.1433335
10/19/2024 15:00,49.27833328
10/19/2024 16:00,55.55500005
10/19/2024 17:00,58.93833332
10/19/2024 18:00,60.89666672
10/19/2024 19:00,59.4983333
10/19/2024 20:00,62.2416666
10/19/2024 21:00,65.46166668
10/19/2024 22:00,60.96833286
10/19/2024 23:00,55.19999987
10/20/2024,53.825
10/20/2024 1:00,51.44500014
10/20/2024 2:00,49.57499994
10/20/2024 3:00,51.19499995
10/20/2024 4:00,50.41666654
10/20/2024 5:00,54.58000005
10/20/2024 6:00,59.55000019
10/20/2024 7:00,61.56499996
10/20/2024 8:00,61.98333333
10/20/2024 9:00,64.18333308
10/20/2024 10:00,59.36999989
10/20/2024 11:00,47.13833338
10/20/2024 12:00,54.31333345
10/20/2024 13:00,57.17833354
10/20/2024 14:00,50.08666649
10/20/2024 15:00,54.90999978
10/20/2024 16:00,51.32999973
10/20/2024 17:00,51.8149998
10/20/2024 18:00,44.7649998
10/20/2024 19:00,50.79499995
10/20/2024 20:00,38.30500005
10/20/2024 21:00,41.81833344
10/20/2024 22:00,39.64500008
10/20/2024 23:00,38.86833331
10/21/2024,41.025
10/21/2024 1:00,41.6766667
10/21/2024 2:00,42.0399999
10/21/2024 3:00,45.04333363
10/21/2024 4:00,36.76833344
10/21/2024 5:00,45.70000013
10/21/2024 6:00,42.60500002
10/21/2024 7:00,48.98833319
10/21/2024 8:00,45.33666649
10/21/2024 9:00,49.59333318
10/21/2024 10:00,43.58666662
10/21/2024 11:00,40.30833295
10/21/2024 12:00,41.35166661
10/21/2024 13:00,41.12166665
10/21/2024 14:00,42.16666673
10/21/2024 15:00,49.78666674
10/21/2024 16:00,52.53500017
10/21/2024 17:00,58.30166651
10/21/2024 18:00,66.03500004
10/21/2024 19:00,68.48666636
10/21/2024 20:00,59.7333334
10/21/2024 21:00,64.6766662
10/21/2024 22:00,44.92333317
10/21/2024 23:00,43.65999985
10/22/2024,35.79999984
10/22/2024 1:00,38.41666667
10/22/2024 2:00,40.27833322
10/22/2024 3:00,39.83666681
10/22/2024 4:00,40.43999996
10/22/2024 5:00,42.87999992
10/22/2024 6:00,47.43833338
10/22/2024 7:00,56.77333355
10/22/2024 8:00,63.08500004
10/22/2024 9:00,51.77666664
10/22/2024 10:00,48.74666659
10/22/2024 11:00,34.87166672
10/22/2024 12:00,24.42166672
10/22/2024 13:00,31.19833336
10/22/2024 14:00,34.90666663
10/22/2024 15:00,33.29833342
10/22/2024 16:00,33.18166682
10/22/2024 17:00,33.91499971
10/22/2024 18:00,34.63999999
10/22/2024 19:00,45.36166649
10/22/2024 20:00,49.59166673
10/22/2024 21:00,53.22499981
10/22/2024 22:00,50.00166658
10/22/2024 23:00,37.27833347
10/23/2024,38.70500011
10/23/2024 1:00,35.72333317
10/23/2024 2:00,34.55000029
10/23/2024 3:00,33.28166679
10/23/2024 4:00,35.04166679
10/23/2024 5:00,42.61833321
10/23/2024 6:00,47.7333334
10/23/2024 7:00,54.03166644
10/23/2024 8:00,58.19666684
10/23/2024 9:00,59.72000008
10/23/2024 10:00,56.38333327
10/23/2024 11:00,32.19666675
10/23/2024 12:00,23.14833339
10/23/2024 13:00,22.53000005
10/23/2024 14:00,30.12166665
10/23/2024 15:00,27.6833333
10/23/2024 16:00,28.94166663
10/23/2024 17:00,32.40000016
10/23/2024 18:00,33.33833332
10/23/2024 19:00,38.57833344
10/23/2024 20:00,46.24833342
10/23/2024 21:00,44.48166676
10/23/2024 22:00,38.39666688
10/23/2024 23:00,36.69166676
10/24/2024,29.53499994
10/24/2024 1:00,29.4316665
10/24/2024 2:00,28.49000003
10/24/2024 3:00,29.81499996
10/24/2024 4:00,29.38833332
10/24/2024 5:00,31.08499988
10/24/2024 6:00,48.26000023
10/24/2024 7:00,52.14499969
10/24/2024 8:00,56.53833319
10/24/2024 9:00,58.87999999
10/24/2024 10:00,56.26999989
10/24/2024 11:00,46.93833326
10/24/2024 12:00,25.23499991
10/24/2024 13:00,22.60499996
10/24/2024 14:00,22.14000015
10/24/2024 15:00,23.92500002
10/24/2024 16:00,19.16500004
10/24/2024 17:00,26.68499985
10/24/2024 18:00,25.73833329
10/24/2024 19:00,20.03166666
10/24/2024 20:00,22.36833315
10/24/2024 21:00,28.28333337
10/24/2024 22:00,23.55166677
10/24/2024 23:00,23.56833334
10/25/2024,23.56666673
10/25/2024 1:00,22.35499999
10/25/2024 2:00,21.86499993
10/25/2024 3:00,19.83999987
10/25/2024 4:00,22.22499994
10/25/2024 5:00,28.86666667
10/25/2024 6:00,28.07833325
10/25/2024 7:00,37.22000008
10/25/2024 8:00,34.89166667
10/25/2024 9:00,30.8233332
10/25/2024 10:00,38.65500031
10/25/2024 11:00,45.23833338
10/25/2024 12:00,47.4200002
10/25/2024 13:00,41.77166675
10/25/2024 14:00,39.41000029
10/25/2024 15:00,22.07000003
10/25/2024 16:00,17.82333325
10/25/2024 17:00,30.59833323
10/25/2024 18:00,29.80833333
10/25/2024 19:00,31.91166677
10/25/2024 20:00,28.75166661
10/25/2024 21:00,27.33166676
10/25/2024 22:00,29.21166674
10/25/2024 23:00,30.91166662
10/26/2024,25.16500006
10/26/2024 1:00,22.58333349
10/26/2024 2:00,24.64833333
10/26/2024 3:00,25.81833347
10/26/2024 4:00,25.97500006
10/26/2024 5:00,28.82666664
10/26/2024 6:00,31.67833335
10/26/2024 7:00,32.16833337
10/26/2024 8:00,36.12500019
10/26/2024 9:00,44.23999977
10/26/2024 10:00,42.0483333
10/26/2024 11:00,37.29999975
10/26/2024 12:00,40.61833318
10/26/2024 13:00,27.83166676
10/26/2024 14:00,21.08500004
10/26/2024 15:00,18.66166666
10/26/2024 16:00,21.2083333
10/26/2024 17:00,25.8083334
10/26/2024 18:00,27.7583333
10/26/2024 19:00,27.74666659
10/26/2024 20:00,27.87666655
10/26/2024 21:00,29.18833332
10/26/2024 22:00,34.14000009
10/26/2024 23:00,31.2333333
10/27/2024,32.46999985
10/27/2024 1:00,34.94833323
10/27/2024 2:00,33.08833332
10/27/2024 3:00,23.40833327
10/27/2024 4:00,27.13499994
10/27/2024 5:00,36.18166653
10/27/2024 6:00,38.4333334
10/27/2024 7:00,39.25999985
10/27/2024 8:00,37.95666691
10/27/2024 9:00,43.33499991
10/27/2024 10:00,43.29500014
10/27/2024 11:00,42.03666662
10/27/2024 12:00,31.23999983
10/27/2024 13:00,23.96166673
10/27/2024 14:00,23.06166674
10/27/2024 15:00,21.5749999
10/27/2024 16:00,22.96333338
10/27/2024 17:00,24.99166667
10/27/2024 18:00,24.34333328
10/27/2024 19:00,25.95166664
10/27/2024 20:00,33.10833327
10/27/2024 21:00,28.10333344
10/27/2024 22:00,24.4266667
10/27/2024 23:00,23.29666659
10/28/2024,27.97499984
10/28/2024 1:00,26.61833334
10/28/2024 2:00,25.78166663
10/28/2024 3:00,23.95500002
10/28/2024 4:00,23.13166676
10/28/2024 5:00,34.67333333
10/28/2024 6:00,42.77166675
10/28/2024 7:00,35.65833333
10/28/2024 8:00,31.89499982
10/28/2024 9:00,34.67999983
10/28/2024 10:00,37.79666646
10/28/2024 11:00,32.40999997
10/28/2024 12:00,26.50833324
10/28/2024 13:00,22.92833327
10/28/2024 14:00,21.46499999
10/28/2024 15:00,19.38499996
10/28/2024 16:00,22.4983333
10/28/2024 17:00,24.46333338
10/28/2024 18:00,24.18999999
10/28/2024 19:00,25.08166672
10/28/2024 20:00,25.05999997
10/28/2024 21:00,22.70666672
10/28/2024 22:00,22.40999997
10/28/2024 23:00,23.18666655
10/29/2024,34.16166677
10/29/2024 1:00,30.52166665
10/29/2024 2:00,22.65833324
10/29/2024 3:00,21.95333328
10/29/2024 4:00,21.21333335
10/29/2024 5:00,27.17833328
10/29/2024 6:00,27.83999993
10/29/2024 7:00,34.27499984
10/29/2024 8:00,43.21666648
10/29/2024 9:00,41.40166696
10/29/2024 10:00,36.0233332
10/29/2024 11:00,27.58166676
10/29/2024 12:00,20.70499994
10/29/2024 13:00,13.83999996
10/29/2024 14:00,15.63166664
10/29/2024 15:00,16.84677421
10/29/2024 16:00,16.89333336
10/29/2024 17:00,25.13833334
10/29/2024 18:00,24.54666675
10/29/2024 19:00,23.2666667
10/29/2024 20:00,22.31333342
10/29/2024 21:00,25.19499998
10/29/2024 22:00,32.98500013
10/29/2024 23:00,27.50833324
10/30/2024,22.26833337
10/30/2024 1:00,19.97333355
10/30/2024 2:00,18.68500012
10/30/2024 3:00,22.39500014
10/30/2024 4:00,23.66166649
10/30/2024 5:00,37.21833328
10/30/2024 6:00,31.87499987
10/30/2024 7:00,39.12166659
10/30/2024 8:00,51.23333352
10/30/2024 9:00,52.00666682
10/30/2024 10:00,36.0683334
10/30/2024 11:00,39.2766667
10/30/2024 12:00,25.78813559
10/30/2024 13:00,22.07500024
10/30/2024 14:00,20.87166665
10/30/2024 15:00,29.2600001
10/30/2024 16:00,30.51000007
10/30/2024 17:00,34.24000006
10/30/2024 18:00,35.87999996
10/30/2024 19:00,38.12333336
10/30/2024 20:00,39.25666676
10/30/2024 21:00,43.73833345
10/30/2024 22:00,42.68833326
10/30/2024 23:00,42.07666651
10/31/2024,44.22833354
10/31/2024 1:00,36.45500005
10/31/2024 2:00,36.15666669
10/31/2024 3:00,36.6566665
10/31/2024 4:00,35.84833349
10/31/2024 5:00,49.4100001
10/31/2024 6:00,49.99333331
10/31/2024 7:00,48.40000013
10/31/2024 8:00,56.35499992
10/31/2024 9:00,63.99833317
10/31/2024 10:00,51.25999985
10/31/2024 11:00,51.92833341
10/31/2024 12:00,40.15666656
10/31/2024 13:00,31.23999996
10/31/2024 14:00,33.37666655
10/31/2024 15:00,34.22166675
10/31/2024 16:00,48.44833285
10/31/2024 17:00,45.6283336
10/31/2024 18:00,44.42666658
10/31/2024 19:00,48.71833318
10/31/2024 20:00,49.59333344
10/31/2024 21:00,49.38965521
10/31/2024 22:00,53.68833332
10/31/2024 23:00,53.85999991
11/1/2024,51.72166672
11/1/2024 1:00,46.44999987
11/1/2024 2:00,43.19333344
11/1/2024 3:00,46.54666678
11/1/2024 4:00,49.15
11/1/2024 5:00,53.32500032
11/1/2024 6:00,59.11333338
11/1/2024 7:00,60.04166667
11/1/2024 8:00,62.89333344
11/1/2024 9:00,65.02666677
11/1/2024 10:00,56.92333374
11/1/2024 11:00,44.17333355
11/1/2024 12:00,45.15833346
11/1/2024 13:00,36.60166683
11/1/2024 14:00,36.11666676
11/1/2024 15:00,26.13166666
11/1/2024 16:00,29.10833333
11/1/2024 17:00,32.78166669
11/1/2024 18:00,35.76166658
11/1/2024 19:00,37.45166664
11/1/2024 20:00,46.30666676
11/1/2024 21:00,54.21499996
11/1/2024 22:00,50.61666667
11/1/2024 23:00,47.9399999
11/2/2024,50.00333328
11/2/2024 1:00,52.59333312
11/2/2024 2:00,52.2
11/2/2024 3:00,53.57499994
11/2/2024 4:00,53.48833357
11/2/2024 5:00,56.91578962
11/2/2024 6:00,NA
11/2/2024 7:00,NA
11/2/2024 8:00,NA
11/2/2024 9:00,NA
11/2/2024 10:00,NA
11/2/2024 11:00,NA
11/2/2024 12:00,NA
11/2/2024 13:00,NA
11/2/2024 14:00,NA
11/2/2024 15:00,NA
11/2/2024 16:00,NA
11/2/2024 17:00,NA
11/2/2024 18:00,NA
11/2/2024 19:00,NA
11/2/2024 20:00,NA
11/2/2024 21:00,NA
11/2/2024 22:00,NA
11/2/2024 23:00,NA
11/3/2024,NA
11/3/2024 1:00,NA
11/3/2024 2:00,NA
11/3/2024 3:00,NA
11/3/2024 4:00,NA
11/3/2024 5:00,NA
11/3/2024 6:00,NA
11/3/2024 7:00,NA
11/3/2024 8:00,NA
11/3/2024 9:00,NA
11/3/2024 10:00,NA
11/3/2024 11:00,NA
11/3/2024 12:00,NA
11/3/2024 13:00,NA
11/3/2024 14:00,NA
11/3/2024 15:00,NA
11/3/2024 16:00,NA
11/3/2024 17:00,NA
11/3/2024 18:00,NA
11/3/2024 19:00,NA
11/3/2024 20:00,NA
11/3/2024 21:00,NA
11/3/2024 22:00,NA
11/3/2024 23:00,NA
11/4/2024,NA
11/4/2024 1:00,NA
11/4/2024 2:00,NA
11/4/2024 3:00,NA
11/4/2024 4:00,NA
11/4/2024 5:00,NA
11/4/2024 6:00,NA
11/4/2024 7:00,NA
11/4/2024 8:00,NA
11/4/2024 9:00,NA
11/4/2024 10:00,NA
11/4/2024 11:00,NA
11/4/2024 12:00,NA
11/4/2024 13:00,NA
11/4/2024 14:00,NA
11/4/2024 15:00,NA
11/4/2024 16:00,NA
11/4/2024 17:00,NA
11/4/2024 18:00,NA
11/4/2024 19:00,NA
11/4/2024 20:00,NA
11/4/2024 21:00,NA
11/4/2024 22:00,NA
11/4/2024 23:00,NA
11/5/2024,NA
11/5/2024 1:00,NA
11/5/2024 2:00,NA
11/5/2024 3:00,NA
11/5/2024 4:00,NA
11/5/2024 5:00,NA
11/5/2024 6:00,NA
11/5/2024 7:00,NA
11/5/2024 8:00,NA
11/5/2024 9:00,NA
11/5/2024 10:00,NA
11/5/2024 11:00,NA
11/5/2024 12:00,NA
11/5/2024 13:00,NA
11/5/2024 14:00,NA
11/5/2024 15:00,NA
11/5/2024 16:00,NA
11/5/2024 17:00,NA
11/5/2024 18:00,NA
11/5/2024 19:00,NA
11/5/2024 20:00,NA
11/5/2024 21:00,NA
11/5/2024 22:00,NA
11/5/2024 23:00,NA
11/6/2024,NA
11/6/2024 1:00,NA
11/6/2024 2:00,NA
11/6/2024 3:00,NA
11/6/2024 4:00,NA
11/6/2024 5:00,NA
11/6/2024 6:00,NA
11/6/2024 7:00,NA
11/6/2024 8:00,NA
11/6/2024 9:00,NA
11/6/2024 10:00,NA
11/6/2024 11:00,NA
11/6/2024 12:00,NA
11/6/2024 13:00,NA
11/6/2024 14:00,NA
11/6/2024 15:00,NA
11/6/2024 16:00,NA
11/6/2024 17:00,NA
11/6/2024 18:00,NA
11/6/2024 19:00,NA
11/6/2024 20:00,NA
11/6/2024 21:00,NA
11/6/2024 22:00,NA
11/6/2024 23:00,NA
11/7/2024,NA
11/7/2024 1:00,NA
11/7/2024 2:00,NA
11/7/2024 3:00,NA
11/7/2024 4:00,NA
11/7/2024 5:00,NA
11/7/2024 6:00,NA
11/7/2024 7:00,NA
11/7/2024 8:00,NA
11/7/2024 9:00,NA
11/7/2024 10:00,NA
11/7/2024 11:00,NA
11/7/2024 12:00,NA
11/7/2024 13:00,NA
11/7/2024 14:00,NA
11/7/2024 15:00,NA
11/7/2024 16:00,NA
11/7/2024 17:00,NA
11/7/2024 18:00,NA
11/7/2024 19:00,NA
11/7/2024 20:00,NA
11/7/2024 21:00,NA
11/7/2024 22:00,NA
11/7/2024 23:00,NA
11/8/2024,NA
11/8/2024 1:00,NA
11/8/2024 2:00,NA
11/8/2024 3:00,NA
11/8/2024 4:00,NA
11/8/2024 5:00,NA
11/8/2024 6:00,NA
11/8/2024 7:00,NA
11/8/2024 8:00,NA
11/8/2024 9:00,NA
11/8/2024 10:00,NA
11/8/2024 11:00,NA
11/8/2024 12:00,NA
11/8/2024 13:00,NA
11/8/2024 14:00,NA
11/8/2024 15:00,NA
11/8/2024 16:00,NA
11/8/2024 17:00,NA
11/8/2024 18:00,NA
11/8/2024 19:00,NA
11/8/2024 20:00,NA
11/8/2024 21:00,NA
11/8/2024 22:00,NA
11/8/2024 23:00,NA
11/9/2024,NA
11/9/2024 1:00,NA
11/9/2024 2:00,NA
11/9/2024 3:00,NA
11/9/2024 4:00,NA
11/9/2024 5:00,NA
11/9/2024 6:00,NA
11/9/2024 7:00,NA
11/9/2024 8:00,NA
11/9/2024 9:00,NA
11/9/2024 10:00,NA
11/9/2024 11:00,NA
11/9/2024 12:00,NA
11/9/2024 13:00,NA
11/9/2024 14:00,NA
11/9/2024 15:00,NA
11/9/2024 16:00,NA
11/9/2024 17:00,NA
11/9/2024 18:00,NA
11/9/2024 19:00,NA
11/9/2024 20:00,NA
11/9/2024 21:00,NA
11/9/2024 22:00,NA
11/9/2024 23:00,NA
11/10/2024,NA
11/10/2024 1:00,NA
11/10/2024 2:00,NA
11/10/2024 3:00,NA
11/10/2024 4:00,NA
11/10/2024 5:00,NA
11/10/2024 6:00,NA
11/10/2024 7:00,NA
11/10/2024 8:00,NA
11/10/2024 9:00,NA
11/10/2024 10:00,NA
11/10/2024 11:00,NA
11/10/2024 12:00,NA
11/10/2024 13:00,NA
11/10/2024 14:00,NA
11/10/2024 15:00,NA
11/10/2024 16:00,NA
11/10/2024 17:00,NA
11/10/2024 18:00,NA
11/10/2024 19:00,NA
11/10/2024 20:00,NA
11/10/2024 21:00,NA
11/10/2024 22:00,NA
11/10/2024 23:00,NA
11/11/2024,NA
11/11/2024 1:00,NA
11/11/2024 2:00,NA
11/11/2024 3:00,NA
11/11/2024 4:00,NA
11/11/2024 5:00,NA
11/11/2024 6:00,NA
11/11/2024 7:00,NA
11/11/2024 8:00,NA
11/11/2024 9:00,NA
11/11/2024 10:00,NA
11/11/2024 11:00,NA
11/11/2024 12:00,NA
11/11/2024 13:00,NA
11/11/2024 14:00,NA
11/11/2024 15:00,NA
11/11/2024 16:00,NA
11/11/2024 17:00,NA
11/11/2024 18:00,NA
11/11/2024 19:00,NA
11/11/2024 20:00,NA
11/11/2024 21:00,NA
11/11/2024 22:00,NA
11/11/2024 23:00,NA
11/12/2024,NA
11/12/2024 1:00,NA
11/12/2024 2:00,NA
11/12/2024 3:00,NA
11/12/2024 4:00,NA
11/12/2024 5:00,NA
11/12/2024 6:00,NA
11/12/2024 7:00,NA
11/12/2024 8:00,NA
11/12/2024 9:00,NA
11/12/2024 10:00,NA
11/12/2024 11:00,NA
11/12/2024 12:00,NA
11/12/2024 13:00,NA
11/12/2024 14:00,NA
11/12/2024 15:00,NA
11/12/2024 16:00,NA
11/12/2024 17:00,NA
11/12/2024 18:00,NA
11/12/2024 19:00,NA
11/12/2024 20:00,NA
11/12/2024 21:00,NA
11/12/2024 22:00,NA
11/12/2024 23:00,NA
11/13/2024,NA
11/13/2024 1:00,NA
11/13/2024 2:00,NA
11/13/2024 3:00,NA
11/13/2024 4:00,NA
11/13/2024 5:00,NA
11/13/2024 6:00,NA
11/13/2024 7:00,NA
11/13/2024 8:00,NA
11/13/2024 9:00,NA
11/13/2024 10:00,NA
11/13/2024 11:00,NA
11/13/2024 12:00,NA
11/13/2024 13:00,NA
11/13/2024 14:00,NA
11/13/2024 15:00,NA
11/13/2024 16:00,NA
11/13/2024 17:00,NA
11/13/2024 18:00,55.81499983
11/13/2024 19:00,65.20499999
11/13/2024 20:00,68.61000029
11/13/2024 21:00,60.3516669
11/13/2024 22:00,62.14166654
11/13/2024 23:00,53.68000011
11/14/2024,58.13166669
11/14/2024 1:00,54.52000014
11/14/2024 2:00,54.90833333
11/14/2024 3:00,61.3816665
11/14/2024 4:00,55.87666683
11/14/2024 5:00,68.30000013
11/14/2024 6:00,65.73500004
11/14/2024 7:00,68.33666623
11/14/2024 8:00,72.17833347
11/14/2024 9:00,81.26833305
11/14/2024 10:00,72.4516667
11/14/2024 11:00,50.81666673
11/14/2024 12:00,44.20999991
11/14/2024 13:00,48.96666635
11/14/2024 14:00,41.04333337
11/14/2024 15:00,29.0649999
11/14/2024 16:00,29.52166672
11/14/2024 17:00,31.99833314
11/14/2024 18:00,30.4000001
11/14/2024 19:00,36.98333343
11/14/2024 20:00,41.37166684
11/14/2024 21:00,48.28500029
11/14/2024 22:00,46.06666667
11/14/2024 23:00,46.99833323
11/15/2024,46.80500024
11/15/2024 1:00,45.20666663
11/15/2024 2:00,44.43666687
11/15/2024 3:00,48.0600001
11/15/2024 4:00,50.65166664
11/15/2024 5:00,60.74000003
11/15/2024 6:00,62.4483338
11/15/2024 7:00,67.81333319
11/15/2024 8:00,73.77999967
11/15/2024 9:00,73.93666719
11/15/2024 10:00,61.29833323
11/15/2024 11:00,46.02833309
11/15/2024 12:00,38.4399998
11/15/2024 13:00,42.86666702
11/15/2024 14:00,21.32833331
11/15/2024 15:00,19.02166669
11/15/2024 16:00,19.48000011
11/15/2024 17:00,22.14666665
11/15/2024 18:00,26.70999991
11/15/2024 19:00,30.46999998
11/15/2024 20:00,34.5316666
11/15/2024 21:00,41.14499995
11/15/2024 22:00,32.81666667
11/15/2024 23:00,35.08166676
11/16/2024,39.20000013
11/16/2024 1:00,42.78500023
11/16/2024 2:00,42.82833341
11/16/2024 3:00,43.99833317
11/16/2024 4:00,46.75333322
11/16/2024 5:00,48.62666677
11/16/2024 6:00,56.8016669
11/16/2024 7:00,58.34666665
11/16/2024 8:00,57.63166663
11/16/2024 9:00,49.30500018
11/16/2024 10:00,37.0399999
11/16/2024 11:00,25.38833338
11/16/2024 12:00,22.13666662
11/16/2024 13:00,22.13833335
11/16/2024 14:00,18.43499997
11/16/2024 15:00,19.16333324
11/16/2024 16:00,17.53666679
11/16/2024 17:00,21.93666662
11/16/2024 18:00,22.84333334
11/16/2024 19:00,26.85333344
11/16/2024 20:00,25.6
11/16/2024 21:00,28.45000003
11/16/2024 22:00,31.32333333
11/16/2024 23:00,31.33666652
11/17/2024,27.54333331
11/17/2024 1:00,29.8032785
11/17/2024 2:00,25.85166658
11/17/2024 3:00,26.71833328
11/17/2024 4:00,24.89999994
11/17/2024 5:00,30.19333331
11/17/2024 6:00,32.38500017
11/17/2024 7:00,39.05833327
11/17/2024 8:00,41.62833322
11/17/2024 9:00,35.11166681
11/17/2024 10:00,22.52999999
11/17/2024 11:00,20.83666665
11/17/2024 12:00,19.83000002
11/17/2024 13:00,18.31166662
11/17/2024 14:00,26.98666716
11/17/2024 15:00,13.90666668
11/17/2024 16:00,14.93833334
11/17/2024 17:00,16.13333322
11/17/2024 18:00,20.36833321
11/17/2024 19:00,22.73499997
11/17/2024 20:00,26.06499996
11/17/2024 21:00,28.10499999
11/17/2024 22:00,24.5666667
11/17/2024 23:00,27.98499991
11/18/2024,26.89666662
11/18/2024 1:00,23.22166665
11/18/2024 2:00,22.51499996
11/18/2024 3:00,24.76666663
11/18/2024 4:00,25.62833331
11/18/2024 5:00,26.63666681
11/18/2024 6:00,30.28166676
11/18/2024 7:00,37.91666663
11/18/2024 8:00,45.51000004
11/18/2024 9:00,41.97500019
11/18/2024 10:00,30.5966667
11/18/2024 11:00,22.00666669
11/18/2024 12:00,14.04333332
11/18/2024 13:00,13.49833326
11/18/2024 14:00,15.78499996
11/18/2024 15:00,14.64666659
11/18/2024 16:00,12.40333333
11/18/2024 17:00,12.81833332
11/18/2024 18:00,14.61999998
11/18/2024 19:00,15.59333334
11/18/2024 20:00,22.70833341
11/18/2024 21:00,27.12833335
11/18/2024 22:00,23.87166662
11/18/2024 23:00,24.02833338
11/19/2024,23.8100001
11/19/2024 1:00,20.67666664
11/19/2024 2:00,18.89500004
11/19/2024 3:00,22.19500011
11/19/2024 4:00,24.5600001
11/19/2024 5:00,25.46666663
11/19/2024 6:00,28.65500015
11/19/2024 7:00,34.68833335
11/19/2024 8:00,41.70333328
11/19/2024 9:00,36.76166674
11/19/2024 10:00,26.83833338
11/19/2024 11:00,18.37333336
11/19/2024 12:00,13.47500002
11/19/2024 13:00,11.48666663
11/19/2024 14:00,15.82499995
11/19/2024 15:00,16.47999997
11/19/2024 16:00,12.21666662
11/19/2024 17:00,12.50000002
11/19/2024 18:00,14.08499999
11/19/2024 19:00,14.87333333
11/19/2024 20:00,17.71999993
11/19/2024 21:00,23.61833331
11/19/2024 22:00,20.4333334
11/19/2024 23:00,18.97500003
11/20/2024,19.86333332
11/20/2024 1:00,17.96500004
11/20/2024 2:00,17.62666664
11/20/2024 3:00,18.60166677
11/20/2024 4:00,20.97166665
11/20/2024 5:00,22.18500007
11/20/2024 6:00,24.67833335
11/20/2024 7:00,33.17500016
11/20/2024 8:00,34.81499993
11/20/2024 9:00,36.34666662
11/20/2024 10:00,24.77166662
11/20/2024 11:00,15.59499997
11/20/2024 12:00,12.43
11/20/2024 13:00,9.774999992
11/20/2024 14:00,9.156666644
11/20/2024 15:00,11.77666667
11/20/2024 16:00,7.518333387
11/20/2024 17:00,10.14833339
11/20/2024 18:00,10.95333331
11/20/2024 19:00,12.47999999
11/20/2024 20:00,13.91000004
11/20/2024 21:00,18.29333331
11/20/2024 22:00,18.80166656
11/20/2024 23:00,16.27
11/21/2024,15.42666675
11/21/2024 1:00,15.18166669
11/21/2024 2:00,14.93500005
11/21/2024 3:00,15.83666666
11/21/2024 4:00,16.09666669
11/21/2024 5:00,17.67166657
11/21/2024 6:00,23.84666672
11/21/2024 7:00,23.44166679
11/21/2024 8:00,22.96333332
11/21/2024 9:00,27.56833334
11/21/2024 10:00,21.70833346
11/21/2024 11:00,16.30833329
11/21/2024 12:00,13.50666663
11/21/2024 13:00,14.66333326
11/21/2024 14:00,10.23000001
11/21/2024 15:00,7.893333316
11/21/2024 16:00,8.828333338
11/21/2024 17:00,11.7333334
11/21/2024 18:00,11.6616667
11/21/2024 19:00,12.44500004
11/21/2024 20:00,14.36833329
11/21/2024 21:00,15.45084748
11/21/2024 22:00,16.76166666
11/21/2024 23:00,18.22166656
11/22/2024,16.56166662
11/22/2024 1:00,14.755
11/22/2024 2:00,18.73
11/22/2024 3:00,19.76166655
11/22/2024 4:00,20.0833333
11/22/2024 5:00,20.00000005
11/22/2024 6:00,18.07333333
11/22/2024 7:00,20.8250001
11/22/2024 8:00,26.64500004
11/22/2024 9:00,34.83999987
11/22/2024 10:00,28.21666673
11/22/2024 11:00,16.26000005
11/22/2024 12:00,13.67666661
11/22/2024 13:00,12.59833336
11/22/2024 14:00,8.946666678
11/22/2024 15:00,7.596666638
11/22/2024 16:00,8.040000049
11/22/2024 17:00,9.613333305
11/22/2024 18:00,11.99833341
11/22/2024 19:00,12.82666661
11/22/2024 20:00,16.69000004
11/22/2024 21:00,22.22166669
11/22/2024 22:00,20.23666671
11/22/2024 23:00,19.13166663
11/23/2024,20.45166667
11/23/2024 1:00,16.23
11/23/2024 2:00,15.92499992
11/23/2024 3:00,21.01833328
11/23/2024 4:00,21.19833336
11/23/2024 5:00,23.31499999
11/23/2024 6:00,32.6100001
11/23/2024 7:00,27.01666667
11/23/2024 8:00,29.84833317
11/23/2024 9:00,32.81500015
11/23/2024 10:00,27.325
11/23/2024 11:00,14.81499999
11/23/2024 12:00,15.23333338
11/23/2024 13:00,15.04166665
11/23/2024 14:00,9.353333394
11/23/2024 15:00,8.776666705
11/23/2024 16:00,8.790000002
11/23/2024 17:00,9.158333325
11/23/2024 18:00,11.00499997
11/23/2024 19:00,10.77666667
11/23/2024 20:00,15.04833334
11/23/2024 21:00,19.23166658
11/23/2024 22:00,21.68333324
11/23/2024 23:00,21.60166667
11/24/2024,19.96166652
11/24/2024 1:00,17.13166668
11/24/2024 2:00,15.14833328
11/24/2024 3:00,16.46999998
11/24/2024 4:00,16.98999999
11/24/2024 5:00,20.02333323
11/24/2024 6:00,26.90666679
11/24/2024 7:00,28.45999994
11/24/2024 8:00,26.69333324
11/24/2024 9:00,28.7166667
11/24/2024 10:00,23.6516667
11/24/2024 11:00,15.89666661
11/24/2024 12:00,11.15833341
11/24/2024 13:00,8.439999994
11/24/2024 14:00,7.05999999
11/24/2024 15:00,7.728333346
11/24/2024 16:00,8.261666679
11/24/2024 17:00,9.141666659
11/24/2024 18:00,10.43166668
11/24/2024 19:00,11.30166661
11/24/2024 20:00,14.15999994
11/24/2024 21:00,18.78166669
11/24/2024 22:00,19.62833331
11/24/2024 23:00,14.66333334
11/25/2024,17.96000004
11/25/2024 1:00,15.58166668
11/25/2024 2:00,13.67333331
11/25/2024 3:00,22.32833316
11/25/2024 4:00,15.92333334
11/25/2024 5:00,17.85666666
11/25/2024 6:00,20.91666657
11/25/2024 7:00,24.24666665
11/25/2024 8:00,26.38333324
11/25/2024 9:00,30.87666667
11/25/2024 10:00,23.43833332
11/25/2024 11:00,16.15333333
11/25/2024 12:00,14.45666664
11/25/2024 13:00,8.92833337
11/25/2024 14:00,8.966666675
11/25/2024 15:00,7.673333351
11/25/2024 16:00,8.08499999
11/25/2024 17:00,13.05666663
11/25/2024 18:00,19.97333336
11/25/2024 19:00,23.78333327
11/25/2024 20:00,26.59166663
11/25/2024 21:00,28.72833331
11/25/2024 22:00,29.22166659
11/25/2024 23:00,31.20500002
11/26/2024,34.79333344
11/26/2024 1:00,33.67500022
11/26/2024 2:00,32.23999996
11/26/2024 3:00,30.69666672
11/26/2024 4:00,30.25833324
11/26/2024 5:00,32.23333337
11/26/2024 6:00,35.44000006
11/26/2024 7:00,40.0983333
11/26/2024 8:00,39.45999991
11/26/2024 9:00,36.57833322
11/26/2024 10:00,32.57333349
11/26/2024 11:00,24.38333349
11/26/2024 12:00,24.08666662
11/26/2024 13:00,8.670000013
11/26/2024 14:00,8.161666616
11/26/2024 15:00,11.97166669
11/26/2024 16:00,12.89666669
11/26/2024 17:00,18.71499999
11/26/2024 18:00,23.23333337
11/26/2024 19:00,27.80999991
11/26/2024 20:00,29.53833326
11/26/2024 21:00,27.63000005
11/26/2024 22:00,25.9233333
11/26/2024 23:00,28.75
11/27/2024,32.47999999
11/27/2024 1:00,33.06000007
11/27/2024 2:00,30.30833333
11/27/2024 3:00,30.11666673
11/27/2024 4:00,35.42999986
11/27/2024 5:00,34.51500009
11/27/2024 6:00,36.42833322
11/27/2024 7:00,50.43166695
11/27/2024 8:00,42.9399999
11/27/2024 9:00,43.26000004
11/27/2024 10:00,36.25166661
11/27/2024 11:00,27.16833334
11/27/2024 12:00,18.9650002
11/27/2024 13:00,17.24666667
11/27/2024 14:00,20.07833338
11/27/2024 15:00,15.10499994
11/27/2024 16:00,18.54000006
11/27/2024 17:00,26.56666676
11/27/2024 18:00,29.83666681
11/27/2024 19:00,31.3483333
11/27/2024 20:00,30.03666677
11/27/2024 21:00,31.88833332
11/27/2024 22:00,32.42333317
11/27/2024 23:00,32.17666674
11/28/2024,27.85666663
11/28/2024 1:00,29.98666665
11/28/2024 2:00,26.29666669
11/28/2024 3:00,29.01333338
11/28/2024 4:00,30.19833339
11/28/2024 5:00,31.97666664
11/28/2024 6:00,33.51999982
11/28/2024 7:00,34.69833339
11/28/2024 8:00,37.78666671
11/28/2024 9:00,35.50166664
11/28/2024 10:00,26.01833331
11/28/2024 11:00,17.55666664
11/28/2024 12:00,12.43999996
11/28/2024 13:00,9.406666684
11/28/2024 14:00,16.6866666
11/28/2024 15:00,15.34516125
11/28/2024 16:00,13.09333334
11/28/2024 17:00,15.95833338
11/28/2024 18:00,17.18833345
11/28/2024 19:00,22.39166667
11/28/2024 20:00,26.87166675
11/28/2024 21:00,25.79500004
11/28/2024 22:00,24.68833338
11/28/2024 23:00,26.38833323
11/29/2024,27.21666673
11/29/2024 1:00,25.13666665
11/29/2024 2:00,25.47999996
11/29/2024 3:00,27.11333335
11/29/2024 4:00,25.95666679
11/29/2024 5:00,27.85666669
11/29/2024 6:00,30.60333341
11/29/2024 7:00,35.41833347
11/29/2024 8:00,38.59666684
11/29/2024 9:00,34.54333347
11/29/2024 10:00,27.84333337
11/29/2024 11:00,16.09500001
11/29/2024 12:00,16.225
11/29/2024 13:00,10.00166672
11/29/2024 14:00,9.871666654
11/29/2024 15:00,9.024999984
11/29/2024 16:00,6.540000002
11/29/2024 17:00,7.835000054
11/29/2024 18:00,9.011666727
11/29/2024 19:00,10.66
11/29/2024 20:00,18.91999993
11/29/2024 21:00,21.80333322
11/29/2024 22:00,21.67833347
11/29/2024 23:00,21.67833341
11/30/2024,17.97000001
11/30/2024 1:00,18.96833331
11/30/2024 2:00,17.91166658
11/30/2024 3:00,18.75666653
11/30/2024 4:00,20.05999997
11/30/2024 5:00,21.09333321
11/30/2024 6:00,22.42999992
11/30/2024 7:00,27.88666662
11/30/2024 8:00,31.33000015
11/30/2024 9:00,28.71166674
11/30/2024 10:00,22.28999996
11/30/2024 11:00,19.38000003
11/30/2024 12:00,16.27499997
11/30/2024 13:00,13.00000005
11/30/2024 14:00,9.999999976
11/30/2024 15:00,4.826666669
11/30/2024 16:00,1.896666666
11/30/2024 17:00,4.526666661
11/30/2024 18:00,10.31999999
11/30/2024 19:00,13.20166669
11/30/2024 20:00,20.72500006
11/30/2024 21:00,26.32666658
11/30/2024 22:00,22.33333333
11/30/2024 23:00,19.75666666
12/1/2024,21.46333326
12/1/2024 1:00,21.47833335
12/1/2024 2:00,20.13333327
12/1/2024 3:00,20.20999997
12/1/2024 4:00,19.86166662
12/1/2024 5:00,22.10500005
12/1/2024 6:00,23.88333317
12/1/2024 7:00,25.9483333
12/1/2024 8:00,29.65166664
12/1/2024 9:00,26.78833326
12/1/2024 10:00,17.62166669
12/1/2024 11:00,12.51000004
12/1/2024 12:00,12.91666665
12/1/2024 13:00,9.233333309
12/1/2024 14:00,NA
12/1/2024 15:00,NA
12/1/2024 16:00,4.688333344
12/1/2024 17:00,3.036666679
12/1/2024 18:00,7.039999994
12/1/2024 19:00,11.7516667
12/1/2024 20:00,13.91833332
12/1/2024 21:00,13.87333334
12/1/2024 22:00,12.60000002
12/1/2024 23:00,15.6266667
12/2/2024,14.00166667
12/2/2024 1:00,13.86333334
12/2/2024 2:00,16.56500009
12/2/2024 3:00,16.12499995
12/2/2024 4:00,16.50833344
12/2/2024 5:00,20.57500006
12/2/2024 6:00,20.92166669
12/2/2024 7:00,25.80161285
12/2/2024 8:00,31.78499994
12/2/2024 9:00,29.21666667
12/2/2024 10:00,21.68500005
12/2/2024 11:00,16.8944445
12/2/2024 12:00,NA
12/2/2024 13:00,9.515000017
12/2/2024 14:00,NA
12/2/2024 15:00,NA
12/2/2024 16:00,NA
12/2/2024 17:00,NA
12/2/2024 18:00,NA
12/2/2024 19:00,NA
12/2/2024 20:00,NA
12/2/2024 21:00,NA
12/2/2024 22:00,NA
12/2/2024 23:00,NA
12/3/2024,NA
12/3/2024 1:00,NA
12/3/2024 2:00,NA
12/3/2024 3:00,NA
12/3/2024 4:00,NA
12/3/2024 5:00,NA
12/3/2024 6:00,NA
12/3/2024 7:00,NA
12/3/2024 8:00,NA
12/3/2024 9:00,NA
12/3/2024 10:00,NA
12/3/2024 11:00,NA
12/3/2024 12:00,NA
12/3/2024 13:00,NA
12/3/2024 14:00,NA
12/3/2024 15:00,NA
12/3/2024 16:00,NA
12/3/2024 17:00,NA
12/3/2024 18:00,NA
12/3/2024 19:00,NA
12/3/2024 20:00,NA
12/3/2024 21:00,NA
12/3/2024 22:00,NA
12/3/2024 23:00,NA
12/4/2024,NA
12/4/2024 1:00,NA
12/4/2024 2:00,NA
12/4/2024 3:00,NA
12/4/2024 4:00,NA
12/4/2024 5:00,NA
12/4/2024 6:00,NA
12/4/2024 7:00,NA
12/4/2024 8:00,NA
12/4/2024 9:00,NA
12/4/2024 10:00,NA
12/4/2024 11:00,NA
12/4/2024 12:00,NA
12/4/2024 13:00,NA
12/4/2024 14:00,NA
12/4/2024 15:00,NA
12/4/2024 16:00,NA
12/4/2024 17:00,NA
12/4/2024 18:00,NA
12/4/2024 19:00,NA
12/4/2024 20:00,NA
12/4/2024 21:00,NA
12/4/2024 22:00,NA
12/4/2024 23:00,NA
12/5/2024,NA
12/5/2024 1:00,NA
12/5/2024 2:00,NA
12/5/2024 3:00,NA
12/5/2024 4:00,NA
12/5/2024 5:00,NA
12/5/2024 6:00,NA
12/5/2024 7:00,NA
12/5/2024 8:00,NA
12/5/2024 9:00,NA
12/5/2024 10:00,NA
12/5/2024 11:00,NA
12/5/2024 12:00,NA
12/5/2024 13:00,NA
12/5/2024 14:00,NA
12/5/2024 15:00,NA
12/5/2024 16:00,NA
12/5/2024 17:00,NA
12/5/2024 18:00,NA
12/5/2024 19:00,NA
12/5/2024 20:00,NA
12/5/2024 21:00,NA
12/5/2024 22:00,NA
12/5/2024 23:00,NA
12/6/2024,NA
12/6/2024 1:00,NA
12/6/2024 2:00,NA
12/6/2024 3:00,NA
12/6/2024 4:00,NA
12/6/2024 5:00,NA
12/6/2024 6:00,NA
12/6/2024 7:00,NA
12/6/2024 8:00,NA
12/6/2024 9:00,NA
12/6/2024 10:00,NA
12/6/2024 11:00,NA
12/6/2024 12:00,NA
12/6/2024 13:00,NA
12/6/2024 14:00,NA
12/6/2024 15:00,NA
12/6/2024 16:00,NA
12/6/2024 17:00,NA
12/6/2024 18:00,NA
12/6/2024 19:00,NA
12/6/2024 20:00,NA
12/6/2024 21:00,NA
12/6/2024 22:00,NA
12/6/2024 23:00,NA
12/7/2024,NA
12/7/2024 1:00,NA
12/7/2024 2:00,NA
12/7/2024 3:00,NA
12/7/2024 4:00,NA
12/7/2024 5:00,NA
12/7/2024 6:00,NA
12/7/2024 7:00,NA
12/7/2024 8:00,NA
12/7/2024 9:00,NA
12/7/2024 10:00,NA
12/7/2024 11:00,NA
12/7/2024 12:00,NA
12/7/2024 13:00,NA
12/7/2024 14:00,NA
12/7/2024 15:00,NA
12/7/2024 16:00,NA
12/7/2024 17:00,NA
12/7/2024 18:00,NA
12/7/2024 19:00,NA
12/7/2024 20:00,NA
12/7/2024 21:00,NA
12/7/2024 22:00,NA
12/7/2024 23:00,NA
12/8/2024,NA
12/8/2024 1:00,NA
12/8/2024 2:00,NA
12/8/2024 3:00,NA
12/8/2024 4:00,NA
12/8/2024 5:00,NA
12/8/2024 6:00,NA
12/8/2024 7:00,NA
12/8/2024 8:00,NA
12/8/2024 9:00,NA
12/8/2024 10:00,NA
12/8/2024 11:00,NA
12/8/2024 12:00,NA
12/8/2024 13:00,NA
12/8/2024 14:00,NA
12/8/2024 15:00,NA
12/8/2024 16:00,NA
12/8/2024 17:00,NA
12/8/2024 18:00,NA
12/8/2024 19:00,NA
12/8/2024 20:00,NA
12/8/2024 21:00,NA
12/8/2024 22:00,NA
12/8/2024 23:00,NA
12/9/2024,NA
12/9/2024 1:00,NA
12/9/2024 2:00,NA
12/9/2024 3:00,NA
12/9/2024 4:00,NA
12/9/2024 5:00,NA
12/9/2024 6:00,NA
12/9/2024 7:00,NA
12/9/2024 8:00,NA
12/9/2024 9:00,NA
12/9/2024 10:00,NA
12/9/2024 11:00,NA
12/9/2024 12:00,NA
12/9/2024 13:00,NA
12/9/2024 14:00,NA
12/9/2024 15:00,NA
12/9/2024 16:00,NA
12/9/2024 17:00,NA
12/9/2024 18:00,NA
12/9/2024 19:00,NA
12/9/2024 20:00,NA
12/9/2024 21:00,NA
12/9/2024 22:00,NA
12/9/2024 23:00,NA
12/10/2024,NA
12/10/2024 1:00,NA
12/10/2024 2:00,NA
12/10/2024 3:00,NA
12/10/2024 4:00,NA
12/10/2024 5:00,NA
12/10/2024 6:00,NA
12/10/2024 7:00,NA
12/10/2024 8:00,NA
12/10/2024 9:00,NA
12/10/2024 10:00,NA
12/10/2024 11:00,NA
12/10/2024 12:00,NA
12/10/2024 13:00,NA
12/10/2024 14:00,NA
12/10/2024 15:00,NA
12/10/2024 16:00,NA
12/10/2024 17:00,NA
12/10/2024 18:00,NA
12/10/2024 19:00,NA
12/10/2024 20:00,NA
12/10/2024 21:00,NA
12/10/2024 22:00,NA
12/10/2024 23:00,NA
12/11/2024,NA
12/11/2024 1:00,NA
12/11/2024 2:00,NA
12/11/2024 3:00,NA
12/11/2024 4:00,NA
12/11/2024 5:00,NA
12/11/2024 6:00,NA
12/11/2024 7:00,NA
12/11/2024 8:00,NA
12/11/2024 9:00,NA
12/11/2024 10:00,NA
12/11/2024 11:00,NA
12/11/2024 12:00,NA
12/11/2024 13:00,NA
12/11/2024 14:00,NA
12/11/2024 15:00,NA
12/11/2024 16:00,NA
12/11/2024 17:00,NA
12/11/2024 18:00,NA
12/11/2024 19:00,NA
12/11/2024 20:00,NA
12/11/2024 21:00,NA
12/11/2024 22:00,NA
12/11/2024 23:00,NA
12/12/2024,NA
12/12/2024 1:00,NA
12/12/2024 2:00,NA
12/12/2024 3:00,NA
12/12/2024 4:00,NA
12/12/2024 5:00,NA
12/12/2024 6:00,NA
12/12/2024 7:00,NA
12/12/2024 8:00,NA
12/12/2024 9:00,NA
12/12/2024 10:00,NA
12/12/2024 11:00,NA
12/12/2024 12:00,NA
12/12/2024 13:00,NA
12/12/2024 14:00,NA
12/12/2024 15:00,NA
12/12/2024 16:00,NA
12/12/2024 17:00,NA
12/12/2024 18:00,NA
12/12/2024 19:00,NA
12/12/2024 20:00,NA
12/12/2024 21:00,NA
12/12/2024 22:00,NA
12/12/2024 23:00,NA
12/13/2024,NA
12/13/2024 1:00,NA
12/13/2024 2:00,NA
12/13/2024 3:00,NA
12/13/2024 4:00,NA
12/13/2024 5:00,NA
12/13/2024 6:00,NA
12/13/2024 7:00,NA
12/13/2024 8:00,NA
12/13/2024 9:00,NA
12/13/2024 10:00,NA
12/13/2024 11:00,NA
12/13/2024 12:00,NA
12/13/2024 13:00,NA
12/13/2024 14:00,NA
12/13/2024 15:00,NA
12/13/2024 16:00,NA
12/13/2024 17:00,NA
12/13/2024 18:00,NA
12/13/2024 19:00,NA
12/13/2024 20:00,NA
12/13/2024 21:00,NA
12/13/2024 22:00,NA
12/13/2024 23:00,NA
12/14/2024,NA
12/14/2024 1:00,NA
12/14/2024 2:00,NA
12/14/2024 3:00,NA
12/14/2024 4:00,NA
12/14/2024 5:00,NA
12/14/2024 6:00,NA
12/14/2024 7:00,NA
12/14/2024 8:00,NA
12/14/2024 9:00,NA
12/14/2024 10:00,NA
12/14/2024 11:00,NA
12/14/2024 12:00,NA
12/14/2024 13:00,NA
12/14/2024 14:00,NA
12/14/2024 15:00,NA
12/14/2024 16:00,NA
12/14/2024 17:00,NA
12/14/2024 18:00,NA
12/14/2024 19:00,NA
12/14/2024 20:00,NA
12/14/2024 21:00,NA
12/14/2024 22:00,NA
12/14/2024 23:00,NA
12/15/2024,NA
12/15/2024 1:00,NA
12/15/2024 2:00,NA
12/15/2024 3:00,NA
12/15/2024 4:00,NA
12/15/2024 5:00,NA
12/15/2024 6:00,NA
12/15/2024 7:00,NA
12/15/2024 8:00,NA
12/15/2024 9:00,NA
12/15/2024 10:00,NA
12/15/2024 11:00,NA
12/15/2024 12:00,NA
12/15/2024 13:00,NA
12/15/2024 14:00,NA
12/15/2024 15:00,NA
12/15/2024 16:00,NA
12/15/2024 17:00,NA
12/15/2024 18:00,NA
12/15/2024 19:00,NA
12/15/2024 20:00,NA
12/15/2024 21:00,NA
12/15/2024 22:00,NA
12/15/2024 23:00,NA
12/16/2024,NA
12/16/2024 1:00,NA
12/16/2024 2:00,NA
12/16/2024 3:00,NA
12/16/2024 4:00,NA
12/16/2024 5:00,NA
12/16/2024 6:00,NA
12/16/2024 7:00,NA
12/16/2024 8:00,NA
12/16/2024 9:00,NA
12/16/2024 10:00,NA
12/16/2024 11:00,NA
12/16/2024 12:00,NA
12/16/2024 13:00,NA
12/16/2024 14:00,NA
12/16/2024 15:00,NA
12/16/2024 16:00,NA
12/16/2024 17:00,NA
12/16/2024 18:00,NA
12/16/2024 19:00,NA
12/16/2024 20:00,NA
12/16/2024 21:00,NA
12/16/2024 22:00,NA
12/16/2024 23:00,NA
12/17/2024,NA
12/17/2024 1:00,NA
12/17/2024 2:00,NA
12/17/2024 3:00,NA
12/17/2024 4:00,NA
12/17/2024 5:00,NA
12/17/2024 6:00,NA
12/17/2024 7:00,NA
12/17/2024 8:00,NA
12/17/2024 9:00,NA
12/17/2024 10:00,NA
12/17/2024 11:00,NA
12/17/2024 12:00,NA
12/17/2024 13:00,NA
12/17/2024 14:00,NA
12/17/2024 15:00,NA
12/17/2024 16:00,NA
12/17/2024 17:00,NA
12/17/2024 18:00,NA
12/17/2024 19:00,NA
12/17/2024 20:00,NA
12/17/2024 21:00,NA
12/17/2024 22:00,NA
12/17/2024 23:00,NA
12/18/2024,NA
12/18/2024 1:00,NA
12/18/2024 2:00,NA
12/18/2024 3:00,NA
12/18/2024 4:00,NA
12/18/2024 5:00,NA
12/18/2024 6:00,NA
12/18/2024 7:00,NA
12/18/2024 8:00,NA
12/18/2024 9:00,NA
12/18/2024 10:00,NA
12/18/2024 11:00,NA
12/18/2024 12:00,NA
12/18/2024 13:00,NA
12/18/2024 14:00,NA
12/18/2024 15:00,NA
12/18/2024 16:00,NA
12/18/2024 17:00,NA
12/18/2024 18:00,NA
12/18/2024 19:00,NA
12/18/2024 20:00,NA
12/18/2024 21:00,NA
12/18/2024 22:00,NA
12/18/2024 23:00,NA
12/19/2024,NA
12/19/2024 1:00,NA
12/19/2024 2:00,NA
12/19/2024 3:00,NA
12/19/2024 4:00,NA
12/19/2024 5:00,NA
12/19/2024 6:00,NA
12/19/2024 7:00,NA
12/19/2024 8:00,NA
12/19/2024 9:00,NA
12/19/2024 10:00,NA
12/19/2024 11:00,NA
12/19/2024 12:00,NA
12/19/2024 13:00,NA
12/19/2024 14:00,NA
12/19/2024 15:00,NA
12/19/2024 16:00,NA
12/19/2024 17:00,NA
12/19/2024 18:00,NA
12/19/2024 19:00,NA
12/19/2024 20:00,NA
12/19/2024 21:00,NA
12/19/2024 22:00,NA
12/19/2024 23:00,NA
12/20/2024,NA
12/20/2024 1:00,NA
12/20/2024 2:00,NA
12/20/2024 3:00,NA
12/20/2024 4:00,NA
12/20/2024 5:00,NA
12/20/2024 6:00,NA
12/20/2024 7:00,NA
12/20/2024 8:00,NA
12/20/2024 9:00,NA
12/20/2024 10:00,NA
12/20/2024 11:00,NA
12/20/2024 12:00,NA
12/20/2024 13:00,NA
12/20/2024 14:00,NA
12/20/2024 15:00,NA
12/20/2024 16:00,NA
12/20/2024 17:00,NA
12/20/2024 18:00,NA
12/20/2024 19:00,NA
12/20/2024 20:00,NA
12/20/2024 21:00,NA
12/20/2024 22:00,NA
12/20/2024 23:00,NA
12/21/2024,NA
12/21/2024 1:00,NA
12/21/2024 2:00,NA
12/21/2024 3:00,NA
12/21/2024 4:00,NA
12/21/2024 5:00,NA
12/21/2024 6:00,NA
12/21/2024 7:00,NA
12/21/2024 8:00,NA
12/21/2024 9:00,NA
12/21/2024 10:00,NA
12/21/2024 11:00,NA
12/21/2024 12:00,NA
12/21/2024 13:00,NA
12/21/2024 14:00,NA
12/21/2024 15:00,NA
12/21/2024 16:00,NA
12/21/2024 17:00,NA
12/21/2024 18:00,NA
12/21/2024 19:00,NA
12/21/2024 20:00,NA
12/21/2024 21:00,NA
12/21/2024 22:00,NA
12/21/2024 23:00,NA
12/22/2024,NA
12/22/2024 1:00,NA
12/22/2024 2:00,NA
12/22/2024 3:00,NA
12/22/2024 4:00,NA
12/22/2024 5:00,NA
12/22/2024 6:00,NA
12/22/2024 7:00,NA
12/22/2024 8:00,NA
12/22/2024 9:00,NA
12/22/2024 10:00,NA
12/22/2024 11:00,NA
12/22/2024 12:00,NA
12/22/2024 13:00,NA
12/22/2024 14:00,NA
12/22/2024 15:00,NA
12/22/2024 16:00,NA
12/22/2024 17:00,NA
12/22/2024 18:00,NA
12/22/2024 19:00,NA
12/22/2024 20:00,NA
12/22/2024 21:00,NA
12/22/2024 22:00,NA
12/22/2024 23:00,NA
12/23/2024,NA
12/23/2024 1:00,NA
12/23/2024 2:00,NA
12/23/2024 3:00,NA
12/23/2024 4:00,NA
12/23/2024 5:00,NA
12/23/2024 6:00,NA
12/23/2024 7:00,NA
12/23/2024 8:00,NA
12/23/2024 9:00,NA
12/23/2024 10:00,NA
12/23/2024 11:00,NA
12/23/2024 12:00,NA
12/23/2024 13:00,NA
12/23/2024 14:00,NA
12/23/2024 15:00,NA
12/23/2024 16:00,NA
12/23/2024 17:00,NA
12/23/2024 18:00,NA
12/23/2024 19:00,NA
12/23/2024 20:00,NA
12/23/2024 21:00,NA
12/23/2024 22:00,NA
12/23/2024 23:00,NA
12/24/2024,NA
12/24/2024 1:00,NA
12/24/2024 2:00,NA
12/24/2024 3:00,NA
12/24/2024 4:00,NA
12/24/2024 5:00,NA
12/24/2024 6:00,NA
12/24/2024 7:00,NA
12/24/2024 8:00,NA
12/24/2024 9:00,NA
12/24/2024 10:00,NA
12/24/2024 11:00,NA
12/24/2024 12:00,NA
12/24/2024 13:00,NA
12/24/2024 14:00,NA
12/24/2024 15:00,NA
12/24/2024 16:00,NA
12/24/2024 17:00,NA
12/24/2024 18:00,NA
12/24/2024 19:00,NA
12/24/2024 20:00,NA
12/24/2024 21:00,NA
12/24/2024 22:00,NA
12/24/2024 23:00,NA
12/25/2024,NA
12/25/2024 1:00,NA
12/25/2024 2:00,NA
12/25/2024 3:00,NA
12/25/2024 4:00,NA
12/25/2024 5:00,NA
12/25/2024 6:00,NA
12/25/2024 7:00,NA
12/25/2024 8:00,NA
12/25/2024 9:00,NA
12/25/2024 10:00,NA
12/25/2024 11:00,NA
12/25/2024 12:00,NA
12/25/2024 13:00,NA
12/25/2024 14:00,NA
12/25/2024 15:00,NA
12/25/2024 16:00,NA
12/25/2024 17:00,NA
12/25/2024 18:00,NA
12/25/2024 19:00,NA
12/25/2024 20:00,NA
12/25/2024 21:00,NA
12/25/2024 22:00,NA
12/25/2024 23:00,NA
12/26/2024,NA
12/26/2024 1:00,NA
12/26/2024 2:00,NA
12/26/2024 3:00,NA
12/26/2024 4:00,NA
12/26/2024 5:00,NA
12/26/2024 6:00,NA
12/26/2024 7:00,NA
12/26/2024 8:00,NA
12/26/2024 9:00,NA
12/26/2024 10:00,NA
12/26/2024 11:00,NA
12/26/2024 12:00,NA
12/26/2024 13:00,NA
12/26/2024 14:00,NA
12/26/2024 15:00,NA
12/26/2024 16:00,NA
12/26/2024 17:00,NA
12/26/2024 18:00,NA
12/26/2024 19:00,NA
12/26/2024 20:00,NA
12/26/2024 21:00,NA
12/26/2024 22:00,NA
12/26/2024 23:00,NA
12/27/2024,NA
12/27/2024 1:00,NA
12/27/2024 2:00,NA
12/27/2024 3:00,NA
12/27/2024 4:00,NA
12/27/2024 5:00,NA
12/27/2024 6:00,NA
12/27/2024 7:00,NA
12/27/2024 8:00,NA
12/27/2024 9:00,NA
12/27/2024 10:00,NA
12/27/2024 11:00,NA
12/27/2024 12:00,NA
12/27/2024 13:00,NA
12/27/2024 14:00,NA
12/27/2024 15:00,NA
12/27/2024 16:00,NA
12/27/2024 17:00,NA
12/27/2024 18:00,NA
12/27/2024 19:00,NA
12/27/2024 20:00,NA
12/27/2024 21:00,NA
12/27/2024 22:00,NA
12/27/2024 23:00,NA
12/28/2024,NA
12/28/2024 1:00,NA
12/28/2024 2:00,NA
12/28/2024 3:00,NA
12/28/2024 4:00,NA
12/28/2024 5:00,NA
12/28/2024 6:00,NA
12/28/2024 7:00,NA
12/28/2024 8:00,NA
12/28/2024 9:00,NA
12/28/2024 10:00,NA
12/28/2024 11:00,NA
12/28/2024 12:00,NA
12/28/2024 13:00,NA
12/28/2024 14:00,NA
12/28/2024 15:00,NA
12/28/2024 16:00,NA
12/28/2024 17:00,NA
12/28/2024 18:00,NA
12/28/2024 19:00,NA
12/28/2024 20:00,NA
12/28/2024 21:00,NA
12/28/2024 22:00,NA
12/28/2024 23:00,NA
12/29/2024,NA
12/29/2024 1:00,NA
12/29/2024 2:00,NA
12/29/2024 3:00,NA
12/29/2024 4:00,NA
12/29/2024 5:00,NA
12/29/2024 6:00,NA
12/29/2024 7:00,NA
12/29/2024 8:00,NA
12/29/2024 9:00,NA
12/29/2024 10:00,NA
12/29/2024 11:00,NA
12/29/2024 12:00,NA
12/29/2024 13:00,NA
12/29/2024 14:00,NA
12/29/2024 15:00,NA
12/29/2024 16:00,NA
12/29/2024 17:00,NA
12/29/2024 18:00,NA
12/29/2024 19:00,NA
12/29/2024 20:00,NA
12/29/2024 21:00,NA
12/29/2024 22:00,NA
12/29/2024 23:00,NA
12/30/2024,NA
12/30/2024 1:00,NA
12/30/2024 2:00,NA
12/30/2024 3:00,NA
12/30/2024 4:00,NA
12/30/2024 5:00,NA
12/30/2024 6:00,NA
12/30/2024 7:00,NA
12/30/2024 8:00,NA
12/30/2024 9:00,NA
12/30/2024 10:00,NA
12/30/2024 11:00,NA
12/30/2024 12:00,NA
12/30/2024 13:00,NA
12/30/2024 14:00,NA
12/30/2024 15:00,NA
12/30/2024 16:00,NA
12/30/2024 17:00,NA
12/30/2024 18:00,NA
12/30/2024 19:00,NA
12/30/2024 20:00,NA
12/30/2024 21:00,NA
12/30/2024 22:00,NA
12/30/2024 23:00,NA
12/31/2024,NA
12/31/2024 1:00,NA
12/31/2024 2:00,NA
12/31/2024 3:00,NA
12/31/2024 4:00,NA
12/31/2024 5:00,NA
12/31/2024 6:00,NA
12/31/2024 7:00,NA
12/31/2024 8:00,NA
12/31/2024 9:00,NA
12/31/2024 10:00,NA
12/31/2024 11:00,NA
12/31/2024 12:00,NA
12/31/2024 13:00,NA
12/31/2024 14:00,NA
12/31/2024 15:00,NA
12/31/2024 16:00,NA
12/31/2024 17:00,NA
12/31/2024 18:00,NA
12/31/2024 19:00,NA
12/31/2024 20:00,NA
12/31/2024 21:00,NA
12/31/2024 22:00,NA
12/31/2024 23:00,NA
