Date,PM2.5
1/1/2025,NA
1/1/2025 1:00,NA
1/1/2025 2:00,NA
1/1/2025 3:00,NA
1/1/2025 4:00,NA
1/1/2025 5:00,NA
1/1/2025 6:00,NA
1/1/2025 7:00,NA
1/1/2025 8:00,NA
1/1/2025 9:00,NA
1/1/2025 10:00,NA
1/1/2025 11:00,NA
1/1/2025 12:00,NA
1/1/2025 13:00,NA
1/1/2025 14:00,19.53968249
1/1/2025 15:00,19.66166671
1/1/2025 16:00,22.66333337
1/1/2025 17:00,30.20499996
1/1/2025 18:00,29.42333342
1/1/2025 19:00,69.19666694
1/1/2025 20:00,82.02666658
1/1/2025 21:00,91.70877162
1/1/2025 22:00,71.21333313
1/1/2025 23:00,NA
1/2/2025,NA
1/2/2025 1:00,NA
1/2/2025 2:00,NA
1/2/2025 3:00,NA
1/2/2025 4:00,NA
1/2/2025 5:00,NA
1/2/2025 6:00,NA
1/2/2025 7:00,NA
1/2/2025 8:00,NA
1/2/2025 9:00,NA
1/2/2025 10:00,NA
1/2/2025 11:00,NA
1/2/2025 12:00,NA
1/2/2025 13:00,21.25510208
1/2/2025 14:00,20.7266667
1/2/2025 15:00,20.22222221
1/2/2025 16:00,25.81666665
1/2/2025 17:00,29.16500006
1/2/2025 18:00,24.39499998
1/2/2025 19:00,44.78166685
1/2/2025 20:00,66.69365117
1/2/2025 21:00,57.85964906
1/2/2025 22:00,NA
1/2/2025 23:00,NA
1/3/2025,NA
1/3/2025 1:00,NA
1/3/2025 2:00,NA
1/3/2025 3:00,NA
1/3/2025 4:00,NA
1/3/2025 5:00,NA
1/3/2025 6:00,NA
1/3/2025 7:00,NA
1/3/2025 8:00,NA
1/3/2025 9:00,NA
1/3/2025 10:00,NA
1/3/2025 11:00,NA
1/3/2025 12:00,NA
1/3/2025 13:00,18.48431376
1/3/2025 14:00,23.52878782
1/3/2025 15:00,32.29333337
1/3/2025 16:00,25.7983333
1/3/2025 17:00,29.93666665
1/3/2025 18:00,42.49166667
1/3/2025 19:00,71.09333356
1/3/2025 20:00,70.27166672
1/3/2025 21:00,62.77636372
1/3/2025 22:00,NA
1/3/2025 23:00,NA
1/4/2025,NA
1/4/2025 1:00,NA
1/4/2025 2:00,NA
1/4/2025 3:00,NA
1/4/2025 4:00,NA
1/4/2025 5:00,NA
1/4/2025 6:00,NA
1/4/2025 7:00,NA
1/4/2025 8:00,NA
1/4/2025 9:00,NA
1/4/2025 10:00,NA
1/4/2025 11:00,NA
1/4/2025 12:00,NA
1/4/2025 13:00,18.31428565
1/4/2025 14:00,17.76666662
1/4/2025 15:00,22.50166664
1/4/2025 16:00,33.75999994
1/4/2025 17:00,41.00000032
1/4/2025 18:00,38.00666634
1/4/2025 19:00,46.5750001
1/4/2025 20:00,65.34666716
1/4/2025 21:00,60.77272727
1/4/2025 22:00,60.73666674
1/4/2025 23:00,NA
1/5/2025,NA
1/5/2025 1:00,NA
1/5/2025 2:00,NA
1/5/2025 3:00,NA
1/5/2025 4:00,NA
1/5/2025 5:00,NA
1/5/2025 6:00,NA
1/5/2025 7:00,NA
1/5/2025 8:00,NA
1/5/2025 9:00,NA
1/5/2025 10:00,NA
1/5/2025 11:00,NA
1/5/2025 12:00,NA
1/5/2025 13:00,NA
1/5/2025 14:00,NA
1/5/2025 15:00,NA
1/5/2025 16:00,NA
1/5/2025 17:00,NA
1/5/2025 18:00,NA
1/5/2025 19:00,NA
1/5/2025 20:00,NA
1/5/2025 21:00,NA
1/5/2025 22:00,NA
1/5/2025 23:00,NA
1/6/2025,NA
1/6/2025 1:00,NA
1/6/2025 2:00,NA
1/6/2025 3:00,NA
1/6/2025 4:00,NA
1/6/2025 5:00,NA
1/6/2025 6:00,NA
1/6/2025 7:00,NA
1/6/2025 8:00,NA
1/6/2025 9:00,NA
1/6/2025 10:00,NA
1/6/2025 11:00,NA
1/6/2025 12:00,NA
1/6/2025 13:00,NA
1/6/2025 14:00,NA
1/6/2025 15:00,NA
1/6/2025 16:00,NA
1/6/2025 17:00,NA
1/6/2025 18:00,NA
1/6/2025 19:00,NA
1/6/2025 20:00,NA
1/6/2025 21:00,NA
1/6/2025 22:00,NA
1/6/2025 23:00,NA
1/7/2025,NA
1/7/2025 1:00,NA
1/7/2025 2:00,NA
1/7/2025 3:00,NA
1/7/2025 4:00,NA
1/7/2025 5:00,NA
1/7/2025 6:00,NA
1/7/2025 7:00,NA
1/7/2025 8:00,NA
1/7/2025 9:00,NA
1/7/2025 10:00,NA
1/7/2025 11:00,NA
1/7/2025 12:00,NA
1/7/2025 13:00,NA
1/7/2025 14:00,NA
1/7/2025 15:00,NA
1/7/2025 16:00,NA
1/7/2025 17:00,NA
1/7/2025 18:00,NA
1/7/2025 19:00,NA
1/7/2025 20:00,NA
1/7/2025 21:00,NA
1/7/2025 22:00,NA
1/7/2025 23:00,NA
1/8/2025,NA
1/8/2025 1:00,NA
1/8/2025 2:00,NA
1/8/2025 3:00,NA
1/8/2025 4:00,NA
1/8/2025 5:00,NA
1/8/2025 6:00,NA
1/8/2025 7:00,NA
1/8/2025 8:00,NA
1/8/2025 9:00,NA
1/8/2025 10:00,NA
1/8/2025 11:00,NA
1/8/2025 12:00,NA
1/8/2025 13:00,NA
1/8/2025 14:00,NA
1/8/2025 15:00,NA
1/8/2025 16:00,NA
1/8/2025 17:00,NA
1/8/2025 18:00,NA
1/8/2025 19:00,NA
1/8/2025 20:00,NA
1/8/2025 21:00,NA
1/8/2025 22:00,NA
1/8/2025 23:00,NA
1/9/2025,NA
1/9/2025 1:00,NA
1/9/2025 2:00,NA
1/9/2025 3:00,NA
1/9/2025 4:00,NA
1/9/2025 5:00,NA
1/9/2025 6:00,NA
1/9/2025 7:00,NA
1/9/2025 8:00,NA
1/9/2025 9:00,NA
1/9/2025 10:00,NA
1/9/2025 11:00,NA
1/9/2025 12:00,NA
1/9/2025 13:00,NA
1/9/2025 14:00,NA
1/9/2025 15:00,NA
1/9/2025 16:00,NA
1/9/2025 17:00,NA
1/9/2025 18:00,NA
1/9/2025 19:00,NA
1/9/2025 20:00,NA
1/9/2025 21:00,NA
1/9/2025 22:00,NA
1/9/2025 23:00,NA
1/10/2025,NA
1/10/2025 1:00,NA
1/10/2025 2:00,NA
1/10/2025 3:00,NA
1/10/2025 4:00,NA
1/10/2025 5:00,NA
1/10/2025 6:00,NA
1/10/2025 7:00,NA
1/10/2025 8:00,NA
1/10/2025 9:00,NA
1/10/2025 10:00,NA
1/10/2025 11:00,NA
1/10/2025 12:00,NA
1/10/2025 13:00,NA
1/10/2025 14:00,NA
1/10/2025 15:00,NA
1/10/2025 16:00,NA
1/10/2025 17:00,NA
1/10/2025 18:00,NA
1/10/2025 19:00,NA
1/10/2025 20:00,NA
1/10/2025 21:00,NA
1/10/2025 22:00,NA
1/10/2025 23:00,NA
1/11/2025,NA
1/11/2025 1:00,NA
1/11/2025 2:00,NA
1/11/2025 3:00,NA
1/11/2025 4:00,NA
1/11/2025 5:00,NA
1/11/2025 6:00,NA
1/11/2025 7:00,NA
1/11/2025 8:00,NA
1/11/2025 9:00,NA
1/11/2025 10:00,NA
1/11/2025 11:00,NA
1/11/2025 12:00,NA
1/11/2025 13:00,NA
1/11/2025 14:00,NA
1/11/2025 15:00,NA
1/11/2025 16:00,NA
1/11/2025 17:00,NA
1/11/2025 18:00,NA
1/11/2025 19:00,NA
1/11/2025 20:00,NA
1/11/2025 21:00,NA
1/11/2025 22:00,NA
1/11/2025 23:00,NA
1/12/2025,NA
1/12/2025 1:00,NA
1/12/2025 2:00,NA
1/12/2025 3:00,NA
1/12/2025 4:00,NA
1/12/2025 5:00,NA
1/12/2025 6:00,NA
1/12/2025 7:00,NA
1/12/2025 8:00,NA
1/12/2025 9:00,NA
1/12/2025 10:00,NA
1/12/2025 11:00,NA
1/12/2025 12:00,NA
1/12/2025 13:00,NA
1/12/2025 14:00,NA
1/12/2025 15:00,NA
1/12/2025 16:00,NA
1/12/2025 17:00,NA
1/12/2025 18:00,NA
1/12/2025 19:00,NA
1/12/2025 20:00,NA
1/12/2025 21:00,NA
1/12/2025 22:00,NA
1/12/2025 23:00,NA
1/13/2025,NA
1/13/2025 1:00,NA
1/13/2025 2:00,NA
1/13/2025 3:00,NA
1/13/2025 4:00,NA
1/13/2025 5:00,NA
1/13/2025 6:00,NA
1/13/2025 7:00,NA
1/13/2025 8:00,NA
1/13/2025 9:00,NA
1/13/2025 10:00,NA
1/13/2025 11:00,NA
1/13/2025 12:00,NA
1/13/2025 13:00,NA
1/13/2025 14:00,NA
1/13/2025 15:00,NA
1/13/2025 16:00,NA
1/13/2025 17:00,NA
1/13/2025 18:00,NA
1/13/2025 19:00,NA
1/13/2025 20:00,NA
1/13/2025 21:00,NA
1/13/2025 22:00,NA
1/13/2025 23:00,NA
1/14/2025,NA
1/14/2025 1:00,NA
1/14/2025 2:00,NA
1/14/2025 3:00,NA
1/14/2025 4:00,NA
1/14/2025 5:00,NA
1/14/2025 6:00,NA
1/14/2025 7:00,NA
1/14/2025 8:00,NA
1/14/2025 9:00,NA
1/14/2025 10:00,NA
1/14/2025 11:00,NA
1/14/2025 12:00,NA
1/14/2025 13:00,NA
1/14/2025 14:00,NA
1/14/2025 15:00,NA
1/14/2025 16:00,NA
1/14/2025 17:00,NA
1/14/2025 18:00,NA
1/14/2025 19:00,NA
1/14/2025 20:00,NA
1/14/2025 21:00,NA
1/14/2025 22:00,NA
1/14/2025 23:00,NA
1/15/2025,NA
1/15/2025 1:00,NA
1/15/2025 2:00,NA
1/15/2025 3:00,NA
1/15/2025 4:00,NA
1/15/2025 5:00,NA
1/15/2025 6:00,NA
1/15/2025 7:00,NA
1/15/2025 8:00,NA
1/15/2025 9:00,NA
1/15/2025 10:00,NA
1/15/2025 11:00,NA
1/15/2025 12:00,NA
1/15/2025 13:00,NA
1/15/2025 14:00,NA
1/15/2025 15:00,NA
1/15/2025 16:00,NA
1/15/2025 17:00,NA
1/15/2025 18:00,NA
1/15/2025 19:00,NA
1/15/2025 20:00,NA
1/15/2025 21:00,NA
1/15/2025 22:00,NA
1/15/2025 23:00,NA
1/16/2025,NA
1/16/2025 1:00,NA
1/16/2025 2:00,NA
1/16/2025 3:00,NA
1/16/2025 4:00,NA
1/16/2025 5:00,NA
1/16/2025 6:00,NA
1/16/2025 7:00,NA
1/16/2025 8:00,NA
1/16/2025 9:00,NA
1/16/2025 10:00,NA
1/16/2025 11:00,NA
1/16/2025 12:00,NA
1/16/2025 13:00,NA
1/16/2025 14:00,NA
1/16/2025 15:00,NA
1/16/2025 16:00,NA
1/16/2025 17:00,NA
1/16/2025 18:00,NA
1/16/2025 19:00,NA
1/16/2025 20:00,NA
1/16/2025 21:00,NA
1/16/2025 22:00,NA
1/16/2025 23:00,NA
1/17/2025,NA
1/17/2025 1:00,NA
1/17/2025 2:00,NA
1/17/2025 3:00,NA
1/17/2025 4:00,NA
1/17/2025 5:00,NA
1/17/2025 6:00,NA
1/17/2025 7:00,NA
1/17/2025 8:00,NA
1/17/2025 9:00,NA
1/17/2025 10:00,NA
1/17/2025 11:00,NA
1/17/2025 12:00,NA
1/17/2025 13:00,NA
1/17/2025 14:00,NA
1/17/2025 15:00,NA
1/17/2025 16:00,NA
1/17/2025 17:00,NA
1/17/2025 18:00,NA
1/17/2025 19:00,NA
1/17/2025 20:00,NA
1/17/2025 21:00,NA
1/17/2025 22:00,NA
1/17/2025 23:00,NA
1/18/2025,NA
1/18/2025 1:00,NA
1/18/2025 2:00,NA
1/18/2025 3:00,NA
1/18/2025 4:00,NA
1/18/2025 5:00,NA
1/18/2025 6:00,NA
1/18/2025 7:00,NA
1/18/2025 8:00,NA
1/18/2025 9:00,NA
1/18/2025 10:00,NA
1/18/2025 11:00,NA
1/18/2025 12:00,NA
1/18/2025 13:00,NA
1/18/2025 14:00,NA
1/18/2025 15:00,NA
1/18/2025 16:00,NA
1/18/2025 17:00,NA
1/18/2025 18:00,NA
1/18/2025 19:00,NA
1/18/2025 20:00,NA
1/18/2025 21:00,NA
1/18/2025 22:00,NA
1/18/2025 23:00,NA
1/19/2025,NA
1/19/2025 1:00,NA
1/19/2025 2:00,NA
1/19/2025 3:00,NA
1/19/2025 4:00,NA
1/19/2025 5:00,NA
1/19/2025 6:00,NA
1/19/2025 7:00,NA
1/19/2025 8:00,NA
1/19/2025 9:00,NA
1/19/2025 10:00,NA
1/19/2025 11:00,NA
1/19/2025 12:00,NA
1/19/2025 13:00,NA
1/19/2025 14:00,30.16031739
1/19/2025 15:00,24.50500011
1/19/2025 16:00,21.36290323
1/19/2025 17:00,29.31833344
1/19/2025 18:00,37.83666652
1/19/2025 19:00,61.83999977
1/19/2025 20:00,69.21499977
1/19/2025 21:00,NA
1/19/2025 22:00,NA
1/19/2025 23:00,NA
1/20/2025,NA
1/20/2025 1:00,NA
1/20/2025 2:00,NA
1/20/2025 3:00,NA
1/20/2025 4:00,NA
1/20/2025 5:00,NA
1/20/2025 6:00,NA
1/20/2025 7:00,NA
1/20/2025 8:00,NA
1/20/2025 9:00,NA
1/20/2025 10:00,NA
1/20/2025 11:00,NA
1/20/2025 12:00,NA
1/20/2025 13:00,NA
1/20/2025 14:00,25.25499988
1/20/2025 15:00,20.77333325
1/20/2025 16:00,21.04285715
1/20/2025 17:00,24.50333336
1/20/2025 18:00,38.93666662
1/20/2025 19:00,49.88833345
1/20/2025 20:00,61.38676481
1/20/2025 21:00,55.1765963
1/20/2025 22:00,NA
1/20/2025 23:00,NA
1/21/2025,NA
1/21/2025 1:00,NA
1/21/2025 2:00,NA
1/21/2025 3:00,NA
1/21/2025 4:00,NA
1/21/2025 5:00,NA
1/21/2025 6:00,NA
1/21/2025 7:00,NA
1/21/2025 8:00,NA
1/21/2025 9:00,NA
1/21/2025 10:00,NA
1/21/2025 11:00,NA
1/21/2025 12:00,NA
1/21/2025 13:00,NA
1/21/2025 14:00,17.26716433
1/21/2025 15:00,16.5516667
1/21/2025 16:00,19.19523805
1/21/2025 17:00,28.2566666
1/21/2025 18:00,33.37833338
1/21/2025 19:00,59.32166678
1/21/2025 20:00,71.93833332
1/21/2025 21:00,63.5149999
1/21/2025 22:00,NA
1/21/2025 23:00,NA
1/22/2025,NA
1/22/2025 1:00,NA
1/22/2025 2:00,NA
1/22/2025 3:00,NA
1/22/2025 4:00,NA
1/22/2025 5:00,NA
1/22/2025 6:00,NA
1/22/2025 7:00,NA
1/22/2025 8:00,NA
1/22/2025 9:00,NA
1/22/2025 10:00,NA
1/22/2025 11:00,NA
1/22/2025 12:00,NA
1/22/2025 13:00,17.66964291
1/22/2025 14:00,12.02666664
1/22/2025 15:00,8.795384594
1/22/2025 16:00,11.74000004
1/22/2025 17:00,20.87833328
1/22/2025 18:00,30.43500013
1/22/2025 19:00,49.84166657
1/22/2025 20:00,NA
1/22/2025 21:00,NA
1/22/2025 22:00,NA
1/22/2025 23:00,NA
1/23/2025,NA
1/23/2025 1:00,NA
1/23/2025 2:00,NA
1/23/2025 3:00,NA
1/23/2025 4:00,NA
1/23/2025 5:00,NA
1/23/2025 6:00,NA
1/23/2025 7:00,NA
1/23/2025 8:00,NA
1/23/2025 9:00,NA
1/23/2025 10:00,NA
1/23/2025 11:00,NA
1/23/2025 12:00,NA
1/23/2025 13:00,17.65294113
1/23/2025 14:00,16.80833326
1/23/2025 15:00,12.08260863
1/23/2025 16:00,15.00000001
1/23/2025 17:00,NA
1/23/2025 18:00,NA
1/23/2025 19:00,NA
1/23/2025 20:00,NA
1/23/2025 21:00,NA
1/23/2025 22:00,NA
1/23/2025 23:00,NA
1/24/2025,NA
1/24/2025 1:00,NA
1/24/2025 2:00,NA
1/24/2025 3:00,NA
1/24/2025 4:00,NA
1/24/2025 5:00,NA
1/24/2025 6:00,NA
1/24/2025 7:00,NA
1/24/2025 8:00,NA
1/24/2025 9:00,NA
1/24/2025 10:00,NA
1/24/2025 11:00,NA
1/24/2025 12:00,NA
1/24/2025 13:00,NA
1/24/2025 14:00,NA
1/24/2025 15:00,NA
1/24/2025 16:00,NA
1/24/2025 17:00,NA
1/24/2025 18:00,NA
1/24/2025 19:00,NA
1/24/2025 20:00,NA
1/24/2025 21:00,NA
1/24/2025 22:00,NA
1/24/2025 23:00,NA
1/25/2025,NA
1/25/2025 1:00,NA
1/25/2025 2:00,NA
1/25/2025 3:00,NA
1/25/2025 4:00,NA
1/25/2025 5:00,NA
1/25/2025 6:00,NA
1/25/2025 7:00,NA
1/25/2025 8:00,NA
1/25/2025 9:00,NA
1/25/2025 10:00,NA
1/25/2025 11:00,NA
1/25/2025 12:00,NA
1/25/2025 13:00,NA
1/25/2025 14:00,NA
1/25/2025 15:00,NA
1/25/2025 16:00,NA
1/25/2025 17:00,NA
1/25/2025 18:00,NA
1/25/2025 19:00,NA
1/25/2025 20:00,NA
1/25/2025 21:00,NA
1/25/2025 22:00,NA
1/25/2025 23:00,NA
1/26/2025,NA
1/26/2025 1:00,NA
1/26/2025 2:00,NA
1/26/2025 3:00,NA
1/26/2025 4:00,NA
1/26/2025 5:00,NA
1/26/2025 6:00,NA
1/26/2025 7:00,NA
1/26/2025 8:00,NA
1/26/2025 9:00,NA
1/26/2025 10:00,NA
1/26/2025 11:00,NA
1/26/2025 12:00,NA
1/26/2025 13:00,NA
1/26/2025 14:00,NA
1/26/2025 15:00,NA
1/26/2025 16:00,NA
1/26/2025 17:00,NA
1/26/2025 18:00,NA
1/26/2025 19:00,NA
1/26/2025 20:00,NA
1/26/2025 21:00,NA
1/26/2025 22:00,NA
1/26/2025 23:00,NA
1/27/2025,NA
1/27/2025 1:00,NA
1/27/2025 2:00,NA
1/27/2025 3:00,NA
1/27/2025 4:00,NA
1/27/2025 5:00,NA
1/27/2025 6:00,NA
1/27/2025 7:00,NA
1/27/2025 8:00,NA
1/27/2025 9:00,NA
1/27/2025 10:00,NA
1/27/2025 11:00,NA
1/27/2025 12:00,NA
1/27/2025 13:00,NA
1/27/2025 14:00,NA
1/27/2025 15:00,NA
1/27/2025 16:00,NA
1/27/2025 17:00,NA
1/27/2025 18:00,NA
1/27/2025 19:00,NA
1/27/2025 20:00,NA
1/27/2025 21:00,NA
1/27/2025 22:00,NA
1/27/2025 23:00,NA
1/28/2025,NA
1/28/2025 1:00,NA
1/28/2025 2:00,NA
1/28/2025 3:00,NA
1/28/2025 4:00,NA
1/28/2025 5:00,NA
1/28/2025 6:00,NA
1/28/2025 7:00,NA
1/28/2025 8:00,NA
1/28/2025 9:00,NA
1/28/2025 10:00,NA
1/28/2025 11:00,NA
1/28/2025 12:00,NA
1/28/2025 13:00,NA
1/28/2025 14:00,NA
1/28/2025 15:00,NA
1/28/2025 16:00,50.68771918
1/28/2025 17:00,50.93333321
1/28/2025 18:00,59.07000001
1/28/2025 19:00,65.01451634
1/28/2025 20:00,73.79666691
1/28/2025 21:00,72.20833302
1/28/2025 22:00,93.67666677
1/28/2025 23:00,102.8666664
1/29/2025,93.81499964
1/29/2025 1:00,102.0016671
1/29/2025 2:00,98.97166659
1/29/2025 3:00,94.25166651
1/29/2025 4:00,95.18305051
1/29/2025 5:00,98.79666684
1/29/2025 6:00,111.1566671
1/29/2025 7:00,130.4966665
1/29/2025 8:00,149.8466662
1/29/2025 9:00,NA
1/29/2025 10:00,NA
1/29/2025 11:00,55.06349194
1/29/2025 12:00,49.30634907
1/29/2025 13:00,38.5274194
1/29/2025 14:00,37.65999991
1/29/2025 15:00,49.74838706
1/29/2025 16:00,53.29843742
1/29/2025 17:00,60.28999996
1/29/2025 18:00,70.95666669
1/29/2025 19:00,72.50158667
1/29/2025 20:00,81.86666705
1/29/2025 21:00,128.3566671
1/29/2025 22:00,124.5349997
1/29/2025 23:00,110.3883336
1/30/2025,110.4633333
1/30/2025 1:00,117.6450001
1/30/2025 2:00,108.3449999
1/30/2025 3:00,104.9599997
1/30/2025 4:00,113.1967217
1/30/2025 5:00,121.7899996
1/30/2025 6:00,104.5349998
1/30/2025 7:00,94.62333387
1/30/2025 8:00,122.1733332
1/30/2025 9:00,75.47647061
1/30/2025 10:00,81.49206337
1/30/2025 11:00,81.80967688
1/30/2025 12:00,60.23333314
1/30/2025 13:00,49.36833337
1/30/2025 14:00,41.34000025
1/30/2025 15:00,38.17096769
1/30/2025 16:00,43.41311477
1/30/2025 17:00,51.72982453
1/30/2025 18:00,67.61333345
1/30/2025 19:00,84.8807013
1/30/2025 20:00,73.63499934
1/30/2025 21:00,79.82333361
1/30/2025 22:00,103.9500001
1/30/2025 23:00,105.4400002
1/31/2025,99.60833333
1/31/2025 1:00,98.87833354
1/31/2025 2:00,94.70999985
1/31/2025 3:00,105.3500001
1/31/2025 4:00,104.2688521
1/31/2025 5:00,118.5199994
1/31/2025 6:00,132.303334
1/31/2025 7:00,147.3716662
1/31/2025 8:00,161.6999995
1/31/2025 9:00,120.8733344
1/31/2025 10:00,80.425
1/31/2025 11:00,67.30666669
1/31/2025 12:00,58.61333364
1/31/2025 13:00,47.97166659
1/31/2025 14:00,35.08095239
1/31/2025 15:00,40.89999989
1/31/2025 16:00,47.66101701
1/31/2025 17:00,48.33499997
1/31/2025 18:00,57.87666677
1/31/2025 19:00,64.88166644
1/31/2025 20:00,114.5507935
1/31/2025 21:00,115.9233331
1/31/2025 22:00,109.5983334
1/31/2025 23:00,118.0333332
2/1/2025,100.285
2/1/2025 1:00,92.09833387
2/1/2025 2:00,90.02166684
2/1/2025 3:00,94.45500031
2/1/2025 4:00,100.9266666
2/1/2025 5:00,97.48833326
2/1/2025 6:00,102.6800001
2/1/2025 7:00,127.5833335
2/1/2025 8:00,159.9966661
2/1/2025 9:00,134.7460317
2/1/2025 10:00,87.37333336
2/1/2025 11:00,68.59333312
2/1/2025 12:00,72.51111118
2/1/2025 13:00,49.86666658
2/1/2025 14:00,30.26833331
2/1/2025 15:00,28.24666656
2/1/2025 16:00,36.65084732
2/1/2025 17:00,46.70499986
2/1/2025 18:00,58.61500003
2/1/2025 19:00,59.58333352
2/1/2025 20:00,101.1950006
2/1/2025 21:00,106.2866662
2/1/2025 22:00,108.1383335
2/1/2025 23:00,99.64999962
2/2/2025,100.5383338
2/2/2025 1:00,82.8450002
2/2/2025 2:00,69.92999954
2/2/2025 3:00,76.85333366
2/2/2025 4:00,75.55409829
2/2/2025 5:00,87.41333377
2/2/2025 6:00,86.80333341
2/2/2025 7:00,119.4616662
2/2/2025 8:00,158.5799995
2/2/2025 9:00,162.5900002
2/2/2025 10:00,77.21000017
2/2/2025 11:00,51.03174615
2/2/2025 12:00,27.45333331
2/2/2025 13:00,30.73000002
2/2/2025 14:00,17.3000001
2/2/2025 15:00,18.52857143
2/2/2025 16:00,30.59500008
2/2/2025 17:00,40.56333338
2/2/2025 18:00,49.07666677
2/2/2025 19:00,56.14833323
2/2/2025 20:00,92.61500041
2/2/2025 21:00,103.0316667
2/2/2025 22:00,104.373333
2/2/2025 23:00,88.88833377
2/3/2025,93.86333351
2/3/2025 1:00,78.85833346
2/3/2025 2:00,79.0216664
2/3/2025 3:00,77.53333308
2/3/2025 4:00,71.62666715
2/3/2025 5:00,71.63666598
2/3/2025 6:00,99.60500069
2/3/2025 7:00,135.3800002
2/3/2025 8:00,159.8699989
2/3/2025 9:00,122.2466667
2/3/2025 10:00,81.48999996
2/3/2025 11:00,46.9868856
2/3/2025 12:00,54.81666673
2/3/2025 13:00,52.82333336
2/3/2025 14:00,28.63000008
2/3/2025 15:00,26.41499987
2/3/2025 16:00,33.84333334
2/3/2025 17:00,43.55833333
2/3/2025 18:00,65.43114759
2/3/2025 19:00,94.95833378
2/3/2025 20:00,116.0449996
2/3/2025 21:00,120.5066664
2/3/2025 22:00,134.1166667
2/3/2025 23:00,132.6649995
2/4/2025,106.576667
2/4/2025 1:00,105.3833331
2/4/2025 2:00,105.8566667
2/4/2025 3:00,106.4749999
2/4/2025 4:00,104.5442625
2/4/2025 5:00,99.4483331
2/4/2025 6:00,113.9866671
2/4/2025 7:00,126.836667
2/4/2025 8:00,148.0833333
2/4/2025 9:00,159.9699989
2/4/2025 10:00,120.5537309
2/4/2025 11:00,83.42295081
2/4/2025 12:00,80.57903253
2/4/2025 13:00,65.42166691
2/4/2025 14:00,50.92833312
2/4/2025 15:00,33.50952388
2/4/2025 16:00,32.87666664
2/4/2025 17:00,38.78571438
2/4/2025 18:00,63.19666627
2/4/2025 19:00,76.22666645
2/4/2025 20:00,84.44833272
2/4/2025 21:00,124.4399999
2/4/2025 22:00,109.9383331
2/4/2025 23:00,102.2116673
2/5/2025,105.3200001
2/5/2025 1:00,97.47499987
2/5/2025 2:00,104.4299999
2/5/2025 3:00,102.7033334
2/5/2025 4:00,97.27377069
2/5/2025 5:00,104.5850001
2/5/2025 6:00,134.0616659
2/5/2025 7:00,129.7049998
2/5/2025 8:00,198.6766665
2/5/2025 9:00,189.9916669
2/5/2025 10:00,90.35000006
2/5/2025 11:00,40.58333352
2/5/2025 12:00,32.55396825
2/5/2025 13:00,24.60666656
2/5/2025 14:00,23.00666679
2/5/2025 15:00,20.86500007
2/5/2025 16:00,21.82372869
2/5/2025 17:00,25.6444446
2/5/2025 18:00,31.09333356
2/5/2025 19:00,32.82166684
2/5/2025 20:00,52.53500007
2/5/2025 21:00,64.04999994
2/5/2025 22:00,74.94666672
2/5/2025 23:00,83.75000013
2/6/2025,71.91666648
2/6/2025 1:00,67.45833346
2/6/2025 2:00,74.16666679
2/6/2025 3:00,72.1483333
2/6/2025 4:00,66.63442618
2/6/2025 5:00,75.84666678
2/6/2025 6:00,104.246667
2/6/2025 7:00,125.4783335
2/6/2025 8:00,155.8849998
2/6/2025 9:00,90.3733333
2/6/2025 10:00,67.90793622
2/6/2025 11:00,38.13606575
2/6/2025 12:00,20.92666664
2/6/2025 13:00,24.98225804
2/6/2025 14:00,13.57833331
2/6/2025 15:00,16.84666656
2/6/2025 16:00,25.1288135
2/6/2025 17:00,30.58730174
2/6/2025 18:00,46.92000001
2/6/2025 19:00,57.64833323
2/6/2025 20:00,81.22166684
2/6/2025 21:00,89.10333328
2/6/2025 22:00,90.68000031
2/6/2025 23:00,96.38499959
2/7/2025,105.0816664
2/7/2025 1:00,88.66666654
2/7/2025 2:00,68.29166641
2/7/2025 3:00,76.44166667
2/7/2025 4:00,75.2704918
2/7/2025 5:00,89.26666641
2/7/2025 6:00,105.5750005
2/7/2025 7:00,142.2433346
2/7/2025 8:00,147.6916664
2/7/2025 9:00,88.2916666
2/7/2025 10:00,80.92499968
2/7/2025 11:00,57.58548435
2/7/2025 12:00,45.07833331
2/7/2025 13:00,23.37833327
2/7/2025 14:00,24.73499994
2/7/2025 15:00,17.675
2/7/2025 16:00,15.71525413
2/7/2025 17:00,21.59500006
2/7/2025 18:00,41.04666653
2/7/2025 19:00,86.52166704
2/7/2025 20:00,109.0550003
2/7/2025 21:00,103.9883331
2/7/2025 22:00,103.9666662
2/7/2025 23:00,108.5633333
2/8/2025,96.71166725
2/8/2025 1:00,93.74500033
2/8/2025 2:00,80.58333314
2/8/2025 3:00,70.14166698
2/8/2025 4:00,88.7508196
2/8/2025 5:00,92.0649999
2/8/2025 6:00,104.0700001
2/8/2025 7:00,125.1612907
2/8/2025 8:00,154.3450007
2/8/2025 9:00,127.8272728
2/8/2025 10:00,62.38448294
2/8/2025 11:00,58.91166655
2/8/2025 12:00,38.29666659
2/8/2025 13:00,40.16333323
2/8/2025 14:00,49.64833361
2/8/2025 15:00,46.65999991
2/8/2025 16:00,70.74999962
2/8/2025 17:00,75.46825409
2/8/2025 18:00,76.42153872
2/8/2025 19:00,79.17619033
2/8/2025 20:00,88.3766669
2/8/2025 21:00,106.4949999
2/8/2025 22:00,119.3233336
2/8/2025 23:00,128.6049995
2/9/2025,112.4683338
2/9/2025 1:00,108.8033333
2/9/2025 2:00,111.8516668
2/9/2025 3:00,107.6183331
2/9/2025 4:00,96.89166705
2/9/2025 5:00,103.3533334
2/9/2025 6:00,129.8849997
2/9/2025 7:00,129.0116667
2/9/2025 8:00,130.7031743
2/9/2025 9:00,133.7290312
2/9/2025 10:00,80.938333
2/9/2025 11:00,68.2233331
2/9/2025 12:00,67.725
2/9/2025 13:00,54.76865677
2/9/2025 14:00,53.48333352
2/9/2025 15:00,40.8299998
2/9/2025 16:00,54.62166665
2/9/2025 17:00,63.19032281
2/9/2025 18:00,72.31500003
2/9/2025 19:00,78.61999969
2/9/2025 20:00,84.3899999
2/9/2025 21:00,105.065
2/9/2025 22:00,117.7366667
2/9/2025 23:00,120.203333
2/10/2025,115.9849998
2/10/2025 1:00,106.3800002
2/10/2025 2:00,115.2633333
2/10/2025 3:00,116.4849997
2/10/2025 4:00,128.0133338
2/10/2025 5:00,108.9466665
2/10/2025 6:00,123.2500006
2/10/2025 7:00,147.9833344
2/10/2025 8:00,164.1866666
2/10/2025 9:00,127.2100005
2/10/2025 10:00,94.97333368
2/10/2025 11:00,82.48000018
2/10/2025 12:00,61.18055529
2/10/2025 13:00,36.16825403
2/10/2025 14:00,37.56833331
2/10/2025 15:00,41.50999994
2/10/2025 16:00,40.79697002
2/10/2025 17:00,48.06166668
2/10/2025 18:00,76.73666655
2/10/2025 19:00,79.24500008
2/10/2025 20:00,106.5316669
2/10/2025 21:00,132.6650003
2/10/2025 22:00,134.4400008
2/10/2025 23:00,136.3700005
2/11/2025,128.7633336
2/11/2025 1:00,111.0583337
2/11/2025 2:00,103.9017541
2/11/2025 3:00,106.4000001
2/11/2025 4:00,110.2599998
2/11/2025 5:00,112.9866666
2/11/2025 6:00,127.3999999
2/11/2025 7:00,161.7350004
2/11/2025 8:00,182.0850004
2/11/2025 9:00,140.6183334
2/11/2025 10:00,115.5199997
2/11/2025 11:00,61.15483884
2/11/2025 12:00,20.8333333
2/11/2025 13:00,15.24666673
2/11/2025 14:00,16.90333335
2/11/2025 15:00,18.8216667
2/11/2025 16:00,23.35384605
2/11/2025 17:00,36.25499999
2/11/2025 18:00,57.04603177
2/11/2025 19:00,59.30166658
2/11/2025 20:00,64.81499971
2/11/2025 21:00,81.74000003
2/11/2025 22:00,122.4966667
2/11/2025 23:00,120.3366665
2/12/2025,113.5683334
2/12/2025 1:00,109.2483334
2/12/2025 2:00,105.4649996
2/12/2025 3:00,107.2566666
2/12/2025 4:00,111.6262301
2/12/2025 5:00,122.4116661
2/12/2025 6:00,122.4649998
2/12/2025 7:00,153.1999999
2/12/2025 8:00,157.0933336
2/12/2025 9:00,127.8066666
2/12/2025 10:00,92.54032252
2/12/2025 11:00,47.11166646
2/12/2025 12:00,28.19848509
2/12/2025 13:00,26.78225803
2/12/2025 14:00,34.54666659
2/12/2025 15:00,59.26833318
2/12/2025 16:00,71.41935484
2/12/2025 17:00,71.49666665
2/12/2025 18:00,66.73650808
2/12/2025 19:00,65.03225813
2/12/2025 20:00,58.02166691
2/12/2025 21:00,79.25666656
2/12/2025 22:00,90.82166659
2/12/2025 23:00,119.8616673
2/13/2025,97.02166608
2/13/2025 1:00,99.52500038
2/13/2025 2:00,89.53666662
2/13/2025 3:00,92.34333331
2/13/2025 4:00,90.63278699
2/13/2025 5:00,94.11666654
2/13/2025 6:00,106.2
2/13/2025 7:00,131.8783329
2/13/2025 8:00,155.028333
2/13/2025 9:00,92.04166641
2/13/2025 10:00,74.21333288
2/13/2025 11:00,52.5299998
2/13/2025 12:00,44.68500001
2/13/2025 13:00,33.89999994
2/13/2025 14:00,32.0666666
2/13/2025 15:00,43.3233333
2/13/2025 16:00,61.31666629
2/13/2025 17:00,71.09666716
2/13/2025 18:00,82.00999972
2/13/2025 19:00,95.34761883
2/13/2025 20:00,101.9116669
2/13/2025 21:00,96.46349226
2/13/2025 22:00,119.2766666
2/13/2025 23:00,127.8833336
2/14/2025,118.196667
2/14/2025 1:00,113.9050003
2/14/2025 2:00,116.1583335
2/14/2025 3:00,119.4700006
2/14/2025 4:00,120.4711869
2/14/2025 5:00,128.1866667
2/14/2025 6:00,134.2916665
2/14/2025 7:00,146.4950012
2/14/2025 8:00,171.7266678
2/14/2025 9:00,119.1757579
2/14/2025 10:00,95.85833308
2/14/2025 11:00,67.7033329
2/14/2025 12:00,54.05238082
2/14/2025 13:00,53.48333352
2/14/2025 14:00,52.41166662
2/14/2025 15:00,63.45833314
2/14/2025 16:00,67.85166683
2/14/2025 17:00,78.12857177
2/14/2025 18:00,84.08281291
2/14/2025 19:00,84.32698386
2/14/2025 20:00,89.6200002
2/14/2025 21:00,105.546667
2/14/2025 22:00,129.548333
2/14/2025 23:00,120.1816671
2/15/2025,113.4966667
2/15/2025 1:00,129.4083336
2/15/2025 2:00,125.0366665
2/15/2025 3:00,91.82999954
2/15/2025 4:00,117.5557376
2/15/2025 5:00,132.9050001
2/15/2025 6:00,113.8716672
2/15/2025 7:00,146.5733339
2/15/2025 8:00,160.2000008
2/15/2025 9:00,120.1249999
2/15/2025 10:00,103.8366669
2/15/2025 11:00,83.90833352
2/15/2025 12:00,71.86166674
2/15/2025 13:00,74.81999982
2/15/2025 14:00,76.00166664
2/15/2025 15:00,83.14499995
2/15/2025 16:00,73.54166673
2/15/2025 17:00,74.09499982
2/15/2025 18:00,85.06333326
2/15/2025 19:00,87.67000033
2/15/2025 20:00,85.87000033
2/15/2025 21:00,95.08999964
2/15/2025 22:00,105.4666673
2/15/2025 23:00,126.513333
2/16/2025,128.048333
2/16/2025 1:00,128.5533332
2/16/2025 2:00,121.626667
2/16/2025 3:00,123.8683328
2/16/2025 4:00,123.2566663
2/16/2025 5:00,119.0766668
2/16/2025 6:00,128.1899999
2/16/2025 7:00,143.6999997
2/16/2025 8:00,211.126667
2/16/2025 9:00,174.9483327
2/16/2025 10:00,110.7883333
2/16/2025 11:00,81.74833317
2/16/2025 12:00,53.32333361
2/16/2025 13:00,53.8
2/16/2025 14:00,48.51999982
2/16/2025 15:00,53.86833337
2/16/2025 16:00,64.64745738
2/16/2025 17:00,68.27166665
2/16/2025 18:00,74.97499975
2/16/2025 19:00,90.99833298
2/16/2025 20:00,85.35166715
2/16/2025 21:00,109.5400005
2/16/2025 22:00,119.1566669
2/16/2025 23:00,123.6966672
2/17/2025,118.2983337
2/17/2025 1:00,106.2483335
2/17/2025 2:00,114.7633333
2/17/2025 3:00,114.0333332
2/17/2025 4:00,132.1533337
2/17/2025 5:00,134.61
2/17/2025 6:00,138.3900002
2/17/2025 7:00,147.7350001
2/17/2025 8:00,192.6616671
2/17/2025 9:00,143.4249999
2/17/2025 10:00,116.8483327
2/17/2025 11:00,68.97666696
2/17/2025 12:00,67.05833321
2/17/2025 13:00,75.80161298
2/17/2025 14:00,58.53064512
2/17/2025 15:00,57.71666654
2/17/2025 16:00,63.24576265
2/17/2025 17:00,61.90952386
2/17/2025 18:00,68.66833293
2/17/2025 19:00,71.82833316
2/17/2025 20:00,76.36333351
2/17/2025 21:00,77.63166707
2/17/2025 22:00,75.65500056
2/17/2025 23:00,85.45333316
2/18/2025,91.48500023
2/18/2025 1:00,107.0216666
2/18/2025 2:00,111.8183332
2/18/2025 3:00,106.2666669
2/18/2025 4:00,137.8344265
2/18/2025 5:00,137.8800002
2/18/2025 6:00,143.8883334
2/18/2025 7:00,154.3166673
2/18/2025 8:00,154.4216654
2/18/2025 9:00,147.3349996
2/18/2025 10:00,120.7199999
2/18/2025 11:00,79.25500031
2/18/2025 12:00,59.57499975
2/18/2025 13:00,48.23666674
2/18/2025 14:00,54.67666664
2/18/2025 15:00,59.45666676
2/18/2025 16:00,60.26271167
2/18/2025 17:00,62.63166663
2/18/2025 18:00,85.17833316
2/18/2025 19:00,87.67460293
2/18/2025 20:00,86.68000031
2/18/2025 21:00,93.15500005
2/18/2025 22:00,117.8549999
2/18/2025 23:00,112.0133334
2/19/2025,115.288333
2/19/2025 1:00,112.4149998
2/19/2025 2:00,115.0499997
2/19/2025 3:00,132.8116678
2/19/2025 4:00,127.916666
2/19/2025 5:00,123.2533337
2/19/2025 6:00,138.4550001
2/19/2025 7:00,138.276667
2/19/2025 8:00,157.6063501
2/19/2025 9:00,148.9766658
2/19/2025 10:00,99.20999985
2/19/2025 11:00,72.35666625
2/19/2025 12:00,60.11290286
2/19/2025 13:00,48.5016669
2/19/2025 14:00,45.41666679
2/19/2025 15:00,49.47166684
2/19/2025 16:00,48.07833335
2/19/2025 17:00,53.07333342
2/19/2025 18:00,62.08999983
2/19/2025 19:00,63.45166645
2/19/2025 20:00,113.2099998
2/19/2025 21:00,113.7599998
2/19/2025 22:00,115.3400003
2/19/2025 23:00,114.8933333
2/20/2025,113.4633333
2/20/2025 1:00,107.8349998
2/20/2025 2:00,108.9333331
2/20/2025 3:00,112.6133331
2/20/2025 4:00,104.8590167
2/20/2025 5:00,118.2933331
2/20/2025 6:00,132.9716667
2/20/2025 7:00,168.8600001
2/20/2025 8:00,162.6883334
2/20/2025 9:00,137.6999999
2/20/2025 10:00,86.36999982
2/20/2025 11:00,51.42499994
2/20/2025 12:00,40.7166666
2/20/2025 13:00,45.71500022
2/20/2025 14:00,51.37500006
2/20/2025 15:00,63.9466671
2/20/2025 16:00,66.21525464
2/20/2025 17:00,72.03666706
2/20/2025 18:00,76.52903218
2/20/2025 19:00,80.50833384
2/20/2025 20:00,88.33666674
2/20/2025 21:00,115.4400008
2/20/2025 22:00,116.4283334
2/20/2025 23:00,119.611667
2/21/2025,120.876666
2/21/2025 1:00,118.25
2/21/2025 2:00,117.0699993
2/21/2025 3:00,109.0700001
2/21/2025 4:00,123.5245904
2/21/2025 5:00,122.5966667
2/21/2025 6:00,124.7366666
2/21/2025 7:00,145.8066663
2/21/2025 8:00,164.878332
2/21/2025 9:00,135.2383334
2/21/2025 10:00,88.09523773
2/21/2025 11:00,51.44333312
2/21/2025 12:00,38.07833303
2/21/2025 13:00,33.07000008
2/21/2025 14:00,33.89538448
2/21/2025 15:00,41.14833349
2/21/2025 16:00,38.74153841
2/21/2025 17:00,41.81333345
2/21/2025 18:00,55.62499994
2/21/2025 19:00,70.81129019
2/21/2025 20:00,76.56999976
2/21/2025 21:00,107.3333335
2/21/2025 22:00,115.6349998
2/21/2025 23:00,115.4700001
2/22/2025,108.5433334
2/22/2025 1:00,107.598333
2/22/2025 2:00,114.8050001
2/22/2025 3:00,111.0733327
2/22/2025 4:00,145.151667
2/22/2025 5:00,115.3766668
2/22/2025 6:00,121.7449999
2/22/2025 7:00,142.3100006
2/22/2025 8:00,152.3616671
2/22/2025 9:00,104.7566669
2/22/2025 10:00,75.69000003
2/22/2025 11:00,25.20999997
2/22/2025 12:00,21.96612904
2/22/2025 13:00,22.07096783
2/22/2025 14:00,27.74166657
2/22/2025 15:00,28.7216664
2/22/2025 16:00,34.93833329
2/22/2025 17:00,38.50833324
2/22/2025 18:00,51.72833328
2/22/2025 19:00,57.1816665
2/22/2025 20:00,65.17500013
2/22/2025 21:00,77.77499987
2/22/2025 22:00,95.27000046
2/22/2025 23:00,81.56833305
2/23/2025,94.21666667
2/23/2025 1:00,83.86999982
2/23/2025 2:00,80.87666664
2/23/2025 3:00,83.13833326
2/23/2025 4:00,81.42786845
2/23/2025 5:00,97.15999997
2/23/2025 6:00,137.8283333
2/23/2025 7:00,146.1549995
2/23/2025 8:00,144.7933343
2/23/2025 9:00,82.28666681
2/23/2025 10:00,40.00166658
2/23/2025 11:00,34.91774208
2/23/2025 12:00,34.47166656
2/23/2025 13:00,36.16190496
2/23/2025 14:00,34.93500026
2/23/2025 15:00,37.12833316
2/23/2025 16:00,44.71666673
2/23/2025 17:00,54.675
2/23/2025 18:00,60.18333321
2/23/2025 19:00,65.14000022
2/23/2025 20:00,78.56499977
2/23/2025 21:00,104.8483332
2/23/2025 22:00,122.900001
2/23/2025 23:00,113.05
2/24/2025,106.4850002
2/24/2025 1:00,95.75333328
2/24/2025 2:00,105.0866667
2/24/2025 3:00,116.8466662
2/24/2025 4:00,102.0216667
2/24/2025 5:00,93.38333333
2/24/2025 6:00,210.9266659
2/24/2025 7:00,115.1416665
2/24/2025 8:00,131.2333332
2/24/2025 9:00,114.8049997
2/24/2025 10:00,85.37000008
2/24/2025 11:00,56.44333318
2/24/2025 12:00,39.39833342
2/24/2025 13:00,39.69193545
2/24/2025 14:00,46.48166663
2/24/2025 15:00,45.16499996
2/24/2025 16:00,51.94333324
2/24/2025 17:00,58.9983338
2/24/2025 18:00,60.33833351
2/24/2025 19:00,62.12999992
2/24/2025 20:00,62.50500024
2/24/2025 21:00,75.42500013
2/24/2025 22:00,67.25833365
2/24/2025 23:00,82.96000023
2/25/2025,109.8933339
2/25/2025 1:00,106.8399999
2/25/2025 2:00,109.4116662
2/25/2025 3:00,110.635
2/25/2025 4:00,102.4450001
2/25/2025 5:00,118.0350005
2/25/2025 6:00,118.6416663
2/25/2025 7:00,173.1859648
2/25/2025 8:00,153.7466665
2/25/2025 9:00,114.5866667
2/25/2025 10:00,86.84516144
2/25/2025 11:00,55.93999983
2/25/2025 12:00,44.07833335
2/25/2025 13:00,43.34000003
2/25/2025 14:00,50.86333338
2/25/2025 15:00,50.47166691
2/25/2025 16:00,52.11000023
2/25/2025 17:00,58.36271183
2/25/2025 18:00,65.32500019
2/25/2025 19:00,73.84666659
2/25/2025 20:00,83.63333333
2/25/2025 21:00,105.9666669
2/25/2025 22:00,117.1766661
2/25/2025 23:00,107.6283335
2/26/2025,101.3016665
2/26/2025 1:00,123.9233341
2/26/2025 2:00,116.5549999
2/26/2025 3:00,117.6550001
2/26/2025 4:00,94.79833361
2/26/2025 5:00,105.7616669
2/26/2025 6:00,142.890001
2/26/2025 7:00,153.1166659
2/26/2025 8:00,158.4333347
2/26/2025 9:00,130.1783332
2/26/2025 10:00,116.6603172
2/26/2025 11:00,64.8533329
2/26/2025 12:00,48.82333342
2/26/2025 13:00,51.01666648
2/26/2025 14:00,50.21833331
2/26/2025 15:00,49.67166665
2/26/2025 16:00,44.90677947
2/26/2025 17:00,56.12500025
2/26/2025 18:00,72.19333337
2/26/2025 19:00,95.36190517
2/26/2025 20:00,75.20999985
2/26/2025 21:00,83.15333341
2/26/2025 22:00,87.70000025
2/26/2025 23:00,94.25999934
2/27/2025,102.5183334
2/27/2025 1:00,92.32166684
2/27/2025 2:00,111.0283328
2/27/2025 3:00,115.3283333
2/27/2025 4:00,129.3278691
2/27/2025 5:00,132.733334
2/27/2025 6:00,144.0833338
2/27/2025 7:00,161.6233327
2/27/2025 8:00,173.0083338
2/27/2025 9:00,165.8933332
2/27/2025 10:00,122.9283337
2/27/2025 11:00,66.37999954
2/27/2025 12:00,48.30333347
2/27/2025 13:00,38.65000006
2/27/2025 14:00,51.02499981
2/27/2025 15:00,52.3612901
2/27/2025 16:00,54.15593241
2/27/2025 17:00,59.75999997
2/27/2025 18:00,71.07166672
2/27/2025 19:00,74.52698432
2/27/2025 20:00,81.26833356
2/27/2025 21:00,96.43499997
2/27/2025 22:00,104.3716665
2/27/2025 23:00,126.4000009
2/28/2025,117.3549999
2/28/2025 1:00,113.2733332
2/28/2025 2:00,118.0500001
2/28/2025 3:00,116.5733337
2/28/2025 4:00,128.5786886
2/28/2025 5:00,133.1116674
2/28/2025 6:00,126.0199997
2/28/2025 7:00,151.4583324
2/28/2025 8:00,NA
2/28/2025 9:00,138.8741935
2/28/2025 10:00,107.0499997
2/28/2025 11:00,91.51499983
2/28/2025 12:00,25.50999997
2/28/2025 13:00,48.78833348
2/28/2025 14:00,27.84307697
2/28/2025 15:00,34.88499978
2/28/2025 16:00,44.17049202
2/28/2025 17:00,37.26500006
2/28/2025 18:00,45.09999987
2/28/2025 19:00,NA
2/28/2025 20:00,NA
2/28/2025 21:00,54.48260888
2/28/2025 22:00,77.59499995
2/28/2025 23:00,63.77833328
3/1/2025,66.81000023
3/1/2025 1:00,62.27500038
3/1/2025 2:00,62.45333354
3/1/2025 3:00,61.59499995
3/1/2025 4:00,58.44262258
3/1/2025 5:00,59.68833332
3/1/2025 6:00,66.81500009
3/1/2025 7:00,61.35833321
3/1/2025 8:00,67.53333321
3/1/2025 9:00,72.44333324
3/1/2025 10:00,63.11833299
3/1/2025 11:00,34.12833335
3/1/2025 12:00,20.30833337
3/1/2025 13:00,16.94833328
3/1/2025 14:00,14.3306453
3/1/2025 15:00,16.61499998
3/1/2025 16:00,20.83666676
3/1/2025 17:00,18.08666668
3/1/2025 18:00,41.27000036
3/1/2025 19:00,51.40793631
3/1/2025 20:00,46.90666663
3/1/2025 21:00,66.9366663
3/1/2025 22:00,64.39833342
3/1/2025 23:00,70.9583334
3/2/2025,61.42333374
3/2/2025 1:00,67.51500022
3/2/2025 2:00,59.0850001
3/2/2025 3:00,55.1700002
3/2/2025 4:00,56.30000018
3/2/2025 5:00,52.2850001
3/2/2025 6:00,61.68666681
3/2/2025 7:00,77.77500045
3/2/2025 8:00,102.8516673
3/2/2025 9:00,80.92666613
3/2/2025 10:00,55.94838721
3/2/2025 11:00,24.42166669
3/2/2025 12:00,16.36000005
3/2/2025 13:00,16.56499996
3/2/2025 14:00,12.63500002
3/2/2025 15:00,16.05076916
3/2/2025 16:00,14.13166666
3/2/2025 17:00,17.38500002
3/2/2025 18:00,23.53666662
3/2/2025 19:00,28.86333316
3/2/2025 20:00,37.7888889
3/2/2025 21:00,49.19333331
3/2/2025 22:00,62.05166683
3/2/2025 23:00,68.81999989
3/3/2025,62.56166649
3/3/2025 1:00,81.94333344
3/3/2025 2:00,75.73166625
3/3/2025 3:00,65.17333342
3/3/2025 4:00,72.46379274
3/3/2025 5:00,91.43833351
3/3/2025 6:00,85.47166672
3/3/2025 7:00,120.2133336
3/3/2025 8:00,115.7150004
3/3/2025 9:00,62.7549998
3/3/2025 10:00,43.25333306
3/3/2025 11:00,25.9733333
3/3/2025 12:00,24.8833334
3/3/2025 13:00,19.78153841
3/3/2025 14:00,19.11746046
3/3/2025 15:00,21.45499997
3/3/2025 16:00,24.97959195
3/3/2025 17:00,31.54166651
3/3/2025 18:00,51.39166673
3/3/2025 19:00,62.14333331
3/3/2025 20:00,66.53333289
3/3/2025 21:00,79.90666682
3/3/2025 22:00,103.2683333
3/3/2025 23:00,85.92666651
3/4/2025,90.57666677
3/4/2025 1:00,74.64166679
3/4/2025 2:00,86.74166648
3/4/2025 3:00,95.02499962
3/4/2025 4:00,87.28852469
3/4/2025 5:00,83.40333341
3/4/2025 6:00,85.84999962
3/4/2025 7:00,205.6333336
3/4/2025 8:00,138.676667
3/4/2025 9:00,103.3866662
3/4/2025 10:00,78.39166603
3/4/2025 11:00,41.8016667
3/4/2025 12:00,23.22666678
3/4/2025 13:00,33.15999962
3/4/2025 14:00,18.11333326
3/4/2025 15:00,17.52166673
3/4/2025 16:00,21.05500005
3/4/2025 17:00,26.83499988
3/4/2025 18:00,34.4416667
3/4/2025 19:00,42.00166664
3/4/2025 20:00,43.06507952
3/4/2025 21:00,50.20499992
3/4/2025 22:00,71.20666644
3/4/2025 23:00,95.11166662
3/5/2025,84.22166672
3/5/2025 1:00,79.088333
3/5/2025 2:00,73.61666673
3/5/2025 3:00,78.24999975
3/5/2025 4:00,84.68644042
3/5/2025 5:00,89.26500028
3/5/2025 6:00,133.9633339
3/5/2025 7:00,157.0866662
3/5/2025 8:00,118.2499995
3/5/2025 9:00,80.35333309
3/5/2025 10:00,57.57096777
3/5/2025 11:00,38.27777781
3/5/2025 12:00,33.38499997
3/5/2025 13:00,27.79666672
3/5/2025 14:00,31.51000001
3/5/2025 15:00,34.33559337
3/5/2025 16:00,54.83000011
3/5/2025 17:00,56.0600001
3/5/2025 18:00,54.63833338
3/5/2025 19:00,57.11166668
3/5/2025 20:00,56.21166668
3/5/2025 21:00,61.25666682
3/5/2025 22:00,65.65833384
3/5/2025 23:00,85.66333326
3/6/2025,88.17166634
3/6/2025 1:00,84.52999992
3/6/2025 2:00,88.5799998
3/6/2025 3:00,96.07166621
3/6/2025 4:00,104.3516669
3/6/2025 5:00,86.37999992
3/6/2025 6:00,80.80833321
3/6/2025 7:00,107.1733335
3/6/2025 8:00,122.971667
3/6/2025 9:00,71.32500019
3/6/2025 10:00,62.17333323
3/6/2025 11:00,57.52166627
3/6/2025 12:00,54.53666655
3/6/2025 13:00,50.67868855
3/6/2025 14:00,45.90333328
3/6/2025 15:00,50.39333331
3/6/2025 16:00,55.86333332
3/6/2025 17:00,55.7266667
3/6/2025 18:00,60.45833352
3/6/2025 19:00,62.34000015
3/6/2025 20:00,65.99833304
3/6/2025 21:00,60.21166681
3/6/2025 22:00,62.86507918
3/6/2025 23:00,59.21833369
3/7/2025,55.43666655
3/7/2025 1:00,56.59666653
3/7/2025 2:00,59.88166663
3/7/2025 3:00,64.17166646
3/7/2025 4:00,73.0533329
3/7/2025 5:00,82.99333369
3/7/2025 6:00,123.3365085
3/7/2025 7:00,144.2916658
3/7/2025 8:00,112.5933337
3/7/2025 9:00,93.6850001
3/7/2025 10:00,73.89000003
3/7/2025 11:00,61.59833342
3/7/2025 12:00,50.36333357
3/7/2025 13:00,65.85500037
3/7/2025 14:00,58.85499992
3/7/2025 15:00,60.07142887
3/7/2025 16:00,59.81833344
3/7/2025 17:00,59.86833324
3/7/2025 18:00,62.08666662
3/7/2025 19:00,64.61833331
3/7/2025 20:00,65.01333288
3/7/2025 21:00,66.05999997
3/7/2025 22:00,67.00333347
3/7/2025 23:00,70.39833317
3/8/2025,68.76000023
3/8/2025 1:00,81.61833356
3/8/2025 2:00,93.61666641
3/8/2025 3:00,97.36999995
3/8/2025 4:00,106.1149999
3/8/2025 5:00,105.6516671
3/8/2025 6:00,125.713333
3/8/2025 7:00,153.9583331
3/8/2025 8:00,151.8233337
3/8/2025 9:00,85.66499977
3/8/2025 10:00,65.32499975
3/8/2025 11:00,53.08000005
3/8/2025 12:00,63.97999999
3/8/2025 13:00,55.77000014
3/8/2025 14:00,53.58833345
3/8/2025 15:00,60.98333308
3/8/2025 16:00,65.33333302
3/8/2025 17:00,69.28499985
3/8/2025 18:00,75.10000025
3/8/2025 19:00,74.7746031
3/8/2025 20:00,80.14833336
3/8/2025 21:00,87.45333328
3/8/2025 22:00,106.7533337
3/8/2025 23:00,107.8299998
3/9/2025,97.92333336
3/9/2025 1:00,95.18833338
3/9/2025 2:00,100.4118643
3/9/2025 3:00,103.4250003
3/9/2025 4:00,106.7383329
3/9/2025 5:00,125.4783334
3/9/2025 6:00,112.3233339
3/9/2025 7:00,166.8150003
3/9/2025 8:00,153.3283333
3/9/2025 9:00,126.5299993
3/9/2025 10:00,101.7733331
3/9/2025 11:00,88.6466671
3/9/2025 12:00,75.08333346
3/9/2025 13:00,65.54499982
3/9/2025 14:00,64.12857153
3/9/2025 15:00,66.04499989
3/9/2025 16:00,68.74333312
3/9/2025 17:00,72.62166653
3/9/2025 18:00,75.93666662
3/9/2025 19:00,81.9399999
3/9/2025 20:00,84.76333313
3/9/2025 21:00,83.26885273
3/9/2025 22:00,87.33666649
3/9/2025 23:00,100.9749995
3/10/2025,110.0016673
3/10/2025 1:00,111.9083341
3/10/2025 2:00,100.1933331
3/10/2025 3:00,106.4200001
3/10/2025 4:00,111.1600006
3/10/2025 5:00,113.1266669
3/10/2025 6:00,118.6316667
3/10/2025 7:00,129.608333
3/10/2025 8:00,155.6350004
3/10/2025 9:00,122.726667
3/10/2025 10:00,96.64999975
3/10/2025 11:00,76.75166651
3/10/2025 12:00,59.60476236
3/10/2025 13:00,54.56500015
3/10/2025 14:00,54.1850001
3/10/2025 15:00,61.17000008
3/10/2025 16:00,65.1566672
3/10/2025 17:00,67.17166697
3/10/2025 18:00,68.46833299
3/10/2025 19:00,75.46166649
3/10/2025 20:00,78.29000003
3/10/2025 21:00,111.6883334
3/10/2025 22:00,129.4350002
3/10/2025 23:00,130.3550001
3/11/2025,105.6116669
3/11/2025 1:00,104.7149999
3/11/2025 2:00,110.3233326
3/11/2025 3:00,112.4350001
3/11/2025 4:00,119.5883331
3/11/2025 5:00,125.1550002
3/11/2025 6:00,126.3133336
3/11/2025 7:00,153.1533334
3/11/2025 8:00,180.0466665
3/11/2025 9:00,116.9833333
3/11/2025 10:00,84.87000008
3/11/2025 11:00,63.66999982
3/11/2025 12:00,56.23548397
3/11/2025 13:00,NA
3/11/2025 14:00,48.40322581
3/11/2025 15:00,55.57833328
3/11/2025 16:00,60.02833322
3/11/2025 17:00,82.56500117
3/11/2025 18:00,66.26000004
3/11/2025 19:00,75.81499977
3/11/2025 20:00,92.59499982
3/11/2025 21:00,81.56833331
3/11/2025 22:00,83.49000041
3/11/2025 23:00,120.71
3/12/2025,122.2083326
3/12/2025 1:00,116.6933332
3/12/2025 2:00,115.3816669
3/12/2025 3:00,113.0916668
3/12/2025 4:00,112.8533339
3/12/2025 5:00,115.7166664
3/12/2025 6:00,128.8883333
3/12/2025 7:00,158.5399996
3/12/2025 8:00,142.3700001
3/12/2025 9:00,105.7699999
3/12/2025 10:00,70.88166656
3/12/2025 11:00,67.42499962
3/12/2025 12:00,63.55166664
3/12/2025 13:00,56.20333296
3/12/2025 14:00,58.74333369
3/12/2025 15:00,59.91833344
3/12/2025 16:00,59.79661004
3/12/2025 17:00,63.48166701
3/12/2025 18:00,74.83333321
3/12/2025 19:00,81.775
3/12/2025 20:00,80.03666687
3/12/2025 21:00,79.97499962
3/12/2025 22:00,83.57833303
3/12/2025 23:00,87.08333359
3/13/2025,90.1850001
3/13/2025 1:00,91.23333321
3/13/2025 2:00,86.75000025
3/13/2025 3:00,88.02500025
3/13/2025 4:00,92.01016921
3/13/2025 5:00,88.55166639
3/13/2025 6:00,97.65666656
3/13/2025 7:00,108.8550007
3/13/2025 8:00,112.9933328
3/13/2025 9:00,99.58333333
3/13/2025 10:00,80.71999976
3/13/2025 11:00,53.63870965
3/13/2025 12:00,35.13833342
3/13/2025 13:00,24.22499998
3/13/2025 14:00,28.35483874
3/13/2025 15:00,28.3183335
3/13/2025 16:00,41.00163938
3/13/2025 17:00,48.66833337
3/13/2025 18:00,62.01269852
3/13/2025 19:00,51.35333341
3/13/2025 20:00,69.89999986
3/13/2025 21:00,63.67166665
3/13/2025 22:00,58.59999994
3/13/2025 23:00,63.5799998
3/14/2025,62.03166644
3/14/2025 1:00,65.36166649
3/14/2025 2:00,57.32333317
3/14/2025 3:00,60.36999963
3/14/2025 4:00,55.10500005
3/14/2025 5:00,61.00333316
3/14/2025 6:00,145.8283334
3/14/2025 7:00,121.0888885
3/14/2025 8:00,84.29833304
3/14/2025 9:00,66.87666658
3/14/2025 10:00,50.39833333
3/14/2025 11:00,NA
3/14/2025 12:00,11.37666666
3/14/2025 13:00,8.948333339
3/14/2025 14:00,15.94499981
3/14/2025 15:00,14.62666673
3/14/2025 16:00,18.77627124
3/14/2025 17:00,25.77333333
3/14/2025 18:00,34.96999992
3/14/2025 19:00,48.38666655
3/14/2025 20:00,55.48095231
3/14/2025 21:00,57.47166646
3/14/2025 22:00,73.8266667
3/14/2025 23:00,86.02833328
3/15/2025,92.51166649
3/15/2025 1:00,99.56499977
3/15/2025 2:00,87.32166659
3/15/2025 3:00,95.12166697
3/15/2025 4:00,102.9916665
3/15/2025 5:00,91.83999952
3/15/2025 6:00,106.7428575
3/15/2025 7:00,127.6383333
3/15/2025 8:00,104.5649996
3/15/2025 9:00,76.85666656
3/15/2025 10:00,55.99166654
3/15/2025 11:00,23.55666682
3/15/2025 12:00,17.35333343
3/15/2025 13:00,15.40666669
3/15/2025 14:00,18.95333325
3/15/2025 15:00,22.47666674
3/15/2025 16:00,23.5083334
3/15/2025 17:00,24.68166664
3/15/2025 18:00,34.41833331
3/15/2025 19:00,39.24333318
3/15/2025 20:00,41.21833331
3/15/2025 21:00,75.79242394
3/15/2025 22:00,78.17999973
3/15/2025 23:00,79.1516669
3/16/2025,83.39333344
3/16/2025 1:00,78.763333
3/16/2025 2:00,88.39333305
3/16/2025 3:00,78.38833345
3/16/2025 4:00,69.21833305
3/16/2025 5:00,82.03500023
3/16/2025 6:00,91.41333389
3/16/2025 7:00,132.3849997
3/16/2025 8:00,128.9850005
3/16/2025 9:00,62.73666668
3/16/2025 10:00,51.59692318
3/16/2025 11:00,55.94444429
3/16/2025 12:00,26.68833338
3/16/2025 13:00,21.41333345
3/16/2025 14:00,17.9650001
3/16/2025 15:00,17.43499999
3/16/2025 16:00,17.44833331
3/16/2025 17:00,21.8633333
3/16/2025 18:00,31.40500005
3/16/2025 19:00,34.84333337
3/16/2025 20:00,51.0066665
3/16/2025 21:00,74.44166616
3/16/2025 22:00,77.26333326
3/16/2025 23:00,78.34999975
3/17/2025,61.33000024
3/17/2025 1:00,72.08166637
3/17/2025 2:00,79.23999971
3/17/2025 3:00,64.04333356
3/17/2025 4:00,72.5524594
3/17/2025 5:00,96.07666588
3/17/2025 6:00,109.2533337
3/17/2025 7:00,139.1933332
3/17/2025 8:00,111.3283332
3/17/2025 9:00,74.21666679
3/17/2025 10:00,44.94666688
3/17/2025 11:00,19.73333322
3/17/2025 12:00,19.25333327
3/17/2025 13:00,17.85333331
3/17/2025 14:00,17.02833328
3/17/2025 15:00,17.32333342
3/17/2025 16:00,22.29000009
3/17/2025 17:00,24.66290308
3/17/2025 18:00,29.61428561
3/17/2025 19:00,29.3566665
3/17/2025 20:00,36.00666672
3/17/2025 21:00,33.78833326
3/17/2025 22:00,39.37166672
3/17/2025 23:00,44.51166668
3/18/2025,52.67666658
3/18/2025 1:00,67.50333322
3/18/2025 2:00,56.06499996
3/18/2025 3:00,71.95166683
3/18/2025 4:00,73.27540982
3/18/2025 5:00,79.94499976
3/18/2025 6:00,106.4566666
3/18/2025 7:00,129.3199994
3/18/2025 8:00,95.20166715
3/18/2025 9:00,52.01499977
3/18/2025 10:00,29.78333322
3/18/2025 11:00,20.74166675
3/18/2025 12:00,17.79666664
3/18/2025 13:00,17.92166667
3/18/2025 14:00,17.57666663
3/18/2025 15:00,22.54166667
3/18/2025 16:00,33.82999992
3/18/2025 17:00,39.0933334
3/18/2025 18:00,50.2649999
3/18/2025 19:00,53.68666687
3/18/2025 20:00,61.72166665
3/18/2025 21:00,72.14500001
3/18/2025 22:00,92.99999975
3/18/2025 23:00,90.33999964
3/19/2025,80.8149999
3/19/2025 1:00,82.13000005
3/19/2025 2:00,78.22166659
3/19/2025 3:00,91.10499954
3/19/2025 4:00,97.87166697
3/19/2025 5:00,97.06166687
3/19/2025 6:00,136.4783328
3/19/2025 7:00,172.2183332
3/19/2025 8:00,114.2099997
3/19/2025 9:00,76.48666681
3/19/2025 10:00,49.07000001
3/19/2025 11:00,41.65166674
3/19/2025 12:00,29.43281221
3/19/2025 13:00,18.17166665
3/19/2025 14:00,16.90333335
3/19/2025 15:00,23.68666666
3/19/2025 16:00,41.70333341
3/19/2025 17:00,52.43833338
3/19/2025 18:00,61.13999983
3/19/2025 19:00,69.00833352
3/19/2025 20:00,78.8600001
3/19/2025 21:00,86.636667
3/19/2025 22:00,132.5233336
3/19/2025 23:00,127.3799995
3/20/2025,113.1183332
3/20/2025 1:00,117.3349998
3/20/2025 2:00,117.3316663
3/20/2025 3:00,124.9566675
3/20/2025 4:00,109.1409838
3/20/2025 5:00,110.5700003
3/20/2025 6:00,144.4983336
3/20/2025 7:00,146.3433329
3/20/2025 8:00,141.7699993
3/20/2025 9:00,104.3766668
3/20/2025 10:00,59.21500022
3/20/2025 11:00,39.57999996
3/20/2025 12:00,28.47500003
3/20/2025 13:00,24.07999985
3/20/2025 14:00,15.00333338
3/20/2025 15:00,25.06999998
3/20/2025 16:00,46.42333333
3/20/2025 17:00,39.93666658
3/20/2025 18:00,45.89500046
3/20/2025 19:00,52.46166649
3/20/2025 20:00,52.84333318
3/20/2025 21:00,81.55000006
3/20/2025 22:00,106.7783333
3/20/2025 23:00,102.9383329
3/21/2025,105.6016671
3/21/2025 1:00,104.2449999
3/21/2025 2:00,100.3083333
3/21/2025 3:00,95.38166682
3/21/2025 4:00,112.2393442
3/21/2025 5:00,118.6016669
3/21/2025 6:00,135.1616675
3/21/2025 7:00,172.151667
3/21/2025 8:00,136.8933342
3/21/2025 9:00,82.02333304
3/21/2025 10:00,47.5833334
3/21/2025 11:00,34.54166683
3/21/2025 12:00,36.76129052
3/21/2025 13:00,35.20333335
3/21/2025 14:00,40.70500005
3/21/2025 15:00,52.43666668
3/21/2025 16:00,60.77833341
3/21/2025 17:00,62.98333371
3/21/2025 18:00,71.09333312
3/21/2025 19:00,74.5399999
3/21/2025 20:00,75.25
3/21/2025 21:00,71.14333363
3/21/2025 22:00,87.04166705
3/21/2025 23:00,50.87833328
3/22/2025,24.91833334
3/22/2025 1:00,24.75999994
3/22/2025 2:00,19.18833338
3/22/2025 3:00,41.52500003
3/22/2025 4:00,42.1316665
3/22/2025 5:00,61.90833321
3/22/2025 6:00,88.02500013
3/22/2025 7:00,89.91999938
3/22/2025 8:00,76.52499962
3/22/2025 9:00,31.49499995
3/22/2025 10:00,27.4666666
3/22/2025 11:00,21.30952385
3/22/2025 12:00,17.81333337
3/22/2025 13:00,20.30999999
3/22/2025 14:00,22.33166669
3/22/2025 15:00,29.31000007
3/22/2025 16:00,34.92833341
3/22/2025 17:00,28.05666669
3/22/2025 18:00,22.85166676
3/22/2025 19:00,23.57500005
3/22/2025 20:00,22.18833343
3/22/2025 21:00,21.15999996
3/22/2025 22:00,20.46166671
3/22/2025 23:00,20.53666668
3/23/2025,49.01333338
3/23/2025 1:00,38.52166659
3/23/2025 2:00,46.80833333
3/23/2025 3:00,38.07499968
3/23/2025 4:00,51.01166662
3/23/2025 5:00,56.11999995
3/23/2025 6:00,82.19499982
3/23/2025 7:00,94.91333364
3/23/2025 8:00,61.43666649
3/23/2025 9:00,46.60500008
3/23/2025 10:00,27.60333351
3/23/2025 11:00,23.57166662
3/23/2025 12:00,21.11833328
3/23/2025 13:00,19.6416667
3/23/2025 14:00,18.49076911
3/23/2025 15:00,19.90333338
3/23/2025 16:00,20.95333328
3/23/2025 17:00,25.93166669
3/23/2025 18:00,32.20999991
3/23/2025 19:00,37.42333349
3/23/2025 20:00,50.9733331
3/23/2025 21:00,71.03499959
3/23/2025 22:00,91.25999985
3/23/2025 23:00,83.00500018
3/24/2025,78.43333321
3/24/2025 1:00,83.613333
3/24/2025 2:00,75.3833334
3/24/2025 3:00,68.58166695
3/24/2025 4:00,85.49166679
3/24/2025 5:00,88.71166681
3/24/2025 6:00,154.7199999
3/24/2025 7:00,158.0483331
3/24/2025 8:00,108.0291677
3/24/2025 9:00,80.36666683
3/24/2025 10:00,43.6761906
3/24/2025 11:00,29.27833319
3/24/2025 12:00,24.10666666
3/24/2025 13:00,19.81666673
3/24/2025 14:00,22.00483873
3/24/2025 15:00,24.38666674
3/24/2025 16:00,28.83050851
3/24/2025 17:00,33.85333338
3/24/2025 18:00,38.5833334
3/24/2025 19:00,49.99666678
3/24/2025 20:00,57.83833313
3/24/2025 21:00,89.28166695
3/24/2025 22:00,86.75
3/24/2025 23:00,94.25499992
3/25/2025,88.30166677
3/25/2025 1:00,89.81666654
3/25/2025 2:00,99.33499972
3/25/2025 3:00,80.98666623
3/25/2025 4:00,107.6666667
3/25/2025 5:00,112.4283338
3/25/2025 6:00,128.9849996
3/25/2025 7:00,169.7666674
3/25/2025 8:00,141.3516665
3/25/2025 9:00,92.96166668
3/25/2025 10:00,62.81333326
3/25/2025 11:00,39.50161316
3/25/2025 12:00,23.90333338
3/25/2025 13:00,31.8600001
3/25/2025 14:00,26.26833328
3/25/2025 15:00,28.72580648
3/25/2025 16:00,34.29491525
3/25/2025 17:00,41.63333333
3/25/2025 18:00,51.95666669
3/25/2025 19:00,64.17936489
3/25/2025 20:00,74.03499997
3/25/2025 21:00,114.4741938
3/25/2025 22:00,118.4883334
3/25/2025 23:00,119.6933327
3/26/2025,107.3866666
3/26/2025 1:00,103.2016669
3/26/2025 2:00,99.23333308
3/26/2025 3:00,102.9366664
3/26/2025 4:00,113.4262296
3/26/2025 5:00,118.9199996
3/26/2025 6:00,136.3299997
3/26/2025 7:00,161.1950007
3/26/2025 8:00,150.2266668
3/26/2025 9:00,112.5533338
3/26/2025 10:00,69.97000001
3/26/2025 11:00,NA
3/26/2025 12:00,38.2333334
3/26/2025 13:00,38.94126995
3/26/2025 14:00,40.04833326
3/26/2025 15:00,49.98833364
3/26/2025 16:00,59.14000003
3/26/2025 17:00,72.50000014
3/26/2025 18:00,77.74833336
3/26/2025 19:00,88.23166695
3/26/2025 20:00,94.10999985
3/26/2025 21:00,129.7849993
3/26/2025 22:00,146.420001
3/26/2025 23:00,153.7883334
3/27/2025,144.8200005
3/27/2025 1:00,143.9250005
3/27/2025 2:00,139.7983322
3/27/2025 3:00,151.9033338
3/27/2025 4:00,156.6383336
3/27/2025 5:00,177.779999
3/27/2025 6:00,188.8766663
3/27/2025 7:00,219.1066671
3/27/2025 8:00,172.228334
3/27/2025 9:00,124.8549997
3/27/2025 10:00,81.26833375
3/27/2025 11:00,52.96499996
3/27/2025 12:00,50.60166664
3/27/2025 13:00,50.94333318
3/27/2025 14:00,49.24499995
3/27/2025 15:00,46.31999989
3/27/2025 16:00,51.95762712
3/27/2025 17:00,63.66166655
3/27/2025 18:00,72.46833324
3/27/2025 19:00,79.79166603
3/27/2025 20:00,100.0550001
3/27/2025 21:00,117.4433337
3/27/2025 22:00,138.5799997
3/27/2025 23:00,140.6431044
3/28/2025,144.2333336
3/28/2025 1:00,150.9250008
3/28/2025 2:00,142.8083328
3/28/2025 3:00,145.2183329
3/28/2025 4:00,154.2196723
3/28/2025 5:00,161.1399999
3/28/2025 6:00,182.3016652
3/28/2025 7:00,209.2316668
3/28/2025 8:00,178.2749997
3/28/2025 9:00,118.9999996
3/28/2025 10:00,95.76666705
3/28/2025 11:00,57.17833347
3/28/2025 12:00,40.38333362
3/28/2025 13:00,48.9116669
3/28/2025 14:00,31.36833363
3/28/2025 15:00,39.32500006
3/28/2025 16:00,49.63389827
3/28/2025 17:00,46.33333327
3/28/2025 18:00,59.68500029
3/28/2025 19:00,64.54166673
3/28/2025 20:00,59.26000017
3/28/2025 21:00,95.59000028
3/28/2025 22:00,104.8566667
3/28/2025 23:00,100.2466665
3/29/2025,97.91166649
3/29/2025 1:00,96.28166669
3/29/2025 2:00,96.97666639
3/29/2025 3:00,97.80666682
3/29/2025 4:00,102.4770493
3/29/2025 5:00,135.5899998
3/29/2025 6:00,133.995001
3/29/2025 7:00,173.2033335
3/29/2025 8:00,151.1249999
3/29/2025 9:00,88.18166669
3/29/2025 10:00,63.73333359
3/29/2025 11:00,49.45000013
3/29/2025 12:00,40.37999983
3/29/2025 13:00,20.64333332
3/29/2025 14:00,44.26666667
3/29/2025 15:00,58.7
3/29/2025 16:00,68.18644016
3/29/2025 17:00,78.47460302
3/29/2025 18:00,99.19166718
3/29/2025 19:00,120.1416674
3/29/2025 20:00,130.0984125
3/29/2025 21:00,138.6166662
3/29/2025 22:00,173.4099996
3/29/2025 23:00,176.2150009
3/30/2025,181.3283338
3/30/2025 1:00,171.5183339
3/30/2025 2:00,159.7849996
3/30/2025 3:00,157.7516668
3/30/2025 4:00,160.4836053
3/30/2025 5:00,169.3133334
3/30/2025 6:00,181.9550001
3/30/2025 7:00,235.2666664
3/30/2025 8:00,NA
3/30/2025 9:00,141.5859648
3/30/2025 10:00,99.92833303
3/30/2025 11:00,68.72903258
3/30/2025 12:00,54.65166677
3/30/2025 13:00,NA
3/30/2025 14:00,61.2737705
3/30/2025 15:00,63.80806431
3/30/2025 16:00,76.06666698
3/30/2025 17:00,87.52500064
3/30/2025 18:00,94.35999972
3/30/2025 19:00,109.5549995
3/30/2025 20:00,131.7083335
3/30/2025 21:00,164.8116671
3/30/2025 22:00,169.373333
3/30/2025 23:00,167.2433329
3/31/2025,163.0116666
3/31/2025 1:00,158.9816661
3/31/2025 2:00,175.1999995
3/31/2025 3:00,178.7033328
3/31/2025 4:00,179.6131144
3/31/2025 5:00,190.6333326
3/31/2025 6:00,215.473333
3/31/2025 7:00,245.001667
3/31/2025 8:00,242.4416674
3/31/2025 9:00,168.8150007
3/31/2025 10:00,136.4833336
3/31/2025 11:00,109.39
3/31/2025 12:00,87.26190488
3/31/2025 13:00,63.48500004
3/31/2025 14:00,62.13499985
3/31/2025 15:00,68.7199995
3/31/2025 16:00,82.83728874
3/31/2025 17:00,100.8966666
3/31/2025 18:00,123.2066669
3/31/2025 19:00,144.6449993
3/31/2025 20:00,183.1200002
3/31/2025 21:00,205.2333331
3/31/2025 22:00,227.3333333
3/31/2025 23:00,201.5849991
4/1/2025,194.3966675
4/1/2025 1:00,211.0483332
4/1/2025 2:00,199.3949997
4/1/2025 3:00,199.1149989
4/1/2025 4:00,199.6000004
4/1/2025 5:00,205.6199999
4/1/2025 6:00,221.7383331
4/1/2025 7:00,293.3016663
4/1/2025 8:00,314.7983322
4/1/2025 9:00,179.7383324
4/1/2025 10:00,114.9366667
4/1/2025 11:00,79.40666631
4/1/2025 12:00,47.30666637
4/1/2025 13:00,40.3079365
4/1/2025 14:00,38.50666666
4/1/2025 15:00,71.90999947
4/1/2025 16:00,75.68983117
4/1/2025 17:00,96.27833328
4/1/2025 18:00,108.2550004
4/1/2025 19:00,126.1766673
4/1/2025 20:00,165.5283333
4/1/2025 21:00,190.8999995
4/1/2025 22:00,199.0149996
4/1/2025 23:00,183.6000005
4/2/2025,193.3966675
4/2/2025 1:00,189.0466665
4/2/2025 2:00,180.3100009
4/2/2025 3:00,177.6700007
4/2/2025 4:00,186.6466662
4/2/2025 5:00,199.6200012
4/2/2025 6:00,217.0383336
4/2/2025 7:00,247.1383339
4/2/2025 8:00,204.8783333
4/2/2025 9:00,153.8349996
4/2/2025 10:00,119.8533333
4/2/2025 11:00,73.60500024
4/2/2025 12:00,74.30166677
4/2/2025 13:00,68.43968237
4/2/2025 14:00,89.21333332
4/2/2025 15:00,87.22333361
4/2/2025 16:00,102.1850009
4/2/2025 17:00,114.04
4/2/2025 18:00,139.7300003
4/2/2025 19:00,158.8200005
4/2/2025 20:00,183.4933329
4/2/2025 21:00,223.3016668
4/2/2025 22:00,228.3866671
4/2/2025 23:00,236.1716665
4/3/2025,230.3099998
4/3/2025 1:00,232.5166664
4/3/2025 2:00,230.7166662
4/3/2025 3:00,229.0666669
4/3/2025 4:00,232.0750003
4/3/2025 5:00,241.4899999
4/3/2025 6:00,266.3733348
4/3/2025 7:00,301.7383321
4/3/2025 8:00,283.3816658
4/3/2025 9:00,207.1566663
4/3/2025 10:00,151.4183334
4/3/2025 11:00,100.8083335
4/3/2025 12:00,72.58500048
4/3/2025 13:00,67.19833304
4/3/2025 14:00,71.82000008
4/3/2025 15:00,97.56499977
4/3/2025 16:00,131.2699999
4/3/2025 17:00,148.4983335
4/3/2025 18:00,155.1200005
4/3/2025 19:00,143.0699994
4/3/2025 20:00,199.7378774
4/3/2025 21:00,221.4816661
4/3/2025 22:00,199.726667
4/3/2025 23:00,209.4466677
4/4/2025,202.5866669
4/4/2025 1:00,194.4983327
4/4/2025 2:00,190.028334
4/4/2025 3:00,190.8583338
4/4/2025 4:00,179.5766668
4/4/2025 5:00,187.8649996
4/4/2025 6:00,224.4583326
4/4/2025 7:00,222.5416659
4/4/2025 8:00,208.9833341
4/4/2025 9:00,140.6483321
4/4/2025 10:00,93.02000052
4/4/2025 11:00,43.99333302
4/4/2025 12:00,40.80500037
4/4/2025 13:00,36.32999983
4/4/2025 14:00,47.35166696
4/4/2025 15:00,48.75166677
4/4/2025 16:00,55.61525422
4/4/2025 17:00,72.54666672
4/4/2025 18:00,108.6850004
4/4/2025 19:00,137.1283334
4/4/2025 20:00,147.8800003
4/4/2025 21:00,161.946666
4/4/2025 22:00,185.2116669
4/4/2025 23:00,163.321667
4/5/2025,176.1583338
4/5/2025 1:00,177.0416669
4/5/2025 2:00,149.0649999
4/5/2025 3:00,149.5350005
4/5/2025 4:00,155.5393444
4/5/2025 5:00,168.3366666
4/5/2025 6:00,184.9616664
4/5/2025 7:00,219.4466675
4/5/2025 8:00,188.7366656
4/5/2025 9:00,123.958333
4/5/2025 10:00,103.2983326
4/5/2025 11:00,65.50666656
4/5/2025 12:00,66.77333349
4/5/2025 13:00,73.41999982
4/5/2025 14:00,82.09365106
4/5/2025 15:00,93.00666733
4/5/2025 16:00,97.41166674
4/5/2025 17:00,109.4366661
4/5/2025 18:00,128.4833338
4/5/2025 19:00,133.2683327
4/5/2025 20:00,178.1399999
4/5/2025 21:00,196.3466662
4/5/2025 22:00,197.4616671
4/5/2025 23:00,176.3183332
4/6/2025,183.2666669
4/6/2025 1:00,168.076667
4/6/2025 2:00,158.4483335
4/6/2025 3:00,156.7766673
4/6/2025 4:00,160.5866661
4/6/2025 5:00,179.9599993
4/6/2025 6:00,192.7383326
4/6/2025 7:00,229.0766658
4/6/2025 8:00,193.4116661
4/6/2025 9:00,127.6916669
4/6/2025 10:00,106.0283339
4/6/2025 11:00,60.53166688
4/6/2025 12:00,54.34166692
4/6/2025 13:00,53.12166691
4/6/2025 14:00,57.28166676
4/6/2025 15:00,60.6444443
4/6/2025 16:00,59.00666656
4/6/2025 17:00,67.15666676
4/6/2025 18:00,73.99166698
4/6/2025 19:00,102.9050009
4/6/2025 20:00,143.1733342
4/6/2025 21:00,157.5299998
4/6/2025 22:00,147.2000008
4/6/2025 23:00,145.9633324
4/7/2025,136.7566677
4/7/2025 1:00,142.9266671
4/7/2025 2:00,129.015
4/7/2025 3:00,131.7950003
4/7/2025 4:00,132.0299999
4/7/2025 5:00,144.628333
4/7/2025 6:00,160.0166667
4/7/2025 7:00,194.1016655
4/7/2025 8:00,214.7583333
4/7/2025 9:00,165.8466667
4/7/2025 10:00,107.2633334
4/7/2025 11:00,NA
4/7/2025 12:00,NA
4/7/2025 13:00,86.22096843
4/7/2025 14:00,108.6055556
4/7/2025 15:00,127.9199998
4/7/2025 16:00,124.7433336
4/7/2025 17:00,130.4016132
4/7/2025 18:00,139.6083337
4/7/2025 19:00,145.5749992
4/7/2025 20:00,203.45
4/7/2025 21:00,202.5449997
4/7/2025 22:00,207.2866671
4/7/2025 23:00,207.2983337
4/8/2025,204.5516663
4/8/2025 1:00,205.7699999
4/8/2025 2:00,198.2116669
4/8/2025 3:00,194.7066676
4/8/2025 4:00,201.2966665
4/8/2025 5:00,206.9099998
4/8/2025 6:00,217.0866664
4/8/2025 7:00,245.9649979
4/8/2025 8:00,236.4633321
4/8/2025 9:00,111.4316661
4/8/2025 10:00,72.14999987
4/8/2025 11:00,68.30333296
4/8/2025 12:00,70.35833333
4/8/2025 13:00,68.9533329
4/8/2025 14:00,44.4166666
4/8/2025 15:00,35.41500012
4/8/2025 16:00,69.79523819
4/8/2025 17:00,107.0199998
4/8/2025 18:00,91.74833323
4/8/2025 19:00,93.97166672
4/8/2025 20:00,93.67619082
4/8/2025 21:00,99.40666618
4/8/2025 22:00,107.5166669
4/8/2025 23:00,120.4449999
4/9/2025,112.2316667
4/9/2025 1:00,112.0966663
4/9/2025 2:00,113.1316668
4/9/2025 3:00,108.7566667
4/9/2025 4:00,118.5116664
4/9/2025 5:00,131.9666673
4/9/2025 6:00,148.3133341
4/9/2025 7:00,185.4333341
4/9/2025 8:00,142.1649996
4/9/2025 9:00,90.00666669
4/9/2025 10:00,65.53166669
4/9/2025 11:00,51.72500019
4/9/2025 12:00,47.31999976
4/9/2025 13:00,42.37833347
4/9/2025 14:00,67.63199974
4/9/2025 15:00,79.21176506
4/9/2025 16:00,79.27166672
4/9/2025 17:00,102.7050004
4/9/2025 18:00,126.9499999
4/9/2025 19:00,151.2916674
4/9/2025 20:00,135.6433338
4/9/2025 21:00,136.7783333
4/9/2025 22:00,147.7416667
4/9/2025 23:00,148.4083338
4/10/2025,135.1433329
4/10/2025 1:00,137.395001
4/10/2025 2:00,135.2516665
4/10/2025 3:00,138.8433338
4/10/2025 4:00,141.376666
4/10/2025 5:00,66.38333384
4/10/2025 6:00,36.69999998
4/10/2025 7:00,49.79000009
4/10/2025 8:00,35.13000008
4/10/2025 9:00,32.67666677
4/10/2025 10:00,34.69000009
4/10/2025 11:00,41.6166666
4/10/2025 12:00,42.58666662
4/10/2025 13:00,49.8983333
4/10/2025 14:00,57.58499985
4/10/2025 15:00,37.45166667
4/10/2025 16:00,32.27499994
4/10/2025 17:00,40.57333323
4/10/2025 18:00,46.07666677
4/10/2025 19:00,48.09000003
4/10/2025 20:00,55.64499995
4/10/2025 21:00,58.88666687
4/10/2025 22:00,64.12786909
4/10/2025 23:00,75.7200002
4/11/2025,81.68666687
4/11/2025 1:00,84.47833341
4/11/2025 2:00,75.73333359
4/11/2025 3:00,74.75833359
4/11/2025 4:00,89.38166656
4/11/2025 5:00,83.82833328
4/11/2025 6:00,95.80333277
4/11/2025 7:00,112.7016664
4/11/2025 8:00,80.42063522
4/11/2025 9:00,44.77833347
4/11/2025 10:00,29.25238101
4/11/2025 11:00,32.51904754
4/11/2025 12:00,30.00666661
4/11/2025 13:00,20.34666678
4/11/2025 14:00,15.01166673
4/11/2025 15:00,18.60500013
4/11/2025 16:00,24.46999982
4/11/2025 17:00,37.28833348
4/11/2025 18:00,51.01999995
4/11/2025 19:00,47.6416666
4/11/2025 20:00,53.22500013
4/11/2025 21:00,60.67999986
4/11/2025 22:00,62.72166659
4/11/2025 23:00,71.975
4/12/2025,68.338333
4/12/2025 1:00,66.89666653
4/12/2025 2:00,61.99666672
4/12/2025 3:00,74.17666702
4/12/2025 4:00,76.77833354
4/12/2025 5:00,101.4949997
4/12/2025 6:00,86.413333
4/12/2025 7:00,106.6450008
4/12/2025 8:00,87.97592545
4/12/2025 9:00,NA
4/12/2025 10:00,16.38043476
4/12/2025 11:00,20.13166666
4/12/2025 12:00,17.29333336
4/12/2025 13:00,9.538333337
4/12/2025 14:00,11.3116667
4/12/2025 15:00,9.783333294
4/12/2025 16:00,14.33000011
4/12/2025 17:00,15.34833339
4/12/2025 18:00,25.08000005
4/12/2025 19:00,45.90166655
4/12/2025 20:00,54.82131145
4/12/2025 21:00,75.68500036
4/12/2025 22:00,70.65333354
4/12/2025 23:00,68.44666697
4/13/2025,65.3950002
4/13/2025 1:00,79.86333326
4/13/2025 2:00,77.45500024
4/13/2025 3:00,64.54833323
4/13/2025 4:00,73.32000014
4/13/2025 5:00,88.11833356
4/13/2025 6:00,112.5500004
4/13/2025 7:00,97.62999973
4/13/2025 8:00,78.31500003
4/13/2025 9:00,42.99999997
4/13/2025 10:00,27.63500001
4/13/2025 11:00,24.26500012
4/13/2025 12:00,24.81111115
4/13/2025 13:00,19.31500004
4/13/2025 14:00,16.96666668
4/13/2025 15:00,22.32166661
4/13/2025 16:00,24.24333334
4/13/2025 17:00,31.37833341
4/13/2025 18:00,29.9666666
4/13/2025 19:00,34.86666654
4/13/2025 20:00,30.30806446
4/13/2025 21:00,35.05500005
4/13/2025 22:00,41.20833333
4/13/2025 23:00,45.19666659
4/14/2025,52.13166637
4/14/2025 1:00,51.07833296
4/14/2025 2:00,52.41833369
4/14/2025 3:00,51.74333337
4/14/2025 4:00,52.47833335
4/14/2025 5:00,70.388333
4/14/2025 6:00,81.17500025
4/14/2025 7:00,79.64000028
4/14/2025 8:00,69.03166669
4/14/2025 9:00,30.19166657
4/14/2025 10:00,18.50166667
4/14/2025 11:00,16.74833334
4/14/2025 12:00,23.40333335
4/14/2025 13:00,23.54333334
4/14/2025 14:00,25.59833326
4/14/2025 15:00,32.21999998
4/14/2025 16:00,41.31333326
4/14/2025 17:00,43.47833316
4/14/2025 18:00,42.61999995
4/14/2025 19:00,60.3216664
4/14/2025 20:00,58.35666688
4/14/2025 21:00,74.31999989
4/14/2025 22:00,46.73833319
4/14/2025 23:00,51.90500005
4/15/2025,59.65166664
4/15/2025 1:00,61.73500017
4/15/2025 2:00,63.03000024
4/15/2025 3:00,64.64333356
4/15/2025 4:00,59.69333331
4/15/2025 5:00,69.35500037
4/15/2025 6:00,71.53500036
4/15/2025 7:00,104.3483337
4/15/2025 8:00,64.00333335
4/15/2025 9:00,44.82000001
4/15/2025 10:00,30.18333324
4/15/2025 11:00,24.12666658
4/15/2025 12:00,20.92272724
4/15/2025 13:00,18.9985508
4/15/2025 14:00,19.7717391
4/15/2025 15:00,32.79166671
4/15/2025 16:00,29.75333309
4/15/2025 17:00,39.80333338
4/15/2025 18:00,62.98000011
4/15/2025 19:00,69.30666656
4/15/2025 20:00,78.02666664
4/15/2025 21:00,95.29166705
4/15/2025 22:00,83.89833323
4/15/2025 23:00,79.11333326
4/16/2025,71.83333321
4/16/2025 1:00,80.26499983
4/16/2025 2:00,76.0216671
4/16/2025 3:00,66.51833356
4/16/2025 4:00,78.04833387
4/16/2025 5:00,82.85872989
4/16/2025 6:00,82.99516186
4/16/2025 7:00,88.9067794
4/16/2025 8:00,85.00333328
4/16/2025 9:00,65.09999994
4/16/2025 10:00,41.86666683
4/16/2025 11:00,32.25500005
4/16/2025 12:00,32.58412685
4/16/2025 13:00,31.12857153
4/16/2025 14:00,35.91333329
4/16/2025 15:00,40.06166649
4/16/2025 16:00,43.06666667
4/16/2025 17:00,44.62333336
4/16/2025 18:00,52.97500019
4/16/2025 19:00,53.46166687
4/16/2025 20:00,72.56933334
4/16/2025 21:00,79.78333392
4/16/2025 22:00,82.1266669
4/16/2025 23:00,88.2950002
4/17/2025,91.40333328
4/17/2025 1:00,91.13999977
4/17/2025 2:00,86.5983331
4/17/2025 3:00,89.98333371
4/17/2025 4:00,93.40333316
4/17/2025 5:00,94.39499982
4/17/2025 6:00,109.1290323
4/17/2025 7:00,112.3716667
4/17/2025 8:00,87.07499987
4/17/2025 9:00,61.72333336
4/17/2025 10:00,60.10666663
4/17/2025 11:00,41.84500001
4/17/2025 12:00,31.34920626
4/17/2025 13:00,29.41666667
4/17/2025 14:00,33.88709674
4/17/2025 15:00,35.51166662
4/17/2025 16:00,35.48499988
4/17/2025 17:00,32.19166651
4/17/2025 18:00,25.52758615
4/17/2025 19:00,25.53000008
4/17/2025 20:00,21.59000006
4/17/2025 21:00,25.97741939
4/17/2025 22:00,31.25396841
4/17/2025 23:00,40.04333331
4/18/2025,33.46666667
4/18/2025 1:00,46.45333341
4/18/2025 2:00,39.63387092
4/18/2025 3:00,36.1016667
4/18/2025 4:00,53.34166648
4/18/2025 5:00,55.84999975
4/18/2025 6:00,44.43499985
4/18/2025 7:00,49.10000013
4/18/2025 8:00,38.09499998
4/18/2025 9:00,19.1224138
4/18/2025 10:00,14.30175437
4/18/2025 11:00,13.16666667
4/18/2025 12:00,13.99333334
4/18/2025 13:00,16.44666672
4/18/2025 14:00,17.98870976
4/18/2025 15:00,18.37580639
4/18/2025 16:00,21.4516667
4/18/2025 17:00,25.60000002
4/18/2025 18:00,34.29666675
4/18/2025 19:00,42.00666666
4/18/2025 20:00,42.0350001
4/18/2025 21:00,57.25499999
4/18/2025 22:00,60.15666669
4/18/2025 23:00,67.49333369
4/19/2025,78.7516667
4/19/2025 1:00,56.51333338
4/19/2025 2:00,58.02419361
4/19/2025 3:00,54.68833319
4/19/2025 4:00,51.71999989
4/19/2025 5:00,43.60666663
4/19/2025 6:00,54.06833337
4/19/2025 7:00,61.01500015
4/19/2025 8:00,48.91000017
4/19/2025 9:00,44.05500011
4/19/2025 10:00,41.79333331
4/19/2025 11:00,30.17833338
4/19/2025 12:00,25.17166669
4/19/2025 13:00,22.73333327
4/19/2025 14:00,20.7666667
4/19/2025 15:00,19.41500014
4/19/2025 16:00,37.57000014
4/19/2025 17:00,46.82833341
4/19/2025 18:00,59.79666678
4/19/2025 19:00,61.97166684
4/19/2025 20:00,64.86333345
4/19/2025 21:00,63.51500015
4/19/2025 22:00,81.22666664
4/19/2025 23:00,75.25166664
4/20/2025,76.43333384
4/20/2025 1:00,72.88333327
4/20/2025 2:00,83.60333316
4/20/2025 3:00,75.29677446
4/20/2025 4:00,73.54500008
4/20/2025 5:00,80.13333346
4/20/2025 6:00,94.20999972
4/20/2025 7:00,90.05833321
4/20/2025 8:00,72.94500008
4/20/2025 9:00,51.74210532
4/20/2025 10:00,35.18333332
4/20/2025 11:00,30.99499995
4/20/2025 12:00,34.55833333
4/20/2025 13:00,20.28666662
4/20/2025 14:00,19.78070177
4/20/2025 15:00,20.55833333
4/20/2025 16:00,20.75833329
4/20/2025 17:00,26.21333319
4/20/2025 18:00,33.08666668
4/20/2025 19:00,38.87000004
4/20/2025 20:00,41.69166686
4/20/2025 21:00,60.45000019
4/20/2025 22:00,76.07543852
4/20/2025 23:00,74.30999978
4/21/2025,63.92833347
4/21/2025 1:00,58.41833331
4/21/2025 2:00,58.02500032
4/21/2025 3:00,63.01166687
4/21/2025 4:00,65.38166669
4/21/2025 5:00,78.04833349
4/21/2025 6:00,128.3099998
4/21/2025 7:00,101.5349997
4/21/2025 8:00,58.338333
4/21/2025 9:00,41.71833331
4/21/2025 10:00,NA
4/21/2025 11:00,34.84333302
4/21/2025 12:00,23.68666662
4/21/2025 13:00,23.64666684
4/21/2025 14:00,24.875
4/21/2025 15:00,23.11666673
4/21/2025 16:00,21.92203384
4/21/2025 17:00,26.29074065
4/21/2025 18:00,37.59833323
4/21/2025 19:00,48.62500006
4/21/2025 20:00,58.20166664
4/21/2025 21:00,57.39333356
4/21/2025 22:00,67.98166669
4/21/2025 23:00,94.96500028
4/22/2025,89.1299998
4/22/2025 1:00,77.47666639
4/22/2025 2:00,78.91206899
4/22/2025 3:00,74.13166656
4/22/2025 4:00,78.45333328
4/22/2025 5:00,99.32999967
4/22/2025 6:00,93.0899999
4/22/2025 7:00,114.903279
4/22/2025 8:00,89.85081951
4/22/2025 9:00,52.95166639
4/22/2025 10:00,42.76666644
4/22/2025 11:00,29.30499989
4/22/2025 12:00,28.8416667
4/22/2025 13:00,34.10161258
4/22/2025 14:00,26.70952376
4/22/2025 15:00,25.79333331
4/22/2025 16:00,28.34000003
4/22/2025 17:00,34.91000007
4/22/2025 18:00,44.13333333
4/22/2025 19:00,49.84354831
4/22/2025 20:00,47.66935508
4/22/2025 21:00,75.37666613
4/22/2025 22:00,82.68166669
4/22/2025 23:00,97.51999995
4/23/2025,82.02833379
4/23/2025 1:00,81.98333371
4/23/2025 2:00,81.44166616
4/23/2025 3:00,76.04333344
4/23/2025 4:00,75.42833309
4/23/2025 5:00,77.01999982
4/23/2025 6:00,96.59499995
4/23/2025 7:00,115.9883336
4/23/2025 8:00,95.23166707
4/23/2025 9:00,75.09000003
4/23/2025 10:00,43.2999999
4/23/2025 11:00,36.51333338
4/23/2025 12:00,29.65833337
4/23/2025 13:00,25.92999999
4/23/2025 14:00,29.7816666
4/23/2025 15:00,32.32999989
4/23/2025 16:00,30.66333326
4/23/2025 17:00,34.64393905
4/23/2025 18:00,45.83833348
4/23/2025 19:00,55.46833305
4/23/2025 20:00,53.06999989
4/23/2025 21:00,69.2015152
4/23/2025 22:00,95.40500043
4/23/2025 23:00,97.69166705
4/24/2025,89.34666659
4/24/2025 1:00,77.53166669
4/24/2025 2:00,71.76500009
4/24/2025 3:00,78.09166654
4/24/2025 4:00,84.44666697
4/24/2025 5:00,96.1649999
4/24/2025 6:00,111.3033334
4/24/2025 7:00,125.1316661
4/24/2025 8:00,102.4083332
4/24/2025 9:00,75.43650763
4/24/2025 10:00,53.69166679
4/24/2025 11:00,39.82999984
4/24/2025 12:00,26.79666675
4/24/2025 13:00,25.7746031
4/24/2025 14:00,35.50333341
4/24/2025 15:00,36.44666662
4/24/2025 16:00,48.05555568
4/24/2025 17:00,58.1612902
4/24/2025 18:00,65.42833341
4/24/2025 19:00,64.65999997
4/24/2025 20:00,74.36190517
4/24/2025 21:00,104.7966665
4/24/2025 22:00,116.9699997
4/24/2025 23:00,105.5916665
4/25/2025,98.54500008
4/25/2025 1:00,89.35
4/25/2025 2:00,90.76666679
4/25/2025 3:00,93.86666676
4/25/2025 4:00,101.1883336
4/25/2025 5:00,104.9200001
4/25/2025 6:00,130.2733331
4/25/2025 7:00,130.7421041
4/25/2025 8:00,NA
4/25/2025 9:00,72.23000043
4/25/2025 10:00,54.36000004
4/25/2025 11:00,27.43166679
4/25/2025 12:00,13.15166667
4/25/2025 13:00,22.59499996
4/25/2025 14:00,37.20166648
4/25/2025 15:00,33.3516667
4/25/2025 16:00,30.60333328
4/25/2025 17:00,38.02833341
4/25/2025 18:00,41.75333319
4/25/2025 19:00,55.78999983
4/25/2025 20:00,75.44666646
4/25/2025 21:00,88.81999982
4/25/2025 22:00,109.4899999
4/25/2025 23:00,118.7349998
4/26/2025,90.74833336
4/26/2025 1:00,86.09833336
4/26/2025 2:00,87.80833359
4/26/2025 3:00,79.99000003
4/26/2025 4:00,80.66166662
4/26/2025 5:00,91.65666682
4/26/2025 6:00,106.9433332
4/26/2025 7:00,133.3266668
4/26/2025 8:00,102.5683333
4/26/2025 9:00,78.38769208
4/26/2025 10:00,46.07536236
4/26/2025 11:00,24.04333313
4/26/2025 12:00,25.26129033
4/26/2025 13:00,28.68666665
4/26/2025 14:00,26.21833321
4/26/2025 15:00,28.96833321
4/26/2025 16:00,41.45161281
4/26/2025 17:00,45.76999995
4/26/2025 18:00,49.88181808
4/26/2025 19:00,52.51333351
4/26/2025 20:00,68.17333317
4/26/2025 21:00,89.22666664
4/26/2025 22:00,110.696667
4/26/2025 23:00,119.7983335
4/27/2025,109.2566664
4/27/2025 1:00,112.7183336
4/27/2025 2:00,92.67166659
4/27/2025 3:00,96.21166662
4/27/2025 4:00,103.6850002
4/27/2025 5:00,110.6850005
4/27/2025 6:00,115.7116666
4/27/2025 7:00,135.6083342
4/27/2025 8:00,93.4142863
4/27/2025 9:00,76.92063462
4/27/2025 10:00,57.44127013
4/27/2025 11:00,49.12575733
4/27/2025 12:00,36.54500014
4/27/2025 13:00,22.99666661
4/27/2025 14:00,33.93333356
4/27/2025 15:00,42.36666679
4/27/2025 16:00,47.29660998
4/27/2025 17:00,43.63333321
4/27/2025 18:00,37.65166645
4/27/2025 19:00,44.62999999
4/27/2025 20:00,52.59666672
4/27/2025 21:00,44.09499989
4/27/2025 22:00,47.58500004
4/27/2025 23:00,47.89500001
4/28/2025,38.89500008
4/28/2025 1:00,37.71666667
4/28/2025 2:00,35.75999994
4/28/2025 3:00,40.92333336
4/28/2025 4:00,45.8233333
4/28/2025 5:00,48.65499973
4/28/2025 6:00,50.5233333
4/28/2025 7:00,63.92666677
4/28/2025 8:00,64.75079358
4/28/2025 9:00,57.14500001
4/28/2025 10:00,40.32580665
4/28/2025 11:00,45.57580653
4/28/2025 12:00,39.77536213
4/28/2025 13:00,32.85483874
4/28/2025 14:00,33.45833337
4/28/2025 15:00,30.91833337
4/28/2025 16:00,36.38999999
4/28/2025 17:00,42.00333335
4/28/2025 18:00,33.85000003
4/28/2025 19:00,29.05666669
4/28/2025 20:00,29.04333337
4/28/2025 21:00,32.01333323
4/28/2025 22:00,31.26166646
4/28/2025 23:00,32.46666667
4/29/2025,35.9850001
4/29/2025 1:00,36.4666666
4/29/2025 2:00,36.10500008
4/29/2025 3:00,40.5733333
4/29/2025 4:00,41.74500001
4/29/2025 5:00,42.32166665
4/29/2025 6:00,47.02833354
4/29/2025 7:00,61.28999952
4/29/2025 8:00,60.48500029
4/29/2025 9:00,50.78333321
4/29/2025 10:00,38.43666655
4/29/2025 11:00,31.23833323
4/29/2025 12:00,26.00333331
4/29/2025 13:00,20.90666672
4/29/2025 14:00,17.09499997
4/29/2025 15:00,20.83492058
4/29/2025 16:00,20.36333335
4/29/2025 17:00,22.07000001
4/29/2025 18:00,34.17999992
4/29/2025 19:00,43.9416666
4/29/2025 20:00,58.82698386
4/29/2025 21:00,62.31500022
4/29/2025 22:00,59.99666653
4/29/2025 23:00,63.88333333
4/30/2025,66.15166702
4/30/2025 1:00,49.08833326
4/30/2025 2:00,44.68499997
4/30/2025 3:00,33.61666673
4/30/2025 4:00,36.46333307
4/30/2025 5:00,39.3833334
4/30/2025 6:00,43.43666681
4/30/2025 7:00,56.70999985
4/30/2025 8:00,38.63666655
4/30/2025 9:00,38.49000003
4/30/2025 10:00,37.78333349
4/30/2025 11:00,31.63492091
4/30/2025 12:00,23.09999997
4/30/2025 13:00,26.89666653
4/30/2025 14:00,27.03833348
4/30/2025 15:00,23.12833347
4/30/2025 16:00,29.35333338
4/30/2025 17:00,36.18166656
4/30/2025 18:00,34.59999997
4/30/2025 19:00,44.09666653
4/30/2025 20:00,59.89666691
4/30/2025 21:00,62.85079399
4/30/2025 22:00,38.56499971
4/30/2025 23:00,50.725
5/1/2025,54.84666665
5/1/2025 1:00,58.74666697
5/1/2025 2:00,62.45499992
5/1/2025 3:00,73.0816665
5/1/2025 4:00,67.12833296
5/1/2025 5:00,60.89000009
5/1/2025 6:00,69.33333276
5/1/2025 7:00,51.59152545
5/1/2025 8:00,51.55873005
5/1/2025 9:00,23.74000012
5/1/2025 10:00,29.95999991
5/1/2025 11:00,44.73166685
5/1/2025 12:00,24.63333338
5/1/2025 13:00,13.15333335
5/1/2025 14:00,11.65151515
5/1/2025 15:00,11.31000007
5/1/2025 16:00,10.59333335
5/1/2025 17:00,14.02096771
5/1/2025 18:00,26.48166666
5/1/2025 19:00,52.67999992
5/1/2025 20:00,42.14499998
5/1/2025 21:00,39.34666659
5/1/2025 22:00,43.65999978
5/1/2025 23:00,43.23000011
5/2/2025,47.87166659
5/2/2025 1:00,36.6549998
5/2/2025 2:00,34.71000004
5/2/2025 3:00,37.53000021
5/2/2025 4:00,46.83833319
5/2/2025 5:00,38.42833341
5/2/2025 6:00,45.49666691
5/2/2025 7:00,49.07166665
5/2/2025 8:00,41.75999994
5/2/2025 9:00,25.47166665
5/2/2025 10:00,24.74666659
5/2/2025 11:00,18.67500002
5/2/2025 12:00,18.05999994
5/2/2025 13:00,28.20999988
5/2/2025 14:00,32.98666655
5/2/2025 15:00,34.52500006
5/2/2025 16:00,32.12833322
5/2/2025 17:00,34.20500018
5/2/2025 18:00,41.47666645
5/2/2025 19:00,51.92333342
5/2/2025 20:00,52.55499992
5/2/2025 21:00,52.75166677
5/2/2025 22:00,65.56333338
5/2/2025 23:00,76.21833331
5/3/2025,53.01166668
5/3/2025 1:00,52.74166641
5/3/2025 2:00,60.12166704
5/3/2025 3:00,50.66500009
5/3/2025 4:00,53.23166656
5/3/2025 5:00,45.49500008
5/3/2025 6:00,48.05000019
5/3/2025 7:00,38.25166674
5/3/2025 8:00,32.23333327
5/3/2025 9:00,30.80166658
5/3/2025 10:00,28.6933334
5/3/2025 11:00,23.4166666
5/3/2025 12:00,31.50833333
5/3/2025 13:00,30.55000019
5/3/2025 14:00,26.67833328
5/3/2025 15:00,23.02833331
5/3/2025 16:00,23.11499999
5/3/2025 17:00,23.79833342
5/3/2025 18:00,33.52166681
5/3/2025 19:00,48.96333338
5/3/2025 20:00,50.81333345
5/3/2025 21:00,67.53000011
5/3/2025 22:00,78.16166649
5/3/2025 23:00,73.41833344
5/4/2025,77.20666663
5/4/2025 1:00,70.64999955
5/4/2025 2:00,67.40999978
5/4/2025 3:00,58.5649998
5/4/2025 4:00,29.04833326
5/4/2025 5:00,31.56166665
5/4/2025 6:00,20.99000001
5/4/2025 7:00,19.1100001
5/4/2025 8:00,19.69999997
5/4/2025 9:00,23.01639354
5/4/2025 10:00,21.88666673
5/4/2025 11:00,27.59833323
5/4/2025 12:00,18.24492756
5/4/2025 13:00,16.27166677
5/4/2025 14:00,19.095
5/4/2025 15:00,10.05333336
5/4/2025 16:00,5.670000005
5/4/2025 17:00,12.09333342
5/4/2025 18:00,23.56500003
5/4/2025 19:00,26.75333328
5/4/2025 20:00,34.41833324
5/4/2025 21:00,53.12166653
5/4/2025 22:00,42.44333318
5/4/2025 23:00,31.82166669
5/5/2025,37.81333332
5/5/2025 1:00,42.05166658
5/5/2025 2:00,40.69000009
5/5/2025 3:00,41.32666664
5/5/2025 4:00,44.74833342
5/5/2025 5:00,47.78166644
5/5/2025 6:00,52.71666654
5/5/2025 7:00,59.15999997
5/5/2025 8:00,30.98833329
5/5/2025 9:00,21.74999987
5/5/2025 10:00,20.14444437
5/5/2025 11:00,18.50757574
5/5/2025 12:00,21.34666662
5/5/2025 13:00,21.03281242
5/5/2025 14:00,24.11935499
5/5/2025 15:00,21.95833324
5/5/2025 16:00,22.17833322
5/5/2025 17:00,25.58499988
5/5/2025 18:00,29.44999994
5/5/2025 19:00,38.12833325
5/5/2025 20:00,32.17777803
5/5/2025 21:00,NA
5/5/2025 22:00,24.91500009
5/5/2025 23:00,26.38833332
5/6/2025,27.85666672
5/6/2025 1:00,33.44666665
5/6/2025 2:00,36.66000048
5/6/2025 3:00,36.09999971
5/6/2025 4:00,40.31666657
5/6/2025 5:00,46.26499977
5/6/2025 6:00,50.31333351
5/6/2025 7:00,54.76000004
5/6/2025 8:00,55.58333352
5/6/2025 9:00,37.5166666
5/6/2025 10:00,37.13650788
5/6/2025 11:00,33.50666676
5/6/2025 12:00,24.89354838
5/6/2025 13:00,19.74833339
5/6/2025 14:00,18.98166663
5/6/2025 15:00,19.72833343
5/6/2025 16:00,21.09166657
5/6/2025 17:00,25.77301585
5/6/2025 18:00,32.53499994
5/6/2025 19:00,42.11833318
5/6/2025 20:00,50.75333347
5/6/2025 21:00,41.11666667
5/6/2025 22:00,45.78833338
5/6/2025 23:00,44.10500005
5/7/2025,42.54499995
5/7/2025 1:00,40.78000011
5/7/2025 2:00,44.48666681
5/7/2025 3:00,40.42333304
5/7/2025 4:00,41.28166669
5/7/2025 5:00,39.43166669
5/7/2025 6:00,48.56333345
5/7/2025 7:00,67.93770487
5/7/2025 8:00,60.21833312
5/7/2025 9:00,46.375
5/7/2025 10:00,32.79000009
5/7/2025 11:00,21.9063492
5/7/2025 12:00,16.67999994
5/7/2025 13:00,15.93333337
5/7/2025 14:00,15.93500004
5/7/2025 15:00,16.07833331
5/7/2025 16:00,17.50833327
5/7/2025 17:00,19.40500003
5/7/2025 18:00,26.3092592
5/7/2025 19:00,32.82666667
5/7/2025 20:00,36.30757575
5/7/2025 21:00,37.59833326
5/7/2025 22:00,41.23666687
5/7/2025 23:00,58.64666678
5/8/2025,55.54000009
5/8/2025 1:00,40.22333355
5/8/2025 2:00,45.31666667
5/8/2025 3:00,44.01999995
5/8/2025 4:00,47.85333341
5/8/2025 5:00,49.61333332
5/8/2025 6:00,62.51833356
5/8/2025 7:00,63.64666653
5/8/2025 8:00,41.21587302
5/8/2025 9:00,27.07619049
5/8/2025 10:00,17.60476191
5/8/2025 11:00,18.78666662
5/8/2025 12:00,16.00666658
5/8/2025 13:00,15.6449999
5/8/2025 14:00,17.2100001
5/8/2025 15:00,18.43968263
5/8/2025 16:00,19.82999991
5/8/2025 17:00,20.26333334
5/8/2025 18:00,25.91500006
5/8/2025 19:00,31.32878795
5/8/2025 20:00,34.46833356
5/8/2025 21:00,51.46333345
5/8/2025 22:00,63.68666687
5/8/2025 23:00,55.93333327
5/9/2025,61.66666679
5/9/2025 1:00,53.93333346
5/9/2025 2:00,56.44166679
5/9/2025 3:00,51.10499992
5/9/2025 4:00,52.69833323
5/9/2025 5:00,53.8899999
5/9/2025 6:00,79.4783329
5/9/2025 7:00,67.72333336
5/9/2025 8:00,61.67460266
5/9/2025 9:00,36.47999976
5/9/2025 10:00,28.01333329
5/9/2025 11:00,18.19682521
5/9/2025 12:00,16.968254
5/9/2025 13:00,16.84166671
5/9/2025 14:00,30.53333332
5/9/2025 15:00,18.92666672
5/9/2025 16:00,18.72333341
5/9/2025 17:00,19.61000009
5/9/2025 18:00,25.45666676
5/9/2025 19:00,43.21269829
5/9/2025 20:00,50.49206331
5/9/2025 21:00,64.93499991
5/9/2025 22:00,55.925
5/9/2025 23:00,61.66166687
5/10/2025,62.45833346
5/10/2025 1:00,60.39000009
5/10/2025 2:00,55.72999986
5/10/2025 3:00,52.60333354
5/10/2025 4:00,56.18666674
5/10/2025 5:00,59.33833345
5/10/2025 6:00,71.04000022
5/10/2025 7:00,71.80166702
5/10/2025 8:00,45.93174616
5/10/2025 9:00,43.93492063
5/10/2025 10:00,25.77166669
5/10/2025 11:00,18.93333324
5/10/2025 12:00,17.63666674
5/10/2025 13:00,17.29365095
5/10/2025 14:00,17.10833319
5/10/2025 15:00,15.78333332
5/10/2025 16:00,11.12499998
5/10/2025 17:00,14.52833322
5/10/2025 18:00,20.6216667
5/10/2025 19:00,34.84833336
5/10/2025 20:00,38.47833338
5/10/2025 21:00,27.88499994
5/10/2025 22:00,34.59166657
5/10/2025 23:00,47.64499989
5/11/2025,49.75166664
5/11/2025 1:00,45.12666664
5/11/2025 2:00,42.90000004
5/11/2025 3:00,56.5416666
5/11/2025 4:00,61.60999997
5/11/2025 5:00,99.80833308
5/11/2025 6:00,68.76666629
5/11/2025 7:00,62.78499997
5/11/2025 8:00,43.96166706
5/11/2025 9:00,28.94333331
5/11/2025 10:00,20.36166673
5/11/2025 11:00,16.4907693
5/11/2025 12:00,21.74754094
5/11/2025 13:00,17.42333328
5/11/2025 14:00,17.05806458
5/11/2025 15:00,19.01166665
5/11/2025 16:00,20.8399999
5/11/2025 17:00,19.06999989
5/11/2025 18:00,23.25263159
5/11/2025 19:00,22.31746029
5/11/2025 20:00,24.4451612
5/11/2025 21:00,28.3571428
5/11/2025 22:00,52.65499992
5/11/2025 23:00,47.8833334
5/12/2025,41.76000013
5/12/2025 1:00,35.57833341
5/12/2025 2:00,39.10000019
5/12/2025 3:00,34.42833319
5/12/2025 4:00,41.11999998
5/12/2025 5:00,49.1683334
5/12/2025 6:00,53.28500004
5/12/2025 7:00,65.50500005
5/12/2025 8:00,47.16833318
5/12/2025 9:00,26.46984125
5/12/2025 10:00,26.5333334
5/12/2025 11:00,19.40166677
5/12/2025 12:00,17.64999997
5/12/2025 13:00,17.43000018
5/12/2025 14:00,16.80500002
5/12/2025 15:00,19.15000002
5/12/2025 16:00,23.58095246
5/12/2025 17:00,27.11499999
5/12/2025 18:00,29.56499999
5/12/2025 19:00,30.28833329
5/12/2025 20:00,34.31428552
5/12/2025 21:00,31.98333352
5/12/2025 22:00,29.26166658
5/12/2025 23:00,26.56333323
5/13/2025,29.97000014
5/13/2025 1:00,40.04833342
5/13/2025 2:00,37.58333314
5/13/2025 3:00,34.32166662
5/13/2025 4:00,40.62166665
5/13/2025 5:00,40.31833328
5/13/2025 6:00,61.2399999
5/13/2025 7:00,45.90833321
5/13/2025 8:00,40.25873015
5/13/2025 9:00,31.19499989
5/13/2025 10:00,27.27333333
5/13/2025 11:00,22.01500003
5/13/2025 12:00,18.44769243
5/13/2025 13:00,19.75166667
5/13/2025 14:00,19.95333333
5/13/2025 15:00,18.66833328
5/13/2025 16:00,20.60483862
5/13/2025 17:00,22.54062493
5/13/2025 18:00,29.72333345
5/13/2025 19:00,34.11166658
5/13/2025 20:00,30.43650785
5/13/2025 21:00,34.94833339
5/13/2025 22:00,37.65999988
5/13/2025 23:00,46.97936497
5/14/2025,38.00166674
5/14/2025 1:00,54.65666663
5/14/2025 2:00,52.50666682
5/14/2025 3:00,50.23499997
5/14/2025 4:00,56.33666636
5/14/2025 5:00,60.70833308
5/14/2025 6:00,78.14333324
5/14/2025 7:00,107.7699997
5/14/2025 8:00,57.30999972
5/14/2025 9:00,36.20499976
5/14/2025 10:00,31.66666664
5/14/2025 11:00,30.10333328
5/14/2025 12:00,28.64776119
5/14/2025 13:00,21.10499994
5/14/2025 14:00,21.73064526
5/14/2025 15:00,21.87460327
5/14/2025 16:00,25.51333338
5/14/2025 17:00,34.77500016
5/14/2025 18:00,36.10500015
5/14/2025 19:00,34.33809523
5/14/2025 20:00,35.64761913
5/14/2025 21:00,44.28999971
5/14/2025 22:00,49.83666655
5/14/2025 23:00,50.66499983
5/15/2025,35.59833349
5/15/2025 1:00,28.86333332
5/15/2025 2:00,24.57333342
5/15/2025 3:00,24.83166663
5/15/2025 4:00,29.16166655
5/15/2025 5:00,34.9983332
5/15/2025 6:00,52.00333341
5/15/2025 7:00,63.81000036
5/15/2025 8:00,46.05967737
5/15/2025 9:00,40.90666666
5/15/2025 10:00,34.64242415
5/15/2025 11:00,27.56521727
5/15/2025 12:00,24.65128209
5/15/2025 13:00,25.57868848
5/15/2025 14:00,23.82857141
5/15/2025 15:00,24.58166672
5/15/2025 16:00,30.66666644
5/15/2025 17:00,31.94666669
5/15/2025 18:00,NA
5/15/2025 19:00,41.70434807
5/15/2025 20:00,34.28709655
5/15/2025 21:00,40.4983333
5/15/2025 22:00,45.3083334
5/15/2025 23:00,44.28666681
5/16/2025,34.0694916
5/16/2025 1:00,21.24833333
5/16/2025 2:00,25.35666663
5/16/2025 3:00,27.31333335
5/16/2025 4:00,31.2833333
5/16/2025 5:00,40.14833304
5/16/2025 6:00,58.71166662
5/16/2025 7:00,62.91500003
5/16/2025 8:00,35.37166669
5/16/2025 9:00,40.57333339
5/16/2025 10:00,37.93166647
5/16/2025 11:00,38.53970584
5/16/2025 12:00,39.90500011
5/16/2025 13:00,42.33650813
5/16/2025 14:00,54.05499961
5/16/2025 15:00,42.33833335
5/16/2025 16:00,37.63666668
5/16/2025 17:00,41.51000017
5/16/2025 18:00,36.75833341
5/16/2025 19:00,19.4660714
5/16/2025 20:00,19.72333328
5/16/2025 21:00,18.17000001
5/16/2025 22:00,27.52333342
5/16/2025 23:00,35.39333318
5/17/2025,36.44333344
5/17/2025 1:00,43.2516669
5/17/2025 2:00,45.98499997
5/17/2025 3:00,42.91166681
5/17/2025 4:00,46.26500003
5/17/2025 5:00,48.55666663
5/17/2025 6:00,51.63833332
5/17/2025 7:00,53.23166644
5/17/2025 8:00,43.10634928
5/17/2025 9:00,37.64032259
5/17/2025 10:00,39.52666677
5/17/2025 11:00,42.22666664
5/17/2025 12:00,35.34000012
5/17/2025 13:00,36.59166654
5/17/2025 14:00,34.72166672
5/17/2025 15:00,39.33166653
5/17/2025 16:00,32.31000007
5/17/2025 17:00,26.44500001
5/17/2025 18:00,30.33174621
5/17/2025 19:00,88.72499981
5/17/2025 20:00,64.32333323
5/17/2025 21:00,105.5533332
5/17/2025 22:00,123.3699997
5/17/2025 23:00,84.05166651
5/18/2025,76.27000039
5/18/2025 1:00,55.78500023
5/18/2025 2:00,41.74166667
5/18/2025 3:00,39.84603152
5/18/2025 4:00,43.00666663
5/18/2025 5:00,40.05333316
5/18/2025 6:00,51.74833317
5/18/2025 7:00,85.23174625
5/18/2025 8:00,81.10666625
5/18/2025 9:00,45.65166677
5/18/2025 10:00,31.90666641
5/18/2025 11:00,28.24666669
5/18/2025 12:00,27.13833342
5/18/2025 13:00,23.84499993
5/18/2025 14:00,NA
5/18/2025 15:00,37.14999997
5/18/2025 16:00,39.9999999
5/18/2025 17:00,27.46166674
5/18/2025 18:00,39.87500019
5/18/2025 19:00,51.03666687
5/18/2025 20:00,60.47833303
5/18/2025 21:00,56.6916666
5/18/2025 22:00,100.8266671
5/18/2025 23:00,64.69499957
5/19/2025,54.3666666
5/19/2025 1:00,60.19666672
5/19/2025 2:00,42.91333326
5/19/2025 3:00,47.07166653
5/19/2025 4:00,45.72333349
5/19/2025 5:00,47.50333309
5/19/2025 6:00,49.18833332
5/19/2025 7:00,36.61833363
5/19/2025 8:00,31.28166666
5/19/2025 9:00,23.0266667
5/19/2025 10:00,24.99062496
5/19/2025 11:00,19.92272727
5/19/2025 12:00,23.56984116
5/19/2025 13:00,18.55555553
5/19/2025 14:00,36.08870968
5/19/2025 15:00,52.01666648
5/19/2025 16:00,39.92499962
5/19/2025 17:00,45.0983331
5/19/2025 18:00,40.40666653
5/19/2025 19:00,44.34666672
5/19/2025 20:00,60.67333349
5/19/2025 21:00,46.46129024
5/19/2025 22:00,66.53333295
5/19/2025 23:00,66.95161303
5/20/2025,62.56833274
5/20/2025 1:00,45.29833323
5/20/2025 2:00,28.56333326
5/20/2025 3:00,7.044999973
5/20/2025 4:00,4.146666662
5/20/2025 5:00,6.256666664
5/20/2025 6:00,9.251666697
5/20/2025 7:00,10.84666665
5/20/2025 8:00,16.67833328
5/20/2025 9:00,12.60166671
5/20/2025 10:00,13.10000005
5/20/2025 11:00,15.77846156
5/20/2025 12:00,19.22
5/20/2025 13:00,23.94666669
5/20/2025 14:00,26.15666666
5/20/2025 15:00,26.15666663
5/20/2025 16:00,22.2600001
5/20/2025 17:00,26.81499993
5/20/2025 18:00,24.11000004
5/20/2025 19:00,28.46349208
5/20/2025 20:00,31.74333344
5/20/2025 21:00,33.41166665
5/20/2025 22:00,30.02222219
5/20/2025 23:00,32.27166672
5/21/2025,37.52833347
5/21/2025 1:00,47.32666664
5/21/2025 2:00,46.62833341
5/21/2025 3:00,39.05
5/21/2025 4:00,38.88666668
5/21/2025 5:00,35.1833333
5/21/2025 6:00,39.26833337
5/21/2025 7:00,31.25166658
5/21/2025 8:00,23.39166686
5/21/2025 9:00,22.00999997
5/21/2025 10:00,24.39666659
5/21/2025 11:00,30.26666673
5/21/2025 12:00,27.67666667
5/21/2025 13:00,20.68500005
5/21/2025 14:00,16.94999992
5/21/2025 15:00,8.948333319
5/21/2025 16:00,9.313333313
5/21/2025 17:00,8.081666652
5/21/2025 18:00,15.51666663
5/21/2025 19:00,24.76333329
5/21/2025 20:00,24.42833331
5/21/2025 21:00,46.65833289
5/21/2025 22:00,53.57666696
5/21/2025 23:00,40.94333334
5/22/2025,31.63166685
5/22/2025 1:00,33.32000008
5/22/2025 2:00,27.21166665
5/22/2025 3:00,25.64499989
5/22/2025 4:00,35.11333345
5/22/2025 5:00,35.20333354
5/22/2025 6:00,52.14166673
5/22/2025 7:00,31.62500013
5/22/2025 8:00,35.85333325
5/22/2025 9:00,27.06000007
5/22/2025 10:00,21.29666656
5/22/2025 11:00,17.93770487
5/22/2025 12:00,12.73833335
5/22/2025 13:00,13.20806457
5/22/2025 14:00,19.49516129
5/22/2025 15:00,20.09833337
5/22/2025 16:00,30.03166669
5/22/2025 17:00,26.3083333
5/22/2025 18:00,26.84333347
5/22/2025 19:00,26.97833341
5/22/2025 20:00,31.94499995
5/22/2025 21:00,31.80500011
5/22/2025 22:00,33.87000011
5/22/2025 23:00,118.335
5/23/2025,56.6366669
5/23/2025 1:00,19.07500003
5/23/2025 2:00,17.61333334
5/23/2025 3:00,19.68333346
5/23/2025 4:00,22.99000006
5/23/2025 5:00,26.43666668
5/23/2025 6:00,29.7416667
5/23/2025 7:00,39.44499998
5/23/2025 8:00,29.3083333
5/23/2025 9:00,26.66666673
5/23/2025 10:00,24.34333337
5/23/2025 11:00,19.2099999
5/23/2025 12:00,18.24833341
5/23/2025 13:00,17.36833328
5/23/2025 14:00,16.55333325
5/23/2025 15:00,16.19999996
5/23/2025 16:00,20.6966667
5/23/2025 17:00,25.13166656
5/23/2025 18:00,33.03666655
5/23/2025 19:00,30.97166643
5/23/2025 20:00,20.68666657
5/23/2025 21:00,25.24333331
5/23/2025 22:00,26.40666663
5/23/2025 23:00,22.90499997
5/24/2025,25.19666672
5/24/2025 1:00,23.84500008
5/24/2025 2:00,17.55333343
5/24/2025 3:00,16.54500001
5/24/2025 4:00,18.78666668
5/24/2025 5:00,29.07333333
5/24/2025 6:00,37.82666677
5/24/2025 7:00,39.01166658
5/24/2025 8:00,30.65166651
5/24/2025 9:00,21.4746033
5/24/2025 10:00,16.81666676
5/24/2025 11:00,18.14333332
5/24/2025 12:00,17.32857136
5/24/2025 13:00,15.96999993
5/24/2025 14:00,15.43166664
5/24/2025 15:00,25.70500007
5/24/2025 16:00,24.52539683
5/24/2025 17:00,26.00967736
5/24/2025 18:00,30.78333333
5/24/2025 19:00,41.19499992
5/24/2025 20:00,31.83650792
5/24/2025 21:00,65.911667
5/24/2025 22:00,37.43833357
5/24/2025 23:00,107.015
5/25/2025,62.74666675
5/25/2025 1:00,58.33666649
5/25/2025 2:00,64.85166658
5/25/2025 3:00,63.72333323
5/25/2025 4:00,63.40000038
5/25/2025 5:00,53.8583334
5/25/2025 6:00,55.6100001
5/25/2025 7:00,53.42539699
5/25/2025 8:00,34.73492071
5/25/2025 9:00,28.86349218
5/25/2025 10:00,28.22166656
5/25/2025 11:00,20.05238082
5/25/2025 12:00,17.45873021
5/25/2025 13:00,17.59166657
5/25/2025 14:00,14.52833331
5/25/2025 15:00,11.82000005
5/25/2025 16:00,21.34833325
5/25/2025 17:00,24.95999996
5/25/2025 18:00,22.7949999
5/25/2025 19:00,21.73333341
5/25/2025 20:00,23.79047624
5/25/2025 21:00,36.40166667
5/25/2025 22:00,94.59000003
5/25/2025 23:00,93.33833351
5/26/2025,79.68000005
5/26/2025 1:00,62.56333338
5/26/2025 2:00,28.85833343
5/26/2025 3:00,29.35166677
5/26/2025 4:00,32.60666656
5/26/2025 5:00,39.25833343
5/26/2025 6:00,44.4266667
5/26/2025 7:00,42.5899999
5/26/2025 8:00,31.10166642
5/26/2025 9:00,26.20666663
5/26/2025 10:00,19.40588232
5/26/2025 11:00,18.81269841
5/26/2025 12:00,13.5307692
5/26/2025 13:00,12.86885246
5/26/2025 14:00,11.43134331
5/26/2025 15:00,11.733871
5/26/2025 16:00,11.08999999
5/26/2025 17:00,20.46833332
5/26/2025 18:00,24.80333344
5/26/2025 19:00,19.58387101
5/26/2025 20:00,16.17666672
5/26/2025 21:00,17.44000002
5/26/2025 22:00,21.70333333
5/26/2025 23:00,23.01166668
5/27/2025,24.81166652
5/27/2025 1:00,18.1333334
5/27/2025 2:00,18.42333323
5/27/2025 3:00,18.25833327
5/27/2025 4:00,12.29833336
5/27/2025 5:00,9.031666652
5/27/2025 6:00,12.39491527
5/27/2025 7:00,17.38500002
5/27/2025 8:00,20.06999997
5/27/2025 9:00,17.27333328
5/27/2025 10:00,17.11500006
5/27/2025 11:00,15.54666659
5/27/2025 12:00,12.1
5/27/2025 13:00,13.1749999
5/27/2025 14:00,12.56166668
5/27/2025 15:00,8.25999999
5/27/2025 16:00,10.59666666
5/27/2025 17:00,14.9116667
5/27/2025 18:00,18.43636365
5/27/2025 19:00,19.83015876
5/27/2025 20:00,16.29333342
5/27/2025 21:00,21.42000006
5/27/2025 22:00,27.98333324
5/27/2025 23:00,31.95499973
5/28/2025,27.36166681
5/28/2025 1:00,27.00833324
5/28/2025 2:00,19.70000006
5/28/2025 3:00,18.14333336
5/28/2025 4:00,22.60833333
5/28/2025 5:00,21.22000001
5/28/2025 6:00,27.86166665
5/28/2025 7:00,23.49333348
5/28/2025 8:00,21.29666667
5/28/2025 9:00,19.95500013
5/28/2025 10:00,18.74833337
5/28/2025 11:00,15.00499997
5/28/2025 12:00,11.77333336
5/28/2025 13:00,12.53166657
5/28/2025 14:00,12.94666674
5/28/2025 15:00,12.61333334
5/28/2025 16:00,13.59841282
5/28/2025 17:00,20.84000003
5/28/2025 18:00,17.89000004
5/28/2025 19:00,16.40500008
5/28/2025 20:00,18.175
5/28/2025 21:00,13.47258057
5/28/2025 22:00,14.01666665
5/28/2025 23:00,5.810000014
5/29/2025,5.909999967
5/29/2025 1:00,6.698333343
5/29/2025 2:00,8.930000043
5/29/2025 3:00,10.76166668
5/29/2025 4:00,9.69666667
5/29/2025 5:00,13.80833335
5/29/2025 6:00,18.45666671
5/29/2025 7:00,13.575
5/29/2025 8:00,13.5816668
5/29/2025 9:00,8.046666662
5/29/2025 10:00,11.77333336
5/29/2025 11:00,7.478333378
5/29/2025 12:00,4.853333342
5/29/2025 13:00,5.188333317
5/29/2025 14:00,4.530000003
5/29/2025 15:00,6.714285718
5/29/2025 16:00,6.763333321
5/29/2025 17:00,12.37666663
5/29/2025 18:00,11.65999995
5/29/2025 19:00,18.83384609
5/29/2025 20:00,14.66031754
5/29/2025 21:00,11.78499997
5/29/2025 22:00,13.62999996
5/29/2025 23:00,9.028333306
5/30/2025,5.061666667
5/30/2025 1:00,5.376666681
5/30/2025 2:00,6.604999995
5/30/2025 3:00,7.351666689
5/30/2025 4:00,7.916666683
5/30/2025 5:00,8.823333303
5/30/2025 6:00,10.23333335
5/30/2025 7:00,11.49166667
5/30/2025 8:00,11.2533333
5/30/2025 9:00,8.151666625
5/30/2025 10:00,14.33166676
5/30/2025 11:00,9.185245967
5/30/2025 12:00,7.773846186
5/30/2025 13:00,7.766666675
5/30/2025 14:00,8.477777837
5/30/2025 15:00,7.788333368
5/30/2025 16:00,7.966666667
5/30/2025 17:00,10.09333336
5/30/2025 18:00,13.4183333
5/30/2025 19:00,13.26833329
5/30/2025 20:00,15.51999998
5/30/2025 21:00,19.18000007
5/30/2025 22:00,14.69333331
5/30/2025 23:00,27.97999996
5/31/2025,22.84500001
5/31/2025 1:00,20.86499999
5/31/2025 2:00,21.76000007
5/31/2025 3:00,18.27833333
5/31/2025 4:00,25.56166668
5/31/2025 5:00,28.36166674
5/31/2025 6:00,28.99833342
5/31/2025 7:00,28.75000006
5/31/2025 8:00,25.52000001
5/31/2025 9:00,26.21833328
5/31/2025 10:00,21.56666667
5/31/2025 11:00,25.85500005
5/31/2025 12:00,33.42380951
5/31/2025 13:00,32.34666675
5/31/2025 14:00,31.26666667
5/31/2025 15:00,29.53499985
5/31/2025 16:00,27.25500008
5/31/2025 17:00,26.02833341
5/31/2025 18:00,28.3483333
5/31/2025 19:00,38.81833344
5/31/2025 20:00,39.51166674
5/31/2025 21:00,40.70499999
5/31/2025 22:00,40.59333321
5/31/2025 23:00,26.78333343
6/1/2025,17.28333335
6/1/2025 1:00,16.97499994
6/1/2025 2:00,19.8266667
6/1/2025 3:00,20.53833327
6/1/2025 4:00,23.76333338
6/1/2025 5:00,27.56999985
6/1/2025 6:00,30.69166673
6/1/2025 7:00,36.12666677
6/1/2025 8:00,33.64333331
6/1/2025 9:00,33.81666667
6/1/2025 10:00,31.98000002
6/1/2025 11:00,35.06349188
6/1/2025 12:00,28.68333317
6/1/2025 13:00,26.96999989
6/1/2025 14:00,29.92333345
6/1/2025 15:00,26.45666663
6/1/2025 16:00,26.87833325
6/1/2025 17:00,29.71833334
6/1/2025 18:00,35.91833328
6/1/2025 19:00,32.93833335
6/1/2025 20:00,21.83833337
6/1/2025 21:00,26.95999978
6/1/2025 22:00,34.56666657
6/1/2025 23:00,29.26000013
6/2/2025,28.17166672
6/2/2025 1:00,28.19833345
6/2/2025 2:00,35.8483333
6/2/2025 3:00,38.02666674
6/2/2025 4:00,39.20500037
6/2/2025 5:00,36.85666656
6/2/2025 6:00,41.75833352
6/2/2025 7:00,52.3100001
6/2/2025 8:00,43.0683335
6/2/2025 9:00,53.42166675
6/2/2025 10:00,35.40857162
6/2/2025 11:00,30.30285702
6/2/2025 12:00,30.5933335
6/2/2025 13:00,33.87605624
6/2/2025 14:00,30.07619046
6/2/2025 15:00,31.18166676
6/2/2025 16:00,30.8333333
6/2/2025 17:00,34.71833344
6/2/2025 18:00,37.56333323
6/2/2025 19:00,35.17833341
6/2/2025 20:00,32.02333352
6/2/2025 21:00,33.37666664
6/2/2025 22:00,39.42999976
6/2/2025 23:00,42.9016668
6/3/2025,43.40166664
6/3/2025 1:00,39.2416667
6/3/2025 2:00,37.26999982
6/3/2025 3:00,36.49166673
6/3/2025 4:00,38.48999983
6/3/2025 5:00,40.76333329
6/3/2025 6:00,53.14666672
6/3/2025 7:00,66.1166666
6/3/2025 8:00,53.28000011
6/3/2025 9:00,52.43000018
6/3/2025 10:00,46.0566665
6/3/2025 11:00,42.50163935
6/3/2025 12:00,43.96935481
6/3/2025 13:00,38.91166658
6/3/2025 14:00,37.22666683
6/3/2025 15:00,35.25666672
6/3/2025 16:00,34.04000003
6/3/2025 17:00,44.41666667
6/3/2025 18:00,43.78499978
6/3/2025 19:00,48.62999992
6/3/2025 20:00,39.86833344
6/3/2025 21:00,48.97333333
6/3/2025 22:00,51.32000001
6/3/2025 23:00,43.80166664
6/4/2025,42.43666684
6/4/2025 1:00,33.82833328
6/4/2025 2:00,30.27833325
6/4/2025 3:00,29.05500005
6/4/2025 4:00,27.92833341
6/4/2025 5:00,28.08500001
6/4/2025 6:00,34.51000017
6/4/2025 7:00,36.26833334
6/4/2025 8:00,27.1783335
6/4/2025 9:00,29.40500005
6/4/2025 10:00,23.97076927
6/4/2025 11:00,21.2484376
6/4/2025 12:00,14.32903225
6/4/2025 13:00,17.40333341
6/4/2025 14:00,11.25666669
6/4/2025 15:00,9.215000033
6/4/2025 16:00,17.71166661
6/4/2025 17:00,25.61333338
6/4/2025 18:00,17.01166662
6/4/2025 19:00,16.43166656
6/4/2025 20:00,22.24166673
6/4/2025 21:00,29.04333334
6/4/2025 22:00,33.18333327
6/4/2025 23:00,30.85999991
6/5/2025,33.06166668
6/5/2025 1:00,30.15500005
6/5/2025 2:00,28.33499991
6/5/2025 3:00,31.96833324
6/5/2025 4:00,36.83833338
6/5/2025 5:00,35.36333297
6/5/2025 6:00,38.57999986
6/5/2025 7:00,36.20166699
6/5/2025 8:00,26.69047618
6/5/2025 9:00,21.86833337
6/5/2025 10:00,13.9698412
6/5/2025 11:00,12.85625002
6/5/2025 12:00,13.10666666
6/5/2025 13:00,13.56666665
6/5/2025 14:00,18.48666674
6/5/2025 15:00,15.38000003
6/5/2025 16:00,10.65806453
6/5/2025 17:00,15.195
6/5/2025 18:00,18.75833327
6/5/2025 19:00,20.5149999
6/5/2025 20:00,23.93500005
6/5/2025 21:00,22.23015856
6/5/2025 22:00,31.47301571
6/5/2025 23:00,27.28666668
6/6/2025,25.56999998
6/6/2025 1:00,22.86333338
6/6/2025 2:00,22.24666672
6/6/2025 3:00,21.93500013
6/6/2025 4:00,21.93833345
6/6/2025 5:00,24.54833345
6/6/2025 6:00,36.68000024
6/6/2025 7:00,39.21666644
6/6/2025 8:00,23.1616665
6/6/2025 9:00,17.79000001
6/6/2025 10:00,19.40000006
6/6/2025 11:00,15.57301592
6/6/2025 12:00,12.27538455
6/6/2025 13:00,16.56833337
6/6/2025 14:00,14.6333333
6/6/2025 15:00,12.21000001
6/6/2025 16:00,19.87666666
6/6/2025 17:00,17.19666665
6/6/2025 18:00,18.88833318
6/6/2025 19:00,25.40596999
6/6/2025 20:00,27.1333333
6/6/2025 21:00,48.31333338
6/6/2025 22:00,54.50666688
6/6/2025 23:00,44.73333333
6/7/2025,48.62500006
6/7/2025 1:00,47.27833341
6/7/2025 2:00,42.48999996
6/7/2025 3:00,39.03166663
6/7/2025 4:00,37.18333321
6/7/2025 5:00,43.05166677
6/7/2025 6:00,48.49333344
6/7/2025 7:00,50.35333322
6/7/2025 8:00,36.98095216
6/7/2025 9:00,30.04500008
6/7/2025 10:00,17.18636368
6/7/2025 11:00,14.08999998
6/7/2025 12:00,16.19193548
6/7/2025 13:00,18.46612903
6/7/2025 14:00,15.68484855
6/7/2025 15:00,15.33666671
6/7/2025 16:00,17.40499997
6/7/2025 17:00,20.28500009
6/7/2025 18:00,25.17166669
6/7/2025 19:00,29.38833335
6/7/2025 20:00,28.80999997
6/7/2025 21:00,28.76999992
6/7/2025 22:00,41.89666665
6/7/2025 23:00,46.34166673
6/8/2025,41.51166687
6/8/2025 1:00,38.62500003
6/8/2025 2:00,40.70333328
6/8/2025 3:00,40.72833328
6/8/2025 4:00,43.14499989
6/8/2025 5:00,43.24666665
6/8/2025 6:00,47.76307684
6/8/2025 7:00,42.57833357
6/8/2025 8:00,26.37666661
6/8/2025 9:00,26.18499978
6/8/2025 10:00,27.7833334
6/8/2025 11:00,29.02222234
6/8/2025 12:00,21.60666671
6/8/2025 13:00,16.16333326
6/8/2025 14:00,14.47000003
6/8/2025 15:00,13.94333337
6/8/2025 16:00,16.51833337
6/8/2025 17:00,19.93499993
6/8/2025 18:00,25.23333349
6/8/2025 19:00,37.16666651
6/8/2025 20:00,33.94666669
6/8/2025 21:00,34.67666655
6/8/2025 22:00,40.83666671
6/8/2025 23:00,43.39499982
6/9/2025,43.69166673
6/9/2025 1:00,51.82333317
6/9/2025 2:00,52.18000011
6/9/2025 3:00,58.22166653
6/9/2025 4:00,62.13166688
6/9/2025 5:00,57.67166653
6/9/2025 6:00,57.42500006
6/9/2025 7:00,53.79666684
6/9/2025 8:00,38.1733333
6/9/2025 9:00,33.65499986
6/9/2025 10:00,33.10166655
6/9/2025 11:00,25.17826091
6/9/2025 12:00,25.1
6/9/2025 13:00,21.15645159
6/9/2025 14:00,19.36666668
6/9/2025 15:00,19.445
6/9/2025 16:00,24.58333324
6/9/2025 17:00,25.88499997
6/9/2025 18:00,30.20500008
6/9/2025 19:00,38.79242391
6/9/2025 20:00,40.74666678
6/9/2025 21:00,40.66333345
6/9/2025 22:00,40.52666664
6/9/2025 23:00,43.83333327
6/10/2025,47.05
6/10/2025 1:00,49.87499994
6/10/2025 2:00,48.20833308
6/10/2025 3:00,47.95500018
6/10/2025 4:00,48.03000005
6/10/2025 5:00,49.00666682
6/10/2025 6:00,51.47500006
6/10/2025 7:00,53.97166659
6/10/2025 8:00,41.73333302
6/10/2025 9:00,37.43166656
6/10/2025 10:00,36.22833331
6/10/2025 11:00,32.74999966
6/10/2025 12:00,29.21587299
6/10/2025 13:00,27.37499997
6/10/2025 14:00,28.42666677
6/10/2025 15:00,27.70833349
6/10/2025 16:00,29.12166675
6/10/2025 17:00,33.89999997
6/10/2025 18:00,40.39500036
6/10/2025 19:00,43.14333337
6/10/2025 20:00,31.04666678
6/10/2025 21:00,19.43166669
6/10/2025 22:00,21.56333338
6/10/2025 23:00,23.13000005
6/11/2025,25.76833331
6/11/2025 1:00,27.2566666
6/11/2025 2:00,30.67000001
6/11/2025 3:00,38.40166677
6/11/2025 4:00,41.18166644
6/11/2025 5:00,44.27000008
6/11/2025 6:00,39.50833327
6/11/2025 7:00,40.96833337
6/11/2025 8:00,44.2266667
6/11/2025 9:00,36.96666679
6/11/2025 10:00,33.93166666
6/11/2025 11:00,29.34000009
6/11/2025 12:00,23.68999999
6/11/2025 13:00,27.625
6/11/2025 14:00,28.64666665
6/11/2025 15:00,29.54333331
6/11/2025 16:00,28.19999999
6/11/2025 17:00,30.18833342
6/11/2025 18:00,34.45999997
6/11/2025 19:00,18.03492068
6/11/2025 20:00,19.04666665
6/11/2025 21:00,24.5833333
6/11/2025 22:00,31.96000013
6/11/2025 23:00,35.77999967
6/12/2025,37.19333312
6/12/2025 1:00,37.6516669
6/12/2025 2:00,40.14166654
6/12/2025 3:00,42.10833346
6/12/2025 4:00,46.81833344
6/12/2025 5:00,41.14499982
6/12/2025 6:00,46.43666643
6/12/2025 7:00,42.08500004
6/12/2025 8:00,35.47000004
6/12/2025 9:00,27.58666674
6/12/2025 10:00,30.3166666
6/12/2025 11:00,28.6114754
6/12/2025 12:00,25.60746273
6/12/2025 13:00,26.19705896
6/12/2025 14:00,28.15714291
6/12/2025 15:00,31.43333333
6/12/2025 16:00,32.19166673
6/12/2025 17:00,24.97833338
6/12/2025 18:00,25.5916667
6/12/2025 19:00,31.3870968
6/12/2025 20:00,38.35333331
6/12/2025 21:00,44.71000036
6/12/2025 22:00,47.71833318
6/12/2025 23:00,41.49999975
6/13/2025,39.04499998
6/13/2025 1:00,35.25666656
6/13/2025 2:00,44.06166655
6/13/2025 3:00,46.82333361
6/13/2025 4:00,39.88666668
6/13/2025 5:00,39.44166686
6/13/2025 6:00,44.13333352
6/13/2025 7:00,51.43166656
6/13/2025 8:00,50.6183335
6/13/2025 9:00,38.28000002
6/13/2025 10:00,27.84333337
6/13/2025 11:00,18.60634922
6/13/2025 12:00,13.27592602
6/13/2025 13:00,15.76500003
6/13/2025 14:00,20.84666665
6/13/2025 15:00,26.68999999
6/13/2025 16:00,25.63174605
6/13/2025 17:00,26.54333324
6/13/2025 18:00,30.39499992
6/13/2025 19:00,39.60833311
6/13/2025 20:00,43.74999987
6/13/2025 21:00,45.42499994
6/13/2025 22:00,41.66999969
6/13/2025 23:00,39.07666677
6/14/2025,36.96166655
6/14/2025 1:00,38.97000008
6/14/2025 2:00,42.15499992
6/14/2025 3:00,36.94833355
6/14/2025 4:00,36.94333353
6/14/2025 5:00,38.85500015
6/14/2025 6:00,48.45500034
6/14/2025 7:00,39.90999991
6/14/2025 8:00,36.75999985
6/14/2025 9:00,30.36666679
6/14/2025 10:00,25.98000008
6/14/2025 11:00,22.92333339
6/14/2025 12:00,18.59666665
6/14/2025 13:00,15.13166669
6/14/2025 14:00,16.22833325
6/14/2025 15:00,15.72333331
6/14/2025 16:00,15.6633334
6/14/2025 17:00,18.60333325
6/14/2025 18:00,21.69999984
6/14/2025 19:00,25.45999997
6/14/2025 20:00,25.99999997
6/14/2025 21:00,25.62833338
6/14/2025 22:00,18.11000004
6/14/2025 23:00,18.86984124
6/15/2025,16.1983333
6/15/2025 1:00,19.96333343
6/15/2025 2:00,27.1016668
6/15/2025 3:00,27.3899999
6/15/2025 4:00,30.49333312
6/15/2025 5:00,24.54999992
6/15/2025 6:00,14.52333345
6/15/2025 7:00,18.54500001
6/15/2025 8:00,21.91333335
6/15/2025 9:00,23.64444445
6/15/2025 10:00,18.47666678
6/15/2025 11:00,14.82500003
6/15/2025 12:00,13.54500001
6/15/2025 13:00,15.52333345
6/15/2025 14:00,17.32903214
6/15/2025 15:00,18.02666664
6/15/2025 16:00,18.79499998
6/15/2025 17:00,22.64444439
6/15/2025 18:00,20.88412703
6/15/2025 19:00,23.06500006
6/15/2025 20:00,27.5476192
6/15/2025 21:00,19.74920636
6/15/2025 22:00,19.11666667
6/15/2025 23:00,21.35333328
6/16/2025,20.35000003
6/16/2025 1:00,20.26333326
6/16/2025 2:00,19.75500005
6/16/2025 3:00,19.21333329
6/16/2025 4:00,20.87833338
6/16/2025 5:00,24.45714281
6/16/2025 6:00,24.03166669
6/16/2025 7:00,30.06031733
6/16/2025 8:00,26.1766667
6/16/2025 9:00,23.28333334
6/16/2025 10:00,19.54432997
6/16/2025 11:00,22.05230783
6/16/2025 12:00,16.27777773
6/16/2025 13:00,16.74603185
6/16/2025 14:00,14.25483867
6/16/2025 15:00,16.50000002
6/16/2025 16:00,17.91999989
6/16/2025 17:00,21.5833334
6/16/2025 18:00,21.77833341
6/16/2025 19:00,24.31500009
6/16/2025 20:00,26.70333331
6/16/2025 21:00,18.97666658
6/16/2025 22:00,18.97333349
6/16/2025 23:00,13.27666669
6/17/2025,9.267741965
6/17/2025 1:00,10.2516667
6/17/2025 2:00,7.596666662
6/17/2025 3:00,7.221666654
6/17/2025 4:00,7.09500006
6/17/2025 5:00,10.75166673
6/17/2025 6:00,14.25999993
6/17/2025 7:00,13.60999999
6/17/2025 8:00,17.59833337
6/17/2025 9:00,18.04000004
6/17/2025 10:00,11.67936514
6/17/2025 11:00,6.189393918
6/17/2025 12:00,6.51818183
6/17/2025 13:00,8.289999994
6/17/2025 14:00,10.76271184
6/17/2025 15:00,7.168333348
6/17/2025 16:00,5.229999983
6/17/2025 17:00,NA
6/17/2025 18:00,7.454999987
6/17/2025 19:00,6.554999995
6/17/2025 20:00,8.58095241
6/17/2025 21:00,12.7365079
6/17/2025 22:00,12.06000004
6/17/2025 23:00,10.12999996
6/18/2025,11.77166662
6/18/2025 1:00,12.64333337
6/18/2025 2:00,8.239999986
6/18/2025 3:00,8.844444449
6/18/2025 4:00,8.170967733
6/18/2025 5:00,7.78499999
6/18/2025 6:00,8.179365128
6/18/2025 7:00,10.02333332
6/18/2025 8:00,11.87833335
6/18/2025 9:00,11.46333327
6/18/2025 10:00,7.247541021
6/18/2025 11:00,9.376119436
6/18/2025 12:00,11.19166661
6/18/2025 13:00,7.192063464
6/18/2025 14:00,5.796774184
6/18/2025 15:00,5.719047615
6/18/2025 16:00,5.164999986
6/18/2025 17:00,4.538333337
6/18/2025 18:00,6.327586215
6/18/2025 19:00,8.722222237
6/18/2025 20:00,8.839999994
6/18/2025 21:00,5.111290328
6/18/2025 22:00,8.226666665
6/18/2025 23:00,7.533333373
6/19/2025,10.65333331
6/19/2025 1:00,10.55666672
6/19/2025 2:00,8.756666724
6/19/2025 3:00,8.858333333
6/19/2025 4:00,9.590000041
6/19/2025 5:00,10.98166669
6/19/2025 6:00,11.59500004
6/19/2025 7:00,13.60166661
6/19/2025 8:00,13.85166666
6/19/2025 9:00,15.14761911
6/19/2025 10:00,13.24444439
6/19/2025 11:00,11.11000001
6/19/2025 12:00,7.99354837
6/19/2025 13:00,7.564999994
6/19/2025 14:00,6.30793654
6/19/2025 15:00,6.213333348
6/19/2025 16:00,6.795000013
6/19/2025 17:00,6.898333319
6/19/2025 18:00,4.993650785
6/19/2025 19:00,6.474603191
6/19/2025 20:00,5.788333364
6/19/2025 21:00,4.014999962
6/19/2025 22:00,3.81499999
6/19/2025 23:00,3.811666663
6/20/2025,2.294999993
6/20/2025 1:00,4.07833334
6/20/2025 2:00,4.986666667
6/20/2025 3:00,5.226666673
6/20/2025 4:00,6.906666684
6/20/2025 5:00,7.434999983
6/20/2025 6:00,9.03666664
6/20/2025 7:00,9.008333349
6/20/2025 8:00,8.814285717
6/20/2025 9:00,10.64500004
6/20/2025 10:00,8.173333375
6/20/2025 11:00,8.318333316
6/20/2025 12:00,9.195000021
6/20/2025 13:00,7.926666653
6/20/2025 14:00,5.913333313
6/20/2025 15:00,5.691666667
6/20/2025 16:00,6.556666684
6/20/2025 17:00,6.408928599
6/20/2025 18:00,5.933333361
6/20/2025 19:00,9.395000005
6/20/2025 20:00,8.020000052
6/20/2025 21:00,9.663333273
6/20/2025 22:00,10.61499999
6/20/2025 23:00,9.706451585
6/21/2025,8.993333324
6/21/2025 1:00,6.821666662
6/21/2025 2:00,5.785000006
6/21/2025 3:00,4.504999991
6/21/2025 4:00,5.673333347
6/21/2025 5:00,7.203333314
6/21/2025 6:00,10.88
6/21/2025 7:00,6.001538427
6/21/2025 8:00,6.886885268
6/21/2025 9:00,6.16610167
6/21/2025 10:00,4.593333356
6/21/2025 11:00,4.216666659
6/21/2025 12:00,7.016666671
6/21/2025 13:00,5.591666655
6/21/2025 14:00,4.448333311
6/21/2025 15:00,4.481666692
6/21/2025 16:00,8.787096727
6/21/2025 17:00,26.97666694
6/21/2025 18:00,12.35833333
6/21/2025 19:00,10.78666672
6/21/2025 20:00,10.02166667
6/21/2025 21:00,7.363333329
6/21/2025 22:00,8.761666663
6/21/2025 23:00,11.005
6/22/2025,12.2857143
6/22/2025 1:00,10.39999998
6/22/2025 2:00,10.63999996
6/22/2025 3:00,12.96000001
6/22/2025 4:00,10.80166669
6/22/2025 5:00,10.48000003
6/22/2025 6:00,11.57666669
6/22/2025 7:00,10.87833335
6/22/2025 8:00,9.984126992
6/22/2025 9:00,6.979999995
6/22/2025 10:00,11.49
6/22/2025 11:00,9.726666657
6/22/2025 12:00,5.81578949
6/22/2025 13:00,5.379365081
6/22/2025 14:00,4.835000006
6/22/2025 15:00,5.830000023
6/22/2025 16:00,8.012903214
6/22/2025 17:00,8.076666665
6/22/2025 18:00,11.97619045
6/22/2025 19:00,11.85666666
6/22/2025 20:00,15.88333337
6/22/2025 21:00,17.15333336
6/22/2025 22:00,6.871428596
6/22/2025 23:00,3.285714291
6/23/2025,4.091666647
6/23/2025 1:00,8.193333324
6/23/2025 2:00,8.21833334
6/23/2025 3:00,8.266666683
6/23/2025 4:00,11.36333334
6/23/2025 5:00,12.14333336
6/23/2025 6:00,14.05833332
6/23/2025 7:00,15.29666658
6/23/2025 8:00,8.017741903
6/23/2025 9:00,7.195000048
6/23/2025 10:00,11.0555556
6/23/2025 11:00,6.993333364
6/23/2025 12:00,8.115873004
6/23/2025 13:00,4.398333331
6/23/2025 14:00,4
6/23/2025 15:00,5.213333325
6/23/2025 16:00,6.160000026
6/23/2025 17:00,4.833333306
6/23/2025 18:00,6.428571447
6/23/2025 19:00,7.178333338
6/23/2025 20:00,5.533333333
6/23/2025 21:00,7.175000008
6/23/2025 22:00,6.57499998
6/23/2025 23:00,6.194999973
6/24/2025,8.37166671
6/24/2025 1:00,6.383333353
6/24/2025 2:00,3.903333294
6/24/2025 3:00,3.918333318
6/24/2025 4:00,6.419354846
6/24/2025 5:00,7.76129032
6/24/2025 6:00,11.56499991
6/24/2025 7:00,13.4333334
6/24/2025 8:00,6.843333348
6/24/2025 9:00,5.111666663
6/24/2025 10:00,4.318333332
6/24/2025 11:00,4.751612894
6/24/2025 12:00,3.993650796
6/24/2025 13:00,3.476666651
6/24/2025 14:00,5.743333336
6/24/2025 15:00,7.079032229
6/24/2025 16:00,10.37192983
6/24/2025 17:00,8.629999995
6/24/2025 18:00,7.886666711
6/24/2025 19:00,10.59499998
6/24/2025 20:00,9.91746032
6/24/2025 21:00,8.836666671
6/24/2025 22:00,7.513333313
6/24/2025 23:00,6.18833336
6/25/2025,6.391666683
6/25/2025 1:00,5.016666635
6/25/2025 2:00,6.256666676
6/25/2025 3:00,5.548333351
6/25/2025 4:00,6.763333313
6/25/2025 5:00,9.031666692
6/25/2025 6:00,10.19666673
6/25/2025 7:00,10.24666665
6/25/2025 8:00,8.650000024
6/25/2025 9:00,10.25833336
6/25/2025 10:00,10.49166665
6/25/2025 11:00,8.076666673
6/25/2025 12:00,5.244444446
6/25/2025 13:00,4.425
6/25/2025 14:00,4.8816667
6/25/2025 15:00,8.126666649
6/25/2025 16:00,7.837096776
6/25/2025 17:00,8.103333322
6/25/2025 18:00,8.911290323
6/25/2025 19:00,10.07166668
6/25/2025 20:00,6.131666621
6/25/2025 21:00,4.73666665
6/25/2025 22:00,3.90999999
6/25/2025 23:00,4.509999998
6/26/2025,4.816666675
6/26/2025 1:00,6.573333367
6/26/2025 2:00,6.836666679
6/26/2025 3:00,6.690000041
6/26/2025 4:00,6.030000011
6/26/2025 5:00,7.388333376
6/26/2025 6:00,10.88333335
6/26/2025 7:00,13.3783333
6/26/2025 8:00,6.713333356
6/26/2025 9:00,4.869999985
6/26/2025 10:00,6.609523773
6/26/2025 11:00,7.146376845
6/26/2025 12:00,5.991935499
6/26/2025 13:00,5.163333333
6/26/2025 14:00,5.626984135
6/26/2025 15:00,5.198412721
6/26/2025 16:00,5.683333313
6/26/2025 17:00,7.455000011
6/26/2025 18:00,9.00999999
6/26/2025 19:00,8.871428571
6/26/2025 20:00,10.36833332
6/26/2025 21:00,8.485000038
6/26/2025 22:00,9.009523861
6/26/2025 23:00,4.576666669
6/27/2025,3.265573763
6/27/2025 1:00,4.3203125
6/27/2025 2:00,5.473015891
6/27/2025 3:00,5.789999974
6/27/2025 4:00,9.006666692
6/27/2025 5:00,9.829999979
6/27/2025 6:00,11.48833337
6/27/2025 7:00,13.02000001
6/27/2025 8:00,11.88666666
6/27/2025 9:00,9.256666621
6/27/2025 10:00,8.246666694
6/27/2025 11:00,7.298333327
6/27/2025 12:00,12.74500005
6/27/2025 13:00,10.35666665
6/27/2025 14:00,6.903174635
6/27/2025 15:00,5.381538461
6/27/2025 16:00,5.343333316
6/27/2025 17:00,7.291666659
6/27/2025 18:00,9.820634918
6/27/2025 19:00,11.67833335
6/27/2025 20:00,12.55238094
6/27/2025 21:00,9.771666678
6/27/2025 22:00,8.775000016
6/27/2025 23:00,8.10666674
6/28/2025,8.060317478
6/28/2025 1:00,NA
6/28/2025 2:00,NA
6/28/2025 3:00,NA
6/28/2025 4:00,NA
6/28/2025 5:00,NA
6/28/2025 6:00,11.18333333
6/28/2025 7:00,11.45967737
6/28/2025 8:00,NA
6/28/2025 9:00,13.82340431
6/28/2025 10:00,10.37833337
6/28/2025 11:00,7.620000029
6/28/2025 12:00,6.330000011
6/28/2025 13:00,5.068333344
6/28/2025 14:00,4.048333317
6/28/2025 15:00,4.782258068
6/28/2025 16:00,5.034999983
6/28/2025 17:00,6.018333348
6/28/2025 18:00,7.250000016
6/28/2025 19:00,10.9268657
6/28/2025 20:00,12.29523809
6/28/2025 21:00,9.73666664
6/28/2025 22:00,7.618333316
6/28/2025 23:00,8.171666718
6/29/2025,9.28500003
6/29/2025 1:00,8.388333376
6/29/2025 2:00,8.395000005
6/29/2025 3:00,9.055000011
6/29/2025 4:00,10.35573771
6/29/2025 5:00,11.6650793
6/29/2025 6:00,11.325
6/29/2025 7:00,15.13666657
6/29/2025 8:00,17.3449999
6/29/2025 9:00,18.64126987
6/29/2025 10:00,15.65333339
6/29/2025 11:00,11.88833337
6/29/2025 12:00,10.81864407
6/29/2025 13:00,7.806666676
6/29/2025 14:00,11.21666667
6/29/2025 15:00,7.966666698
6/29/2025 16:00,6.156666676
6/29/2025 17:00,7.121666698
6/29/2025 18:00,3.423333345
6/29/2025 19:00,7.830000031
6/29/2025 20:00,8.40333333
6/29/2025 21:00,8.143333316
6/29/2025 22:00,10.40166663
6/29/2025 23:00,12.25666664
6/30/2025,13.59682539
6/30/2025 1:00,11.44000005
6/30/2025 2:00,11.98730166
6/30/2025 3:00,13.77999996
6/30/2025 4:00,10.41111115
6/30/2025 5:00,11.10793648
6/30/2025 6:00,14.59838703
6/30/2025 7:00,18.48833342
6/30/2025 8:00,21.97500005
6/30/2025 9:00,17.13666663
6/30/2025 10:00,16.52666669
6/30/2025 11:00,19.90793654
6/30/2025 12:00,14.879365
6/30/2025 13:00,19.04666626
6/30/2025 14:00,64.89361444
6/30/2025 15:00,6.243333352
6/30/2025 16:00,8.573333335
6/30/2025 17:00,9.423333383
6/30/2025 18:00,8.030645201
6/30/2025 19:00,9.836666671
6/30/2025 20:00,14.66500001
6/30/2025 21:00,15.69499995
6/30/2025 22:00,14.26166666
6/30/2025 23:00,10.57666667
7/1/2025,14.25666666
7/1/2025 1:00,17.18666673
7/1/2025 2:00,17.09516127
7/1/2025 3:00,16.66833348
7/1/2025 4:00,16.67499998
7/1/2025 5:00,18.98499993
7/1/2025 6:00,16.05079363
7/1/2025 7:00,17.92000001
7/1/2025 8:00,11.35999997
7/1/2025 9:00,11.17000001
7/1/2025 10:00,11.31166666
7/1/2025 11:00,10.17999998
7/1/2025 12:00,6.595000013
7/1/2025 13:00,5.541666655
7/1/2025 14:00,7.344776146
7/1/2025 15:00,9.383333333
7/1/2025 16:00,10.13666669
7/1/2025 17:00,9.107692286
7/1/2025 18:00,12.26190481
7/1/2025 19:00,8.366666642
7/1/2025 20:00,10.92833331
7/1/2025 21:00,13.53000008
7/1/2025 22:00,13.95666669
7/1/2025 23:00,11.37903229
7/2/2025,10.21999997
7/2/2025 1:00,10.00862071
7/2/2025 2:00,8.945000005
7/2/2025 3:00,11.61499999
7/2/2025 4:00,10.69500002
7/2/2025 5:00,13.91833334
7/2/2025 6:00,15.51746026
7/2/2025 7:00,17.62000004
7/2/2025 8:00,12.11166662
7/2/2025 9:00,8.128571488
7/2/2025 10:00,6.51935482
7/2/2025 11:00,8.170270301
7/2/2025 12:00,9.74936708
7/2/2025 13:00,4.623437505
7/2/2025 14:00,3.885245904
7/2/2025 15:00,2.893442598
7/2/2025 16:00,4.519999971
7/2/2025 17:00,5.871666654
7/2/2025 18:00,7.419047662
7/2/2025 19:00,7.878333378
7/2/2025 20:00,8.767647035
7/2/2025 21:00,9.386666687
7/2/2025 22:00,9.18833336
7/2/2025 23:00,8.728333362
7/3/2025,7.638095258
7/3/2025 1:00,7.840000049
7/3/2025 2:00,8.904999979
7/3/2025 3:00,8.817460302
7/3/2025 4:00,8.436507959
7/3/2025 5:00,8.803174662
7/3/2025 6:00,11.38833329
7/3/2025 7:00,14.99666662
7/3/2025 8:00,11.41833334
7/3/2025 9:00,13.25087716
7/3/2025 10:00,22.71333294
7/3/2025 11:00,10.34782608
7/3/2025 12:00,6.912307699
7/3/2025 13:00,4.505000007
7/3/2025 14:00,4.73225807
7/3/2025 15:00,5.808333333
7/3/2025 16:00,7.35555555
7/3/2025 17:00,6.091666679
7/3/2025 18:00,5.676666665
7/3/2025 19:00,7.799999976
7/3/2025 20:00,10.45999991
7/3/2025 21:00,7.380303036
7/3/2025 22:00,7.82166667
7/3/2025 23:00,6.153968293
7/4/2025,6.24262293
7/4/2025 1:00,6.411290338
7/4/2025 2:00,4.640983589
7/4/2025 3:00,5.896666678
7/4/2025 4:00,5.68412699
7/4/2025 5:00,6.1
7/4/2025 6:00,7.151666625
7/4/2025 7:00,8.803333338
7/4/2025 8:00,10.91333334
7/4/2025 9:00,8.388709676
7/4/2025 10:00,7.748275905
7/4/2025 11:00,8.610000022
7/4/2025 12:00,10.04761905
7/4/2025 13:00,6.414999998
7/4/2025 14:00,3.378333338
7/4/2025 15:00,3.343333352
7/4/2025 16:00,5.096825403
7/4/2025 17:00,5.116129025
7/4/2025 18:00,6.928333362
7/4/2025 19:00,8.81333336
7/4/2025 20:00,8.684999959
7/4/2025 21:00,7.943333387
7/4/2025 22:00,9.945000068
7/4/2025 23:00,11.13833337
7/5/2025,6.959999998
7/5/2025 1:00,8.156666716
7/5/2025 2:00,4.783333325
7/5/2025 3:00,5.326562516
7/5/2025 4:00,6.336666679
7/5/2025 5:00,6.549999984
7/5/2025 6:00,10.27096777
7/5/2025 7:00,10.37833334
7/5/2025 8:00,13.90833337
7/5/2025 9:00,9.175384595
7/5/2025 10:00,8.851515214
7/5/2025 11:00,8.868333364
7/5/2025 12:00,9.550000014
7/5/2025 13:00,11.96000004
7/5/2025 14:00,11.55645161
7/5/2025 15:00,8.621666678
7/5/2025 16:00,6.435483856
7/5/2025 17:00,5.990769207
7/5/2025 18:00,8.429999971
7/5/2025 19:00,11.25833336
7/5/2025 20:00,11.1916667
7/5/2025 21:00,11.81833336
7/5/2025 22:00,8.916666651
7/5/2025 23:00,7.703333386
7/6/2025,7.639682581
7/6/2025 1:00,8.371666678
7/6/2025 2:00,7.612121206
7/6/2025 3:00,7.04666671
7/6/2025 4:00,6.86984125
7/6/2025 5:00,6.72063493
7/6/2025 6:00,9.098333327
7/6/2025 7:00,9.755000003
7/6/2025 8:00,14.42666672
7/6/2025 9:00,16.67000003
7/6/2025 10:00,10.34166671
7/6/2025 11:00,7.164705866
7/6/2025 12:00,5.245901659
7/6/2025 13:00,4.53709677
7/6/2025 14:00,5.539999994
7/6/2025 15:00,5.43787876
7/6/2025 16:00,7.636666648
7/6/2025 17:00,6.306349225
7/6/2025 18:00,6.726666685
7/6/2025 19:00,8.508333333
7/6/2025 20:00,7.158333317
7/6/2025 21:00,5.701666641
7/6/2025 22:00,4.636666656
7/6/2025 23:00,3.749999992
7/7/2025,5.498387087
7/7/2025 1:00,6.800000016
7/7/2025 2:00,7.915000033
7/7/2025 3:00,9.140000017
7/7/2025 4:00,7.891666667
7/7/2025 5:00,6.479999995
7/7/2025 6:00,8.653333314
7/7/2025 7:00,8.888333344
7/7/2025 8:00,8.296666694
7/7/2025 9:00,6.6083333
7/7/2025 10:00,4.298333359
7/7/2025 11:00,8.290625006
7/7/2025 12:00,6.500000047
7/7/2025 13:00,4.566129023
7/7/2025 14:00,4.467741924
7/7/2025 15:00,4.456666672
7/7/2025 16:00,6.487301588
7/7/2025 17:00,4.779999983
7/7/2025 18:00,7.71451614
7/7/2025 19:00,11.35500001
7/7/2025 20:00,14.55230775
7/7/2025 21:00,14.77333331
7/7/2025 22:00,12.54393942
7/7/2025 23:00,11.9283333
7/8/2025,7.9277778
7/8/2025 1:00,5.761666656
7/8/2025 2:00,5.558333345
7/8/2025 3:00,6.033333333
7/8/2025 4:00,6.888888866
7/8/2025 5:00,8.242857123
7/8/2025 6:00,12.2304348
7/8/2025 7:00,17.48833335
7/8/2025 8:00,10.08888887
7/8/2025 9:00,10.65500003
7/8/2025 10:00,7.351515199
7/8/2025 11:00,7.12580647
7/8/2025 12:00,7.691666651
7/8/2025 13:00,7.387301574
7/8/2025 14:00,7.977777761
7/8/2025 15:00,7.003333306
7/8/2025 16:00,8.809999998
7/8/2025 17:00,10.79411763
7/8/2025 18:00,NA
7/8/2025 19:00,9.593333292
7/8/2025 20:00,9.383333405
7/8/2025 21:00,6.806666692
7/8/2025 22:00,7.16500001
7/8/2025 23:00,6.138333344
7/9/2025,3.630000009
7/9/2025 1:00,NA
7/9/2025 2:00,NA
7/9/2025 3:00,2.676666667
7/9/2025 4:00,3.675
7/9/2025 5:00,4.531746013
7/9/2025 6:00,7.831818154
7/9/2025 7:00,6.769999997
7/9/2025 8:00,8.080000011
7/9/2025 9:00,8.749999992
7/9/2025 10:00,6.866666667
7/9/2025 11:00,7.063333337
7/9/2025 12:00,7.215000025
7/9/2025 13:00,9.653968319
7/9/2025 14:00,4.334999971
7/9/2025 15:00,4.117741923
7/9/2025 16:00,4.486666681
7/9/2025 17:00,4.779999991
7/9/2025 18:00,4.723333335
7/9/2025 19:00,6.198333335
7/9/2025 20:00,4.74333334
7/9/2025 21:00,3.821666646
7/9/2025 22:00,2.674999992
7/9/2025 23:00,3.273333327
7/10/2025,3.048333331
7/10/2025 1:00,3.720000005
7/10/2025 2:00,2.754999997
7/10/2025 3:00,3.279999981
7/10/2025 4:00,4.376666693
7/10/2025 5:00,9.241666698
7/10/2025 6:00,10.46923081
7/10/2025 7:00,12.87833323
7/10/2025 8:00,13.95666671
7/10/2025 9:00,7.060606108
7/10/2025 10:00,5.993333332
7/10/2025 11:00,4.43166666
7/10/2025 12:00,4.220000009
7/10/2025 13:00,6.694999981
7/10/2025 14:00,9.187301598
7/10/2025 15:00,6.525000044
7/10/2025 16:00,5.104761937
7/10/2025 17:00,4.133898284
7/10/2025 18:00,4.705555585
7/10/2025 19:00,7.832142881
7/10/2025 20:00,NA
7/10/2025 21:00,11.48749997
7/10/2025 22:00,14.6783333
7/10/2025 23:00,13.10666666
7/11/2025,11.03174605
7/11/2025 1:00,11.09500002
7/11/2025 2:00,10.71833331
7/11/2025 3:00,11.00833335
7/11/2025 4:00,10.8283333
7/11/2025 5:00,9.303174692
7/11/2025 6:00,10.88499994
7/11/2025 7:00,12.48666668
7/11/2025 8:00,9.559999967
7/11/2025 9:00,6.933871008
7/11/2025 10:00,6.610000006
7/11/2025 11:00,9.77166663
7/11/2025 12:00,6.748387091
7/11/2025 13:00,5.298333343
7/11/2025 14:00,5.583870992
7/11/2025 15:00,7.143333348
7/11/2025 16:00,7.809999959
7/11/2025 17:00,8.259999998
7/11/2025 18:00,8.535483899
7/11/2025 19:00,10.7733333
7/11/2025 20:00,11.83500002
7/11/2025 21:00,9.483333302
7/11/2025 22:00,9.899999952
7/11/2025 23:00,10.61500001
7/12/2025,10.24833337
7/12/2025 1:00,14.55833332
7/12/2025 2:00,13.08166666
7/12/2025 3:00,12.63999999
7/12/2025 4:00,12.59833334
7/12/2025 5:00,14.81833331
7/12/2025 6:00,25.55666647
7/12/2025 7:00,19.39166667
7/12/2025 8:00,12.99298238
7/12/2025 9:00,13.37166665
7/12/2025 10:00,9.975
7/12/2025 11:00,10.95396826
7/12/2025 12:00,11.3866667
7/12/2025 13:00,9.569999981
7/12/2025 14:00,6.890476212
7/12/2025 15:00,7.056666652
7/12/2025 16:00,7.233333325
7/12/2025 17:00,8.926666729
7/12/2025 18:00,7.329577493
7/12/2025 19:00,9.870588247
7/12/2025 20:00,12.23833334
7/12/2025 21:00,13.94999997
7/12/2025 22:00,13.7241936
7/12/2025 23:00,11.45333323
7/13/2025,11.13166671
7/13/2025 1:00,12.01833334
7/13/2025 2:00,12.25000002
7/13/2025 3:00,12.57000003
7/13/2025 4:00,14.43666666
7/13/2025 5:00,16.27666674
7/13/2025 6:00,16.48833342
7/13/2025 7:00,15.06999997
7/13/2025 8:00,14.63333335
7/13/2025 9:00,14.61333335
7/13/2025 10:00,12.31111103
7/13/2025 11:00,8.376666729
7/13/2025 12:00,8.363333368
7/13/2025 13:00,8.587096806
7/13/2025 14:00,9.638333305
7/13/2025 15:00,8.074999944
7/13/2025 16:00,10.29333333
7/13/2025 17:00,11.41384619
7/13/2025 18:00,13.07666661
7/13/2025 19:00,5.791666639
7/13/2025 20:00,5.93666666
7/13/2025 21:00,7.989999978
7/13/2025 22:00,8.954999995
7/13/2025 23:00,9.433333357
7/14/2025,10.50000003
7/14/2025 1:00,10.5866667
7/14/2025 2:00,11.93166669
7/14/2025 3:00,10.95645159
7/14/2025 4:00,11.21803285
7/14/2025 5:00,9.263333313
7/14/2025 6:00,13.07619043
7/14/2025 7:00,18.66833331
7/14/2025 8:00,12.88888893
7/14/2025 9:00,12.10166669
7/14/2025 10:00,11.26769231
7/14/2025 11:00,10.41428572
7/14/2025 12:00,8.438333321
7/14/2025 13:00,4.401666665
7/14/2025 14:00,6.51333336
7/14/2025 15:00,4.963333301
7/14/2025 16:00,7.188888868
7/14/2025 17:00,7.893548389
7/14/2025 18:00,8.206451616
7/14/2025 19:00,10.92187503
7/14/2025 20:00,8.45666666
7/14/2025 21:00,8.06666669
7/14/2025 22:00,6.225806444
7/14/2025 23:00,5.723333343
7/15/2025,4.413333344
7/15/2025 1:00,4.073333303
7/15/2025 2:00,4.826666637
7/15/2025 3:00,8.023809501
7/15/2025 4:00,6.516666683
7/15/2025 5:00,7.07878784
7/15/2025 6:00,9.184615436
7/15/2025 7:00,9.357575749
7/15/2025 8:00,11.07666666
7/15/2025 9:00,11.82833335
7/15/2025 10:00,14.92903231
7/15/2025 11:00,12.93661977
7/15/2025 12:00,6.941935474
7/15/2025 13:00,3.046153839
7/15/2025 14:00,3.816666679
7/15/2025 15:00,6.307936521
7/15/2025 16:00,7.066666701
7/15/2025 17:00,7.755000019
7/15/2025 18:00,4.396666662
7/15/2025 19:00,5.049999968
7/15/2025 20:00,6.815873025
7/15/2025 21:00,7.80952384
7/15/2025 22:00,7.243333364
7/15/2025 23:00,5.304761894
7/16/2025,6.084126983
7/16/2025 1:00,5.73166666
7/16/2025 2:00,5.840000002
7/16/2025 3:00,7.363333337
7/16/2025 4:00,7.414999962
7/16/2025 5:00,10.1383333
7/16/2025 6:00,9.101666689
7/16/2025 7:00,8.625396834
7/16/2025 8:00,8.218032813
7/16/2025 9:00,6.323333311
7/16/2025 10:00,4.788888901
7/16/2025 11:00,5.555102047
7/16/2025 12:00,4.418333356
7/16/2025 13:00,4.426984144
7/16/2025 14:00,4.788333356
7/16/2025 15:00,4.45999999
7/16/2025 16:00,3.975806452
7/16/2025 17:00,5.933333313
7/16/2025 18:00,5.998333363
7/16/2025 19:00,14.86166671
7/16/2025 20:00,16.94833336
7/16/2025 21:00,14.87580639
7/16/2025 22:00,12.49682538
7/16/2025 23:00,17.64999992
7/17/2025,10.1166667
7/17/2025 1:00,6.703333362
7/17/2025 2:00,6.990000057
7/17/2025 3:00,8.67833337
7/17/2025 4:00,8.208333365
7/17/2025 5:00,9.301666673
7/17/2025 6:00,11.25833332
7/17/2025 7:00,12.5166667
7/17/2025 8:00,8
7/17/2025 9:00,7.594999989
7/17/2025 10:00,7.310000014
7/17/2025 11:00,7.252380992
7/17/2025 12:00,6.526984139
7/17/2025 13:00,6.558333381
7/17/2025 14:00,7.048333319
7/17/2025 15:00,6.0683333
7/17/2025 16:00,6.63833336
7/17/2025 17:00,5.51833334
7/17/2025 18:00,6.911666679
7/17/2025 19:00,8.619354817
7/17/2025 20:00,13.71612901
7/17/2025 21:00,15.82
7/17/2025 22:00,13.98333332
7/17/2025 23:00,14.76666665
7/18/2025,13.35000002
7/18/2025 1:00,13.53999998
7/18/2025 2:00,12.99833331
7/18/2025 3:00,13.68166664
7/18/2025 4:00,14.84999995
7/18/2025 5:00,16.25079365
7/18/2025 6:00,17.48431359
7/18/2025 7:00,16.36000004
7/18/2025 8:00,14.25909093
7/18/2025 9:00,12.01500003
7/18/2025 10:00,10.73833334
7/18/2025 11:00,9.555000051
7/18/2025 12:00,12.77333333
7/18/2025 13:00,9.637096751
7/18/2025 14:00,8.346031726
7/18/2025 15:00,8.454999963
7/18/2025 16:00,9.441666706
7/18/2025 17:00,10.10833332
7/18/2025 18:00,11.33166674
7/18/2025 19:00,14.49000006
7/18/2025 20:00,18.20317459
7/18/2025 21:00,18.99833328
7/18/2025 22:00,16.52333326
7/18/2025 23:00,15.35499996
7/19/2025,15.89833336
7/19/2025 1:00,16.68666676
7/19/2025 2:00,16.14166671
7/19/2025 3:00,15.23500002
7/19/2025 4:00,15.68666673
7/19/2025 5:00,16.9300001
7/19/2025 6:00,17.10500011
7/19/2025 7:00,17.56129025
7/19/2025 8:00,18.36000007
7/19/2025 9:00,13.22222227
7/19/2025 10:00,15.61269842
7/19/2025 11:00,15.31333335
7/19/2025 12:00,11.34920635
7/19/2025 13:00,9.561666679
7/19/2025 14:00,9.266666667
7/19/2025 15:00,8.190322576
7/19/2025 16:00,9.528333338
7/19/2025 17:00,8.2
7/19/2025 18:00,10.81500004
7/19/2025 19:00,12.65666669
7/19/2025 20:00,13.65666671
7/19/2025 21:00,13.11833334
7/19/2025 22:00,14.86166671
7/19/2025 23:00,15.12500005
7/20/2025,15.41000005
7/20/2025 1:00,15.77166659
7/20/2025 2:00,14.64499998
7/20/2025 3:00,13.62333337
7/20/2025 4:00,11.17666664
7/20/2025 5:00,11.94999995
7/20/2025 6:00,11.67460317
7/20/2025 7:00,14.93000002
7/20/2025 8:00,20.20833327
7/20/2025 9:00,19.64000007
7/20/2025 10:00,13.97419357
7/20/2025 11:00,10.21780825
7/20/2025 12:00,11.26093753
7/20/2025 13:00,14.13174597
7/20/2025 14:00,10.81587306
7/20/2025 15:00,10.88333338
7/20/2025 16:00,10.295
7/20/2025 17:00,12.09166668
7/20/2025 18:00,14.11000001
7/20/2025 19:00,17.86833336
7/20/2025 20:00,21.11833331
7/20/2025 21:00,20.0183334
7/20/2025 22:00,16.00454552
7/20/2025 23:00,16.28500001
7/21/2025,16.32
7/21/2025 1:00,17.66666673
7/21/2025 2:00,18.01999995
7/21/2025 3:00,17.76833326
7/21/2025 4:00,17.97999999
7/21/2025 5:00,16.17666677
7/21/2025 6:00,16.7699999
7/21/2025 7:00,19.86333338
7/21/2025 8:00,21.43166666
7/21/2025 9:00,17.08030302
7/21/2025 10:00,18.21833336
7/21/2025 11:00,17.48805977
7/21/2025 12:00,19.24848486
7/21/2025 13:00,19.21269845
7/21/2025 14:00,10.91692314
7/21/2025 15:00,7.483870999
7/21/2025 16:00,11.98253975
7/21/2025 17:00,12.48571427
7/21/2025 18:00,19.26999989
7/21/2025 19:00,17.52727292
7/21/2025 20:00,18.74032261
7/21/2025 21:00,23.07833344
7/21/2025 22:00,21.62419353
7/21/2025 23:00,17.89666665
7/22/2025,16.83333329
7/22/2025 1:00,14.95500005
7/22/2025 2:00,16.20000003
7/22/2025 3:00,14.13666671
7/22/2025 4:00,9.983333325
7/22/2025 5:00,9.536666695
7/22/2025 6:00,7.37833333
7/22/2025 7:00,8.016666659
7/22/2025 8:00,9.972580648
7/22/2025 9:00,9.556666668
7/22/2025 10:00,8.331460663
7/22/2025 11:00,8.501515071
7/22/2025 12:00,9.059677432
7/22/2025 13:00,12.61666668
7/22/2025 14:00,11.94843751
7/22/2025 15:00,9.82499996
7/22/2025 16:00,9.982539707
7/22/2025 17:00,9.266666636
7/22/2025 18:00,8.139999994
7/22/2025 19:00,10.35666668
7/22/2025 20:00,12.09692307
7/22/2025 21:00,10.31904762
7/22/2025 22:00,11.17777777
7/22/2025 23:00,11.02333328
7/23/2025,12.535
7/23/2025 1:00,10.69166663
7/23/2025 2:00,9.901666737
7/23/2025 3:00,10.4883333
7/23/2025 4:00,11.64333334
7/23/2025 5:00,14.37833343
7/23/2025 6:00,15.77333344
7/23/2025 7:00,17.94166662
7/23/2025 8:00,14.430303
7/23/2025 9:00,13.18166668
7/23/2025 10:00,16.97301589
7/23/2025 11:00,15.08970586
7/23/2025 12:00,11.51833336
7/23/2025 13:00,10.51666669
7/23/2025 14:00,5.691666663
7/23/2025 15:00,6.879365058
7/23/2025 16:00,11.75396821
7/23/2025 17:00,14.42500006
7/23/2025 18:00,20.37166662
7/23/2025 19:00,22.33174618
7/23/2025 20:00,23.19500024
7/23/2025 21:00,32.90833343
7/23/2025 22:00,21.91833332
7/23/2025 23:00,31.33833334
7/24/2025,19.31500009
7/24/2025 1:00,19.9499999
7/24/2025 2:00,18.80166667
7/24/2025 3:00,19.66333342
7/24/2025 4:00,19.34166671
7/24/2025 5:00,19.22999992
7/24/2025 6:00,19.14500003
7/24/2025 7:00,19.66190483
7/24/2025 8:00,8.992063439
7/24/2025 9:00,8.276666713
7/24/2025 10:00,5.851666641
7/24/2025 11:00,6.67205887
7/24/2025 12:00,7.047692314
7/24/2025 13:00,7.341666667
7/24/2025 14:00,6.760000006
7/24/2025 15:00,6.690000017
7/24/2025 16:00,7.268333324
7/24/2025 17:00,8.939682582
7/24/2025 18:00,12.52666661
7/24/2025 19:00,27.84545456
7/24/2025 20:00,17.86333335
7/24/2025 21:00,26.71166677
7/24/2025 22:00,36.00333338
7/24/2025 23:00,30.16499995
7/25/2025,15.87833328
7/25/2025 1:00,12.85333331
7/25/2025 2:00,24.57666686
7/25/2025 3:00,11.9733333
7/25/2025 4:00,13.55000002
7/25/2025 5:00,23.61499995
7/25/2025 6:00,20.60526317
7/25/2025 7:00,21.03833337
7/25/2025 8:00,16.31846161
7/25/2025 9:00,14.94833339
7/25/2025 10:00,8.79516127
7/25/2025 11:00,9.209677404
7/25/2025 12:00,6.498333351
7/25/2025 13:00,7.531666668
7/25/2025 14:00,7.958333325
7/25/2025 15:00,7.505797117
7/25/2025 16:00,9.508333389
7/25/2025 17:00,9.098333327
7/25/2025 18:00,7.201666665
7/25/2025 19:00,6.579032306
7/25/2025 20:00,8.410000014
7/25/2025 21:00,8.203333314
7/25/2025 22:00,8.433333333
7/25/2025 23:00,8.223333303
7/26/2025,6.773333335
7/26/2025 1:00,7.149999984
7/26/2025 2:00,6.528333322
7/26/2025 3:00,7.223333335
7/26/2025 4:00,7.513333305
7/26/2025 5:00,8.896666606
7/26/2025 6:00,11.09666672
7/26/2025 7:00,14.99677421
7/26/2025 8:00,13.58666665
7/26/2025 9:00,13.12166667
7/26/2025 10:00,10.94444446
7/26/2025 11:00,7.910000014
7/26/2025 12:00,8.231818141
7/26/2025 13:00,6.728787895
7/26/2025 14:00,4.984848499
7/26/2025 15:00,4.230000011
7/26/2025 16:00,3.88833335
7/26/2025 17:00,4.274999988
7/26/2025 18:00,6.511290316
7/26/2025 19:00,7.158333317
7/26/2025 20:00,10.33833334
7/26/2025 21:00,11.11406252
7/26/2025 22:00,9.243333364
7/26/2025 23:00,8.388333352
7/27/2025,5.983333313
7/27/2025 1:00,6.686666663
7/27/2025 2:00,9.938333329
7/27/2025 3:00,7.124999976
7/27/2025 4:00,8.853333346
7/27/2025 5:00,8.636666679
7/27/2025 6:00,11.19333329
7/27/2025 7:00,14.34666669
7/27/2025 8:00,14.4733333
7/27/2025 9:00,11.59333332
7/27/2025 10:00,9.556666668
7/27/2025 11:00,10.91000001
7/27/2025 12:00,8.875
7/27/2025 13:00,9.086956494
7/27/2025 14:00,6.892424229
7/27/2025 15:00,5.121666662
7/27/2025 16:00,5.03166666
7/27/2025 17:00,6.130000023
7/27/2025 18:00,5.933333302
7/27/2025 19:00,7.303333362
7/27/2025 20:00,7.365000002
7/27/2025 21:00,8.187301628
7/27/2025 22:00,9.384999975
7/27/2025 23:00,10.96307691
7/28/2025,8.315000017
7/28/2025 1:00,7.503333354
7/28/2025 2:00,8.493333379
7/28/2025 3:00,7.383333321
7/28/2025 4:00,6.328333334
7/28/2025 5:00,7.021666662
7/28/2025 6:00,10.36833332
7/28/2025 7:00,10.055
7/28/2025 8:00,9.729999995
7/28/2025 9:00,11.41428572
7/28/2025 10:00,9.296721247
7/28/2025 11:00,5.847619049
7/28/2025 12:00,4.551249999
7/28/2025 13:00,4.159999972
7/28/2025 14:00,5.84000001
7/28/2025 15:00,7.268333332
7/28/2025 16:00,4.77166665
7/28/2025 17:00,6.786666703
7/28/2025 18:00,8.908333381
7/28/2025 19:00,8.368333288
7/28/2025 20:00,11.39833338
7/28/2025 21:00,4.800000028
7/28/2025 22:00,3.933333331
7/28/2025 23:00,3.447619037
7/29/2025,2.329999997
7/29/2025 1:00,3.700000014
7/29/2025 2:00,5.401666675
7/29/2025 3:00,3.366666655
7/29/2025 4:00,5.694999993
7/29/2025 5:00,7.930000003
7/29/2025 6:00,8.754999963
7/29/2025 7:00,11.6783333
7/29/2025 8:00,10.55499999
7/29/2025 9:00,8.405000027
7/29/2025 10:00,10.45999994
7/29/2025 11:00,10.04333331
7/29/2025 12:00,13.32461546
7/29/2025 13:00,5.45483871
7/29/2025 14:00,3.377777752
7/29/2025 15:00,7.033333313
7/29/2025 16:00,8.620000068
7/29/2025 17:00,7.858333333
7/29/2025 18:00,9.139999986
7/29/2025 19:00,11.26833337
7/29/2025 20:00,9.793333371
7/29/2025 21:00,13.48387098
7/29/2025 22:00,15.04666657
7/29/2025 23:00,14.40333339
7/30/2025,12.08500004
7/30/2025 1:00,11.02000004
7/30/2025 2:00,11.88999993
7/30/2025 3:00,12.3283333
7/30/2025 4:00,13.87333337
7/30/2025 5:00,13.47333323
7/30/2025 6:00,15.05833329
7/30/2025 7:00,17.14126993
7/30/2025 8:00,19.6316668
7/30/2025 9:00,12.33333329
7/30/2025 10:00,13.39677415
7/30/2025 11:00,7.763492077
7/30/2025 12:00,6.475362363
7/30/2025 13:00,6.198333335
7/30/2025 14:00,5.544999977
7/30/2025 15:00,5.112307714
7/30/2025 16:00,7.228813624
7/30/2025 17:00,7.244999997
7/30/2025 18:00,9.235000014
7/30/2025 19:00,7.709999986
7/30/2025 20:00,7.013333348
7/30/2025 21:00,8.661666695
7/30/2025 22:00,8.764999994
7/30/2025 23:00,12.04499997
7/31/2025,11.09833333
7/31/2025 1:00,11.38333335
7/31/2025 2:00,11.69833337
7/31/2025 3:00,11.81500004
7/31/2025 4:00,10.38412702
7/31/2025 5:00,11.97333331
7/31/2025 6:00,11.58461538
7/31/2025 7:00,14.30166669
7/31/2025 8:00,16.83692312
7/31/2025 9:00,13.51000005
7/31/2025 10:00,9.785507223
7/31/2025 11:00,7.381538472
7/31/2025 12:00,5.335820913
7/31/2025 13:00,2.987301573
7/31/2025 14:00,2.351666651
7/31/2025 15:00,3.680952382
7/31/2025 16:00,7.403333378
7/31/2025 17:00,8.712903207
7/31/2025 18:00,6.048333335
7/31/2025 19:00,5.875000028
7/31/2025 20:00,10.03666663
7/31/2025 21:00,9.823333295
7/31/2025 22:00,5.79666665
7/31/2025 23:00,5.141666659
8/1/2025,6.671666662
8/1/2025 1:00,6.310000014
8/1/2025 2:00,6.051666633
8/1/2025 3:00,6.854999995
8/1/2025 4:00,8.465000049
8/1/2025 5:00,8.4816667
8/1/2025 6:00,11.79692302
8/1/2025 7:00,13.04000003
8/1/2025 8:00,15.16000001
8/1/2025 9:00,16.23166664
8/1/2025 10:00,14.52666669
8/1/2025 11:00,12.00666672
8/1/2025 12:00,9.008064508
8/1/2025 13:00,7.425806492
8/1/2025 14:00,7.017460354
8/1/2025 15:00,7.261904754
8/1/2025 16:00,8.683333365
8/1/2025 17:00,5.475000012
8/1/2025 18:00,7.530645171
8/1/2025 19:00,8.231666652
8/1/2025 20:00,9.111666727
8/1/2025 21:00,10.71666665
8/1/2025 22:00,11.1533334
8/1/2025 23:00,9.666666659
8/2/2025,9.179999948
8/2/2025 1:00,9.651666689
8/2/2025 2:00,9.723333351
8/2/2025 3:00,8.564999962
8/2/2025 4:00,10.7666667
8/2/2025 5:00,15.31499993
8/2/2025 6:00,13.08666666
8/2/2025 7:00,16.17333334
8/2/2025 8:00,13.26031745
8/2/2025 9:00,14.25999997
8/2/2025 10:00,6.718333348
8/2/2025 11:00,4.409090905
8/2/2025 12:00,5.833333349
8/2/2025 13:00,4.099999976
8/2/2025 14:00,4.796666682
8/2/2025 15:00,4.875000011
8/2/2025 16:00,6.046666638
8/2/2025 17:00,7.256666636
8/2/2025 18:00,6.906451618
8/2/2025 19:00,9.983333302
8/2/2025 20:00,12.62166662
8/2/2025 21:00,11.43333343
8/2/2025 22:00,5.821666674
8/2/2025 23:00,2.965000004
8/3/2025,2.948333329
8/3/2025 1:00,3.963333317
8/3/2025 2:00,5.55666666
8/3/2025 3:00,5.680000027
8/3/2025 4:00,7.180000011
8/3/2025 5:00,9.413333352
8/3/2025 6:00,11.61904765
8/3/2025 7:00,9.289999938
8/3/2025 8:00,8.023333375
8/3/2025 9:00,6.581666629
8/3/2025 10:00,4.031666672
8/3/2025 11:00,4.301666661
8/3/2025 12:00,4.998387094
8/3/2025 13:00,4.563636361
8/3/2025 14:00,3.395161273
8/3/2025 15:00,4.44999998
8/3/2025 16:00,7.344999981
8/3/2025 17:00,6.523333343
8/3/2025 18:00,7.087301602
8/3/2025 19:00,9.276666641
8/3/2025 20:00,8.780000027
8/3/2025 21:00,8.745000084
8/3/2025 22:00,8.746666678
8/3/2025 23:00,10.21999998
8/4/2025,9.451666673
8/4/2025 1:00,9.101666665
8/4/2025 2:00,8.795000029
8/4/2025 3:00,8.675000079
8/4/2025 4:00,9.641935464
8/4/2025 5:00,10.44666661
8/4/2025 6:00,10.58833334
8/4/2025 7:00,8.646666694
8/4/2025 8:00,8.444999981
8/4/2025 9:00,6.75333333
8/4/2025 10:00,6.387096763
8/4/2025 11:00,5.053124998
8/4/2025 12:00,4.851666619
8/4/2025 13:00,7.499999996
8/4/2025 14:00,4.858333341
8/4/2025 15:00,5.582812492
8/4/2025 16:00,5.723076967
8/4/2025 17:00,3.366666685
8/4/2025 18:00,3.726666661
8/4/2025 19:00,4.911666644
8/4/2025 20:00,4.973333343
8/4/2025 21:00,6.34666669
8/4/2025 22:00,6.681666708
8/4/2025 23:00,7.99516128
8/5/2025,8.466666667
8/5/2025 1:00,7.255000043
8/5/2025 2:00,5.815000033
8/5/2025 3:00,5.36000001
8/5/2025 4:00,6.183333349
8/5/2025 5:00,8.205263129
8/5/2025 6:00,NA
8/5/2025 7:00,13.54499998
8/5/2025 8:00,13.99848489
8/5/2025 9:00,12.37999996
8/5/2025 10:00,8.228333346
8/5/2025 11:00,6.373015918
8/5/2025 12:00,3.890322568
8/5/2025 13:00,3.368333332
8/5/2025 14:00,5.196666678
8/5/2025 15:00,4.726984149
8/5/2025 16:00,7.487301599
8/5/2025 17:00,10.53499999
8/5/2025 18:00,12.01587302
8/5/2025 19:00,14.53225803
8/5/2025 20:00,16.12333333
8/5/2025 21:00,13.79666667
8/5/2025 22:00,18.38666666
8/5/2025 23:00,17.39333332
8/6/2025,18.15833332
8/6/2025 1:00,17.47999992
8/6/2025 2:00,16.39666664
8/6/2025 3:00,15.89166667
8/6/2025 4:00,18.16500017
8/6/2025 5:00,18.42857146
8/6/2025 6:00,18.7916666
8/6/2025 7:00,22.77999996
8/6/2025 8:00,10.72499998
8/6/2025 9:00,6.894999989
8/6/2025 10:00,5.227419349
8/6/2025 11:00,7.026229546
8/6/2025 12:00,8.839705923
8/6/2025 13:00,12.62333337
8/6/2025 14:00,12.13064521
8/6/2025 15:00,10.27499997
8/6/2025 16:00,9.616666722
8/6/2025 17:00,10.30833329
8/6/2025 18:00,11.47333337
8/6/2025 19:00,13.86833329
8/6/2025 20:00,13.8
8/6/2025 21:00,16.75909084
8/6/2025 22:00,14.8999999
8/6/2025 23:00,14.66833329
8/7/2025,13.17666667
8/7/2025 1:00,12.91166674
8/7/2025 2:00,14.59500008
8/7/2025 3:00,10.47999996
8/7/2025 4:00,11.03166671
8/7/2025 5:00,13.60166667
8/7/2025 6:00,15.85333323
8/7/2025 7:00,21.66349202
8/7/2025 8:00,15.4733333
8/7/2025 9:00,16.3449275
8/7/2025 10:00,15.66833342
8/7/2025 11:00,15.37500003
8/7/2025 12:00,NA
8/7/2025 13:00,7.287719325
8/7/2025 14:00,6.533333333
8/7/2025 15:00,6.272580627
8/7/2025 16:00,7.005769234
8/7/2025 17:00,6.945161312
8/7/2025 18:00,8.356666692
8/7/2025 19:00,11.91111113
8/7/2025 20:00,13.1466667
8/7/2025 21:00,13.38412701
8/7/2025 22:00,12.5166667
8/7/2025 23:00,13.29166665
8/8/2025,12.66833332
8/8/2025 1:00,8.270000021
8/8/2025 2:00,6.978333354
8/8/2025 3:00,7.451666697
8/8/2025 4:00,7.526666633
8/8/2025 5:00,8.048333327
8/8/2025 6:00,8.844444464
8/8/2025 7:00,7.023333339
8/8/2025 8:00,6.616666659
8/8/2025 9:00,6.014285731
8/8/2025 10:00,5.528813572
8/8/2025 11:00,5.698387073
8/8/2025 12:00,6.122950781
8/8/2025 13:00,6.113333301
8/8/2025 14:00,3.838333337
8/8/2025 15:00,4.156666648
8/8/2025 16:00,4.811666683
8/8/2025 17:00,5.106666668
8/8/2025 18:00,9.39500006
8/8/2025 19:00,11.02166665
8/8/2025 20:00,9.240000033
8/8/2025 21:00,9.921666606
8/8/2025 22:00,10.57000001
8/8/2025 23:00,12.39999995
8/9/2025,12.36500001
8/9/2025 1:00,9.434999998
8/9/2025 2:00,7.909999998
8/9/2025 3:00,7.170000029
8/9/2025 4:00,10.27166668
8/9/2025 5:00,15.04833333
8/9/2025 6:00,15.75166675
8/9/2025 7:00,16.65666671
8/9/2025 8:00,12.80333336
8/9/2025 9:00,8.786666616
8/9/2025 10:00,6.690000002
8/9/2025 11:00,6.548333335
8/9/2025 12:00,5.901666689
8/9/2025 13:00,5.331666668
8/9/2025 14:00,5.403333334
8/9/2025 15:00,5.771666666
8/9/2025 16:00,6.948333327
8/9/2025 17:00,5.303333298
8/9/2025 18:00,5.649999988
8/9/2025 19:00,11.33833335
8/9/2025 20:00,12.95396834
8/9/2025 21:00,14.44166667
8/9/2025 22:00,15.52999997
8/9/2025 23:00,13.43166663
8/10/2025,12.19000003
8/10/2025 1:00,12.54166667
8/10/2025 2:00,12.17666666
8/10/2025 3:00,12.73666666
8/10/2025 4:00,11.84333332
8/10/2025 5:00,12.94166665
8/10/2025 6:00,15.01333337
8/10/2025 7:00,15.75833337
8/10/2025 8:00,15.5133333
8/10/2025 9:00,17.19833317
8/10/2025 10:00,14.43387096
8/10/2025 11:00,12.93225804
8/10/2025 12:00,14.80952381
8/10/2025 13:00,12.31587302
8/10/2025 14:00,9.32999994
8/10/2025 15:00,8.24666667
8/10/2025 16:00,9.006666724
8/10/2025 17:00,8.434999983
8/10/2025 18:00,11.30483874
8/10/2025 19:00,10.86666659
8/10/2025 20:00,10.61999996
8/10/2025 21:00,11.25238098
8/10/2025 22:00,11.35333331
8/10/2025 23:00,12.27500003
8/11/2025,10.84500009
8/11/2025 1:00,10.39666662
8/11/2025 2:00,12.70499999
8/11/2025 3:00,12.47666664
8/11/2025 4:00,12.97333334
8/11/2025 5:00,12.63333333
8/11/2025 6:00,11.72999997
8/11/2025 7:00,14.54500001
8/11/2025 8:00,19.09499995
8/11/2025 9:00,16.5566666
8/11/2025 10:00,19.58961047
8/11/2025 11:00,15.62615387
8/11/2025 12:00,6.611290332
8/11/2025 13:00,7.363333329
8/11/2025 14:00,9.346774186
8/11/2025 15:00,12.33015874
8/11/2025 16:00,14.18095241
8/11/2025 17:00,10.28833336
8/11/2025 18:00,13.6666667
8/11/2025 19:00,16.30000006
8/11/2025 20:00,16.03333341
8/11/2025 21:00,14.16666659
8/11/2025 22:00,11.68333333
8/11/2025 23:00,15.28999996
8/12/2025,13.55666669
8/12/2025 1:00,14.49333329
8/12/2025 2:00,14.67333331
8/12/2025 3:00,13.76333332
8/12/2025 4:00,11.68333333
8/12/2025 5:00,12.09833337
8/12/2025 6:00,12.10166669
8/12/2025 7:00,12.04166665
8/12/2025 8:00,16.21060597
8/12/2025 9:00,12.30303022
8/12/2025 10:00,11.48734172
8/12/2025 11:00,11.12597399
8/12/2025 12:00,9.419178087
8/12/2025 13:00,7.166666667
8/12/2025 14:00,6.581250004
8/12/2025 15:00,7.833846144
8/12/2025 16:00,10.38499999
8/12/2025 17:00,8.988333313
8/12/2025 18:00,11.38666674
8/12/2025 19:00,10.89166667
8/12/2025 20:00,13.77333333
8/12/2025 21:00,15.49333342
8/12/2025 22:00,12.13000007
8/12/2025 23:00,5.837288153
8/13/2025,6.79666667
8/13/2025 1:00,8.577777757
8/13/2025 2:00,6.42499996
8/13/2025 3:00,6.431666676
8/13/2025 4:00,5.929999987
8/13/2025 5:00,5.876666625
8/13/2025 6:00,11.85000004
8/13/2025 7:00,10.43333337
8/13/2025 8:00,9.484999967
8/13/2025 9:00,9.513333305
8/13/2025 10:00,9.913333297
8/13/2025 11:00,6.86176474
8/13/2025 12:00,5.402702715
8/13/2025 13:00,2.466101699
8/13/2025 14:00,3.184126981
8/13/2025 15:00,4.291666677
8/13/2025 16:00,8.348333367
8/13/2025 17:00,8.134999975
8/13/2025 18:00,7.660000018
8/13/2025 19:00,11.29333332
8/13/2025 20:00,11.22
8/13/2025 21:00,8.825000032
8/13/2025 22:00,7.765000041
8/13/2025 23:00,9.978333338
8/14/2025,9.80333333
8/14/2025 1:00,12.92666666
8/14/2025 2:00,14.96999989
8/14/2025 3:00,12.52166664
8/14/2025 4:00,15.5466667
8/14/2025 5:00,18.12499997
8/14/2025 6:00,19.9366666
8/14/2025 7:00,22.38999999
8/14/2025 8:00,21.65333322
8/14/2025 9:00,13.57166665
8/14/2025 10:00,14.34666672
8/14/2025 11:00,10.09692305
8/14/2025 12:00,5.892307744
8/14/2025 13:00,4.863333344
8/14/2025 14:00,9.561666711
8/14/2025 15:00,7.005000011
8/14/2025 16:00,4.683333345
8/14/2025 17:00,6.12833333
8/14/2025 18:00,10.04833337
8/14/2025 19:00,15.98333324
8/14/2025 20:00,14.07666666
8/14/2025 21:00,10.74999997
8/14/2025 22:00,9.728333275
8/14/2025 23:00,6.333333365
8/15/2025,7.433333309
8/15/2025 1:00,9.074999992
8/15/2025 2:00,12.67999999
8/15/2025 3:00,13.73000003
8/15/2025 4:00,11.645
8/15/2025 5:00,15.69999995
8/15/2025 6:00,15.20166675
8/15/2025 7:00,18.53333325
8/15/2025 8:00,11.2333334
8/15/2025 9:00,9.523333351
8/15/2025 10:00,9.36406251
8/15/2025 11:00,12.32222223
8/15/2025 12:00,13.29500004
8/15/2025 13:00,10.62500002
8/15/2025 14:00,7.158333317
8/15/2025 15:00,6.956666644
8/15/2025 16:00,7.081666664
8/15/2025 17:00,9.033333349
8/15/2025 18:00,11.58000003
8/15/2025 19:00,11.7316667
8/15/2025 20:00,12.49499997
8/15/2025 21:00,13.40166667
8/15/2025 22:00,13.89166671
8/15/2025 23:00,7.812068997
8/16/2025,9.519402988
8/16/2025 1:00,10.92333331
8/16/2025 2:00,12.15
8/16/2025 3:00,13.55666663
8/16/2025 4:00,11.06166663
8/16/2025 5:00,8.308333333
8/16/2025 6:00,8.767647077
8/16/2025 7:00,12.23666666
8/16/2025 8:00,13.25500007
8/16/2025 9:00,13.56615382
8/16/2025 10:00,9.681818203
8/16/2025 11:00,5.17142859
8/16/2025 12:00,6.794202957
8/16/2025 13:00,6.750793639
8/16/2025 14:00,4.023333347
8/16/2025 15:00,4.403333342
8/16/2025 16:00,5.341666702
8/16/2025 17:00,4.383333337
8/16/2025 18:00,6.786666671
8/16/2025 19:00,8.258333325
8/16/2025 20:00,10.19642855
8/16/2025 21:00,13.45666663
8/16/2025 22:00,13.94166662
8/16/2025 23:00,12.11000005
8/17/2025,NA
8/17/2025 1:00,8.763333376
8/17/2025 2:00,12.4666666
8/17/2025 3:00,12.48000007
8/17/2025 4:00,11.64500003
8/17/2025 5:00,12.91999997
8/17/2025 6:00,15.93666674
8/17/2025 7:00,18.92463757
8/17/2025 8:00,16.60499999
8/17/2025 9:00,8.848275842
8/17/2025 10:00,5.728333322
8/17/2025 11:00,7.563492063
8/17/2025 12:00,5.664999986
8/17/2025 13:00,4.731666668
8/17/2025 14:00,7.971666563
8/17/2025 15:00,6.203333346
8/17/2025 16:00,5.573437504
8/17/2025 17:00,6.316666694
8/17/2025 18:00,7.523076923
8/17/2025 19:00,8.844262248
8/17/2025 20:00,9.335000014
8/17/2025 21:00,11.60166669
8/17/2025 22:00,12.69333328
8/17/2025 23:00,10.23333329
8/18/2025,7.910000022
8/18/2025 1:00,9.22166663
8/18/2025 2:00,8.603333402
8/18/2025 3:00,9.841666691
8/18/2025 4:00,12.03333327
8/18/2025 5:00,13.44333336
8/18/2025 6:00,14.85333336
8/18/2025 7:00,20.12333328
8/18/2025 8:00,25.70847466
8/18/2025 9:00,16.97878784
8/18/2025 10:00,14.8865672
8/18/2025 11:00,10.0806452
8/18/2025 12:00,7.890909079
8/18/2025 13:00,5.466666714
8/18/2025 14:00,4.108333306
8/18/2025 15:00,7.220000009
8/18/2025 16:00,9.510000038
8/18/2025 17:00,6.949999968
8/18/2025 18:00,10.336508
8/18/2025 19:00,12.51230765
8/18/2025 20:00,11.53870964
8/18/2025 21:00,10.2633333
8/18/2025 22:00,8.753333362
8/18/2025 23:00,11.18833338
8/19/2025,11.55500008
8/19/2025 1:00,10.2
8/19/2025 2:00,10.58999996
8/19/2025 3:00,11.755
8/19/2025 4:00,12.79499998
8/19/2025 5:00,14.35333333
8/19/2025 6:00,15.91500004
8/19/2025 7:00,18.57833335
8/19/2025 8:00,16.82333318
8/19/2025 9:00,11.0634921
8/19/2025 10:00,5.86376808
8/19/2025 11:00,4.981538446
8/19/2025 12:00,5.507575783
8/19/2025 13:00,5.188333285
8/19/2025 14:00,4.380952373
8/19/2025 15:00,4.641666663
8/19/2025 16:00,7.186666636
8/19/2025 17:00,9.866666706
8/19/2025 18:00,6.596666686
8/19/2025 19:00,8.53500003
8/19/2025 20:00,10.30757575
8/19/2025 21:00,12.13333332
8/19/2025 22:00,13.14603173
8/19/2025 23:00,11.71666665
8/20/2025,9.906666629
8/20/2025 1:00,11.8116667
8/20/2025 2:00,14.15000002
8/20/2025 3:00,13.65833332
8/20/2025 4:00,15.78166679
8/20/2025 5:00,18.12999996
8/20/2025 6:00,18.97833335
8/20/2025 7:00,16.405
8/20/2025 8:00,14.00833341
8/20/2025 9:00,12.39500003
8/20/2025 10:00,8.379999963
8/20/2025 11:00,8.06769225
8/20/2025 12:00,6.670967737
8/20/2025 13:00,5.635483873
8/20/2025 14:00,4.006666654
8/20/2025 15:00,2.516666669
8/20/2025 16:00,6.269117618
8/20/2025 17:00,6.176666665
8/20/2025 18:00,9.148333355
8/20/2025 19:00,11.48181818
8/20/2025 20:00,13.03666671
8/20/2025 21:00,15.42769234
8/20/2025 22:00,10.39047622
8/20/2025 23:00,8.91000003
8/21/2025,9.364999994
8/21/2025 1:00,10.44615389
8/21/2025 2:00,9.999999993
8/21/2025 3:00,5.955000007
8/21/2025 4:00,7.641666714
8/21/2025 5:00,8.18412699
8/21/2025 6:00,12.8466667
8/21/2025 7:00,16.88833342
8/21/2025 8:00,10.87500001
8/21/2025 9:00,12.11904759
8/21/2025 10:00,9.76521738
8/21/2025 11:00,7.116176511
8/21/2025 12:00,4.813636368
8/21/2025 13:00,9.076190464
8/21/2025 14:00,6.939682499
8/21/2025 15:00,6.948333327
8/21/2025 16:00,9.630000051
8/21/2025 17:00,8.713333384
8/21/2025 18:00,12.10793659
8/21/2025 19:00,12.16290317
8/21/2025 20:00,5.07166665
8/21/2025 21:00,4.238333344
8/21/2025 22:00,5.063333356
8/21/2025 23:00,5.286666663
8/22/2025,4.54666667
8/22/2025 1:00,4.078333334
8/22/2025 2:00,4.050000004
8/22/2025 3:00,4.338333317
8/22/2025 4:00,5.47166665
8/22/2025 5:00,6.039999994
8/22/2025 6:00,7.286666671
8/22/2025 7:00,9.362903172
8/22/2025 8:00,7.53906253
8/22/2025 9:00,6.073333335
8/22/2025 10:00,5.168333324
8/22/2025 11:00,4.033333328
8/22/2025 12:00,4.841666655
8/22/2025 13:00,5.000000004
8/22/2025 14:00,4.008333325
8/22/2025 15:00,4.916666675
8/22/2025 16:00,4.995161303
8/22/2025 17:00,3.706666648
8/22/2025 18:00,9.045000013
8/22/2025 19:00,5.936666663
8/22/2025 20:00,5.173333331
8/22/2025 21:00,4.456666664
8/22/2025 22:00,5.593333332
8/22/2025 23:00,3.563333337
8/23/2025,2.364999992
8/23/2025 1:00,2.753333328
8/23/2025 2:00,3.221666678
8/23/2025 3:00,3.991666659
8/23/2025 4:00,5.685000006
8/23/2025 5:00,7.35999999
8/23/2025 6:00,6.906666644
8/23/2025 7:00,8.965000041
8/23/2025 8:00,8.385714342
8/23/2025 9:00,9.077777825
8/23/2025 10:00,8.755555516
8/23/2025 11:00,5.525000012
8/23/2025 12:00,5.822388048
8/23/2025 13:00,6.496774174
8/23/2025 14:00,4.556666664
8/23/2025 15:00,3.808196728
8/23/2025 16:00,4.941666655
8/23/2025 17:00,5.04333336
8/23/2025 18:00,5.821666654
8/23/2025 19:00,7.471666646
8/23/2025 20:00,5.200000008
8/23/2025 21:00,7.315000002
8/23/2025 22:00,8.048333367
8/23/2025 23:00,7.918333316
8/24/2025,7.481666676
8/24/2025 1:00,7.595000037
8/24/2025 2:00,8.043333371
8/24/2025 3:00,7.975
8/24/2025 4:00,7.333333365
8/24/2025 5:00,8.025000008
8/24/2025 6:00,14.38787888
8/24/2025 7:00,15.33000003
8/24/2025 8:00,17.79682536
8/24/2025 9:00,13.97936508
8/24/2025 10:00,11.69166668
8/24/2025 11:00,8.548333351
8/24/2025 12:00,3.90161293
8/24/2025 13:00,3.191666647
8/24/2025 14:00,3.048333345
8/24/2025 15:00,5.0516666
8/24/2025 16:00,4.670491785
8/24/2025 17:00,4.301666655
8/24/2025 18:00,6.388333321
8/24/2025 19:00,12.49833339
8/24/2025 20:00,10.02666667
8/24/2025 21:00,12.30333339
8/24/2025 22:00,9.003333314
8/24/2025 23:00,9.151666633
8/25/2025,10.63666663
8/25/2025 1:00,9.723333391
8/25/2025 2:00,16.04333339
8/25/2025 3:00,12.78730158
8/25/2025 4:00,13.45000003
8/25/2025 5:00,13.57619049
8/25/2025 6:00,14.58166677
8/25/2025 7:00,28.03870979
8/25/2025 8:00,19.3050001
8/25/2025 9:00,9.193333332
8/25/2025 10:00,7.058333365
8/25/2025 11:00,5.285074625
8/25/2025 12:00,5.572580661
8/25/2025 13:00,5.493333288
8/25/2025 14:00,3.52833333
8/25/2025 15:00,3.349206325
8/25/2025 16:00,5.386666628
8/25/2025 17:00,6.731666684
8/25/2025 18:00,NA
8/25/2025 19:00,9.116326488
8/25/2025 20:00,10.14999998
8/25/2025 21:00,8.855555527
8/25/2025 22:00,11.4116667
8/25/2025 23:00,13.30999997
8/26/2025,13.36666668
8/26/2025 1:00,14.5266667
8/26/2025 2:00,15.70666672
8/26/2025 3:00,12.5033333
8/26/2025 4:00,11.56666668
8/26/2025 5:00,13.55666663
8/26/2025 6:00,15.21500003
8/26/2025 7:00,15.80952382
8/26/2025 8:00,16.68500015
8/26/2025 9:00,13.83833334
8/26/2025 10:00,13.93492067
8/26/2025 11:00,13.26984127
8/26/2025 12:00,10.39344262
8/26/2025 13:00,7.538333289
8/26/2025 14:00,6.761666687
8/26/2025 15:00,6.311666656
8/26/2025 16:00,9.265000002
8/26/2025 17:00,8.114516143
8/26/2025 18:00,9.301666689
8/26/2025 19:00,11.43809529
8/26/2025 20:00,13.13833329
8/26/2025 21:00,12.89333331
8/26/2025 22:00,14.22166667
8/26/2025 23:00,16.65666666
8/27/2025,14.13666666
8/27/2025 1:00,13.34999998
8/27/2025 2:00,12.68000007
8/27/2025 3:00,12.48333333
8/27/2025 4:00,10.79833341
8/27/2025 5:00,10.39166663
8/27/2025 6:00,14.13492067
8/27/2025 7:00,16.19333339
8/27/2025 8:00,16.71666663
8/27/2025 9:00,16.0416667
8/27/2025 10:00,14.61176484
8/27/2025 11:00,7.469565246
8/27/2025 12:00,6.716666677
8/27/2025 13:00,7.033333333
8/27/2025 14:00,7.488333337
8/27/2025 15:00,6.195312496
8/27/2025 16:00,5.257894763
8/27/2025 17:00,NA
8/27/2025 18:00,10.54500003
8/27/2025 19:00,11.77999996
8/27/2025 20:00,14.37333333
8/27/2025 21:00,14.89333334
8/27/2025 22:00,13.37833336
8/27/2025 23:00,9.913333384
8/28/2025,8.073333359
8/28/2025 1:00,6.876666689
8/28/2025 2:00,6.293333316
8/28/2025 3:00,6.25333333
8/28/2025 4:00,5.301666657
8/28/2025 5:00,5.090000006
8/28/2025 6:00,5.846666702
8/28/2025 7:00,7.613333313
8/28/2025 8:00,8.886666735
8/28/2025 9:00,9.733333349
8/28/2025 10:00,7.03166666
8/28/2025 11:00,5.260606061
8/28/2025 12:00,7.438333344
8/28/2025 13:00,7.845000021
8/28/2025 14:00,6.53833336
8/28/2025 15:00,6.87619045
8/28/2025 16:00,6.90634922
8/28/2025 17:00,6.873333347
8/28/2025 18:00,7.978333354
8/28/2025 19:00,8.463768137
8/28/2025 20:00,11.72500002
8/28/2025 21:00,10.42166667
8/28/2025 22:00,10.10333335
8/28/2025 23:00,7.218333332
8/29/2025,10.40833333
8/29/2025 1:00,7.511666679
8/29/2025 2:00,6.931666668
8/29/2025 3:00,6.133333357
8/29/2025 4:00,5.83500001
8/29/2025 5:00,9.651666641
8/29/2025 6:00,11.97333328
8/29/2025 7:00,10.07000004
8/29/2025 8:00,12.61666666
8/29/2025 9:00,13.33000002
8/29/2025 10:00,9.374603226
8/29/2025 11:00,8.755000003
8/29/2025 12:00,5.605000011
8/29/2025 13:00,11.92580644
8/29/2025 14:00,11.07
8/29/2025 15:00,7.780000011
8/29/2025 16:00,7.75333333
8/29/2025 17:00,7.716000023
8/29/2025 18:00,7.943333356
8/29/2025 19:00,8.175000024
8/29/2025 20:00,10.84833332
8/29/2025 21:00,12.12666669
8/29/2025 22:00,13.14166663
8/29/2025 23:00,14.69499997
8/30/2025,12.54333336
8/30/2025 1:00,11.04833331
8/30/2025 2:00,4.85000002
8/30/2025 3:00,6.146666658
8/30/2025 4:00,7.336666727
8/30/2025 5:00,7.939999946
8/30/2025 6:00,9.58888888
8/30/2025 7:00,12.0951613
8/30/2025 8:00,10.36500004
8/30/2025 9:00,10.41333338
8/30/2025 10:00,13.15000006
8/30/2025 11:00,9.988135596
8/30/2025 12:00,6.731666652
8/30/2025 13:00,7.741666651
8/30/2025 14:00,3.609999977
8/30/2025 15:00,3.541666673
8/30/2025 16:00,5.086363637
8/30/2025 17:00,7.900000036
8/30/2025 18:00,5.480000003
8/30/2025 19:00,8.721212091
8/30/2025 20:00,9.939999962
8/30/2025 21:00,10.7516667
8/30/2025 22:00,11.34833337
8/30/2025 23:00,12.62999996
8/31/2025,13.28166661
8/31/2025 1:00,12.68666665
8/31/2025 2:00,10.57833339
8/31/2025 3:00,7.336666632
8/31/2025 4:00,8.578333354
8/31/2025 5:00,10.62333331
8/31/2025 6:00,11.28333336
8/31/2025 7:00,15.30833338
8/31/2025 8:00,14.49696973
8/31/2025 9:00,15.97333349
8/31/2025 10:00,11.50769226
8/31/2025 11:00,10.10000007
8/31/2025 12:00,10.09130436
8/31/2025 13:00,5.544444436
8/31/2025 14:00,4.45333333
8/31/2025 15:00,6.888333313
8/31/2025 16:00,8.559999967
8/31/2025 17:00,6.860317472
8/31/2025 18:00,8.746666678
8/31/2025 19:00,13.34666667
8/31/2025 20:00,15.38666663
8/31/2025 21:00,13.85238087
8/31/2025 22:00,12.57666663
8/31/2025 23:00,11.67333334
9/1/2025,12.33999999
9/1/2025 1:00,14.09500001
9/1/2025 2:00,13.84499998
9/1/2025 3:00,14.85833332
9/1/2025 4:00,15.11500007
9/1/2025 5:00,10.10833336
9/1/2025 6:00,12.71500001
9/1/2025 7:00,17.6833333
9/1/2025 8:00,15.79333334
9/1/2025 9:00,9.277777793
9/1/2025 10:00,10.79523824
9/1/2025 11:00,8.062686571
9/1/2025 12:00,10.36799994
9/1/2025 13:00,7.657575694
9/1/2025 14:00,7.338709662
9/1/2025 15:00,7.167213104
9/1/2025 16:00,7.546774187
9/1/2025 17:00,8.392187506
9/1/2025 18:00,11.7650793
9/1/2025 19:00,15.838983
9/1/2025 20:00,16.71311466
9/1/2025 21:00,19.55357128
9/1/2025 22:00,17.49000014
9/1/2025 23:00,14.17968756
9/2/2025,6.991666651
9/2/2025 1:00,12.10499992
9/2/2025 2:00,9.695000013
9/2/2025 3:00,9.369999973
9/2/2025 4:00,11.36499998
9/2/2025 5:00,10.8133333
9/2/2025 6:00,15.19272733
9/2/2025 7:00,19.8750001
9/2/2025 8:00,19.9999999
9/2/2025 9:00,15.51833328
9/2/2025 10:00,6.7864407
9/2/2025 11:00,5.163333368
9/2/2025 12:00,3.453968234
9/2/2025 13:00,5.80666668
9/2/2025 14:00,6.203333342
9/2/2025 15:00,4.733333349
9/2/2025 16:00,6.741666659
9/2/2025 17:00,7.72380953
9/2/2025 18:00,8.876666641
9/2/2025 19:00,8.996666749
9/2/2025 20:00,7.882258061
9/2/2025 21:00,6.635000014
9/2/2025 22:00,6.580000019
9/2/2025 23:00,8.694827581
9/3/2025,7.996825377
9/3/2025 1:00,9.854385953
9/3/2025 2:00,11.42666667
9/3/2025 3:00,8.103125013
9/3/2025 4:00,8.706451616
9/3/2025 5:00,10.65833332
9/3/2025 6:00,14.42758628
9/3/2025 7:00,15.30333338
9/3/2025 8:00,11.27894734
9/3/2025 9:00,6.720000001
9/3/2025 10:00,6.595000013
9/3/2025 11:00,7.028333394
9/3/2025 12:00,5.153333358
9/3/2025 13:00,5.475000032
9/3/2025 14:00,4.828333334
9/3/2025 15:00,5.230000007
9/3/2025 16:00,4.009999975
9/3/2025 17:00,8.276666673
9/3/2025 18:00,9.453333259
9/3/2025 19:00,7.913333352
9/3/2025 20:00,6.673333359
9/3/2025 21:00,7.620634889
9/3/2025 22:00,10.7666667
9/3/2025 23:00,9.796666574
9/4/2025,8.686666711
9/4/2025 1:00,9.18166666
9/4/2025 2:00,7.348333343
9/4/2025 3:00,8.614999986
9/4/2025 4:00,10.73000002
9/4/2025 5:00,10.77999998
9/4/2025 6:00,16.58666673
9/4/2025 7:00,14.24666659
9/4/2025 8:00,7.904838724
9/4/2025 9:00,6.706666676
9/4/2025 10:00,6.091666663
9/4/2025 11:00,5.735000018
9/4/2025 12:00,5.741666667
9/4/2025 13:00,6.564999958
9/4/2025 14:00,7.946666686
9/4/2025 15:00,5.518333348
9/4/2025 16:00,7.630000003
9/4/2025 17:00,10.30499993
9/4/2025 18:00,13.58333329
9/4/2025 19:00,23.3400001
9/4/2025 20:00,27.26833337
9/4/2025 21:00,25.94166663
9/4/2025 22:00,22.11166655
9/4/2025 23:00,18.23333327
9/5/2025,18.9599999
9/5/2025 1:00,18.97333333
9/5/2025 2:00,18.90645167
9/5/2025 3:00,18.48
9/5/2025 4:00,21.17166669
9/5/2025 5:00,21.35166666
9/5/2025 6:00,17.38166672
9/5/2025 7:00,22.19166668
9/5/2025 8:00,20.28225803
9/5/2025 9:00,17.09499993
9/5/2025 10:00,8.708333369
9/5/2025 11:00,7.695000021
9/5/2025 12:00,7.965000017
9/5/2025 13:00,5.066666663
9/5/2025 14:00,5.179999987
9/5/2025 15:00,8.363333305
9/5/2025 16:00,5.449999972
9/5/2025 17:00,7.871666702
9/5/2025 18:00,15.90166667
9/5/2025 19:00,15.01999998
9/5/2025 20:00,11.59500004
9/5/2025 21:00,13.48333327
9/5/2025 22:00,16.56333324
9/5/2025 23:00,10.99333336
9/6/2025,15.01666663
9/6/2025 1:00,13.34499998
9/6/2025 2:00,9.553333298
9/6/2025 3:00,6.606666692
9/6/2025 4:00,9.18500003
9/6/2025 5:00,7.960000014
9/6/2025 6:00,8.776666657
9/6/2025 7:00,15.02333336
9/6/2025 8:00,17.76666671
9/6/2025 9:00,12.80000006
9/6/2025 10:00,11.23666668
9/6/2025 11:00,9.890000033
9/6/2025 12:00,6.856666692
9/6/2025 13:00,6.125000008
9/6/2025 14:00,7.110000078
9/6/2025 15:00,6.227419361
9/6/2025 16:00,7.171666678
9/6/2025 17:00,8.877419372
9/6/2025 18:00,11.83166667
9/6/2025 19:00,14.28500004
9/6/2025 20:00,15.21833329
9/6/2025 21:00,16.25161292
9/6/2025 22:00,16.63000008
9/6/2025 23:00,17.56499999
9/7/2025,11.57333336
9/7/2025 1:00,10.95999994
9/7/2025 2:00,11.92
9/7/2025 3:00,13.77333339
9/7/2025 4:00,13.73333333
9/7/2025 5:00,20.86666659
9/7/2025 6:00,21.42333333
9/7/2025 7:00,21.52166672
9/7/2025 8:00,19.85666669
9/7/2025 9:00,11.64999998
9/7/2025 10:00,12.79666667
9/7/2025 11:00,NA
9/7/2025 12:00,16.98333335
9/7/2025 13:00,11.84893628
9/7/2025 14:00,10.79019612
9/7/2025 15:00,12.14000006
9/7/2025 16:00,10.80833333
9/7/2025 17:00,11.67
9/7/2025 18:00,14.26833326
9/7/2025 19:00,15.25833335
9/7/2025 20:00,14.88500001
9/7/2025 21:00,14.30967742
9/7/2025 22:00,18.08999995
9/7/2025 23:00,16.51000005
9/8/2025,16.63499999
9/8/2025 1:00,15.58500001
9/8/2025 2:00,15.62500005
9/8/2025 3:00,16.27333336
9/8/2025 4:00,18.60499994
9/8/2025 5:00,25.53666668
9/8/2025 6:00,29.10166661
9/8/2025 7:00,27.63015868
9/8/2025 8:00,21.85000003
9/8/2025 9:00,16.13333337
9/8/2025 10:00,12.17272731
9/8/2025 11:00,10.10821923
9/8/2025 12:00,13.82399996
9/8/2025 13:00,14.65223885
9/8/2025 14:00,10.60769231
9/8/2025 15:00,11.24285707
9/8/2025 16:00,12.62500005
9/8/2025 17:00,14.73166672
9/8/2025 18:00,14.355
9/8/2025 19:00,19.24333326
9/8/2025 20:00,17.89000006
9/8/2025 21:00,15.09354836
9/8/2025 22:00,14.87999996
9/8/2025 23:00,14.11833332
9/9/2025,13.43999995
9/9/2025 1:00,14.83999999
9/9/2025 2:00,17.50166661
9/9/2025 3:00,17.09499992
9/9/2025 4:00,18.26666668
9/9/2025 5:00,19.98666674
9/9/2025 6:00,20.36615386
9/9/2025 7:00,25.73500007
9/9/2025 8:00,23.60666663
9/9/2025 9:00,17.53666668
9/9/2025 10:00,15.17333331
9/9/2025 11:00,21.65166661
9/9/2025 12:00,22.04833339
9/9/2025 13:00,NA
9/9/2025 14:00,20.95172409
9/9/2025 15:00,27.24166665
9/9/2025 16:00,36.89999994
9/9/2025 17:00,62.10166601
9/9/2025 18:00,55.47999986
9/9/2025 19:00,51.12833328
9/9/2025 20:00,66.58666668
9/9/2025 21:00,61.47166665
9/9/2025 22:00,54.49032267
9/9/2025 23:00,49.43442629
9/10/2025,59.70833327
9/10/2025 1:00,54.37166659
9/10/2025 2:00,48.32000001
9/10/2025 3:00,57.21833318
9/10/2025 4:00,57.39166679
9/10/2025 5:00,55.70166664
9/10/2025 6:00,43.36507955
9/10/2025 7:00,49.91333357
9/10/2025 8:00,43.58500017
9/10/2025 9:00,36.13499997
9/10/2025 10:00,28.8766667
9/10/2025 11:00,21.90000001
9/10/2025 12:00,19.25833343
9/10/2025 13:00,19.85081967
9/10/2025 14:00,25.63230761
9/10/2025 15:00,29.49062496
9/10/2025 16:00,14.40333333
9/10/2025 17:00,9.871666622
9/10/2025 18:00,11.39166673
9/10/2025 19:00,15.34500001
9/10/2025 20:00,15.65967743
9/10/2025 21:00,11.80645163
9/10/2025 22:00,12.15166667
9/10/2025 23:00,14.18833332
9/11/2025,16.28333337
9/11/2025 1:00,14.55166663
9/11/2025 2:00,NA
9/11/2025 3:00,NA
9/11/2025 4:00,NA
9/11/2025 5:00,NA
9/11/2025 6:00,NA
9/11/2025 7:00,NA
9/11/2025 8:00,NA
9/11/2025 9:00,4.781666664
9/11/2025 10:00,6.879999948
9/11/2025 11:00,7.561666648
9/11/2025 12:00,5.164516082
9/11/2025 13:00,NA
9/11/2025 14:00,6.018333308
9/11/2025 15:00,7.901666625
9/11/2025 16:00,4.243333344
9/11/2025 17:00,4.829032267
9/11/2025 18:00,8.066666706
9/11/2025 19:00,10.34333332
9/11/2025 20:00,13.34500005
9/11/2025 21:00,18.71666671
9/11/2025 22:00,17.94666672
9/11/2025 23:00,15.50333333
9/12/2025,12.85999999
9/12/2025 1:00,13.60833332
9/12/2025 2:00,12.82500002
9/12/2025 3:00,13.00333333
9/12/2025 4:00,15.09333336
9/12/2025 5:00,17.405
9/12/2025 6:00,14.6466667
9/12/2025 7:00,16.28666674
9/12/2025 8:00,11.63833329
9/12/2025 9:00,NA
9/12/2025 10:00,4.904999971
9/12/2025 11:00,4.77833335
9/12/2025 12:00,4.731666656
9/12/2025 13:00,5.813333337
9/12/2025 14:00,5.705000019
9/12/2025 15:00,9.421666638
9/12/2025 16:00,8.386666608
9/12/2025 17:00,6.951666673
9/12/2025 18:00,11.93166667
9/12/2025 19:00,17.03166671
9/12/2025 20:00,18.48000007
9/12/2025 21:00,23.93999996
9/12/2025 22:00,17.43666666
9/12/2025 23:00,17.51166665
9/13/2025,15.70500005
9/13/2025 1:00,14.2
9/13/2025 2:00,12.51833337
9/13/2025 3:00,11.94333334
9/13/2025 4:00,12.46499999
9/13/2025 5:00,11.71451616
9/13/2025 6:00,17.70327868
9/13/2025 7:00,19.73500004
9/13/2025 8:00,14.28709673
9/13/2025 9:00,15.64666677
9/13/2025 10:00,9.311666727
9/13/2025 11:00,6.30999999
9/13/2025 12:00,10.36999997
9/13/2025 13:00,11.26333329
9/13/2025 14:00,9.448333383
9/13/2025 15:00,6.213333352
9/13/2025 16:00,8.526666665
9/13/2025 17:00,7.59666667
9/13/2025 18:00,10.4033333
9/13/2025 19:00,13.53500001
9/13/2025 20:00,13.62063497
9/13/2025 21:00,13.17
9/13/2025 22:00,14.45333333
9/13/2025 23:00,12.52000001
9/14/2025,13.8083333
9/14/2025 1:00,13.545
9/14/2025 2:00,11.93166671
9/14/2025 3:00,12.74499998
9/14/2025 4:00,14.62000001
9/14/2025 5:00,14.77833335
9/14/2025 6:00,20.12786882
9/14/2025 7:00,18.94677422
9/14/2025 8:00,19.12500002
9/14/2025 9:00,19.24833339
9/14/2025 10:00,13.42833328
9/14/2025 11:00,12.8169231
9/14/2025 12:00,14.62343746
9/14/2025 13:00,15.03166669
9/14/2025 14:00,11.44642853
9/14/2025 15:00,7.876666641
9/14/2025 16:00,10.38166666
9/14/2025 17:00,10.02833329
9/14/2025 18:00,14.1833333
9/14/2025 19:00,16.64999998
9/14/2025 20:00,14.36333332
9/14/2025 21:00,15.59000007
9/14/2025 22:00,13.06166663
9/14/2025 23:00,11.91166665
9/15/2025,11.37833335
9/15/2025 1:00,5.923333309
9/15/2025 2:00,2.739999996
9/15/2025 3:00,2.594999987
9/15/2025 4:00,4.451666649
9/15/2025 5:00,4.34333336
9/15/2025 6:00,4.568333308
9/15/2025 7:00,8.975000008
9/15/2025 8:00,10.13833335
9/15/2025 9:00,8.60999999
9/15/2025 10:00,6.87166667
9/15/2025 11:00,7.316666675
9/15/2025 12:00,11.86129036
9/15/2025 13:00,6.304999971
9/15/2025 14:00,5.993333364
9/15/2025 15:00,5.411666691
9/15/2025 16:00,6.611111111
9/15/2025 17:00,9.898333375
9/15/2025 18:00,9.896774138
9/15/2025 19:00,5.641666651
9/15/2025 20:00,7.235000014
9/15/2025 21:00,7.801666697
9/15/2025 22:00,8.483333373
9/15/2025 23:00,9.349999992
9/16/2025,7.848333359
9/16/2025 1:00,8.281666708
9/16/2025 2:00,7.380000003
9/16/2025 3:00,6.84333334
9/16/2025 4:00,7.301666665
9/16/2025 5:00,9.933333341
9/16/2025 6:00,12.37166667
9/16/2025 7:00,13.95833333
9/16/2025 8:00,10.05238094
9/16/2025 9:00,7.873333311
9/16/2025 10:00,4.99354842
9/16/2025 11:00,5.769999997
9/16/2025 12:00,4.096666686
9/16/2025 13:00,4.135000002
9/16/2025 14:00,3.595000011
9/16/2025 15:00,3.671666638
9/16/2025 16:00,4.148333331
9/16/2025 17:00,6.46190476
9/16/2025 18:00,12.16666662
9/16/2025 19:00,10.41166671
9/16/2025 20:00,15.32500002
9/16/2025 21:00,10.09333336
9/16/2025 22:00,12.95666669
9/16/2025 23:00,18.98999993
9/17/2025,15.50166667
9/17/2025 1:00,5.53333329
9/17/2025 2:00,3.21833333
9/17/2025 3:00,3.391666651
9/17/2025 4:00,3.865000014
9/17/2025 5:00,9.179999995
9/17/2025 6:00,10.81746033
9/17/2025 7:00,7.860317488
9/17/2025 8:00,10.93333333
9/17/2025 9:00,9.658333341
9/17/2025 10:00,5.396666646
9/17/2025 11:00,7.663333297
9/17/2025 12:00,8.844999997
9/17/2025 13:00,7.058333333
9/17/2025 14:00,7.348333335
9/17/2025 15:00,9.261666679
9/17/2025 16:00,11.50833337
9/17/2025 17:00,13.21587307
9/17/2025 18:00,17.0900001
9/17/2025 19:00,19.67999986
9/17/2025 20:00,19.11269836
9/17/2025 21:00,15.65967746
9/17/2025 22:00,13.43999999
9/17/2025 23:00,11.97166665
9/18/2025,11.83166669
9/18/2025 1:00,10.78166669
9/18/2025 2:00,8.721666622
9/18/2025 3:00,7.68833336
9/18/2025 4:00,10.21333334
9/18/2025 5:00,8.633333381
9/18/2025 6:00,11.99833333
9/18/2025 7:00,13.82833328
9/18/2025 8:00,13.4383333
9/18/2025 9:00,10.17333339
9/18/2025 10:00,7.63499999
9/18/2025 11:00,9.068333403
9/18/2025 12:00,8.111666679
9/18/2025 13:00,8.514999994
9/18/2025 14:00,7.22166667
9/18/2025 15:00,9.483333309
9/18/2025 16:00,9.331666668
9/18/2025 17:00,9.10666666
9/18/2025 18:00,16.71833324
9/18/2025 19:00,16.83333338
9/18/2025 20:00,13.56666667
9/18/2025 21:00,12.74444436
9/18/2025 22:00,15.82166667
9/18/2025 23:00,14.72333334
9/19/2025,13.01000001
9/19/2025 1:00,13.99666669
9/19/2025 2:00,12.93166674
9/19/2025 3:00,12.09999998
9/19/2025 4:00,13.39833323
9/19/2025 5:00,12.97166665
9/19/2025 6:00,17.40166664
9/19/2025 7:00,18.40833333
9/19/2025 8:00,20.50499996
9/19/2025 9:00,15.04761894
9/19/2025 10:00,10.81333335
9/19/2025 11:00,10.90499998
9/19/2025 12:00,9.844999997
9/19/2025 13:00,10.79500004
9/19/2025 14:00,8.365000025
9/19/2025 15:00,10.93333337
9/19/2025 16:00,12.22121208
9/19/2025 17:00,13.22833338
9/19/2025 18:00,19.02000006
9/19/2025 19:00,19.99333323
9/19/2025 20:00,16.72903227
9/19/2025 21:00,19.3276923
9/19/2025 22:00,26.10666663
9/19/2025 23:00,22.03666662
9/20/2025,22.65166664
9/20/2025 1:00,29.96333335
9/20/2025 2:00,19.72539685
9/20/2025 3:00,18.2730159
9/20/2025 4:00,19.44833331
9/20/2025 5:00,17.81129033
9/20/2025 6:00,19.41500015
9/20/2025 7:00,18.2866667
9/20/2025 8:00,16.53333335
9/20/2025 9:00,11.76833326
9/20/2025 10:00,8.241666698
9/20/2025 11:00,5.246666666
9/20/2025 12:00,6.208333365
9/20/2025 13:00,6.120634904
9/20/2025 14:00,9.498333311
9/20/2025 15:00,8.753333314
9/20/2025 16:00,8.301666697
9/20/2025 17:00,9.983333317
9/20/2025 18:00,10.645
9/20/2025 19:00,13.26190478
9/20/2025 20:00,14.91111114
9/20/2025 21:00,14.92833335
9/20/2025 22:00,10.15833337
9/20/2025 23:00,9.593333371
9/21/2025,9.138333313
9/21/2025 1:00,9.34000001
9/21/2025 2:00,11.60666663
9/21/2025 3:00,13.17666672
9/21/2025 4:00,12.24833337
9/21/2025 5:00,11.69500001
9/21/2025 6:00,10.04126982
9/21/2025 7:00,10.00999999
9/21/2025 8:00,15.89166659
9/21/2025 9:00,15.57333333
9/21/2025 10:00,14.42
9/21/2025 11:00,11.09499995
9/21/2025 12:00,7.448333359
9/21/2025 13:00,8.52461542
9/21/2025 14:00,8.678333322
9/21/2025 15:00,6.716666659
9/21/2025 16:00,7.101666673
9/21/2025 17:00,11.06499999
9/21/2025 18:00,17.57166667
9/21/2025 19:00,18.52999996
9/21/2025 20:00,20.53000011
9/21/2025 21:00,19.13088252
9/21/2025 22:00,17.20000005
9/21/2025 23:00,17.33000002
9/22/2025,19.77166672
9/22/2025 1:00,17.65833335
9/22/2025 2:00,15.3416666
9/22/2025 3:00,17.2333333
9/22/2025 4:00,17.93499999
9/22/2025 5:00,13.86190473
9/22/2025 6:00,18.4564516
9/22/2025 7:00,20.5983332
9/22/2025 8:00,22.34833318
9/22/2025 9:00,12.49500007
9/22/2025 10:00,6.608333341
9/22/2025 11:00,6.091666675
9/22/2025 12:00,8.541269809
9/22/2025 13:00,7.343333371
9/22/2025 14:00,6.636666679
9/22/2025 15:00,8.058730216
9/22/2025 16:00,11.30166668
9/22/2025 17:00,11.51333334
9/22/2025 18:00,17.5983333
9/22/2025 19:00,19.35333333
9/22/2025 20:00,16.02500008
9/22/2025 21:00,15.2166667
9/22/2025 22:00,17.28166668
9/22/2025 23:00,19.85666663
9/23/2025,12.76833317
9/23/2025 1:00,7.670000052
9/23/2025 2:00,8.896666702
9/23/2025 3:00,10.545
9/23/2025 4:00,12.64166662
9/23/2025 5:00,15.88333333
9/23/2025 6:00,17.33333338
9/23/2025 7:00,14.23484846
9/23/2025 8:00,16.79666667
9/23/2025 9:00,11.36507938
9/23/2025 10:00,8.822222256
9/23/2025 11:00,7.685483894
9/23/2025 12:00,7.103333362
9/23/2025 13:00,8.183333368
9/23/2025 14:00,13.62166665
9/23/2025 15:00,10.34499997
9/23/2025 16:00,10.18999991
9/23/2025 17:00,11.20166674
9/23/2025 18:00,14.81166677
9/23/2025 19:00,18.58709683
9/23/2025 20:00,20.22833327
9/23/2025 21:00,17.88679243
9/23/2025 22:00,20.72000001
9/23/2025 23:00,18.38166671
9/24/2025,17.0016667
9/24/2025 1:00,15.45833335
9/24/2025 2:00,16.93500015
9/24/2025 3:00,15.51000001
9/24/2025 4:00,17.7999999
9/24/2025 5:00,20.70166677
9/24/2025 6:00,24.73692313
9/24/2025 7:00,23.02063479
9/24/2025 8:00,17.64666667
9/24/2025 9:00,18.71333329
9/24/2025 10:00,16.30476192
9/24/2025 11:00,17.00303027
9/24/2025 12:00,12.77741932
9/24/2025 13:00,8.228985482
9/24/2025 14:00,15.3016667
9/24/2025 15:00,10.50701755
9/24/2025 16:00,NA
9/24/2025 17:00,NA
9/24/2025 18:00,NA
9/24/2025 19:00,NA
9/24/2025 20:00,NA
9/24/2025 21:00,16.56071433
9/24/2025 22:00,16.71833331
9/24/2025 23:00,16.15483876
9/25/2025,16.54666654
9/25/2025 1:00,15.79999997
9/25/2025 2:00,16.65499994
9/25/2025 3:00,12.87666669
9/25/2025 4:00,18.63833335
9/25/2025 5:00,19.20333339
9/25/2025 6:00,NA
9/25/2025 7:00,24.56122441
9/25/2025 8:00,29.50333331
9/25/2025 9:00,26.14333344
9/25/2025 10:00,18.16166649
9/25/2025 11:00,NA
9/25/2025 12:00,NA
9/25/2025 13:00,NA
9/25/2025 14:00,NA
9/25/2025 15:00,NA
9/25/2025 16:00,NA
9/25/2025 17:00,9.159999967
9/25/2025 18:00,14.55166659
9/25/2025 19:00,36.01166643
9/25/2025 20:00,33.05333347
9/25/2025 21:00,29.30000003
9/25/2025 22:00,26.12500003
9/25/2025 23:00,22.8833334
9/26/2025,25.16333335
9/26/2025 1:00,22.05499989
9/26/2025 2:00,21.42000001
9/26/2025 3:00,20.29500004
9/26/2025 4:00,20.2649999
9/26/2025 5:00,24.30166664
9/26/2025 6:00,32.3066666
9/26/2025 7:00,34.94833345
9/26/2025 8:00,25.41500006
9/26/2025 9:00,17.13666662
9/26/2025 10:00,15.57833335
9/26/2025 11:00,13.03500002
9/26/2025 12:00,9.287301556
9/26/2025 13:00,7.318333328
9/26/2025 14:00,4.573333327
9/26/2025 15:00,4.195000009
9/26/2025 16:00,8.265000033
9/26/2025 17:00,11.49500008
9/26/2025 18:00,8.010000078
9/26/2025 19:00,10.13214285
9/26/2025 20:00,12.05333327
9/26/2025 21:00,5.465000006
9/26/2025 22:00,4.756666688
9/26/2025 23:00,3.503333338
9/27/2025,4.90666666
9/27/2025 1:00,4.228333334
9/27/2025 2:00,7.853333354
9/27/2025 3:00,8.093333332
9/27/2025 4:00,9.704999987
9/27/2025 5:00,12.52000004
9/27/2025 6:00,17.39193544
9/27/2025 7:00,29.4799998
9/27/2025 8:00,22.89166673
9/27/2025 9:00,15.25166675
9/27/2025 10:00,10.98095244
9/27/2025 11:00,9.823333351
9/27/2025 12:00,5.499999996
9/27/2025 13:00,5.553968255
9/27/2025 14:00,5.09666665
9/27/2025 15:00,5.470000001
9/27/2025 16:00,7.02833333
9/27/2025 17:00,11.7633333
9/27/2025 18:00,15.23833337
9/27/2025 19:00,19.89000006
9/27/2025 20:00,28.96333351
9/27/2025 21:00,24.53500007
9/27/2025 22:00,19.83999987
9/27/2025 23:00,23.80666676
9/28/2025,24.27499987
9/28/2025 1:00,24.15499996
9/28/2025 2:00,20.09999989
9/28/2025 3:00,19.7149999
9/28/2025 4:00,19.21333326
9/28/2025 5:00,19.04833326
9/28/2025 6:00,22.94833339
9/28/2025 7:00,29.02666664
9/28/2025 8:00,16.06999998
9/28/2025 9:00,15.13333327
9/28/2025 10:00,NA
9/28/2025 11:00,15.93833337
9/28/2025 12:00,10.61499995
9/28/2025 13:00,7.576666681
9/28/2025 14:00,6.666666683
9/28/2025 15:00,7.513333329
9/28/2025 16:00,21.08499978
9/28/2025 17:00,8.943333356
9/28/2025 18:00,11.2102041
9/28/2025 19:00,13.7383333
9/28/2025 20:00,17.31739133
9/28/2025 21:00,24.61500001
9/28/2025 22:00,17.76833332
9/28/2025 23:00,18.42333325
9/29/2025,17.72999999
9/29/2025 1:00,18.8833334
9/29/2025 2:00,16.93833329
9/29/2025 3:00,16.32000001
9/29/2025 4:00,16.48499993
9/29/2025 5:00,15.19000004
9/29/2025 6:00,16.36166676
9/29/2025 7:00,17.85882348
9/29/2025 8:00,21.09499985
9/29/2025 9:00,18.18194449
9/29/2025 10:00,11.90499996
9/29/2025 11:00,9.334999967
9/29/2025 12:00,8.473333343
9/29/2025 13:00,7.614666646
9/29/2025 14:00,8.939583421
9/29/2025 15:00,8.004444408
9/29/2025 16:00,9.620634904
9/29/2025 17:00,12.30333329
9/29/2025 18:00,18.09166657
9/29/2025 19:00,22.29999999
9/29/2025 20:00,22.61617646
9/29/2025 21:00,24.46190474
9/29/2025 22:00,23.32666674
9/29/2025 23:00,21.17833338
9/30/2025,28.76333338
9/30/2025 1:00,20.41000001
9/30/2025 2:00,19.40500002
9/30/2025 3:00,23.5516667
9/30/2025 4:00,19.89166657
9/30/2025 5:00,23.26166671
9/30/2025 6:00,28.18833319
9/30/2025 7:00,30.59666643
9/30/2025 8:00,38.45999991
9/30/2025 9:00,24.2629034
9/30/2025 10:00,10.61884059
9/30/2025 11:00,7.982539661
9/30/2025 12:00,10.85454547
9/30/2025 13:00,6.847619064
9/30/2025 14:00,9.213333384
9/30/2025 15:00,7.849999951
9/30/2025 16:00,8.475409852
9/30/2025 17:00,14.13114753
9/30/2025 18:00,18.01451609
9/30/2025 19:00,17.65079362
9/30/2025 20:00,14.9587302
9/30/2025 21:00,8.447619082
9/30/2025 22:00,5.016666683
9/30/2025 23:00,4.231666688
10/1/2025,5.696666662
10/1/2025 1:00,5.621666654
10/1/2025 2:00,5.551666649
10/1/2025 3:00,6.02166669
10/1/2025 4:00,5.795000021
10/1/2025 5:00,8.25
10/1/2025 6:00,10.98333332
10/1/2025 7:00,15.28333339
10/1/2025 8:00,14.23333329
10/1/2025 9:00,9.483333325
10/1/2025 10:00,4.059090914
10/1/2025 11:00,3.869999961
10/1/2025 12:00,4.235000006
10/1/2025 13:00,5.173333351
10/1/2025 14:00,7.575000048
10/1/2025 15:00,7.646666702
10/1/2025 16:00,8.083333341
10/1/2025 17:00,7.141666659
10/1/2025 18:00,11.60000003
10/1/2025 19:00,18.77714284
10/1/2025 20:00,13.67333333
10/1/2025 21:00,9.459999983
10/1/2025 22:00,8.319047625
10/1/2025 23:00,8.860000038
10/2/2025,7.304999995
10/2/2025 1:00,7.516666659
10/2/2025 2:00,7.220000021
10/2/2025 3:00,7.801666689
10/2/2025 4:00,7.886666632
10/2/2025 5:00,8.466666722
10/2/2025 6:00,6.321666638
10/2/2025 7:00,9.743333308
10/2/2025 8:00,11.83833334
10/2/2025 9:00,8.291666698
10/2/2025 10:00,9.938333352
10/2/2025 11:00,6.400000008
10/2/2025 12:00,6.621538441
10/2/2025 13:00,6.661904744
10/2/2025 14:00,6.179999995
10/2/2025 15:00,10.19846161
10/2/2025 16:00,10.27031255
10/2/2025 17:00,11.71333332
10/2/2025 18:00,15.49666667
10/2/2025 19:00,16.10937497
10/2/2025 20:00,18.75
10/2/2025 21:00,18.11499998
10/2/2025 22:00,16.35333335
10/2/2025 23:00,17.78166671
10/3/2025,14.22333337
10/3/2025 1:00,13.74499997
10/3/2025 2:00,14.2
10/3/2025 3:00,15.77666663
10/3/2025 4:00,14.10333338
10/3/2025 5:00,16.05666674
10/3/2025 6:00,16.91000004
10/3/2025 7:00,20.63833326
10/3/2025 8:00,25.16612908
10/3/2025 9:00,23.42833344
10/3/2025 10:00,23.62333336
10/3/2025 11:00,21.66500009
10/3/2025 12:00,14.66999995
10/3/2025 13:00,14.60158722
10/3/2025 14:00,18.63500012
10/3/2025 15:00,18.91500009
10/3/2025 16:00,15.62666664
10/3/2025 17:00,8.533333333
10/3/2025 18:00,20.30000001
10/3/2025 19:00,14.13970585
10/3/2025 20:00,11.07656255
10/3/2025 21:00,14.02769237
10/3/2025 22:00,15.36666673
10/3/2025 23:00,10.29333336
10/4/2025,10.71166666
10/4/2025 1:00,8.901666641
10/4/2025 2:00,10.33770495
10/4/2025 3:00,10.4766667
10/4/2025 4:00,10.69682538
10/4/2025 5:00,7.269999989
10/4/2025 6:00,10.60476188
10/4/2025 7:00,11.8083334
10/4/2025 8:00,10.78833337
10/4/2025 9:00,8.223333343
10/4/2025 10:00,5.076666687
10/4/2025 11:00,2.971666664
10/4/2025 12:00,5.17166665
10/4/2025 13:00,5.298333343
10/4/2025 14:00,4.866101693
10/4/2025 15:00,5.856666672
10/4/2025 16:00,6.021666654
10/4/2025 17:00,6.143333356
10/4/2025 18:00,7.938333344
10/4/2025 19:00,7.683333364
10/4/2025 20:00,5.81833334
10/4/2025 21:00,3.58500001
10/4/2025 22:00,2.969999973
10/4/2025 23:00,2.371666656
10/5/2025,2.880000003
10/5/2025 1:00,3.195000017
10/5/2025 2:00,2.403333328
10/5/2025 3:00,2.152830194
10/5/2025 4:00,1.926666669
10/5/2025 5:00,5.544999993
10/5/2025 6:00,7.311666703
10/5/2025 7:00,10.36833339
10/5/2025 8:00,10.41833332
10/5/2025 9:00,6.526666661
10/5/2025 10:00,6.151666665
10/5/2025 11:00,4.641666671
10/5/2025 12:00,3.267741928
10/5/2025 13:00,4.29365079
10/5/2025 14:00,3.571212115
10/5/2025 15:00,2.49850745
10/5/2025 16:00,3.784615333
10/5/2025 17:00,2.896825399
10/5/2025 18:00,5.267741945
10/5/2025 19:00,6.401515144
10/5/2025 20:00,9.977419399
10/5/2025 21:00,10.14032257
10/5/2025 22:00,12.28499999
10/5/2025 23:00,10.30500003
10/6/2025,9.216666738
10/6/2025 1:00,9.661666727
10/6/2025 2:00,10.155
10/6/2025 3:00,9.981666621
10/6/2025 4:00,9.564999994
10/6/2025 5:00,11.46833329
10/6/2025 6:00,9.214999994
10/6/2025 7:00,12.31833332
10/6/2025 8:00,11.73666673
10/6/2025 9:00,5.923529401
10/6/2025 10:00,5.37166665
10/6/2025 11:00,4.54848486
10/6/2025 12:00,4.371428535
10/6/2025 13:00,4.166153849
10/6/2025 14:00,4.039682528
10/6/2025 15:00,3.596923062
10/6/2025 16:00,4.383333365
10/6/2025 17:00,6.96190476
10/6/2025 18:00,9.254999979
10/6/2025 19:00,11.79333332
10/6/2025 20:00,11.89166665
10/6/2025 21:00,10.61833336
10/6/2025 22:00,9.378333346
10/6/2025 23:00,11.26666668
10/7/2025,11.50333339
10/7/2025 1:00,11.57833333
10/7/2025 2:00,11.12999999
10/7/2025 3:00,11.69833337
10/7/2025 4:00,14.50333336
10/7/2025 5:00,18.43666671
10/7/2025 6:00,18.8083333
10/7/2025 7:00,23.0225807
10/7/2025 8:00,21.04262288
10/7/2025 9:00,14.03846164
10/7/2025 10:00,11.16229508
10/7/2025 11:00,10.54166665
10/7/2025 12:00,5.710000022
10/7/2025 13:00,5.074999992
10/7/2025 14:00,6.150000016
10/7/2025 15:00,7.383333333
10/7/2025 16:00,9.044999981
10/7/2025 17:00,11.20666663
10/7/2025 18:00,16.69666677
10/7/2025 19:00,17.87741933
10/7/2025 20:00,16.98730155
10/7/2025 21:00,36.35166669
10/7/2025 22:00,38.16500006
10/7/2025 23:00,33.36166681
10/8/2025,28.4416666
10/8/2025 1:00,23.00500018
10/8/2025 2:00,19.54067806
10/8/2025 3:00,34.66166662
10/8/2025 4:00,40.04000025
10/8/2025 5:00,23.5166666
10/8/2025 6:00,35.58500007
10/8/2025 7:00,25.84833345
10/8/2025 8:00,20.79499989
10/8/2025 9:00,17.32187502
10/8/2025 10:00,12.87166665
10/8/2025 11:00,10.83500004
10/8/2025 12:00,7.321666686
10/8/2025 13:00,9.601666737
10/8/2025 14:00,7.871666725
10/8/2025 15:00,7.561666632
10/8/2025 16:00,9.586666687
10/8/2025 17:00,17.47500003
10/8/2025 18:00,13.67500005
10/8/2025 19:00,14.20923083
10/8/2025 20:00,21.43015878
10/8/2025 21:00,18.25333322
10/8/2025 22:00,21.43333343
10/8/2025 23:00,21.5
10/9/2025,18.82166678
10/9/2025 1:00,19.0016667
10/9/2025 2:00,20.75999994
10/9/2025 3:00,21.93666665
10/9/2025 4:00,20.77166656
10/9/2025 5:00,22.14499992
10/9/2025 6:00,31.37777774
10/9/2025 7:00,24.98709679
10/9/2025 8:00,27.48666671
10/9/2025 9:00,19.46500001
10/9/2025 10:00,15.01129026
10/9/2025 11:00,11.10952379
10/9/2025 12:00,11.88833328
10/9/2025 13:00,7.083333365
10/9/2025 14:00,6.408333325
10/9/2025 15:00,8.479999987
10/9/2025 16:00,10.28999999
10/9/2025 17:00,13.85333331
10/9/2025 18:00,17.74333336
10/9/2025 19:00,22.30500008
10/9/2025 20:00,31.41818191
10/9/2025 21:00,36.16999995
10/9/2025 22:00,26.64833333
10/9/2025 23:00,27.91999998
10/10/2025,19.27666667
10/10/2025 1:00,16.13999999
10/10/2025 2:00,21.51499987
10/10/2025 3:00,18.43833335
10/10/2025 4:00,17.65833333
10/10/2025 5:00,22.32333326
10/10/2025 6:00,26.6766667
10/10/2025 7:00,31.91833331
10/10/2025 8:00,31.13666649
10/10/2025 9:00,29.64027778
10/10/2025 10:00,19.77166656
10/10/2025 11:00,13.41746025
10/10/2025 12:00,8.722580648
10/10/2025 13:00,6.488888899
10/10/2025 14:00,7.841666691
10/10/2025 15:00,7.879365104
10/10/2025 16:00,9.586666616
10/10/2025 17:00,10.8983333
10/10/2025 18:00,16.33166671
10/10/2025 19:00,18.45833343
10/10/2025 20:00,23.27333334
10/10/2025 21:00,25.86333342
10/10/2025 22:00,25.99666653
10/10/2025 23:00,22.4566666
10/11/2025,24.61500006
10/11/2025 1:00,22.63833319
10/11/2025 2:00,20.95000003
10/11/2025 3:00,21.19333337
10/11/2025 4:00,20.83000005
10/11/2025 5:00,22.25999994
10/11/2025 6:00,22.64920622
10/11/2025 7:00,39.60666682
10/11/2025 8:00,33.67777761
10/11/2025 9:00,20.99333336
10/11/2025 10:00,16.49499997
10/11/2025 11:00,16.51499997
10/11/2025 12:00,6.72833333
10/11/2025 13:00,7.111666671
10/11/2025 14:00,8.718333324
10/11/2025 15:00,10.30666664
10/11/2025 16:00,12.58923076
10/11/2025 17:00,17.50333344
10/11/2025 18:00,23.00158734
10/11/2025 19:00,33.23636364
10/11/2025 20:00,42.95000019
10/11/2025 21:00,35.3616669
10/11/2025 22:00,30.56166677
10/11/2025 23:00,33.04499995
10/12/2025,33.75833337
10/12/2025 1:00,31.97666639
10/12/2025 2:00,30.38666662
10/12/2025 3:00,28.56666667
10/12/2025 4:00,28.75999997
10/12/2025 5:00,32.96500003
10/12/2025 6:00,47.9516667
10/12/2025 7:00,77.90833365
10/12/2025 8:00,81.78833342
10/12/2025 9:00,38.89166667
10/12/2025 10:00,24.0266667
10/12/2025 11:00,10.21746037
10/12/2025 12:00,10.80317459
10/12/2025 13:00,11.29999998
10/12/2025 14:00,10.47333333
10/12/2025 15:00,10.86190478
10/12/2025 16:00,14.16451614
10/12/2025 17:00,16.60615378
10/12/2025 18:00,22.45333322
10/12/2025 19:00,23.49682529
10/12/2025 20:00,31.23500013
10/12/2025 21:00,43.44666678
10/12/2025 22:00,35.8733333
10/12/2025 23:00,31.98833342
10/13/2025,34.40499999
10/13/2025 1:00,32.21000001
10/13/2025 2:00,28.57166662
10/13/2025 3:00,31.48499994
10/13/2025 4:00,31.07499987
10/13/2025 5:00,37.40333325
10/13/2025 6:00,38.79666672
10/13/2025 7:00,47.7416666
10/13/2025 8:00,48.52666658
10/13/2025 9:00,39.57166684
10/13/2025 10:00,15.28750001
10/13/2025 11:00,12.14333331
10/13/2025 12:00,10.83333335
10/13/2025 13:00,11.42166666
10/13/2025 14:00,12.1516667
10/13/2025 15:00,12.42666664
10/13/2025 16:00,16.69666675
10/13/2025 17:00,22.14166663
10/13/2025 18:00,27.44166657
10/13/2025 19:00,27.07833328
10/13/2025 20:00,43.29523834
10/13/2025 21:00,39.57301573
10/13/2025 22:00,40.72666658
10/13/2025 23:00,32.54333334
10/14/2025,35.01666667
10/14/2025 1:00,32.88666687
10/14/2025 2:00,37.72999999
10/14/2025 3:00,41.62000001
10/14/2025 4:00,55.34000018
10/14/2025 5:00,31.9166666
10/14/2025 6:00,35.94666662
10/14/2025 7:00,50.3083334
10/14/2025 8:00,53.19000009
10/14/2025 9:00,35.50461514
10/14/2025 10:00,16.36333335
10/14/2025 11:00,15.64516124
10/14/2025 12:00,13.39365077
10/14/2025 13:00,15.43333329
10/14/2025 14:00,13.23999996
10/14/2025 15:00,13.24126987
10/14/2025 16:00,28.44666669
10/14/2025 17:00,34.46666676
10/14/2025 18:00,30.96999976
10/14/2025 19:00,40.89393939
10/14/2025 20:00,61.12698401
10/14/2025 21:00,56.79666672
10/14/2025 22:00,48.89833349
10/14/2025 23:00,41.04833361
10/15/2025,42.68499997
10/15/2025 1:00,38.52500019
10/15/2025 2:00,36.83833329
10/15/2025 3:00,38.33500004
10/15/2025 4:00,42.22333323
10/15/2025 5:00,43.14833323
10/15/2025 6:00,51.99333356
10/15/2025 7:00,56.76825387
10/15/2025 8:00,68.07500045
10/15/2025 9:00,49.41904758
10/15/2025 10:00,25.20166675
10/15/2025 11:00,19.71363631
10/15/2025 12:00,17.15396825
10/15/2025 13:00,17.21718751
10/15/2025 14:00,13.4161291
10/15/2025 15:00,12.19193552
10/15/2025 16:00,15.06557375
10/15/2025 17:00,18.84333339
10/15/2025 18:00,24.26000001
10/15/2025 19:00,35.48666665
10/15/2025 20:00,50.88833345
10/15/2025 21:00,53.45500018
10/15/2025 22:00,41.18666649
10/15/2025 23:00,31.27499997
10/16/2025,31.96499996
10/16/2025 1:00,30.35999994
10/16/2025 2:00,28.92833325
10/16/2025 3:00,29.5700002
10/16/2025 4:00,29.14833333
10/16/2025 5:00,32.3233333
10/16/2025 6:00,34.3566666
10/16/2025 7:00,49.67464775
10/16/2025 8:00,50.64999994
10/16/2025 9:00,45.1428569
10/16/2025 10:00,21.64761904
10/16/2025 11:00,14.26792451
10/16/2025 12:00,NA
10/16/2025 13:00,17.43166664
10/16/2025 14:00,17.6633334
10/16/2025 15:00,16.15833333
10/16/2025 16:00,16.65652174
10/16/2025 17:00,26.62258053
10/16/2025 18:00,24.56500006
10/16/2025 19:00,35.86166671
10/16/2025 20:00,44.45483878
10/16/2025 21:00,49.20333309
10/16/2025 22:00,42.18166676
10/16/2025 23:00,36.74833336
10/17/2025,34.08000008
10/17/2025 1:00,32.23500004
10/17/2025 2:00,33.52999992
10/17/2025 3:00,61.39833333
10/17/2025 4:00,56.5649999
10/17/2025 5:00,39.4333334
10/17/2025 6:00,38.13833364
10/17/2025 7:00,52.69833291
10/17/2025 8:00,57.51000004
10/17/2025 9:00,43.35757565
10/17/2025 10:00,23.81111097
10/17/2025 11:00,16.32424236
10/17/2025 12:00,15.23650795
10/17/2025 13:00,12.81269849
10/17/2025 14:00,13.83333342
10/17/2025 15:00,18.01904765
10/17/2025 16:00,19.69193549
10/17/2025 17:00,24.20579711
10/17/2025 18:00,25.1841269
10/17/2025 19:00,34.98125017
10/17/2025 20:00,46.3048388
10/17/2025 21:00,45.34833342
10/17/2025 22:00,42.95999978
10/17/2025 23:00,39.52833309
10/18/2025,38.37499994
10/18/2025 1:00,34.67666661
10/18/2025 2:00,38.85333328
10/18/2025 3:00,37.17166675
10/18/2025 4:00,34.67166653
10/18/2025 5:00,38.09166654
10/18/2025 6:00,42.85999972
10/18/2025 7:00,54.11833344
10/18/2025 8:00,57.87166659
10/18/2025 9:00,42.72166659
10/18/2025 10:00,27.41000001
10/18/2025 11:00,9.641666611
10/18/2025 12:00,11.55396823
10/18/2025 13:00,10.56363638
10/18/2025 14:00,9.243333332
10/18/2025 15:00,9.153333346
10/18/2025 16:00,12.48571425
10/18/2025 17:00,15.89374989
10/18/2025 18:00,19.59499995
10/18/2025 19:00,28.16612908
10/18/2025 20:00,42.35238084
10/18/2025 21:00,48.3899999
10/18/2025 22:00,45.16166636
10/18/2025 23:00,37.46500015
10/19/2025,36.84666672
10/19/2025 1:00,34.7816665
10/19/2025 2:00,32.66166684
10/19/2025 3:00,30.9166666
10/19/2025 4:00,30.45000006
10/19/2025 5:00,33.36500012
10/19/2025 6:00,32.44999994
10/19/2025 7:00,56.8316666
10/19/2025 8:00,53.76833344
10/19/2025 9:00,35.60322589
10/19/2025 10:00,26.74426223
10/19/2025 11:00,13.3983333
10/19/2025 12:00,6.770000013
10/19/2025 13:00,3.501612913
10/19/2025 14:00,7.835000026
10/19/2025 15:00,11.95396832
10/19/2025 16:00,16.98059698
10/19/2025 17:00,22.78571426
10/19/2025 18:00,31.1046154
10/19/2025 19:00,31.88196739
10/19/2025 20:00,38.26031739
10/19/2025 21:00,48.14499982
10/19/2025 22:00,44.7233333
10/19/2025 23:00,42.54833361
10/20/2025,41.8316665
10/20/2025 1:00,39.28666674
10/20/2025 2:00,36.32166646
10/20/2025 3:00,34.91499999
10/20/2025 4:00,35.2083333
10/20/2025 5:00,36.57666661
10/20/2025 6:00,43.08500004
10/20/2025 7:00,53.36166693
10/20/2025 8:00,50.09666665
10/20/2025 9:00,41.48709682
10/20/2025 10:00,24.24999994
10/20/2025 11:00,14.80499999
10/20/2025 12:00,9.538333291
10/20/2025 13:00,7.396666662
10/20/2025 14:00,7.154098335
10/20/2025 15:00,9.272580639
10/20/2025 16:00,13.21587301
10/20/2025 17:00,17.46507946
10/20/2025 18:00,20.53499999
10/20/2025 19:00,44.2100001
10/20/2025 20:00,57.67936501
10/20/2025 21:00,48.52833335
10/20/2025 22:00,46.03666674
10/20/2025 23:00,43.99499995
10/21/2025,38.04666634
10/21/2025 1:00,37.47166678
10/21/2025 2:00,31.7833334
10/21/2025 3:00,29.60166658
10/21/2025 4:00,30.51000004
10/21/2025 5:00,33.7149999
10/21/2025 6:00,34.62999989
10/21/2025 7:00,54.19166686
10/21/2025 8:00,51.56666686
10/21/2025 9:00,43.41333329
10/21/2025 10:00,23.952381
10/21/2025 11:00,11.66166667
10/21/2025 12:00,10.1116667
10/21/2025 13:00,12.57000006
10/21/2025 14:00,9.670000045
10/21/2025 15:00,9.513333321
10/21/2025 16:00,10.08333331
10/21/2025 17:00,13.19677425
10/21/2025 18:00,14.91833336
10/21/2025 19:00,35.35757582
10/21/2025 20:00,43.4532259
10/21/2025 21:00,41.29500004
10/21/2025 22:00,32.90833349
10/21/2025 23:00,26.84000003
10/22/2025,25.82833338
10/22/2025 1:00,24.01333326
10/22/2025 2:00,29.97666651
10/22/2025 3:00,24.95833308
10/22/2025 4:00,25.88166676
10/22/2025 5:00,25.18833332
10/22/2025 6:00,26.57833341
10/22/2025 7:00,65.32333333
10/22/2025 8:00,42.3799998
10/22/2025 9:00,30.4249999
10/22/2025 10:00,27.0619047
10/22/2025 11:00,22.31000004
10/22/2025 12:00,14.41969695
10/22/2025 13:00,9.691666691
10/22/2025 14:00,6.268253977
10/22/2025 15:00,7.535000014
10/22/2025 16:00,11.23166665
10/22/2025 17:00,16.9063493
10/22/2025 18:00,21.32833335
10/22/2025 19:00,37.3617646
10/22/2025 20:00,43.65606036
10/22/2025 21:00,45.58888893
10/22/2025 22:00,47.89666665
10/22/2025 23:00,47.11500003
10/23/2025,40.56166662
10/23/2025 1:00,35.59666672
10/23/2025 2:00,33.34666672
10/23/2025 3:00,30.7166667
10/23/2025 4:00,27.25000003
10/23/2025 5:00,31.73666662
10/23/2025 6:00,32.67500003
10/23/2025 7:00,43.3442308
10/23/2025 8:00,40.98461547
10/23/2025 9:00,39.91333338
10/23/2025 10:00,30.21111098
10/23/2025 11:00,16.23703711
10/23/2025 12:00,12.33695651
10/23/2025 13:00,9.64285715
10/23/2025 14:00,7.751666633
10/23/2025 15:00,8.822222248
10/23/2025 16:00,10.32419352
10/23/2025 17:00,12.69999998
10/23/2025 18:00,19.74833339
10/23/2025 19:00,21.00333336
10/23/2025 20:00,23.33500004
10/23/2025 21:00,31.69833323
10/23/2025 22:00,29.13666671
10/23/2025 23:00,29.59833339
10/24/2025,29.02499997
10/24/2025 1:00,25.68833326
10/24/2025 2:00,25.51833312
10/24/2025 3:00,23.50833343
10/24/2025 4:00,22.4499999
10/24/2025 5:00,23.84333331
10/24/2025 6:00,28.70000016
10/24/2025 7:00,37.91499993
10/24/2025 8:00,45.54666678
10/24/2025 9:00,37.59500004
10/24/2025 10:00,26.27166662
10/24/2025 11:00,16.9533333
10/24/2025 12:00,11.3216667
10/24/2025 13:00,9.938333297
10/24/2025 14:00,8.018333371
10/24/2025 15:00,9.793650794
10/24/2025 16:00,12.80833344
10/24/2025 17:00,17.65166666
10/24/2025 18:00,22.64861091
10/24/2025 19:00,26.415873
10/24/2025 20:00,32.28253964
10/24/2025 21:00,37.64999968
10/24/2025 22:00,36.33166698
10/24/2025 23:00,37.52333349
10/25/2025,33.78666674
10/25/2025 1:00,30.53833338
10/25/2025 2:00,31.13333337
10/25/2025 3:00,28.05666663
10/25/2025 4:00,27.97166656
10/25/2025 5:00,31.76000007
10/25/2025 6:00,31.09833336
10/25/2025 7:00,46.8100001
10/25/2025 8:00,48.90499992
10/25/2025 9:00,41.54666672
10/25/2025 10:00,29.41999985
10/25/2025 11:00,17.90999991
10/25/2025 12:00,14.89841272
10/25/2025 13:00,12.19333337
10/25/2025 14:00,12.93999996
10/25/2025 15:00,17.0116667
10/25/2025 16:00,21.75499986
10/25/2025 17:00,29.6116669
10/25/2025 18:00,33.63709693
10/25/2025 19:00,40.09682519
10/25/2025 20:00,53.688333
10/25/2025 21:00,55.95166658
10/25/2025 22:00,48.85000013
10/25/2025 23:00,43.08499997
10/26/2025,43.01166636
10/26/2025 1:00,45.89666659
10/26/2025 2:00,38.14166686
10/26/2025 3:00,40.21333326
10/26/2025 4:00,38.76000004
10/26/2025 5:00,39.85166658
10/26/2025 6:00,43.56333338
10/26/2025 7:00,47.80166696
10/26/2025 8:00,53.15166677
10/26/2025 9:00,46.68666681
10/26/2025 10:00,22.63333324
10/26/2025 11:00,15.30793647
10/26/2025 12:00,14.31666673
10/26/2025 13:00,11.49062495
10/26/2025 14:00,11.92187496
10/26/2025 15:00,11.99333336
10/26/2025 16:00,13.5433333
10/26/2025 17:00,22.18208941
10/26/2025 18:00,59.10307679
10/26/2025 19:00,63.15833321
10/26/2025 20:00,57.89166654
10/26/2025 21:00,64.47666651
10/26/2025 22:00,59.20999997
10/26/2025 23:00,47.2399999
10/27/2025,38.94333312
10/27/2025 1:00,34.77666677
10/27/2025 2:00,29.84166663
10/27/2025 3:00,32.25333316
10/27/2025 4:00,31.51166674
10/27/2025 5:00,34.78166672
10/27/2025 6:00,39.9266667
10/27/2025 7:00,54.01166674
10/27/2025 8:00,70.86000048
10/27/2025 9:00,55.38499972
10/27/2025 10:00,37.97999986
10/27/2025 11:00,20.0116667
10/27/2025 12:00,NA
10/27/2025 13:00,19.53333343
10/27/2025 14:00,20.16333323
10/27/2025 15:00,25.6566666
10/27/2025 16:00,38.50151507
10/27/2025 17:00,45.20967748
10/27/2025 18:00,67.73333313
10/27/2025 19:00,92.27936506
10/27/2025 20:00,76.85806477
10/27/2025 21:00,69.03999977
10/27/2025 22:00,58.83833345
10/27/2025 23:00,56.25166683
10/28/2025,47.21166668
10/28/2025 1:00,44.71999995
10/28/2025 2:00,43.8649999
10/28/2025 3:00,41.99500008
10/28/2025 4:00,41.47499994
10/28/2025 5:00,39.67999992
10/28/2025 6:00,42.075
10/28/2025 7:00,69.50166658
10/28/2025 8:00,66.19666684
10/28/2025 9:00,68.74833342
10/28/2025 10:00,104.8600001
10/28/2025 11:00,83.29000047
10/28/2025 12:00,95.99166629
10/28/2025 13:00,222.1490574
10/28/2025 14:00,73.53064494
10/28/2025 15:00,59.15737721
10/28/2025 16:00,51.97833376
10/28/2025 17:00,62.39500014
10/28/2025 18:00,63.39166673
10/28/2025 19:00,60.32833322
10/28/2025 20:00,68.92166659
10/28/2025 21:00,69.57500025
10/28/2025 22:00,74.76000042
10/28/2025 23:00,61.67333342
10/29/2025,59.31833324
10/29/2025 1:00,57.71000017
10/29/2025 2:00,56.62499987
10/29/2025 3:00,54.16166662
10/29/2025 4:00,49.90333335
10/29/2025 5:00,51.28166637
10/29/2025 6:00,49.09333337
10/29/2025 7:00,54.82833335
10/29/2025 8:00,71.45833359
10/29/2025 9:00,69.51833331
10/29/2025 10:00,65.64333344
10/29/2025 11:00,58.75666688
10/29/2025 12:00,38.761667
10/29/2025 13:00,32.42333333
10/29/2025 14:00,26.06166662
10/29/2025 15:00,31.92333336
10/29/2025 16:00,60.725
10/29/2025 17:00,71.68500042
10/29/2025 18:00,79.03666649
10/29/2025 19:00,98.65833397
10/29/2025 20:00,85.42166672
10/29/2025 21:00,71.6383337
10/29/2025 22:00,59.33500004
10/29/2025 23:00,35.31000013
10/30/2025,25.34166673
10/30/2025 1:00,28.80499999
10/30/2025 2:00,40.7733333
10/30/2025 3:00,45.35333347
10/30/2025 4:00,40.75666656
10/30/2025 5:00,35.44333324
10/30/2025 6:00,36.00500027
10/30/2025 7:00,43.25999991
10/30/2025 8:00,42.28833326
10/30/2025 9:00,46.71384588
10/30/2025 10:00,19.21846155
10/30/2025 11:00,9.712698467
10/30/2025 12:00,8.250000058
10/30/2025 13:00,5.691549271
10/30/2025 14:00,3.796874989
10/30/2025 15:00,6.333871011
10/30/2025 16:00,14.87999996
10/30/2025 17:00,15.54166657
10/30/2025 18:00,17.4933334
10/30/2025 19:00,18.04393933
10/30/2025 20:00,16.90500013
10/30/2025 21:00,16.59499998
10/30/2025 22:00,21.4399999
10/30/2025 23:00,20.98666658
10/31/2025,14.64333329
10/31/2025 1:00,14.68
10/31/2025 2:00,15.64333337
10/31/2025 3:00,5.92499996
10/31/2025 4:00,11.43333348
10/31/2025 5:00,8.198484786
10/31/2025 6:00,14.18333333
10/31/2025 7:00,17.1015873
10/31/2025 8:00,20.76478875
10/31/2025 9:00,11.05555554
10/31/2025 10:00,8.804999979
10/31/2025 11:00,7.025396831
10/31/2025 12:00,5.412903232
10/31/2025 13:00,4.757142869
10/31/2025 14:00,5.908333349
10/31/2025 15:00,6.123333287
10/31/2025 16:00,4.853333342
10/31/2025 17:00,7.885000006
10/31/2025 18:00,19.27500002
10/31/2025 19:00,14.2370968
10/31/2025 20:00,12.90333342
10/31/2025 21:00,5.479999999
10/31/2025 22:00,8.688333384
10/31/2025 23:00,9.224999984
11/1/2025,9.850000032
11/1/2025 1:00,7.698333359
11/1/2025 2:00,7.66000003
11/1/2025 3:00,7.753333346
11/1/2025 4:00,8.99000001
11/1/2025 5:00,9.646666678
11/1/2025 6:00,10.43548387
11/1/2025 7:00,8.44999999
11/1/2025 8:00,9.355000043
11/1/2025 9:00,6.813333337
11/1/2025 10:00,6.233333309
11/1/2025 11:00,7.333333377
11/1/2025 12:00,6.466666691
11/1/2025 13:00,6.144444435
11/1/2025 14:00,6.952380952
11/1/2025 15:00,6.488888892
11/1/2025 16:00,7.507692308
11/1/2025 17:00,9.983582048
11/1/2025 18:00,10.60166658
11/1/2025 19:00,11.67666658
11/1/2025 20:00,10.47166665
11/1/2025 21:00,8.391666635
11/1/2025 22:00,7.809999998
11/1/2025 23:00,8.795000037
11/2/2025,6.919999997
11/2/2025 1:00,8.331666668
11/2/2025 2:00,7.84000001
11/2/2025 3:00,6.769999997
11/2/2025 4:00,6.79166673
11/2/2025 5:00,9.045000068
11/2/2025 6:00,15.875
11/2/2025 7:00,22.55967743
11/2/2025 8:00,25.51000004
11/2/2025 9:00,15.8269841
11/2/2025 10:00,13.37499991
11/2/2025 11:00,11.54126976
11/2/2025 12:00,16.81500001
11/2/2025 13:00,9.420000052
11/2/2025 14:00,8.480000003
11/2/2025 15:00,10.91904764
11/2/2025 16:00,13.3583334
11/2/2025 17:00,16.81999995
11/2/2025 18:00,20.34761909
11/2/2025 19:00,22.37666661
11/2/2025 20:00,23.52000008
11/2/2025 21:00,27.99999997
11/2/2025 22:00,29.35833321
11/2/2025 23:00,29.58666674
11/3/2025,29.0399999
11/3/2025 1:00,25.65333325
11/3/2025 2:00,22.58000005
11/3/2025 3:00,22.28666671
11/3/2025 4:00,26.47833335
11/3/2025 5:00,25.91833331
11/3/2025 6:00,24.83166672
11/3/2025 7:00,40.08166676
11/3/2025 8:00,37.58166656
11/3/2025 9:00,21.54531254
11/3/2025 10:00,14.97833338
11/3/2025 11:00,14.4061539
11/3/2025 12:00,9.573333399
11/3/2025 13:00,8.523333367
11/3/2025 14:00,8.98500007
11/3/2025 15:00,14.71499987
11/3/2025 16:00,13.61129035
11/3/2025 17:00,19.55483858
11/3/2025 18:00,32.12166669
11/3/2025 19:00,35.28000008
11/3/2025 20:00,38.10156238
11/3/2025 21:00,34.54499985
11/3/2025 22:00,38.43499997
11/3/2025 23:00,40.86499971
11/4/2025,41.0283336
11/4/2025 1:00,37.69666665
11/4/2025 2:00,37.72666651
11/4/2025 3:00,38.60999991
11/4/2025 4:00,35.8516667
11/4/2025 5:00,35.91333313
11/4/2025 6:00,41.24333331
11/4/2025 7:00,51.77833347
11/4/2025 8:00,51.14166654
11/4/2025 9:00,35.20500008
11/4/2025 10:00,27.57936499
11/4/2025 11:00,19.91587303
11/4/2025 12:00,17.23666666
11/4/2025 13:00,17.07333337
11/4/2025 14:00,20.43333341
11/4/2025 15:00,26.3850002
11/4/2025 16:00,31.90000013
11/4/2025 17:00,28.73225797
11/4/2025 18:00,30.64782599
11/4/2025 19:00,36.83709695
11/4/2025 20:00,38.52999992
11/4/2025 21:00,45.86500003
11/4/2025 22:00,44.99166673
11/4/2025 23:00,49.74000009
11/5/2025,50.87666658
11/5/2025 1:00,49.74000009
11/5/2025 2:00,47.96825391
11/5/2025 3:00,48.90999985
11/5/2025 4:00,49.45833352
11/5/2025 5:00,45.73650778
11/5/2025 6:00,55.7433335
11/5/2025 7:00,65.20833295
11/5/2025 8:00,74.56500015
11/5/2025 9:00,59.07666658
11/5/2025 10:00,43.60666663
11/5/2025 11:00,32.38166672
11/5/2025 12:00,22.74333334
11/5/2025 13:00,18.31774206
11/5/2025 14:00,15.52295092
11/5/2025 15:00,13.77999994
11/5/2025 16:00,22.54000009
11/5/2025 17:00,29.47142861
11/5/2025 18:00,27.37166659
11/5/2025 19:00,25.63666662
11/5/2025 20:00,19.77666664
11/5/2025 21:00,23.05161295
11/5/2025 22:00,33.6683334
11/5/2025 23:00,27.46499996
11/6/2025,30.36499996
11/6/2025 1:00,30.87166669
11/6/2025 2:00,31.33333324
11/6/2025 3:00,29.26333335
11/6/2025 4:00,30.2733332
11/6/2025 5:00,32.3566666
11/6/2025 6:00,44.09499979
11/6/2025 7:00,43.30000013
11/6/2025 8:00,52.66666667
11/6/2025 9:00,43.42166659
11/6/2025 10:00,28.71159439
11/6/2025 11:00,12.33492061
11/6/2025 12:00,10.63
11/6/2025 13:00,10.83833331
11/6/2025 14:00,6.936666719
11/6/2025 15:00,9.553333314
11/6/2025 16:00,12.6416666
11/6/2025 17:00,13.88095234
11/6/2025 18:00,23.00166675
11/6/2025 19:00,19.67833319
11/6/2025 20:00,29.84499995
11/6/2025 21:00,33.42166646
11/6/2025 22:00,34.10666669
11/6/2025 23:00,26.71500003
11/7/2025,30.85666647
11/7/2025 1:00,25.50000013
11/7/2025 2:00,21.67000014
11/7/2025 3:00,25.38833342
11/7/2025 4:00,24.61166684
11/7/2025 5:00,24.39666678
11/7/2025 6:00,31.74166654
11/7/2025 7:00,38.30666656
11/7/2025 8:00,44.98833332
11/7/2025 9:00,38.81999995
11/7/2025 10:00,29.75294138
11/7/2025 11:00,20.48688521
11/7/2025 12:00,11.84000001
11/7/2025 13:00,9.626666673
11/7/2025 14:00,19.10166667
11/7/2025 15:00,11.51
11/7/2025 16:00,16.03666666
11/7/2025 17:00,22.87258059
11/7/2025 18:00,32.43939379
11/7/2025 19:00,30.38064511
11/7/2025 20:00,38.53114744
11/7/2025 21:00,47.34333318
11/7/2025 22:00,47.67000001
11/7/2025 23:00,43.53499991
11/8/2025,37.58499997
11/8/2025 1:00,36.72333339
11/8/2025 2:00,37.57333345
11/8/2025 3:00,39.71999992
11/8/2025 4:00,44.27500025
11/8/2025 5:00,39.10166683
11/8/2025 6:00,41.27166704
11/8/2025 7:00,48.00333328
11/8/2025 8:00,96.83000088
11/8/2025 9:00,95.98166606
11/8/2025 10:00,46.8809525
11/8/2025 11:00,25.68615384
11/8/2025 12:00,12.0655738
11/8/2025 13:00,10.91333339
11/8/2025 14:00,7.675806492
11/8/2025 15:00,11.52500006
11/8/2025 16:00,13.25499999
11/8/2025 17:00,21.97936521
11/8/2025 18:00,26.79333337
11/8/2025 19:00,37.77833322
11/8/2025 20:00,52.00833333
11/8/2025 21:00,58.16166668
11/8/2025 22:00,51.65500018
11/8/2025 23:00,50.5733331
11/9/2025,45.4149999
11/9/2025 1:00,43.78166663
11/9/2025 2:00,36.32499968
11/9/2025 3:00,34.65833321
11/9/2025 4:00,33.08833323
11/9/2025 5:00,32.63166663
11/9/2025 6:00,38.42666658
11/9/2025 7:00,50.65000013
11/9/2025 8:00,52.8166666
11/9/2025 9:00,39.56833312
11/9/2025 10:00,30.58499994
11/9/2025 11:00,22.02499981
11/9/2025 12:00,11.71166662
11/9/2025 13:00,9.136666632
11/9/2025 14:00,11.86666664
11/9/2025 15:00,13.77499998
11/9/2025 16:00,20.23492059
11/9/2025 17:00,25.10461534
11/9/2025 18:00,35.91000001
11/9/2025 19:00,32.23166653
11/9/2025 20:00,53.00833346
11/9/2025 21:00,58.8333334
11/9/2025 22:00,52.00833308
11/9/2025 23:00,43.72333323
11/10/2025,46.44166673
11/10/2025 1:00,40.09999994
11/10/2025 2:00,37.72333336
11/10/2025 3:00,42.57833341
11/10/2025 4:00,43.02999999
11/10/2025 5:00,41.88499985
11/10/2025 6:00,46.90333347
11/10/2025 7:00,54.54333356
11/10/2025 8:00,55.14166686
11/10/2025 9:00,48.99833345
11/10/2025 10:00,17.04999995
11/10/2025 11:00,12.33500002
11/10/2025 12:00,12.61166665
11/10/2025 13:00,14.44166665
11/10/2025 14:00,16.32166662
11/10/2025 15:00,20.22499998
11/10/2025 16:00,20.17166664
11/10/2025 17:00,29.96031734
11/10/2025 18:00,31.06333335
11/10/2025 19:00,33.93833326
11/10/2025 20:00,62.33666643
11/10/2025 21:00,53.11166655
11/10/2025 22:00,55.63499985
11/10/2025 23:00,54.09666678
11/11/2025,51.32000001
11/11/2025 1:00,49.67166627
11/11/2025 2:00,44.29999975
11/11/2025 3:00,43.12833296
11/11/2025 4:00,43.61166668
11/11/2025 5:00,47.56999995
11/11/2025 6:00,49.9933335
11/11/2025 7:00,89.65166664
11/11/2025 8:00,78.78833313
11/11/2025 9:00,62.59166705
11/11/2025 10:00,41.35500021
11/11/2025 11:00,33.31333326
11/11/2025 12:00,20.18666666
11/11/2025 13:00,19.54166673
11/11/2025 14:00,16.59499998
11/11/2025 15:00,13.54126976
11/11/2025 16:00,21.89166678
11/11/2025 17:00,32.25666656
11/11/2025 18:00,39.28666674
11/11/2025 19:00,37.0433334
11/11/2025 20:00,55.89833317
11/11/2025 21:00,66.78833338
11/11/2025 22:00,52.30666701
11/11/2025 23:00,51.35500018
11/12/2025,46.57333336
11/12/2025 1:00,51.2316665
11/12/2025 2:00,45.58333308
11/12/2025 3:00,45.0933335
11/12/2025 4:00,45.89999994
11/12/2025 5:00,44.06333351
11/12/2025 6:00,41.58833338
11/12/2025 7:00,46.94500001
11/12/2025 8:00,38.45666676
11/12/2025 9:00,27.53499994
11/12/2025 10:00,28.79666662
11/12/2025 11:00,28.74166651
11/12/2025 12:00,28.51666667
11/12/2025 13:00,25.18833319
11/12/2025 14:00,19.28500002
11/12/2025 15:00,25.79666659
11/12/2025 16:00,30.62857143
11/12/2025 17:00,35.60666679
11/12/2025 18:00,60.71999963
11/12/2025 19:00,40.76166674
11/12/2025 20:00,78.62333304
11/12/2025 21:00,89.21166674
11/12/2025 22:00,83.2016669
11/12/2025 23:00,73.20666625
11/13/2025,72.79999943
11/13/2025 1:00,59.81833363
11/13/2025 2:00,52.83333346
11/13/2025 3:00,66.13166663
11/13/2025 4:00,64.02499968
11/13/2025 5:00,56.1483333
11/13/2025 6:00,49.37666677
11/13/2025 7:00,78.53000037
11/13/2025 8:00,41.59666656
11/13/2025 9:00,25.88833342
11/13/2025 10:00,21.52666658
11/13/2025 11:00,19.41666667
11/13/2025 12:00,19.33666666
11/13/2025 13:00,13.59333332
11/13/2025 14:00,16.72539696
11/13/2025 15:00,17.51166668
11/13/2025 16:00,20.9883334
11/13/2025 17:00,28.6116669
11/13/2025 18:00,30.4833333
11/13/2025 19:00,31.5983333
11/13/2025 20:00,50.74666678
11/13/2025 21:00,67.28666649
11/13/2025 22:00,65.60166709
11/13/2025 23:00,103.8866664
11/14/2025,60.57333336
11/14/2025 1:00,50.3233331
11/14/2025 2:00,49.4316665
11/14/2025 3:00,57.86166668
11/14/2025 4:00,59.9583334
11/14/2025 5:00,55.13833351
11/14/2025 6:00,62.6833334
11/14/2025 7:00,72.58000011
11/14/2025 8:00,65.85500011
11/14/2025 9:00,67.26499996
11/14/2025 10:00,28.39000009
11/14/2025 11:00,23.12166669
11/14/2025 12:00,19.00833344
11/14/2025 13:00,19.19500001
11/14/2025 14:00,16.74285706
11/14/2025 15:00,19.45000005
11/14/2025 16:00,26.58095239
11/14/2025 17:00,46.15499992
11/14/2025 18:00,36.4733332
11/14/2025 19:00,45.40967738
11/14/2025 20:00,70.26000017
11/14/2025 21:00,70.57999992
11/14/2025 22:00,62.53666662
11/14/2025 23:00,68.65166632
11/15/2025,58.28166663
11/15/2025 1:00,54.44666646
11/15/2025 2:00,55.21666648
11/15/2025 3:00,50.73833313
11/15/2025 4:00,51.7049998
11/15/2025 5:00,51.53999983
11/15/2025 6:00,54.77166665
11/15/2025 7:00,64.2483333
11/15/2025 8:00,71.47833341
11/15/2025 9:00,80.38833319
11/15/2025 10:00,34.0140624
11/15/2025 11:00,22.89047626
11/15/2025 12:00,22.78499982
11/15/2025 13:00,19.62380962
11/15/2025 14:00,20.22166654
11/15/2025 15:00,18.04000001
11/15/2025 16:00,22.70166663
11/15/2025 17:00,35.82333342
11/15/2025 18:00,41.54499995
11/15/2025 19:00,41.91333361
11/15/2025 20:00,73.8733331
11/15/2025 21:00,70.36666635
11/15/2025 22:00,59.65166683
11/15/2025 23:00,65.68499972
11/16/2025,64.89833361
11/16/2025 1:00,57.04166673
11/16/2025 2:00,54.12166665
11/16/2025 3:00,53.42166672
11/16/2025 4:00,51.58333321
11/16/2025 5:00,52.275
11/16/2025 6:00,53.4333334
11/16/2025 7:00,64.22333349
11/16/2025 8:00,79.2700002
11/16/2025 9:00,78.98166625
11/16/2025 10:00,42.81833321
11/16/2025 11:00,21.19666677
11/16/2025 12:00,21.1250001
11/16/2025 13:00,21.00333328
11/16/2025 14:00,21.74126976
11/16/2025 15:00,25.34833336
11/16/2025 16:00,30.92222214
11/16/2025 17:00,41.48225797
11/16/2025 18:00,38.00757558
11/16/2025 19:00,52.60999991
11/16/2025 20:00,95.29500001
11/16/2025 21:00,76.89838674
11/16/2025 22:00,89.2233331
11/16/2025 23:00,76.52999992
11/17/2025,77.7333334
11/17/2025 1:00,60.64333356
11/17/2025 2:00,59.22666651
11/17/2025 3:00,55.91499996
11/17/2025 4:00,50.76333345
11/17/2025 5:00,48.75166632
11/17/2025 6:00,59.68499978
11/17/2025 7:00,77.82333342
11/17/2025 8:00,96.21587348
11/17/2025 9:00,91.18333365
11/17/2025 10:00,37.33666671
11/17/2025 11:00,22.09500001
11/17/2025 12:00,22.57166669
11/17/2025 13:00,29.0766667
11/17/2025 14:00,22.89841258
11/17/2025 15:00,21.0166667
11/17/2025 16:00,27.48253953
11/17/2025 17:00,39.04500027
11/17/2025 18:00,32.68499991
11/17/2025 19:00,63.91499961
11/17/2025 20:00,74.9149999
11/17/2025 21:00,74.66166687
11/17/2025 22:00,68.31833312
11/17/2025 23:00,83.44166648
11/18/2025,62.45833327
11/18/2025 1:00,55.12499987
11/18/2025 2:00,53.71666641
11/18/2025 3:00,49.20999997
11/18/2025 4:00,60.16666673
11/18/2025 5:00,55.39166686
11/18/2025 6:00,61.68666643
11/18/2025 7:00,76.64833374
11/18/2025 8:00,70.87833322
11/18/2025 9:00,71.10833314
11/18/2025 10:00,64.98666687
11/18/2025 11:00,38.16166681
11/18/2025 12:00,23.11499999
11/18/2025 13:00,18.88833335
11/18/2025 14:00,19.67999983
11/18/2025 15:00,17.40666672
11/18/2025 16:00,22.7698413
11/18/2025 17:00,35.51833337
11/18/2025 18:00,31.73333327
11/18/2025 19:00,52.17833338
11/18/2025 20:00,76.23666674
11/18/2025 21:00,73.12666658
11/18/2025 22:00,73.2
11/18/2025 23:00,67.03666693
11/19/2025,61.42166653
11/19/2025 1:00,60.00999991
11/19/2025 2:00,47.88333333
11/19/2025 3:00,39.4466665
11/19/2025 4:00,43.11000004
11/19/2025 5:00,43.2416666
11/19/2025 6:00,45.13333333
11/19/2025 7:00,59.74833349
11/19/2025 8:00,57.78999983
11/19/2025 9:00,47.32500013
11/19/2025 10:00,33.9083333
11/19/2025 11:00,21.8183332
11/19/2025 12:00,16.94833331
11/19/2025 13:00,18.78666668
11/19/2025 14:00,21.14499985
11/19/2025 15:00,26.47499984
11/19/2025 16:00,26.46166671
11/19/2025 17:00,33.60666672
11/19/2025 18:00,36.63015889
11/19/2025 19:00,37.08833335
11/19/2025 20:00,72.44333363
11/19/2025 21:00,69.44833317
11/19/2025 22:00,66.72333361
11/19/2025 23:00,69.93666687
11/20/2025,57.45499986
11/20/2025 1:00,54.1683335
11/20/2025 2:00,51.92166672
11/20/2025 3:00,44.75833321
11/20/2025 4:00,44.97333342
11/20/2025 5:00,45.85333335
11/20/2025 6:00,49.72999999
11/20/2025 7:00,79.03000043
11/20/2025 8:00,66.61333357
11/20/2025 9:00,51.12333349
11/20/2025 10:00,29.74999997
11/20/2025 11:00,18.16000007
11/20/2025 12:00,14.20166664
11/20/2025 13:00,16.24000003
11/20/2025 14:00,17.17000003
11/20/2025 15:00,17.13666662
11/20/2025 16:00,22.03666662
11/20/2025 17:00,34.58499991
11/20/2025 18:00,36.3816666
11/20/2025 19:00,44.22333358
11/20/2025 20:00,62.34166654
11/20/2025 21:00,73.00999997
11/20/2025 22:00,67.7566665
11/20/2025 23:00,68.43166637
11/21/2025,62.54166686
11/21/2025 1:00,56.25500018
11/21/2025 2:00,57.41333319
11/21/2025 3:00,51.30333309
11/21/2025 4:00,51.04333344
11/21/2025 5:00,65.13666662
11/21/2025 6:00,50.07833303
11/21/2025 7:00,48.75499992
11/21/2025 8:00,85.37000001
11/21/2025 9:00,69.33666655
11/21/2025 10:00,68.56500053
11/21/2025 11:00,25.40333328
11/21/2025 12:00,20.2500001
11/21/2025 13:00,21.54333331
11/21/2025 14:00,17.6883333
11/21/2025 15:00,27.51833334
11/21/2025 16:00,26.63166642
11/21/2025 17:00,30.45166667
11/21/2025 18:00,32.74677437
11/21/2025 19:00,43.39672139
11/21/2025 20:00,84.53230767
11/21/2025 21:00,77.45833346
11/21/2025 22:00,72.77499968
11/21/2025 23:00,66.31833324
11/22/2025,61.18666674
11/22/2025 1:00,47.3799998
11/22/2025 2:00,41.85666663
11/22/2025 3:00,43.17666677
11/22/2025 4:00,43.62666683
11/22/2025 5:00,43.23833351
11/22/2025 6:00,47.44666684
11/22/2025 7:00,111.886667
11/22/2025 8:00,77.51499945
11/22/2025 9:00,71.7550005
11/22/2025 10:00,57.0583334
11/22/2025 11:00,33.02499984
11/22/2025 12:00,19.97833336
11/22/2025 13:00,19.11111111
11/22/2025 14:00,22.27166662
11/22/2025 15:00,20.44000003
11/22/2025 16:00,25.55166667
11/22/2025 17:00,32.43333356
11/22/2025 18:00,38.39500001
11/22/2025 19:00,40.95
11/22/2025 20:00,60.60634922
11/22/2025 21:00,64.89333293
11/22/2025 22:00,65.08833332
11/22/2025 23:00,61.26666705
11/23/2025,44.07500006
11/23/2025 1:00,50.97166653
11/23/2025 2:00,50.19166654
11/23/2025 3:00,46.39833361
11/23/2025 4:00,45.88166656
11/23/2025 5:00,46.00000025
11/23/2025 6:00,46.35666669
11/23/2025 7:00,76.26333307
11/23/2025 8:00,84.34666684
11/23/2025 9:00,66.61000023
11/23/2025 10:00,57.26166655
11/23/2025 11:00,29.98833326
11/23/2025 12:00,18.82333326
11/23/2025 13:00,25.3649999
11/23/2025 14:00,21.58666666
11/23/2025 15:00,23.36833336
11/23/2025 16:00,37.99827572
11/23/2025 17:00,56.30833321
11/23/2025 18:00,78.05666682
11/23/2025 19:00,79.02333298
11/23/2025 20:00,89.89000092
11/23/2025 21:00,88.60166651
11/23/2025 22:00,94.28499985
11/23/2025 23:00,96.00333328
11/24/2025,83.34333318
11/24/2025 1:00,81.07333361
11/24/2025 2:00,72.07000039
11/24/2025 3:00,66.79166622
11/24/2025 4:00,70.56500034
11/24/2025 5:00,66.64166673
11/24/2025 6:00,67.09500008
11/24/2025 7:00,79.32999973
11/24/2025 8:00,89.2816665
11/24/2025 9:00,46.0666666
11/24/2025 10:00,39.00833352
11/24/2025 11:00,33.57000008
11/24/2025 12:00,33.40312466
11/24/2025 13:00,31.20000001
11/24/2025 14:00,27.77333336
11/24/2025 15:00,37.90333338
11/24/2025 16:00,45.10333335
11/24/2025 17:00,49.84499995
11/24/2025 18:00,64.16166668
11/24/2025 19:00,72.75666663
11/24/2025 20:00,80.25666733
11/24/2025 21:00,81.13166682
11/24/2025 22:00,80.625
11/24/2025 23:00,73.90999985
11/25/2025,75.42499987
11/25/2025 1:00,69.78333321
11/25/2025 2:00,66.88499997
11/25/2025 3:00,62.25499967
11/25/2025 4:00,63.96166662
11/25/2025 5:00,61.69833361
11/25/2025 6:00,68.18833313
11/25/2025 7:00,82.04833336
11/25/2025 8:00,89.28666611
11/25/2025 9:00,82.15079365
11/25/2025 10:00,68.57301609
11/25/2025 11:00,51.96166643
11/25/2025 12:00,30.75499992
11/25/2025 13:00,22.57833338
11/25/2025 14:00,24.29206349
11/25/2025 15:00,20.64516127
11/25/2025 16:00,35.95000011
11/25/2025 17:00,41.8633331
11/25/2025 18:00,43.88000037
11/25/2025 19:00,102.3550002
11/25/2025 20:00,93.9316672
11/25/2025 21:00,85.00500005
11/25/2025 22:00,89.19500008
11/25/2025 23:00,72.56999969
11/26/2025,60.52833347
11/26/2025 1:00,53.18666668
11/26/2025 2:00,52.0933335
11/26/2025 3:00,51.64499989
11/26/2025 4:00,52.55500005
11/26/2025 5:00,50.69333337
11/26/2025 6:00,50.88500036
11/26/2025 7:00,81.70333303
11/26/2025 8:00,94.57333361
11/26/2025 9:00,79.875
11/26/2025 10:00,63.30333335
11/26/2025 11:00,43.94999984
11/26/2025 12:00,22.05079359
11/26/2025 13:00,15.51666663
11/26/2025 14:00,15.04677419
11/26/2025 15:00,23.58548387
11/26/2025 16:00,27.00163932
11/26/2025 17:00,37.93166656
11/26/2025 18:00,49.18166672
11/26/2025 19:00,89.53333308
11/26/2025 20:00,87.02833328
11/26/2025 21:00,78.61666667
11/26/2025 22:00,73.14333363
11/26/2025 23:00,64.69500001
11/27/2025,61.47499975
11/27/2025 1:00,57.45
11/27/2025 2:00,49.64000003
11/27/2025 3:00,47.70166658
11/27/2025 4:00,44.69500014
11/27/2025 5:00,49.26499996
11/27/2025 6:00,55.97666702
11/27/2025 7:00,95.4233331
11/27/2025 8:00,96.36500003
11/27/2025 9:00,100.6516671
11/27/2025 10:00,76.62833373
11/27/2025 11:00,55.83492043
11/27/2025 12:00,49.43500007
11/27/2025 13:00,32.89000006
11/27/2025 14:00,26.43000007
11/27/2025 15:00,28.93333321
11/27/2025 16:00,22.85833341
11/27/2025 17:00,69.74500008
11/27/2025 18:00,83.18833313
11/27/2025 19:00,103.1283333
11/27/2025 20:00,121.6733334
11/27/2025 21:00,102.8116669
11/27/2025 22:00,115.2016663
11/27/2025 23:00,95.35833346
11/28/2025,80.50833308
11/28/2025 1:00,64.90333347
11/28/2025 2:00,51.72166678
11/28/2025 3:00,45.49333324
11/28/2025 4:00,46.82999992
11/28/2025 5:00,53.91000004
11/28/2025 6:00,59.27833354
11/28/2025 7:00,73.3900006
11/28/2025 8:00,108.4150003
11/28/2025 9:00,87.63833326
11/28/2025 10:00,63.50000032
11/28/2025 11:00,44.3483333
11/28/2025 12:00,32.41000001
11/28/2025 13:00,27.0266667
11/28/2025 14:00,17.67333336
11/28/2025 15:00,17.61833336
11/28/2025 16:00,20.2683334
11/28/2025 17:00,29.34333321
11/28/2025 18:00,44.27833363
11/28/2025 19:00,81.72096732
11/28/2025 20:00,94.80166651
11/28/2025 21:00,84.94833285
11/28/2025 22:00,84.28666674
11/28/2025 23:00,79.39666678
11/29/2025,70.19333312
11/29/2025 1:00,54.92499994
11/29/2025 2:00,45.66333326
11/29/2025 3:00,46.54500014
11/29/2025 4:00,46.3523809
11/29/2025 5:00,49.81499983
11/29/2025 6:00,50.49499976
11/29/2025 7:00,73.14499982
11/29/2025 8:00,83.53499985
11/29/2025 9:00,66.48787805
11/29/2025 10:00,62.02333349
11/29/2025 11:00,30.05909082
11/29/2025 12:00,23.04833328
11/29/2025 13:00,10.40317461
11/29/2025 14:00,11.81500002
11/29/2025 15:00,11.23484848
11/29/2025 16:00,15.05238087
11/29/2025 17:00,31.46833328
11/29/2025 18:00,30.94166667
11/29/2025 19:00,71.79500001
11/29/2025 20:00,82.38666662
11/29/2025 21:00,82.3583334
11/29/2025 22:00,75.1933335
11/29/2025 23:00,81.88000031
11/30/2025,71.6049998
11/30/2025 1:00,58.36833344
11/30/2025 2:00,51.29333337
11/30/2025 3:00,46.11666686
11/30/2025 4:00,46.64166673
11/30/2025 5:00,47.10833346
11/30/2025 6:00,46.9733333
11/30/2025 7:00,81.89000009
11/30/2025 8:00,94.61666629
11/30/2025 9:00,58.90333335
11/30/2025 10:00,52.19999987
11/30/2025 11:00,39.39696945
11/30/2025 12:00,28.1583334
11/30/2025 13:00,24.57333336
11/30/2025 14:00,12.11833321
11/30/2025 15:00,14.48999999
11/30/2025 16:00,18.21666662
11/30/2025 17:00,27.56417912
11/30/2025 18:00,36.27142852
11/30/2025 19:00,59.11833356
11/30/2025 20:00,64.17000001
11/30/2025 21:00,69.11666648
11/30/2025 22:00,59.1016667
11/30/2025 23:00,64.36666667
12/1/2025,51.9966664
12/1/2025 1:00,54.13333346
12/1/2025 2:00,45.70833321
12/1/2025 3:00,50.4733333
12/1/2025 4:00,54.74833342
12/1/2025 5:00,48.70499999
12/1/2025 6:00,45.47833335
12/1/2025 7:00,98.11833337
12/1/2025 8:00,88.25833302
12/1/2025 9:00,87.62666664
12/1/2025 10:00,78.06333326
12/1/2025 11:00,44.86000004
12/1/2025 12:00,34.43000018
12/1/2025 13:00,33.2033335
12/1/2025 14:00,28.29833339
12/1/2025 15:00,32.80999997
12/1/2025 16:00,42.32666664
12/1/2025 17:00,52.53500004
12/1/2025 18:00,65.219355
12/1/2025 19:00,84.58524579
12/1/2025 20:00,104.7383331
12/1/2025 21:00,93.27500013
12/1/2025 22:00,96.52833366
12/1/2025 23:00,88.61166674
12/2/2025,82.0299998
12/2/2025 1:00,73.28166682
12/2/2025 2:00,74.53666681
12/2/2025 3:00,68.07000001
12/2/2025 4:00,69.14833349
12/2/2025 5:00,67.37333336
12/2/2025 6:00,74.26166687
12/2/2025 7:00,89.32500013
12/2/2025 8:00,111.4216666
12/2/2025 9:00,68.95666663
12/2/2025 10:00,74.70999959
12/2/2025 11:00,52.49666697
12/2/2025 12:00,44.68499991
12/2/2025 13:00,53.6783336
12/2/2025 14:00,38.13000005
12/2/2025 15:00,36.16333338
12/2/2025 16:00,43.29523819
12/2/2025 17:00,62.5233333
12/2/2025 18:00,66.63999964
12/2/2025 19:00,79.20499992
12/2/2025 20:00,85.56500041
12/2/2025 21:00,94.67258084
12/2/2025 22:00,93.21666679
12/2/2025 23:00,91.69833349
12/3/2025,80.00666682
12/3/2025 1:00,85.99499957
12/3/2025 2:00,82.16333364
12/3/2025 3:00,74.96833312
12/3/2025 4:00,70.82333349
12/3/2025 5:00,75.91000036
12/3/2025 6:00,71.75500031
12/3/2025 7:00,85.37586265
12/3/2025 8:00,73.41666679
12/3/2025 9:00,74.05666631
12/3/2025 10:00,70.06833344
12/3/2025 11:00,65.1399999
12/3/2025 12:00,54.40499986
12/3/2025 13:00,47.50166664
12/3/2025 14:00,52.98666668
12/3/2025 15:00,43.00833333
12/3/2025 16:00,44.55151512
12/3/2025 17:00,56.5133337
12/3/2025 18:00,66.06333345
12/3/2025 19:00,77.00333354
12/3/2025 20:00,75.63225814
12/3/2025 21:00,86.62187517
12/3/2025 22:00,88.05666656
12/3/2025 23:00,83.68999977
12/4/2025,69.6450002
12/4/2025 1:00,68.12000001
12/4/2025 2:00,65.59666634
12/4/2025 3:00,61.51833337
12/4/2025 4:00,58.00666663
12/4/2025 5:00,43.80166658
12/4/2025 6:00,45.51833305
12/4/2025 7:00,54.34333318
12/4/2025 8:00,74.13000024
12/4/2025 9:00,75.74666672
12/4/2025 10:00,61.73666681
12/4/2025 11:00,50.58500004
12/4/2025 12:00,44.05500011
12/4/2025 13:00,36.33666687
12/4/2025 14:00,26.66999993
12/4/2025 15:00,29.72499997
12/4/2025 16:00,33.64499989
12/4/2025 17:00,39.70833327
12/4/2025 18:00,51.66000004
12/4/2025 19:00,46.1399999
12/4/2025 20:00,60.94000003
12/4/2025 21:00,78.713333
12/4/2025 22:00,75.61333364
12/4/2025 23:00,68.02000014
12/5/2025,67.70999978
12/5/2025 1:00,63.11333313
12/5/2025 2:00,55.25166677
12/5/2025 3:00,61.0399999
12/5/2025 4:00,67.93833294
12/5/2025 5:00,57.83666655
12/5/2025 6:00,57.95666676
12/5/2025 7:00,67.73166663
12/5/2025 8:00,90.41525463
12/5/2025 9:00,76.48666687
12/5/2025 10:00,43.05666647
12/5/2025 11:00,36.90666656
12/5/2025 12:00,25.20833333
12/5/2025 13:00,15.83333333
12/5/2025 14:00,24.75999999
12/5/2025 15:00,26.95333328
12/5/2025 16:00,35.17166659
12/5/2025 17:00,48.78499997
12/5/2025 18:00,51.86774211
12/5/2025 19:00,52.44754122
12/5/2025 20:00,74.60833333
12/5/2025 21:00,79.01666641
12/5/2025 22:00,73.00166658
12/5/2025 23:00,72.61499983
12/6/2025,63.16333307
12/6/2025 1:00,67.78666687
12/6/2025 2:00,64.49166705
12/6/2025 3:00,54.54833342
12/6/2025 4:00,58.71500015
12/6/2025 5:00,51.00499999
12/6/2025 6:00,54.61333326
12/6/2025 7:00,70.26833363
12/6/2025 8:00,198.0067806
12/6/2025 9:00,73.57500051
12/6/2025 10:00,70.14499963
12/6/2025 11:00,75.91833344
12/6/2025 12:00,105.4220335
12/6/2025 13:00,57.44833374
12/6/2025 14:00,56.74354842
12/6/2025 15:00,30.24499992
12/6/2025 16:00,37.57499987
12/6/2025 17:00,37.14666669
12/6/2025 18:00,48.2416666
12/6/2025 19:00,100.9133332
12/6/2025 20:00,91.27166684
12/6/2025 21:00,126.9066654
12/6/2025 22:00,108.6600001
12/6/2025 23:00,83.98166714
12/7/2025,90.21833299
12/7/2025 1:00,77.66833369
12/7/2025 2:00,118.7799999
12/7/2025 3:00,88.72999992
12/7/2025 4:00,88.40500011
12/7/2025 5:00,60.94166667
12/7/2025 6:00,64.15166651
12/7/2025 7:00,89.3366663
12/7/2025 8:00,134.7300007
12/7/2025 9:00,85.81666654
12/7/2025 10:00,61.56333332
12/7/2025 11:00,31.84500024
12/7/2025 12:00,27.89000006
12/7/2025 13:00,22.68833326
12/7/2025 14:00,24.51166668
12/7/2025 15:00,26.3416667
12/7/2025 16:00,36.81166687
12/7/2025 17:00,38.76031736
12/7/2025 18:00,53.39333344
12/7/2025 19:00,64.31166636
12/7/2025 20:00,85.24166629
12/7/2025 21:00,85.613333
12/7/2025 22:00,77.05999997
12/7/2025 23:00,82.17666651
12/8/2025,66.39333318
12/8/2025 1:00,68.15833384
12/8/2025 2:00,63.59999981
12/8/2025 3:00,57.30666656
12/8/2025 4:00,59.35333328
12/8/2025 5:00,59.82833366
12/8/2025 6:00,63.30166645
12/8/2025 7:00,NA
12/8/2025 8:00,NA
12/8/2025 9:00,NA
12/8/2025 10:00,85.02333336
12/8/2025 11:00,43.83650798
12/8/2025 12:00,30.64000003
12/8/2025 13:00,24.0749999
12/8/2025 14:00,21.41500001
12/8/2025 15:00,28.72166643
12/8/2025 16:00,30.71702117
12/8/2025 17:00,43.89322016
12/8/2025 18:00,NA
12/8/2025 19:00,87.97666651
12/8/2025 20:00,102.7866664
12/8/2025 21:00,119.9099996
12/8/2025 22:00,87.33499997
12/8/2025 23:00,86.98666623
12/9/2025,73.94833317
12/9/2025 1:00,76.48833326
12/9/2025 2:00,69.92166634
12/9/2025 3:00,61.10833321
12/9/2025 4:00,56.76499996
12/9/2025 5:00,64.46999969
12/9/2025 6:00,73.64999975
12/9/2025 7:00,94.47166659
12/9/2025 8:00,103.2900003
12/9/2025 9:00,98.95833282
12/9/2025 10:00,82.5687499
12/9/2025 11:00,67.38871015
12/9/2025 12:00,44.6593751
12/9/2025 13:00,20.4064517
12/9/2025 14:00,17.91499998
12/9/2025 15:00,24.16500018
12/9/2025 16:00,30.19365084
12/9/2025 17:00,32.78500007
12/9/2025 18:00,40.0966665
12/9/2025 19:00,74.10166658
12/9/2025 20:00,84.03333321
12/9/2025 21:00,72.34666691
12/9/2025 22:00,67.36166662
12/9/2025 23:00,72.12333336
12/10/2025,69.14333293
12/10/2025 1:00,56.74666678
12/10/2025 2:00,53.52166653
12/10/2025 3:00,51.75999997
12/10/2025 4:00,48.37000001
12/10/2025 5:00,54.50000013
12/10/2025 6:00,64.14833342
12/10/2025 7:00,79.12666645
12/10/2025 8:00,86.78166669
12/10/2025 9:00,69.50833321
12/10/2025 10:00,55.61333332
12/10/2025 11:00,36.55999988
12/10/2025 12:00,24.92333326
12/10/2025 13:00,26.84193571
12/10/2025 14:00,22.78166669
12/10/2025 15:00,19.47000001
12/10/2025 16:00,20.71333327
12/10/2025 17:00,32.93499997
12/10/2025 18:00,44.78833329
12/10/2025 19:00,76.84499963
12/10/2025 20:00,68.99999994
12/10/2025 21:00,90.73333327
12/10/2025 22:00,98.46999957
12/10/2025 23:00,81.93333391
12/11/2025,75.66833382
12/11/2025 1:00,68.25000025
12/11/2025 2:00,60.31000023
12/11/2025 3:00,53.69499995
12/11/2025 4:00,52.07333323
12/11/2025 5:00,52.98000024
12/11/2025 6:00,61.49166686
12/11/2025 7:00,78.74166667
12/11/2025 8:00,107.21
12/11/2025 9:00,89.17499975
12/11/2025 10:00,64.7933335
12/11/2025 11:00,43.98000018
12/11/2025 12:00,20.97499992
12/11/2025 13:00,11.98382353
12/11/2025 14:00,15.23999999
12/11/2025 15:00,23.57166659
12/11/2025 16:00,25.45666676
12/11/2025 17:00,36.06333332
12/11/2025 18:00,49.18333337
12/11/2025 19:00,95.89666634
12/11/2025 20:00,100.525
12/11/2025 21:00,93.05833346
12/11/2025 22:00,79.22500013
12/11/2025 23:00,84.40833308
12/12/2025,75.2799998
12/12/2025 1:00,71.26500022
12/12/2025 2:00,63.11833324
12/12/2025 3:00,53.92166672
12/12/2025 4:00,52.23999996
12/12/2025 5:00,49.11166681
12/12/2025 6:00,61.61000023
12/12/2025 7:00,73.49333356
12/12/2025 8:00,88.48666674
12/12/2025 9:00,73.31166693
12/12/2025 10:00,47.99333356
12/12/2025 11:00,33.91904764
12/12/2025 12:00,24.0916667
12/12/2025 13:00,48.57777703
12/12/2025 14:00,27.61129038
12/12/2025 15:00,27.24499992
12/12/2025 16:00,25.09999997
12/12/2025 17:00,30.85076931
12/12/2025 18:00,40.09701481
12/12/2025 19:00,89.35833333
12/12/2025 20:00,82.01666654
12/12/2025 21:00,91.8
12/12/2025 22:00,99.98333371
12/12/2025 23:00,79.88833326
12/13/2025,66.02500013
12/13/2025 1:00,62.511667
12/13/2025 2:00,61.7916666
12/13/2025 3:00,58.34833323
12/13/2025 4:00,57.99000009
12/13/2025 5:00,57.09000003
12/13/2025 6:00,63.7766669
12/13/2025 7:00,89.66666692
12/13/2025 8:00,143.9466665
12/13/2025 9:00,97.87499987
12/13/2025 10:00,88.5733326
12/13/2025 11:00,57.76999982
12/13/2025 12:00,36.2416666
12/13/2025 13:00,23.78666662
12/13/2025 14:00,25.15967744
12/13/2025 15:00,36.39672117
12/13/2025 16:00,28.68484841
12/13/2025 17:00,45.91333326
12/13/2025 18:00,63.28166656
12/13/2025 19:00,98.0033329
12/13/2025 20:00,88.46333326
12/13/2025 21:00,96.87666677
12/13/2025 22:00,87.10666656
12/13/2025 23:00,86.08666636
12/14/2025,92.22833277
12/14/2025 1:00,73.59499963
12/14/2025 2:00,72.33999996
12/14/2025 3:00,57.74166654
12/14/2025 4:00,53.73500004
12/14/2025 5:00,58.64666697
12/14/2025 6:00,70.55333354
12/14/2025 7:00,103.3766669
12/14/2025 8:00,136.4633333
12/14/2025 9:00,95.35833308
12/14/2025 10:00,68.00000006
12/14/2025 11:00,51.02499987
12/14/2025 12:00,30.75833317
12/14/2025 13:00,22.10999986
12/14/2025 14:00,23.1857144
12/14/2025 15:00,28.43333343
12/14/2025 16:00,27.95333338
12/14/2025 17:00,39.81166636
12/14/2025 18:00,41.87999976
12/14/2025 19:00,86.97166627
12/14/2025 20:00,98.10500005
12/14/2025 21:00,100.6616667
12/14/2025 22:00,83.29666608
12/14/2025 23:00,72.5833334
12/15/2025,75.23333346
12/15/2025 1:00,69.83000018
12/15/2025 2:00,63.13166669
12/15/2025 3:00,62.09499976
12/15/2025 4:00,53.83833345
12/15/2025 5:00,59.59999994
12/15/2025 6:00,67.82166634
12/15/2025 7:00,132.4299997
12/15/2025 8:00,239.7350012
12/15/2025 9:00,118.2349204
12/15/2025 10:00,88.38666687
12/15/2025 11:00,54.63636367
12/15/2025 12:00,50.81333348
12/15/2025 13:00,40.01166643
12/15/2025 14:00,16.40317469
12/15/2025 15:00,17.60158731
12/15/2025 16:00,22.36500003
12/15/2025 17:00,35.36833324
12/15/2025 18:00,36.16833337
12/15/2025 19:00,61.89500014
12/15/2025 20:00,80.363333
12/15/2025 21:00,89.4533329
12/15/2025 22:00,86.15000089
12/15/2025 23:00,83.275
12/16/2025,79.42333374
12/16/2025 1:00,58.33166663
12/16/2025 2:00,54.44500008
12/16/2025 3:00,52.21499996
12/16/2025 4:00,43.62000014
12/16/2025 5:00,49.12833366
12/16/2025 6:00,53.84000009
12/16/2025 7:00,77.86333319
12/16/2025 8:00,89.59259259
12/16/2025 9:00,75.36333345
12/16/2025 10:00,66.57500025
12/16/2025 11:00,40.77666651
12/16/2025 12:00,23.68999988
12/16/2025 13:00,22.88888889
12/16/2025 14:00,26.30499989
12/16/2025 15:00,28.16499999
12/16/2025 16:00,30.99833323
12/16/2025 17:00,37.04833342
12/16/2025 18:00,44.09333337
12/16/2025 19:00,60.87499981
12/16/2025 20:00,87.89166667
12/16/2025 21:00,87.13666687
12/16/2025 22:00,82.51833318
12/16/2025 23:00,73.60166702
12/17/2025,61.58999983
12/17/2025 1:00,61.62666651
12/17/2025 2:00,53.83166663
12/17/2025 3:00,50.85999991
12/17/2025 4:00,51.01833312
12/17/2025 5:00,58.09166679
12/17/2025 6:00,66.90166658
12/17/2025 7:00,94.92166684
12/17/2025 8:00,98.07499987
12/17/2025 9:00,113.9100001
12/17/2025 10:00,79.73709679
12/17/2025 11:00,50.24426265
12/17/2025 12:00,15.41833337
12/17/2025 13:00,21.23999996
12/17/2025 14:00,20.20333336
12/17/2025 15:00,19.04833326
12/17/2025 16:00,47.02666664
12/17/2025 17:00,51.32424233
12/17/2025 18:00,44.62166659
12/17/2025 19:00,92.34500008
12/17/2025 20:00,109.9716665
12/17/2025 21:00,95.96500028
12/17/2025 22:00,106.501667
12/17/2025 23:00,79.47333349
12/18/2025,81.95666682
12/18/2025 1:00,59.2516669
12/18/2025 2:00,55.10999978
12/18/2025 3:00,63.69333318
12/18/2025 4:00,55.31333351
12/18/2025 5:00,65.35333328
12/18/2025 6:00,75.68999977
12/18/2025 7:00,89.65833346
12/18/2025 8:00,109.2933328
12/18/2025 9:00,92.25833308
12/18/2025 10:00,72.11833382
12/18/2025 11:00,53.8100001
12/18/2025 12:00,32.22000002
12/18/2025 13:00,16.5916666
12/18/2025 14:00,31.3266667
12/18/2025 15:00,30.93833332
12/18/2025 16:00,25.41166658
12/18/2025 17:00,35.79833349
12/18/2025 18:00,77.90500011
12/18/2025 19:00,117.7500005
12/18/2025 20:00,106.5250001
12/18/2025 21:00,110.9649999
12/18/2025 22:00,114.5683327
12/18/2025 23:00,106.6300007
12/19/2025,83.88166669
12/19/2025 1:00,64.43666681
12/19/2025 2:00,55.91333351
12/19/2025 3:00,48.41999995
12/19/2025 4:00,52.16333338
12/19/2025 5:00,53.71499971
12/19/2025 6:00,67.11333338
12/19/2025 7:00,88.64000066
12/19/2025 8:00,116.4566671
12/19/2025 9:00,102.3116665
12/19/2025 10:00,88.17666639
12/19/2025 11:00,50.4516667
12/19/2025 12:00,46.64999987
12/19/2025 13:00,31.63499988
12/19/2025 14:00,18.11666667
12/19/2025 15:00,29.31999976
12/19/2025 16:00,25.10666671
12/19/2025 17:00,30.97666661
12/19/2025 18:00,39.66333332
12/19/2025 19:00,77.60999985
12/19/2025 20:00,90.86833318
12/19/2025 21:00,88.48166618
12/19/2025 22:00,82.01166687
12/19/2025 23:00,85.74500008
12/20/2025,72.88666655
12/20/2025 1:00,70.6950002
12/20/2025 2:00,62.11499977
12/20/2025 3:00,57.2016667
12/20/2025 4:00,48.56500015
12/20/2025 5:00,50.21000017
12/20/2025 6:00,60.34500014
12/20/2025 7:00,97.02999961
12/20/2025 8:00,111.3000001
12/20/2025 9:00,104.1683332
12/20/2025 10:00,69.05333325
12/20/2025 11:00,37.04833349
12/20/2025 12:00,33.42999989
12/20/2025 13:00,24.4233332
12/20/2025 14:00,19.51746038
12/20/2025 15:00,22.64999997
12/20/2025 16:00,43.69166663
12/20/2025 17:00,35.42857122
12/20/2025 18:00,51.21666686
12/20/2025 19:00,85.50499967
12/20/2025 20:00,100.3299997
12/20/2025 21:00,97.03500048
12/20/2025 22:00,95.90833333
12/20/2025 23:00,76.05500011
12/21/2025,77.97999973
12/21/2025 1:00,74.05499942
12/21/2025 2:00,58.96333326
12/21/2025 3:00,57.55333354
12/21/2025 4:00,56.475
12/21/2025 5:00,63.51500028
12/21/2025 6:00,63.25333309
12/21/2025 7:00,83.99333331
12/21/2025 8:00,101.0433331
12/21/2025 9:00,81.01833293
12/21/2025 10:00,73.56666679
12/21/2025 11:00,58.55666656
12/21/2025 12:00,46.93015889
12/21/2025 13:00,42.66500028
12/21/2025 14:00,39.57833322
12/21/2025 15:00,51.96666673
12/21/2025 16:00,43.42166694
12/21/2025 17:00,51.175
12/21/2025 18:00,56.27333349
12/21/2025 19:00,77.51499977
12/21/2025 20:00,91.27500013
12/21/2025 21:00,90.41833331
12/21/2025 22:00,90.34500008
12/21/2025 23:00,80.51499996
12/22/2025,70.52833366
12/22/2025 1:00,82.33000005
12/22/2025 2:00,62.86166649
12/22/2025 3:00,64.89999981
12/22/2025 4:00,67.8916666
12/22/2025 5:00,70.08999983
12/22/2025 6:00,76.14500001
12/22/2025 7:00,94.19666697
12/22/2025 8:00,113.666667
12/22/2025 9:00,106.113333
12/22/2025 10:00,80.68666662
12/22/2025 11:00,74.17999961
12/22/2025 12:00,63.58833351
12/22/2025 13:00,43.97499981
12/22/2025 14:00,23.82500013
12/22/2025 15:00,32.98000005
12/22/2025 16:00,36.17833338
12/22/2025 17:00,35.0083333
12/22/2025 18:00,41.12000011
12/22/2025 19:00,89.89166679
12/22/2025 20:00,79.45000013
12/22/2025 21:00,84.25500043
12/22/2025 22:00,72.53333295
12/22/2025 23:00,84.61666679
12/23/2025,67.02833354
12/23/2025 1:00,57.39833349
12/23/2025 2:00,56.04333337
12/23/2025 3:00,50.66166662
12/23/2025 4:00,49.98666662
12/23/2025 5:00,54.11000004
12/23/2025 6:00,68.32500032
12/23/2025 7:00,81.18166701
12/23/2025 8:00,96.37833303
12/23/2025 9:00,109.1966665
12/23/2025 10:00,82.24666723
12/23/2025 11:00,58.13870968
12/23/2025 12:00,35.34426226
12/23/2025 13:00,35.625
12/23/2025 14:00,42.96333319
12/23/2025 15:00,40.52666693
12/23/2025 16:00,35.90166686
12/23/2025 17:00,46.37777792
12/23/2025 18:00,71.83000037
12/23/2025 19:00,106.9433334
12/23/2025 20:00,101.5583331
12/23/2025 21:00,96.58166682
12/23/2025 22:00,94.23166618
12/23/2025 23:00,92.94666684
12/24/2025,77.02000033
12/24/2025 1:00,71.81166674
12/24/2025 2:00,71.27999986
12/24/2025 3:00,65.45000025
12/24/2025 4:00,65.4983331
12/24/2025 5:00,69.74666672
12/24/2025 6:00,79.51833318
12/24/2025 7:00,107.0333333
12/24/2025 8:00,110.6416663
12/24/2025 9:00,91.76833283
12/24/2025 10:00,33.50833346
12/24/2025 11:00,32.95500018
12/24/2025 12:00,27.83666665
12/24/2025 13:00,30.69666665
12/24/2025 14:00,32.35166664
12/24/2025 15:00,37.81666683
12/24/2025 16:00,40.70999975
12/24/2025 17:00,35.13000002
12/24/2025 18:00,58.33666662
12/24/2025 19:00,65.91500041
12/24/2025 20:00,73.86666679
12/24/2025 21:00,75.46333326
12/24/2025 22:00,87.75666656
12/24/2025 23:00,82.02666728
12/25/2025,68.61166674
12/25/2025 1:00,58.48166669
12/25/2025 2:00,60.55333303
12/25/2025 3:00,56.41166662
12/25/2025 4:00,62.87666702
12/25/2025 5:00,68.32999986
12/25/2025 6:00,75.52833354
12/25/2025 7:00,80.78166669
12/25/2025 8:00,90.6233333
12/25/2025 9:00,66.02666658
12/25/2025 10:00,53.06333319
12/25/2025 11:00,34.03666671
12/25/2025 12:00,35.99166667
12/25/2025 13:00,29.2983333
12/25/2025 14:00,38.85499986
12/25/2025 15:00,45.7833334
12/25/2025 16:00,41.94333299
12/25/2025 17:00,51.12999999
12/25/2025 18:00,58.47499994
12/25/2025 19:00,47.21999995
12/25/2025 20:00,84.48500023
12/25/2025 21:00,86.188333
12/25/2025 22:00,97.60499929
12/25/2025 23:00,99.43333333
12/26/2025,89.71833369
12/26/2025 1:00,76.41999957
12/26/2025 2:00,64.93499985
12/26/2025 3:00,62.15166677
12/26/2025 4:00,59.12833328
12/26/2025 5:00,60.6766667
12/26/2025 6:00,74.0049998
12/26/2025 7:00,93.20166626
12/26/2025 8:00,115.1649996
12/26/2025 9:00,98.513333
12/26/2025 10:00,82.66500034
12/26/2025 11:00,56.65166674
12/26/2025 12:00,33.63666674
12/26/2025 13:00,29.03333327
12/26/2025 14:00,28.16333338
12/26/2025 15:00,29.525
12/26/2025 16:00,36.26499996
12/26/2025 17:00,43.1016667
12/26/2025 18:00,50.0733331
12/26/2025 19:00,80.6533336
12/26/2025 20:00,82.40000013
12/26/2025 21:00,106.8499997
12/26/2025 22:00,97.98666687
12/26/2025 23:00,91.10166677
12/27/2025,94.07666626
12/27/2025 1:00,82.27500032
12/27/2025 2:00,71.81333357
12/27/2025 3:00,60.84500008
12/27/2025 4:00,59.26999976
12/27/2025 5:00,62.45500005
12/27/2025 6:00,73.50833321
12/27/2025 7:00,96.81333338
12/27/2025 8:00,136.4799995
12/27/2025 9:00,148.6449997
12/27/2025 10:00,101.5816667
12/27/2025 11:00,63.10500018
12/27/2025 12:00,39.60833349
12/27/2025 13:00,NA
12/27/2025 14:00,NA
12/27/2025 15:00,31.21833337
12/27/2025 16:00,32.39166676
12/27/2025 17:00,43.16000004
12/27/2025 18:00,44.11166655
12/27/2025 19:00,85.2616663
12/27/2025 20:00,94.09499995
12/27/2025 21:00,103.8416667
12/27/2025 22:00,98.76999995
12/27/2025 23:00,103.2500001
12/28/2025,100.0216667
12/28/2025 1:00,77.54000003
12/28/2025 2:00,65.65666663
12/28/2025 3:00,64.3183335
12/28/2025 4:00,62.84333331
12/28/2025 5:00,66.19166686
12/28/2025 6:00,74.43833313
12/28/2025 7:00,92.89166679
12/28/2025 8:00,136.1233331
12/28/2025 9:00,107.8699998
12/28/2025 10:00,73.5299998
12/28/2025 11:00,53.38333352
12/28/2025 12:00,33.55000006
12/28/2025 13:00,35.58333327
12/28/2025 14:00,41.61000017
12/28/2025 15:00,46.5700002
12/28/2025 16:00,41.16666667
12/28/2025 17:00,43.66000004
12/28/2025 18:00,42.05333341
12/28/2025 19:00,60.52166646
12/28/2025 20:00,101.1966667
12/28/2025 21:00,96.77333285
12/28/2025 22:00,100.625
12/28/2025 23:00,94.21500053
12/29/2025,77.21166655
12/29/2025 1:00,67.09166667
12/29/2025 2:00,65.20000013
12/29/2025 3:00,64.41999976
12/29/2025 4:00,72.47500006
12/29/2025 5:00,68.62500019
12/29/2025 6:00,72.87500045
12/29/2025 7:00,90.58833351
12/29/2025 8:00,129.1050003
12/29/2025 9:00,93.24000015
12/29/2025 10:00,91.13000018
12/29/2025 11:00,57.05833321
12/29/2025 12:00,46.59500014
12/29/2025 13:00,42.54666659
12/29/2025 14:00,28.02166656
12/29/2025 15:00,36.95999997
12/29/2025 16:00,29.73166672
12/29/2025 17:00,27.85166674
12/29/2025 18:00,41.39833349
12/29/2025 19:00,65.47666651
12/29/2025 20:00,72.48499978
12/29/2025 21:00,89.07833316
12/29/2025 22:00,87.20333328
12/29/2025 23:00,75.2983333
12/30/2025,71.47333355
12/30/2025 1:00,65.68499991
12/30/2025 2:00,67.64499982
12/30/2025 3:00,54.55833321
12/30/2025 4:00,58.22500032
12/30/2025 5:00,58.88833294
12/30/2025 6:00,75.75500018
12/30/2025 7:00,91.5399999
12/30/2025 8:00,126.9450007
12/30/2025 9:00,115.1416665
12/30/2025 10:00,89.81166687
12/30/2025 11:00,57.82833328
12/30/2025 12:00,44.86499983
12/30/2025 13:00,42.66500009
12/30/2025 14:00,36.86666667
12/30/2025 15:00,38.20833314
12/30/2025 16:00,29.22999996
12/30/2025 17:00,31.54666672
12/30/2025 18:00,43.04499995
12/30/2025 19:00,76.00833346
12/30/2025 20:00,83.82166672
12/30/2025 21:00,91.33166682
12/30/2025 22:00,84.74166641
12/30/2025 23:00,79.23000062
12/31/2025,62.73000031
12/31/2025 1:00,57.25833346
12/31/2025 2:00,60.05833359
12/31/2025 3:00,54.07333336
12/31/2025 4:00,63.11999995
12/31/2025 5:00,64.6983333
12/31/2025 6:00,70.51999995
12/31/2025 7:00,97.04166603
12/31/2025 8:00,121.9533333
12/31/2025 9:00,96.07000033
12/31/2025 10:00,75.97833379
12/31/2025 11:00,56.87833335
12/31/2025 12:00,38.33833326
12/31/2025 13:00,36.4749999
12/31/2025 14:00,34.74666669
12/31/2025 15:00,31.03500007
12/31/2025 16:00,28.58333327
12/31/2025 17:00,38.43499988
12/31/2025 18:00,41.9566665
12/31/2025 19:00,74.49166629
12/31/2025 20:00,102.4465514
12/31/2025 21:00,128.3766664
12/31/2025 22:00,98.24833336
12/31/2025 23:00,88.70862079
