Date,PM2.5
1/1/2025,69.90000139
1/1/2025 1:00,70.83559534
1/1/2025 2:00,70.42542558
1/1/2025 3:00,68.62500116
1/1/2025 4:00,58.68644139
1/1/2025 5:00,58.90508555
1/1/2025 6:00,71.0322049
1/1/2025 7:00,95.56440838
1/1/2025 8:00,101.6233346
1/1/2025 9:00,90.67241537
1/1/2025 10:00,70.69666773
1/1/2025 11:00,52.81000118
1/1/2025 12:00,33.47288206
1/1/2025 13:00,29.02372926
1/1/2025 14:00,27.547458
1/1/2025 15:00,29.7258625
1/1/2025 16:00,37.62166745
1/1/2025 17:00,48.83500061
1/1/2025 18:00,59.42241491
1/1/2025 19:00,48.57333425
1/1/2025 20:00,60.22069076
1/1/2025 21:00,76.67931156
1/1/2025 22:00,70.33965637
1/1/2025 23:00,71.95666841
1/2/2025,60.41000086
1/2/2025 1:00,53.72105354
1/2/2025 2:00,53.39491621
1/2/2025 3:00,50.85166734
1/2/2025 4:00,50.04915347
1/2/2025 5:00,53.43620767
1/2/2025 6:00,63.63050952
1/2/2025 7:00,93.83000132
1/2/2025 8:00,108.0525436
1/2/2025 9:00,87.44000181
1/2/2025 10:00,84.71551843
1/2/2025 11:00,47.29491599
1/2/2025 12:00,32.31833391
1/2/2025 13:00,32.77413852
1/2/2025 14:00,26.4913797
1/2/2025 15:00,23.9500005
1/2/2025 16:00,36.81864464
1/2/2025 17:00,36.69322114
1/2/2025 18:00,41.60701865
1/2/2025 19:00,37.95084837
1/2/2025 20:00,36.94333404
1/2/2025 21:00,72.81356042
1/2/2025 22:00,74.26949252
1/2/2025 23:00,71.85254372
1/3/2025,64.41017047
1/3/2025 1:00,55.00500056
1/3/2025 2:00,46.54210569
1/3/2025 3:00,45.8288143
1/3/2025 4:00,50.5694924
1/3/2025 5:00,62.68500112
1/3/2025 6:00,74.41724304
1/3/2025 7:00,98.36333491
1/3/2025 8:00,104.1440693
1/3/2025 9:00,78.36779798
1/3/2025 10:00,72.54666824
1/3/2025 11:00,51.67500095
1/3/2025 12:00,32.55423782
1/3/2025 13:00,28.10166699
1/3/2025 14:00,26.85084786
1/3/2025 15:00,38.52833411
1/3/2025 16:00,34.26440756
1/3/2025 17:00,36.33220427
1/3/2025 18:00,64.16000125
1/3/2025 19:00,91.08965716
1/3/2025 20:00,76.23333448
1/3/2025 21:00,96.51525594
1/3/2025 22:00,85.06500142
1/3/2025 23:00,59.14827676
1/4/2025,50.86166725
1/4/2025 1:00,55.39830567
1/4/2025 2:00,53.13833415
1/4/2025 3:00,54.05423808
1/4/2025 4:00,56.80339044
1/4/2025 5:00,61.0813565
1/4/2025 6:00,71.36779811
1/4/2025 7:00,94.65614212
1/4/2025 8:00,113.1067805
1/4/2025 9:00,100.8847477
1/4/2025 10:00,76.88833555
1/4/2025 11:00,54.59661125
1/4/2025 12:00,43.53000075
1/4/2025 13:00,36.2333341
1/4/2025 14:00,39.52241444
1/4/2025 15:00,48.89491589
1/4/2025 16:00,44.44915316
1/4/2025 17:00,48.59833431
1/4/2025 18:00,76.88833497
1/4/2025 19:00,70.87166862
1/4/2025 20:00,80.62833449
1/4/2025 21:00,80.58166758
1/4/2025 22:00,57.14833419
1/4/2025 23:00,56.1396558
1/5/2025,48.976272
1/5/2025 1:00,50.91833407
1/5/2025 2:00,44.8333341
1/5/2025 3:00,47.27333387
1/5/2025 4:00,47.44827665
1/5/2025 5:00,54.47796663
1/5/2025 6:00,69.68305193
1/5/2025 7:00,89.83103575
1/5/2025 8:00,111.7275885
1/5/2025 9:00,124.1100019
1/5/2025 10:00,130.3762742
1/5/2025 11:00,111.8500015
1/5/2025 12:00,115.2350011
1/5/2025 13:00,66.01000106
1/5/2025 14:00,53.62333438
1/5/2025 15:00,49.21379402
1/5/2025 16:00,47.71379385
1/5/2025 17:00,56.62069074
1/5/2025 18:00,63.21356046
1/5/2025 19:00,92.5300017
1/5/2025 20:00,81.1862084
1/5/2025 21:00,88.23333486
1/5/2025 22:00,87.95833448
1/5/2025 23:00,55.2700009
1/6/2025,52.08000056
1/6/2025 1:00,48.32711941
1/6/2025 2:00,45.4862075
1/6/2025 3:00,47.86271273
1/6/2025 4:00,46.77413868
1/6/2025 5:00,51.24310408
1/6/2025 6:00,59.63389898
1/6/2025 7:00,87.14333458
1/6/2025 8:00,123.3155181
1/6/2025 9:00,124.7824581
1/6/2025 10:00,92.63898481
1/6/2025 11:00,70.53166847
1/6/2025 12:00,77.59833457
1/6/2025 13:00,49.52666747
1/6/2025 14:00,37.86610225
1/6/2025 15:00,36.54406842
1/6/2025 16:00,38.36166763
1/6/2025 17:00,39.70000063
1/6/2025 18:00,56.5067804
1/6/2025 19:00,120.2491544
1/6/2025 20:00,108.8965538
1/6/2025 21:00,96.92373011
1/6/2025 22:00,93.77368592
1/6/2025 23:00,77.37500153
1/7/2025,81.78135759
1/7/2025 1:00,72.40666809
1/7/2025 2:00,91.2316686
1/7/2025 3:00,84.66333504
1/7/2025 4:00,71.15172537
1/7/2025 5:00,76.89166787
1/7/2025 6:00,66.11356063
1/7/2025 7:00,84.43728974
1/7/2025 8:00,98.53833478
1/7/2025 9:00,67.88166771
1/7/2025 10:00,56.36500041
1/7/2025 11:00,36.47457737
1/7/2025 12:00,36.66949259
1/7/2025 13:00,38.48500058
1/7/2025 14:00,45.72033963
1/7/2025 15:00,43.5433342
1/7/2025 16:00,42.42372959
1/7/2025 17:00,49.92000084
1/7/2025 18:00,56.59000079
1/7/2025 19:00,64.30172558
1/7/2025 20:00,59.81666775
1/7/2025 21:00,63.64827695
1/7/2025 22:00,55.72333425
1/7/2025 23:00,53.76440772
1/8/2025,49.6796617
1/8/2025 1:00,61.04067903
1/8/2025 2:00,43.33389884
1/8/2025 3:00,42.09500084
1/8/2025 4:00,39.06666724
1/8/2025 5:00,41.22372954
1/8/2025 6:00,52.03050937
1/8/2025 7:00,80.18305219
1/8/2025 8:00,69.98333448
1/8/2025 9:00,57.68000107
1/8/2025 10:00,44.12203456
1/8/2025 11:00,42.63103518
1/8/2025 12:00,44.26842171
1/8/2025 13:00,51.30500081
1/8/2025 14:00,50.05762792
1/8/2025 15:00,29.15172452
1/8/2025 16:00,28.27500045
1/8/2025 17:00,33.14827653
1/8/2025 18:00,37.31500079
1/8/2025 19:00,41.82881436
1/8/2025 20:00,44.29152628
1/8/2025 21:00,55.06166732
1/8/2025 22:00,72.68000126
1/8/2025 23:00,66.17894892
1/9/2025,61.14915337
1/9/2025 1:00,57.89833406
1/9/2025 2:00,41.05932258
1/9/2025 3:00,31.68166714
1/9/2025 4:00,30.64406818
1/9/2025 5:00,38.65254295
1/9/2025 6:00,60.8762721
1/9/2025 7:00,81.41379495
1/9/2025 8:00,99.22241513
1/9/2025 9:00,85.76610307
1/9/2025 10:00,61.48333403
1/9/2025 11:00,38.02069029
1/9/2025 12:00,27.46166703
1/9/2025 13:00,28.39491576
1/9/2025 14:00,31.5983338
1/9/2025 15:00,36.56551802
1/9/2025 16:00,37.34576345
1/9/2025 17:00,39.97966178
1/9/2025 18:00,51.09482857
1/9/2025 19:00,62.67796701
1/9/2025 20:00,69.7000014
1/9/2025 21:00,43.26333389
1/9/2025 22:00,39.90847539
1/9/2025 23:00,45.12833417
1/10/2025,49.067797
1/10/2025 1:00,40.35689749
1/10/2025 2:00,43.95932278
1/10/2025 3:00,38.78793171
1/10/2025 4:00,45.44000079
1/10/2025 5:00,53.61228173
1/10/2025 6:00,72.14745855
1/10/2025 7:00,96.77833455
1/10/2025 8:00,103.9372895
1/10/2025 9:00,77.29482888
1/10/2025 10:00,67.90666771
1/10/2025 11:00,48.51896598
1/10/2025 12:00,36.9733339
1/10/2025 13:00,29.13559377
1/10/2025 14:00,27.54915309
1/10/2025 15:00,39.89310403
1/10/2025 16:00,41.46166741
1/10/2025 17:00,37.41356012
1/10/2025 18:00,52.50333417
1/10/2025 19:00,79.37457767
1/10/2025 20:00,81.03559507
1/10/2025 21:00,57.66833452
1/10/2025 22:00,76.17333476
1/10/2025 23:00,49.14000092
1/11/2025,47.16101753
1/11/2025 1:00,52.45593307
1/11/2025 2:00,55.92372972
1/11/2025 3:00,52.80500094
1/11/2025 4:00,54.93050902
1/11/2025 5:00,62.00833422
1/11/2025 6:00,72.39491699
1/11/2025 7:00,92.33620834
1/11/2025 8:00,102.4559342
1/11/2025 9:00,98.31000163
1/11/2025 10:00,109.0316681
1/11/2025 11:00,79.5750014
1/11/2025 12:00,44.63833412
1/11/2025 13:00,40.54333394
1/11/2025 14:00,42.76724217
1/11/2025 15:00,38.36666733
1/11/2025 16:00,30.00166709
1/11/2025 17:00,36.76949236
1/11/2025 18:00,39.68166739
1/11/2025 19:00,40.07894804
1/11/2025 20:00,41.51000074
1/11/2025 21:00,41.19666735
1/11/2025 22:00,56.45000089
1/11/2025 23:00,53.49000085
1/12/2025,47.74067875
1/12/2025 1:00,56.48474664
1/12/2025 2:00,52.13666725
1/12/2025 3:00,49.31186521
1/12/2025 4:00,53.52034003
1/12/2025 5:00,58.36379406
1/12/2025 6:00,71.28644213
1/12/2025 7:00,96.02833443
1/12/2025 8:00,98.94000142
1/12/2025 9:00,87.8583346
1/12/2025 10:00,83.85423912
1/12/2025 11:00,61.1283343
1/12/2025 12:00,43.48305208
1/12/2025 13:00,34.18644136
1/12/2025 14:00,28.86166709
1/12/2025 15:00,32.09500068
1/12/2025 16:00,41.18813647
1/12/2025 17:00,49.7083341
1/12/2025 18:00,60.87931179
1/12/2025 19:00,72.694917
1/12/2025 20:00,69.92631725
1/12/2025 21:00,82.7016961
1/12/2025 22:00,76.16724238
1/12/2025 23:00,62.04406868
1/13/2025,46.30689726
1/13/2025 1:00,44.8830516
1/13/2025 2:00,36.59830598
1/13/2025 3:00,47.103449
1/13/2025 4:00,52.85833384
1/13/2025 5:00,69.22373057
1/13/2025 6:00,73.6966678
1/13/2025 7:00,98.8862085
1/13/2025 8:00,94.35333443
1/13/2025 9:00,84.06551914
1/13/2025 10:00,86.05000141
1/13/2025 11:00,56.61186532
1/13/2025 12:00,35.10000061
1/13/2025 13:00,25.37017605
1/13/2025 14:00,32.18135669
1/13/2025 15:00,32.89322113
1/13/2025 16:00,37.23559383
1/13/2025 17:00,38.46666756
1/13/2025 18:00,49.2466671
1/13/2025 19:00,47.4433342
1/13/2025 20:00,99.3550017
1/13/2025 21:00,94.65087864
1/13/2025 22:00,95.48166784
1/13/2025 23:00,109.5593236
1/14/2025,84.81833483
1/14/2025 1:00,71.52203486
1/14/2025 2:00,57.30666746
1/14/2025 3:00,54.87796686
1/14/2025 4:00,59.64000085
1/14/2025 5:00,73.91666807
1/14/2025 6:00,81.62586344
1/14/2025 7:00,104.0933356
1/14/2025 8:00,107.2305099
1/14/2025 9:00,90.01666845
1/14/2025 10:00,83.54666812
1/14/2025 11:00,85.89655264
1/14/2025 12:00,58.27500121
1/14/2025 13:00,34.76500069
1/14/2025 14:00,32.66000077
1/14/2025 15:00,28.63333371
1/14/2025 16:00,33.64406848
1/14/2025 17:00,43.92203483
1/14/2025 18:00,55.44237376
1/14/2025 19:00,58.41833401
1/14/2025 20:00,56.25789535
1/14/2025 21:00,68.87627249
1/14/2025 22:00,84.23389991
1/14/2025 23:00,56.22833417
1/15/2025,59.87333412
1/15/2025 1:00,55.57586275
1/15/2025 2:00,55.49310441
1/15/2025 3:00,47.9016957
1/15/2025 4:00,50.94915338
1/15/2025 5:00,62.12203527
1/15/2025 6:00,69.79500141
1/15/2025 7:00,99.30500132
1/15/2025 8:00,109.9355951
1/15/2025 9:00,80.2847475
1/15/2025 10:00,93.92000109
1/15/2025 11:00,78.26833509
1/15/2025 12:00,65.09322144
1/15/2025 13:00,44.96166744
1/15/2025 14:00,40.58500086
1/15/2025 15:00,36.36333389
1/15/2025 16:00,40.1650006
1/15/2025 17:00,42.45423825
1/15/2025 18:00,49.11206969
1/15/2025 19:00,42.75333411
1/15/2025 20:00,47.63389891
1/15/2025 21:00,62.25833422
1/15/2025 22:00,78.13389949
1/15/2025 23:00,74.05423892
1/16/2025,62.70333455
1/16/2025 1:00,60.99833412
1/16/2025 2:00,81.36666832
1/16/2025 3:00,61.51833445
1/16/2025 4:00,59.13166739
1/16/2025 5:00,62.13050965
1/16/2025 6:00,77.42881497
1/16/2025 7:00,102.5133349
1/16/2025 8:00,105.1766679
1/16/2025 9:00,92.74500097
1/16/2025 10:00,100.9483348
1/16/2025 11:00,101.0440697
1/16/2025 12:00,54.255001
1/16/2025 13:00,44.82203467
1/16/2025 14:00,41.98166746
1/16/2025 15:00,36.52807105
1/16/2025 16:00,29.94067858
1/16/2025 17:00,44.52500083
1/16/2025 18:00,56.98305175
1/16/2025 19:00,52.97666804
1/16/2025 20:00,77.5050859
1/16/2025 21:00,71.10678075
1/16/2025 22:00,67.89310468
1/16/2025 23:00,58.09833399
1/17/2025,56.58500099
1/17/2025 1:00,59.32372969
1/17/2025 2:00,82.00351073
1/17/2025 3:00,82.76440805
1/17/2025 4:00,75.18813686
1/17/2025 5:00,71.87758755
1/17/2025 6:00,79.21579073
1/17/2025 7:00,101.2135603
1/17/2025 8:00,110.9293118
1/17/2025 9:00,108.8200015
1/17/2025 10:00,100.906898
1/17/2025 11:00,96.745764
1/17/2025 12:00,75.15423849
1/17/2025 13:00,34.64912328
1/17/2025 14:00,29.64406841
1/17/2025 15:00,25.61666718
1/17/2025 16:00,26.86896591
1/17/2025 17:00,30.02241424
1/17/2025 18:00,71.11000156
1/17/2025 19:00,80.08166835
1/17/2025 20:00,66.19152638
1/17/2025 21:00,92.00517378
1/17/2025 22:00,67.85593279
1/17/2025 23:00,55.65166766
1/18/2025,50.98772002
1/18/2025 1:00,69.0200009
1/18/2025 2:00,49.24067888
1/18/2025 3:00,60.75833429
1/18/2025 4:00,60.03620799
1/18/2025 5:00,75.58474783
1/18/2025 6:00,72.1233352
1/18/2025 7:00,93.35666809
1/18/2025 8:00,110.9431051
1/18/2025 9:00,70.95000134
1/18/2025 10:00,76.23965678
1/18/2025 11:00,80.17118771
1/18/2025 12:00,46.78070249
1/18/2025 13:00,22.77666712
1/18/2025 14:00,21.20350908
1/18/2025 15:00,23.44210568
1/18/2025 16:00,29.06666705
1/18/2025 17:00,37.56666714
1/18/2025 18:00,78.15166817
1/18/2025 19:00,102.2508488
1/18/2025 20:00,98.29666799
1/18/2025 21:00,96.18833466
1/18/2025 22:00,80.63729018
1/18/2025 23:00,50.86500053
1/19/2025,55.41355999
1/19/2025 1:00,50.37966208
1/19/2025 2:00,53.92000058
1/19/2025 3:00,58.83500074
1/19/2025 4:00,54.08500074
1/19/2025 5:00,60.35000089
1/19/2025 6:00,76.04067948
1/19/2025 7:00,103.6500017
1/19/2025 8:00,124.7228095
1/19/2025 9:00,109.861405
1/19/2025 10:00,108.3771945
1/19/2025 11:00,96.35932315
1/19/2025 12:00,96.38833504
1/19/2025 13:00,67.56166782
1/19/2025 14:00,30.05789509
1/19/2025 15:00,29.71666705
1/19/2025 16:00,36.28813624
1/19/2025 17:00,45.21333415
1/19/2025 18:00,65.25666752
1/19/2025 19:00,65.10508599
1/19/2025 20:00,69.63965646
1/19/2025 21:00,99.22166824
1/19/2025 22:00,86.62241561
1/19/2025 23:00,80.56166814
1/20/2025,75.68833466
1/20/2025 1:00,66.24915372
1/20/2025 2:00,67.90169596
1/20/2025 3:00,68.7833346
1/20/2025 4:00,76.84138107
1/20/2025 5:00,70.51500168
1/20/2025 6:00,81.92034007
1/20/2025 7:00,111.4566689
1/20/2025 8:00,119.1631596
1/20/2025 9:00,98.20339164
1/20/2025 10:00,80.8263173
1/20/2025 11:00,51.28500074
1/20/2025 12:00,58.71695017
1/20/2025 13:00,58.42333374
1/20/2025 14:00,53.39830605
1/20/2025 15:00,30.73214337
1/20/2025 16:00,39.9616676
1/20/2025 17:00,53.63157982
1/20/2025 18:00,72.87678657
1/20/2025 19:00,122.122416
1/20/2025 20:00,132.635595
1/20/2025 21:00,117.966103
1/20/2025 22:00,97.13166771
1/20/2025 23:00,81.11166827
1/21/2025,71.11666781
1/21/2025 1:00,75.90508619
1/21/2025 2:00,83.12542531
1/21/2025 3:00,96.53050969
1/21/2025 4:00,95.48474742
1/21/2025 5:00,91.25254356
1/21/2025 6:00,99.41833496
1/21/2025 7:00,132.7152568
1/21/2025 8:00,136.7711883
1/21/2025 9:00,112.1672426
1/21/2025 10:00,118.587722
1/21/2025 11:00,117.3033922
1/21/2025 12:00,62.13389949
1/21/2025 13:00,39.42241458
1/21/2025 14:00,26.92881403
1/21/2025 15:00,20.85084778
1/21/2025 16:00,27.44406807
1/21/2025 17:00,41.02372942
1/21/2025 18:00,56.0450009
1/21/2025 19:00,91.61379426
1/21/2025 20:00,110.4491243
1/21/2025 21:00,98.74576426
1/21/2025 22:00,83.2310353
1/21/2025 23:00,52.76949252
1/22/2025,62.58793186
1/22/2025 1:00,82.00345006
1/22/2025 2:00,87.70166817
1/22/2025 3:00,84.69000155
1/22/2025 4:00,76.2517253
1/22/2025 5:00,77.38500201
1/22/2025 6:00,90.53333486
1/22/2025 7:00,129.5700026
1/22/2025 8:00,135.9603486
1/22/2025 9:00,113.0711878
1/22/2025 10:00,112.5916688
1/22/2025 11:00,96.07931131
1/22/2025 12:00,31.13508828
1/22/2025 13:00,20.69322079
1/22/2025 14:00,15.67118684
1/22/2025 15:00,16.44576305
1/22/2025 16:00,16.65666712
1/22/2025 17:00,48.93666751
1/22/2025 18:00,82.46333466
1/22/2025 19:00,83.23684371
1/22/2025 20:00,81.18166784
1/22/2025 21:00,90.25333481
1/22/2025 22:00,75.71833471
1/22/2025 23:00,61.34655229
1/23/2025,47.38965574
1/23/2025 1:00,48.56379377
1/23/2025 2:00,54.69482856
1/23/2025 3:00,54.76333415
1/23/2025 4:00,52.81186527
1/23/2025 5:00,56.3750007
1/23/2025 6:00,64.99833457
1/23/2025 7:00,108.7616685
1/23/2025 8:00,121.8271208
1/23/2025 9:00,90.24333502
1/23/2025 10:00,85.13500175
1/23/2025 11:00,63.30689733
1/23/2025 12:00,57.13898371
1/23/2025 13:00,24.2793107
1/23/2025 14:00,17.78448315
1/23/2025 15:00,20.22881393
1/23/2025 16:00,23.87333368
1/23/2025 17:00,53.78983123
1/23/2025 18:00,67.99000123
1/23/2025 19:00,96.49322199
1/23/2025 20:00,76.55333462
1/23/2025 21:00,84.28474724
1/23/2025 22:00,66.9200016
1/23/2025 23:00,51.87758702
1/24/2025,49.20169572
1/24/2025 1:00,36.46271256
1/24/2025 2:00,35.28000088
1/24/2025 3:00,39.28666738
1/24/2025 4:00,48.32241453
1/24/2025 5:00,61.05862177
1/24/2025 6:00,79.6500014
1/24/2025 7:00,115.996612
1/24/2025 8:00,128.748278
1/24/2025 9:00,99.63559503
1/24/2025 10:00,75.30833486
1/24/2025 11:00,48.76949223
1/24/2025 12:00,28.70169539
1/24/2025 13:00,39.82166742
1/24/2025 14:00,33.0220345
1/24/2025 15:00,32.88813604
1/24/2025 16:00,32.90833384
1/24/2025 17:00,32.29666723
1/24/2025 18:00,39.98448355
1/24/2025 19:00,50.20847579
1/24/2025 20:00,31.62711916
1/24/2025 21:00,36.96949212
1/24/2025 22:00,54.34166718
1/24/2025 23:00,56.3600008
1/25/2025,38.65084845
1/25/2025 1:00,45.0220346
1/25/2025 2:00,50.58305165
1/25/2025 3:00,44.77457687
1/25/2025 4:00,47.76000093
1/25/2025 5:00,54.32909171
1/25/2025 6:00,72.73389971
1/25/2025 7:00,100.1913815
1/25/2025 8:00,105.4508789
1/25/2025 9:00,78.34237464
1/25/2025 10:00,54.01333427
1/25/2025 11:00,36.29166705
1/25/2025 12:00,27.67457668
1/25/2025 13:00,34.6844833
1/25/2025 14:00,42.42333399
1/25/2025 15:00,49.62069051
1/25/2025 16:00,63.52586319
1/25/2025 17:00,71.95333506
1/25/2025 18:00,78.37931153
1/25/2025 19:00,79.72982614
1/25/2025 20:00,74.79138105
1/25/2025 21:00,71.02881519
1/25/2025 22:00,71.5610186
1/25/2025 23:00,85.45517402
1/26/2025,71.36610316
1/26/2025 1:00,61.62166735
1/26/2025 2:00,70.68813693
1/26/2025 3:00,76.27500165
1/26/2025 4:00,79.28813727
1/26/2025 5:00,85.19152716
1/26/2025 6:00,83.25932364
1/26/2025 7:00,91.97321538
1/26/2025 8:00,96.63390014
1/26/2025 9:00,73.23333492
1/26/2025 10:00,54.6885254
1/26/2025 11:00,57.30000079
1/26/2025 12:00,59.55166753
1/26/2025 13:00,58.19138014
1/26/2025 14:00,52.68666763
1/26/2025 15:00,51.88333422
1/26/2025 16:00,57.26949226
1/26/2025 17:00,64.95500132
1/26/2025 18:00,82.92542487
1/26/2025 19:00,84.98448405
1/26/2025 20:00,106.0916688
1/26/2025 21:00,89.82666817
1/26/2025 22:00,78.0810364
1/26/2025 23:00,75.51864546
1/27/2025,74.84166819
1/27/2025 1:00,70.38666801
1/27/2025 2:00,71.46833522
1/27/2025 3:00,71.57333514
1/27/2025 4:00,71.61551877
1/27/2025 5:00,81.18166835
1/27/2025 6:00,87.99322186
1/27/2025 7:00,113.1327601
1/27/2025 8:00,122.2733353
1/27/2025 9:00,110.4593233
1/27/2025 10:00,95.12166837
1/27/2025 11:00,68.79500109
1/27/2025 12:00,47.01333408
1/27/2025 13:00,39.21000067
1/27/2025 14:00,40.60833441
1/27/2025 15:00,40.97333406
1/27/2025 16:00,42.43833402
1/27/2025 17:00,46.15500075
1/27/2025 18:00,63.73103563
1/27/2025 19:00,69.3576289
1/27/2025 20:00,64.82758746
1/27/2025 21:00,61.86379426
1/27/2025 22:00,77.57457785
1/27/2025 23:00,68.3933349
1/28/2025,66.72542482
1/28/2025 1:00,57.07457707
1/28/2025 2:00,63.11896607
1/28/2025 3:00,69.39152721
1/28/2025 4:00,68.24333509
1/28/2025 5:00,77.74482898
1/28/2025 6:00,91.38983219
1/28/2025 7:00,114.0816683
1/28/2025 8:00,121.6383345
1/28/2025 9:00,107.1706911
1/28/2025 10:00,84.38644228
1/28/2025 11:00,53.1844835
1/28/2025 12:00,44.73666744
1/28/2025 13:00,45.6116677
1/28/2025 14:00,44.61578998
1/28/2025 15:00,45.97166761
1/28/2025 16:00,47.25666752
1/28/2025 17:00,52.11864497
1/28/2025 18:00,56.33620742
1/28/2025 19:00,61.05500075
1/28/2025 20:00,63.01379381
1/28/2025 21:00,63.20169598
1/28/2025 22:00,58.12000078
1/28/2025 23:00,63.88500093
1/29/2025,67.50000123
1/29/2025 1:00,53.62881424
1/29/2025 2:00,70.00847529
1/29/2025 3:00,67.83500137
1/29/2025 4:00,56.81000093
1/29/2025 5:00,59.2593226
1/29/2025 6:00,70.26724263
1/29/2025 7:00,109.3416692
1/29/2025 8:00,125.2203417
1/29/2025 9:00,92.58305268
1/29/2025 10:00,72.80333468
1/29/2025 11:00,67.32373008
1/29/2025 12:00,60.3327594
1/29/2025 13:00,57.79824655
1/29/2025 14:00,52.62142938
1/29/2025 15:00,55.74666735
1/29/2025 16:00,57.98965605
1/29/2025 17:00,65.21551869
1/29/2025 18:00,75.16333466
1/29/2025 19:00,79.3881373
1/29/2025 20:00,80.65333494
1/29/2025 21:00,87.14915415
1/29/2025 22:00,84.09500148
1/29/2025 23:00,79.03793269
1/30/2025,82.89166819
1/30/2025 1:00,91.47288255
1/30/2025 2:00,70.0333346
1/30/2025 3:00,71.63050959
1/30/2025 4:00,81.96779788
1/30/2025 5:00,87.37833494
1/30/2025 6:00,96.12166837
1/30/2025 7:00,86.92166824
1/30/2025 8:00,96.91166827
1/30/2025 9:00,79.65087904
1/30/2025 10:00,66.03275977
1/30/2025 11:00,63.04576376
1/30/2025 12:00,60.21500117
1/30/2025 13:00,48.66666737
1/30/2025 14:00,49.69333401
1/30/2025 15:00,50.00339036
1/30/2025 16:00,51.08500074
1/30/2025 17:00,56.2459022
1/30/2025 18:00,80.81017116
1/30/2025 19:00,88.45789645
1/30/2025 20:00,83.58166771
1/30/2025 21:00,87.79827736
1/30/2025 22:00,75.69166845
1/30/2025 23:00,74.52000109
1/31/2025,83.10678081
1/31/2025 1:00,79.91833496
1/31/2025 2:00,77.47166862
1/31/2025 3:00,72.57833455
1/31/2025 4:00,78.63833466
1/31/2025 5:00,73.36779779
1/31/2025 6:00,93.34333522
1/31/2025 7:00,105.2950016
1/31/2025 8:00,99.36271331
1/31/2025 9:00,94.05084901
1/31/2025 10:00,101.7683347
1/31/2025 11:00,88.591527
1/31/2025 12:00,36.99000072
1/31/2025 13:00,37.68833402
1/31/2025 14:00,41.16440757
1/31/2025 15:00,46.83898376
1/31/2025 16:00,49.85762787
1/31/2025 17:00,52.26440766
1/31/2025 18:00,69.7300012
1/31/2025 19:00,102.7271202
1/31/2025 20:00,98.12542531
1/31/2025 21:00,95.70169649
1/31/2025 22:00,90.38983206
1/31/2025 23:00,85.79833476
2/1/2025,76.76551871
2/1/2025 1:00,69.60500151
2/1/2025 2:00,63.99491637
2/1/2025 3:00,62.82711967
2/1/2025 4:00,65.16724277
2/1/2025 5:00,69.02203531
2/1/2025 6:00,76.68448402
2/1/2025 7:00,100.3423741
2/1/2025 8:00,101.4288152
2/1/2025 9:00,95.15614198
2/1/2025 10:00,94.0800012
2/1/2025 11:00,86.2900013
2/1/2025 12:00,77.29655312
2/1/2025 13:00,48.80166759
2/1/2025 14:00,38.07500067
2/1/2025 15:00,39.67586267
2/1/2025 16:00,48.92372959
2/1/2025 17:00,56.5433342
2/1/2025 18:00,78.135594
2/1/2025 19:00,102.1762725
2/1/2025 20:00,97.78474724
2/1/2025 21:00,84.38644248
2/1/2025 22:00,64.01356086
2/1/2025 23:00,60.46610266
2/2/2025,53.33000075
2/2/2025 1:00,51.54576363
2/2/2025 2:00,49.79166762
2/2/2025 3:00,52.04745833
2/2/2025 4:00,55.6440687
2/2/2025 5:00,59.7830517
2/2/2025 6:00,71.55833473
2/2/2025 7:00,105.4389851
2/2/2025 8:00,109.3603471
2/2/2025 9:00,94.95593378
2/2/2025 10:00,68.1551736
2/2/2025 11:00,63.86500098
2/2/2025 12:00,37.42857218
2/2/2025 13:00,22.75087761
2/2/2025 14:00,22.13500037
2/2/2025 15:00,25.85000045
2/2/2025 16:00,34.30166728
2/2/2025 17:00,39.00500088
2/2/2025 18:00,43.32166716
2/2/2025 19:00,72.38793209
2/2/2025 20:00,64.43898424
2/2/2025 21:00,78.59310479
2/2/2025 22:00,73.69152703
2/2/2025 23:00,60.73620757
2/3/2025,57.05344917
2/3/2025 1:00,58.0931042
2/3/2025 2:00,49.60666758
2/3/2025 3:00,44.97413872
2/3/2025 4:00,45.64666748
2/3/2025 5:00,53.86101765
2/3/2025 6:00,66.53500112
2/3/2025 7:00,100.2491543
2/3/2025 8:00,94.27288327
2/3/2025 9:00,80.49000168
2/3/2025 10:00,75.8627137
2/3/2025 11:00,66.24833469
2/3/2025 12:00,39.2000006
2/3/2025 13:00,35.35166725
2/3/2025 14:00,35.93389896
2/3/2025 15:00,34.26271274
2/3/2025 16:00,38.0966677
2/3/2025 17:00,80.7950016
2/3/2025 18:00,84.14666786
2/3/2025 19:00,86.9084761
2/3/2025 20:00,85.76949297
2/3/2025 21:00,83.43051018
2/3/2025 22:00,80.9389845
2/3/2025 23:00,77.20666822
2/4/2025,80.16101902
2/4/2025 1:00,70.88333467
2/4/2025 2:00,66.70678097
2/4/2025 3:00,61.28793171
2/4/2025 4:00,68.23500099
2/4/2025 5:00,76.21379458
2/4/2025 6:00,100.9779682
2/4/2025 7:00,137.3783361
2/4/2025 8:00,121.8016684
2/4/2025 9:00,109.1728827
2/4/2025 10:00,93.35593363
2/4/2025 11:00,91.59500148
2/4/2025 12:00,81.89830651
2/4/2025 13:00,68.93275938
2/4/2025 14:00,41.38166761
2/4/2025 15:00,31.67000036
2/4/2025 16:00,32.65166731
2/4/2025 17:00,41.22203458
2/4/2025 18:00,68.92000167
2/4/2025 19:00,89.55689831
2/4/2025 20:00,93.03333456
2/4/2025 21:00,96.87833443
2/4/2025 22:00,87.77627279
2/4/2025 23:00,84.72166812
2/5/2025,83.17833519
2/5/2025 1:00,84.73833478
2/5/2025 2:00,86.62881534
2/5/2025 3:00,88.28620884
2/5/2025 4:00,88.79833514
2/5/2025 5:00,93.14745913
2/5/2025 6:00,110.3745783
2/5/2025 7:00,157.6983368
2/5/2025 8:00,149.6116694
2/5/2025 9:00,156.991671
2/5/2025 10:00,95.96034635
2/5/2025 11:00,35.76779734
2/5/2025 12:00,35.09491575
2/5/2025 13:00,36.91355993
2/5/2025 14:00,29.44406813
2/5/2025 15:00,23.84237325
2/5/2025 16:00,24.9627123
2/5/2025 17:00,27.57500057
2/5/2025 18:00,29.82203432
2/5/2025 19:00,26.76896592
2/5/2025 20:00,26.81228106
2/5/2025 21:00,33.90000048
2/5/2025 22:00,37.5633337
2/5/2025 23:00,46.64000066
2/6/2025,38.10333392
2/6/2025 1:00,40.78983132
2/6/2025 2:00,48.175863
2/6/2025 3:00,46.18135698
2/6/2025 4:00,48.28666738
2/6/2025 5:00,54.87000078
2/6/2025 6:00,70.91724258
2/6/2025 7:00,116.1433351
2/6/2025 8:00,111.7724163
2/6/2025 9:00,85.50862214
2/6/2025 10:00,80.85593434
2/6/2025 11:00,50.48135699
2/6/2025 12:00,34.56833423
2/6/2025 13:00,28.01017014
2/6/2025 14:00,21.97000047
2/6/2025 15:00,24.79500046
2/6/2025 16:00,30.29500036
2/6/2025 17:00,32.60517295
2/6/2025 18:00,45.55254309
2/6/2025 19:00,58.65166766
2/6/2025 20:00,68.66724244
2/6/2025 21:00,67.66610317
2/6/2025 22:00,45.77543928
2/6/2025 23:00,48.46333408
2/7/2025,58.0067804
2/7/2025 1:00,47.63666744
2/7/2025 2:00,49.50666758
2/7/2025 3:00,46.45500094
2/7/2025 4:00,46.01666749
2/7/2025 5:00,51.03750031
2/7/2025 6:00,70.41034567
2/7/2025 7:00,110.0616679
2/7/2025 8:00,109.3796627
2/7/2025 9:00,76.98666814
2/7/2025 10:00,77.52857283
2/7/2025 11:00,70.34736934
2/7/2025 12:00,52.38500102
2/7/2025 13:00,21.86779687
2/7/2025 14:00,24.07833373
2/7/2025 15:00,24.30847485
2/7/2025 16:00,23.45593252
2/7/2025 17:00,35.20666749
2/7/2025 18:00,51.29166756
2/7/2025 19:00,71.79833476
2/7/2025 20:00,70.39661188
2/7/2025 21:00,59.48275961
2/7/2025 22:00,51.58000062
2/7/2025 23:00,46.72166748
2/8/2025,45.51896621
2/8/2025 1:00,44.13620765
2/8/2025 2:00,40.96500085
2/8/2025 3:00,40.03103513
2/8/2025 4:00,40.98474664
2/8/2025 5:00,47.26610248
2/8/2025 6:00,65.37288265
2/8/2025 7:00,89.95762867
2/8/2025 8:00,81.86379479
2/8/2025 9:00,76.1576282
2/8/2025 10:00,48.95833391
2/8/2025 11:00,55.88833402
2/8/2025 12:00,65.03000088
2/8/2025 13:00,68.14500103
2/8/2025 14:00,72.08333511
2/8/2025 15:00,80.55084914
2/8/2025 16:00,83.54067916
2/8/2025 17:00,82.87457831
2/8/2025 18:00,80.74138063
2/8/2025 19:00,80.68000158
2/8/2025 20:00,84.02000135
2/8/2025 21:00,86.7700016
2/8/2025 22:00,88.23000158
2/8/2025 23:00,86.45254323
2/9/2025,92.09333483
2/9/2025 1:00,95.3603463
2/9/2025 2:00,117.380002
2/9/2025 3:00,126.3066689
2/9/2025 4:00,107.7614051
2/9/2025 5:00,100.3568985
2/9/2025 6:00,99.93898515
2/9/2025 7:00,103.4733342
2/9/2025 8:00,109.0050867
2/9/2025 9:00,99.54067941
2/9/2025 10:00,91.39833501
2/9/2025 11:00,81.15517373
2/9/2025 12:00,71.1372894
2/9/2025 13:00,74.77931174
2/9/2025 14:00,67.9816679
2/9/2025 15:00,60.08666738
2/9/2025 16:00,60.85254346
2/9/2025 17:00,66.59152655
2/9/2025 18:00,73.67166812
2/9/2025 19:00,75.99491675
2/9/2025 20:00,73.44833527
2/9/2025 21:00,83.81695039
2/9/2025 22:00,91.02069105
2/9/2025 23:00,86.87118789
2/10/2025,88.41833483
2/10/2025 1:00,83.25263335
2/10/2025 2:00,80.07833481
2/10/2025 3:00,81.54576408
2/10/2025 4:00,87.39152669
2/10/2025 5:00,94.12069137
2/10/2025 6:00,105.8741399
2/10/2025 7:00,124.0610191
2/10/2025 8:00,104.8067818
2/10/2025 9:00,121.4137946
2/10/2025 10:00,103.6233349
2/10/2025 11:00,99.36500168
2/10/2025 12:00,61.2131155
2/10/2025 13:00,42.87666715
2/10/2025 14:00,53.12333406
2/10/2025 15:00,61.8135601
2/10/2025 16:00,63.31333459
2/10/2025 17:00,78.27333501
2/10/2025 18:00,85.42373049
2/10/2025 19:00,88.44333471
2/10/2025 20:00,85.69310524
2/10/2025 21:00,78.68135795
2/10/2025 22:00,66.26666845
2/10/2025 23:00,64.2228081
2/11/2025,66.57966226
2/11/2025 1:00,69.14745958
2/11/2025 2:00,69.92203548
2/11/2025 3:00,74.50508674
2/11/2025 4:00,80.07333476
2/11/2025 5:00,90.77166799
2/11/2025 6:00,93.5355941
2/11/2025 7:00,122.6183351
2/11/2025 8:00,117.7566685
2/11/2025 9:00,118.6333347
2/11/2025 10:00,125.625002
2/11/2025 11:00,79.85517344
2/11/2025 12:00,33.00333403
2/11/2025 13:00,21.34166698
2/11/2025 14:00,21.89666707
2/11/2025 15:00,25.5258625
2/11/2025 16:00,33.02881402
2/11/2025 17:00,48.74915336
2/11/2025 18:00,62.77758684
2/11/2025 19:00,67.5086222
2/11/2025 20:00,76.14915376
2/11/2025 21:00,83.50678111
2/11/2025 22:00,81.47966172
2/11/2025 23:00,80.81525538
2/12/2025,89.0421069
2/12/2025 1:00,82.65344935
2/12/2025 2:00,83.88833516
2/12/2025 3:00,79.1610185
2/12/2025 4:00,74.956898
2/12/2025 5:00,79.00666796
2/12/2025 6:00,94.0457646
2/12/2025 7:00,121.4067819
2/12/2025 8:00,114.0677985
2/12/2025 9:00,103.6258637
2/12/2025 10:00,93.46949322
2/12/2025 11:00,51.46333418
2/12/2025 12:00,32.04067854
2/12/2025 13:00,34.16949217
2/12/2025 14:00,59.46551843
2/12/2025 15:00,85.70000134
2/12/2025 16:00,109.2350895
2/12/2025 17:00,83.13965646
2/12/2025 18:00,77.82711986
2/12/2025 19:00,82.73793319
2/12/2025 20:00,67.29166781
2/12/2025 21:00,58.094916
2/12/2025 22:00,57.94666729
2/12/2025 23:00,63.73500112
2/13/2025,85.30666784
2/13/2025 1:00,87.10166779
2/13/2025 2:00,60.50666796
2/13/2025 3:00,50.88644157
2/13/2025 4:00,45.30500081
2/13/2025 5:00,53.33220395
2/13/2025 6:00,69.93500125
2/13/2025 7:00,118.835002
2/13/2025 8:00,92.87833494
2/13/2025 9:00,73.47166793
2/13/2025 10:00,61.41695003
2/13/2025 11:00,46.55762786
2/13/2025 12:00,39.55423801
2/13/2025 13:00,39.65932277
2/13/2025 14:00,45.00333398
2/13/2025 15:00,60.08813709
2/13/2025 16:00,79.61207054
2/13/2025 17:00,90.10344959
2/13/2025 18:00,97.41724304
2/13/2025 19:00,98.17500153
2/13/2025 20:00,92.91356077
2/13/2025 21:00,96.33666852
2/13/2025 22:00,96.16379442
2/13/2025 23:00,93.93051018
2/14/2025,85.86333516
2/14/2025 1:00,86.64833476
2/14/2025 2:00,89.70689787
2/14/2025 3:00,85.49500148
2/14/2025 4:00,86.91034685
2/14/2025 5:00,91.35166817
2/14/2025 6:00,106.6000014
2/14/2025 7:00,127.3600024
2/14/2025 8:00,127.5016967
2/14/2025 9:00,103.7084764
2/14/2025 10:00,101.2650017
2/14/2025 11:00,75.20833473
2/14/2025 12:00,66.31833464
2/14/2025 13:00,64.48135719
2/14/2025 14:00,63.92711963
2/14/2025 15:00,68.46271282
2/14/2025 16:00,79.22241513
2/14/2025 17:00,82.96333504
2/14/2025 18:00,86.56610327
2/14/2025 19:00,87.68983253
2/14/2025 20:00,89.1206911
2/14/2025 21:00,86.51000226
2/14/2025 22:00,85.09152648
2/14/2025 23:00,85.22931211
2/15/2025,77.13220486
2/15/2025 1:00,76.81333516
2/15/2025 2:00,79.05000127
2/15/2025 3:00,77.11833496
2/15/2025 4:00,82.19333509
2/15/2025 5:00,83.20166829
2/15/2025 6:00,76.65593396
2/15/2025 7:00,80.56500168
2/15/2025 8:00,74.37333501
2/15/2025 9:00,74.42034072
2/15/2025 10:00,73.42333438
2/15/2025 11:00,77.98166809
2/15/2025 12:00,80.64666735
2/15/2025 13:00,74.62241521
2/15/2025 14:00,67.21695063
2/15/2025 15:00,68.82203513
2/15/2025 16:00,73.89491621
2/15/2025 17:00,73.95272841
2/15/2025 18:00,78.61186593
2/15/2025 19:00,80.40000113
2/15/2025 20:00,80.29661095
2/15/2025 21:00,95.98983196
2/15/2025 22:00,80.46315966
2/15/2025 23:00,80.59000142
2/16/2025,81.62586357
2/16/2025 1:00,80.20169636
2/16/2025 2:00,81.60169621
2/16/2025 3:00,81.75833473
2/16/2025 4:00,83.69661157
2/16/2025 5:00,87.02413927
2/16/2025 6:00,98.29000168
2/16/2025 7:00,117.8137944
2/16/2025 8:00,124.5583356
2/16/2025 9:00,106.0896566
2/16/2025 10:00,98.33220492
2/16/2025 11:00,83.18245724
2/16/2025 12:00,63.78333441
2/16/2025 13:00,58.16666768
2/16/2025 14:00,60.90862156
2/16/2025 15:00,66.60862193
2/16/2025 16:00,70.88500163
2/16/2025 17:00,75.96333542
2/16/2025 18:00,81.59655328
2/16/2025 19:00,83.82631737
2/16/2025 20:00,83.24745915
2/16/2025 21:00,83.8300012
2/16/2025 22:00,84.0966685
2/16/2025 23:00,85.70344978
2/17/2025,86.92833494
2/17/2025 1:00,76.3500015
2/17/2025 2:00,72.43220507
2/17/2025 3:00,80.44166819
2/17/2025 4:00,81.3950016
2/17/2025 5:00,91.5896567
2/17/2025 6:00,99.96034596
2/17/2025 7:00,109.7327602
2/17/2025 8:00,116.9733351
2/17/2025 9:00,115.0322051
2/17/2025 10:00,99.43898463
2/17/2025 11:00,80.35254411
2/17/2025 12:00,80.65593351
2/17/2025 13:00,65.59833457
2/17/2025 14:00,61.99500116
2/17/2025 15:00,65.53833491
2/17/2025 16:00,68.71833547
2/17/2025 17:00,71.28135694
2/17/2025 18:00,69.0016967
2/17/2025 19:00,69.37627243
2/17/2025 20:00,69.4898317
2/17/2025 21:00,72.47966236
2/17/2025 22:00,75.76833534
2/17/2025 23:00,72.49491701
2/18/2025,74.52333488
2/18/2025 1:00,76.65932361
2/18/2025 2:00,77.25689842
2/18/2025 3:00,70.4186457
2/18/2025 4:00,83.34561572
2/18/2025 5:00,79.71551908
2/18/2025 6:00,109.0421065
2/18/2025 7:00,111.9237306
2/18/2025 8:00,105.6661032
2/18/2025 9:00,104.1372897
2/18/2025 10:00,91.60784448
2/18/2025 11:00,75.85438765
2/18/2025 12:00,52.01356015
2/18/2025 13:00,55.74576362
2/18/2025 14:00,61.7677977
2/18/2025 15:00,64.79152667
2/18/2025 16:00,70.45666822
2/18/2025 17:00,76.11166827
2/18/2025 18:00,81.36500168
2/18/2025 19:00,82.77288275
2/18/2025 20:00,83.2017258
2/18/2025 21:00,83.65689797
2/18/2025 22:00,87.68305219
2/18/2025 23:00,87.77500153
2/19/2025,92.4583346
2/19/2025 1:00,105.9084761
2/19/2025 2:00,103.0516683
2/19/2025 3:00,98.76181974
2/19/2025 4:00,95.06271349
2/19/2025 5:00,96.56315921
2/19/2025 6:00,110.5100016
2/19/2025 7:00,125.3916687
2/19/2025 8:00,127.6550031
2/19/2025 9:00,125.0305098
2/19/2025 10:00,120.9169507
2/19/2025 11:00,77.90000172
2/19/2025 12:00,53.55833422
2/19/2025 13:00,58.36271247
2/19/2025 14:00,55.31166757
2/19/2025 15:00,54.85689742
2/19/2025 16:00,54.59830591
2/19/2025 17:00,58.57931104
2/19/2025 18:00,59.86034564
2/19/2025 19:00,72.62333495
2/19/2025 20:00,70.05000101
2/19/2025 21:00,70.81166801
2/19/2025 22:00,69.80166791
2/19/2025 23:00,72.29322181
2/20/2025,74.1525438
2/20/2025 1:00,79.22203529
2/20/2025 2:00,74.43793251
2/20/2025 3:00,69.59166794
2/20/2025 4:00,72.91356051
2/20/2025 5:00,75.88166796
2/20/2025 6:00,89.4400013
2/20/2025 7:00,112.4396565
2/20/2025 8:00,122.4689674
2/20/2025 9:00,118.9543881
2/20/2025 10:00,112.4600012
2/20/2025 11:00,70.65084839
2/20/2025 12:00,51.82500083
2/20/2025 13:00,55.75500062
2/20/2025 14:00,66.99830653
2/20/2025 15:00,72.8350015
2/20/2025 16:00,71.89152695
2/20/2025 17:00,80.61034591
2/20/2025 18:00,87.27166837
2/20/2025 19:00,93.25593347
2/20/2025 20:00,101.9796621
2/20/2025 21:00,94.17457787
2/20/2025 22:00,87.06833509
2/20/2025 23:00,103.0950019
2/21/2025,88.90508645
2/21/2025 1:00,81.94745933
2/21/2025 2:00,87.8627128
2/21/2025 3:00,85.19833438
2/21/2025 4:00,79.6300017
2/21/2025 5:00,87.03965694
2/21/2025 6:00,97.964409
2/21/2025 7:00,128.6881378
2/21/2025 8:00,119.0525436
2/21/2025 9:00,115.5864425
2/21/2025 10:00,102.3862082
2/21/2025 11:00,64.57500095
2/21/2025 12:00,48.13898377
2/21/2025 13:00,44.47118746
2/21/2025 14:00,45.78333435
2/21/2025 15:00,45.44745836
2/21/2025 16:00,41.6754394
2/21/2025 17:00,47.97666747
2/21/2025 18:00,62.64166787
2/21/2025 19:00,69.08644169
2/21/2025 20:00,95.07457772
2/21/2025 21:00,74.11186593
2/21/2025 22:00,63.87193111
2/21/2025 23:00,55.27796677
2/22/2025,62.25000134
2/22/2025 1:00,60.61666743
2/22/2025 2:00,62.2931045
2/22/2025 3:00,68.16724251
2/22/2025 4:00,72.41525579
2/22/2025 5:00,79.29138078
2/22/2025 6:00,92.02203511
2/22/2025 7:00,110.2448288
2/22/2025 8:00,106.3068982
2/22/2025 9:00,86.36551916
2/22/2025 10:00,72.91379416
2/22/2025 11:00,32.97796676
2/22/2025 12:00,24.09322076
2/22/2025 13:00,24.4966671
2/22/2025 14:00,28.28275911
2/22/2025 15:00,30.52105301
2/22/2025 16:00,34.54500084
2/22/2025 17:00,40.0631588
2/22/2025 18:00,56.49322096
2/22/2025 19:00,55.35593304
2/22/2025 20:00,55.0017247
2/22/2025 21:00,63.44666761
2/22/2025 22:00,56.52881448
2/22/2025 23:00,91.5266681
2/23/2025,53.57966213
2/23/2025 1:00,48.90169564
2/23/2025 2:00,49.91694977
2/23/2025 3:00,47.83898383
2/23/2025 4:00,43.08166707
2/23/2025 5:00,55.43166746
2/23/2025 6:00,53.99333445
2/23/2025 7:00,66.77288256
2/23/2025 8:00,78.80500196
2/23/2025 9:00,82.63050959
2/23/2025 10:00,61.81000074
2/23/2025 11:00,52.02321516
2/23/2025 12:00,39.34736904
2/23/2025 13:00,36.78500067
2/23/2025 14:00,38.26271254
2/23/2025 15:00,46.79322117
2/23/2025 16:00,52.21724221
2/23/2025 17:00,54.38333435
2/23/2025 18:00,61.27666779
2/23/2025 19:00,66.45714365
2/23/2025 20:00,64.88305224
2/23/2025 21:00,64.30357265
2/23/2025 22:00,64.25254376
2/23/2025 23:00,69.99666837
2/24/2025,63.62241495
2/24/2025 1:00,61.81579021
2/24/2025 2:00,61.92372998
2/24/2025 3:00,60.65833422
2/24/2025 4:00,64.10333462
2/24/2025 5:00,67.32069101
2/24/2025 6:00,84.96610299
2/24/2025 7:00,93.39833488
2/24/2025 8:00,86.43666852
2/24/2025 9:00,86.26166827
2/24/2025 10:00,94.32758752
2/24/2025 11:00,62.08813651
2/24/2025 12:00,51.16896629
2/24/2025 13:00,59.58135663
2/24/2025 14:00,58.24576342
2/24/2025 15:00,51.41666756
2/24/2025 16:00,56.24210625
2/24/2025 17:00,60.31356016
2/24/2025 18:00,62.89666761
2/24/2025 19:00,60.13389924
2/24/2025 20:00,64.64576372
2/24/2025 21:00,67.86034624
2/24/2025 22:00,69.15932374
2/24/2025 23:00,72.00500145
2/25/2025,71.34827791
2/25/2025 1:00,76.16271313
2/25/2025 2:00,74.63103617
2/25/2025 3:00,82.14035208
2/25/2025 4:00,81.28793282
2/25/2025 5:00,87.008476
2/25/2025 6:00,114.1933348
2/25/2025 7:00,131.0754417
2/25/2025 8:00,116.9283351
2/25/2025 9:00,101.6224156
2/25/2025 10:00,90.80508617
2/25/2025 11:00,60.2779669
2/25/2025 12:00,54.62833398
2/25/2025 13:00,53.12500083
2/25/2025 14:00,60.97288196
2/25/2025 15:00,63.80847543
2/25/2025 16:00,63.70333424
2/25/2025 17:00,65.77457771
2/25/2025 18:00,69.1915269
2/25/2025 19:00,73.43833466
2/25/2025 20:00,81.12666829
2/25/2025 21:00,75.3372892
2/25/2025 22:00,71.27288236
2/25/2025 23:00,68.62833455
2/26/2025,75.35762864
2/26/2025 1:00,71.14736992
2/26/2025 2:00,75.43389983
2/26/2025 3:00,73.20166842
2/26/2025 4:00,78.54138105
2/26/2025 5:00,78.7789486
2/26/2025 6:00,92.85500158
2/26/2025 7:00,118.4135614
2/26/2025 8:00,123.5550026
2/26/2025 9:00,94.78474711
2/26/2025 10:00,97.33448436
2/26/2025 11:00,69.31551854
2/26/2025 12:00,41.23666732
2/26/2025 13:00,46.20508569
2/26/2025 14:00,56.27069046
2/26/2025 15:00,52.97966165
2/26/2025 16:00,51.73166752
2/26/2025 17:00,57.6516674
2/26/2025 18:00,64.63166796
2/26/2025 19:00,71.71551895
2/26/2025 20:00,69.01896687
2/26/2025 21:00,72.17333514
2/26/2025 22:00,72.34237412
2/26/2025 23:00,75.51724296
2/27/2025,70.78793243
2/27/2025 1:00,73.23728956
2/27/2025 2:00,74.60000191
2/27/2025 3:00,73.88500201
2/27/2025 4:00,82.24000117
2/27/2025 5:00,81.86000137
2/27/2025 6:00,96.83620861
2/27/2025 7:00,131.9423762
2/27/2025 8:00,126.759324
2/27/2025 9:00,109.1066678
2/27/2025 10:00,88.28965694
2/27/2025 11:00,58.44406878
2/27/2025 12:00,49.16206945
2/27/2025 13:00,52.7237296
2/27/2025 14:00,59.06000067
2/27/2025 15:00,62.20666758
2/27/2025 16:00,68.36333466
2/27/2025 17:00,73.31000188
2/27/2025 18:00,79.42881516
2/27/2025 19:00,82.24655349
2/27/2025 20:00,90.85000102
2/27/2025 21:00,92.2400013
2/27/2025 22:00,89.48000132
2/27/2025 23:00,79.70169636
2/28/2025,80.37368587
2/28/2025 1:00,81.96949315
2/28/2025 2:00,80.90000166
2/28/2025 3:00,89.15593332
2/28/2025 4:00,90.2379328
2/28/2025 5:00,85.27966309
2/28/2025 6:00,104.1847476
2/28/2025 7:00,110.8965536
2/28/2025 8:00,126.5067821
2/28/2025 9:00,137.7898328
2/28/2025 10:00,140.5700027
2/28/2025 11:00,105.2016685
2/28/2025 12:00,74.92758731
2/28/2025 13:00,34.58103502
2/28/2025 14:00,33.9135598
2/28/2025 15:00,46.40169577
2/28/2025 16:00,39.59152603
2/28/2025 17:00,45.91206978
2/28/2025 18:00,48.05689733
2/28/2025 19:00,48.62372964
2/28/2025 20:00,47.85593291
2/28/2025 21:00,52.81333396
2/28/2025 22:00,57.12372951
2/28/2025 23:00,61.90339118
3/1/2025,64.47796754
3/1/2025 1:00,64.44067919
3/1/2025 2:00,61.82069042
3/1/2025 3:00,57.70000083
3/1/2025 4:00,41.60000067
3/1/2025 5:00,29.95964954
3/1/2025 6:00,37.06166732
3/1/2025 7:00,46.7916673
3/1/2025 8:00,63.0172423
3/1/2025 9:00,54.34406862
3/1/2025 10:00,58.29833425
3/1/2025 11:00,45.53166777
3/1/2025 12:00,18.97241407
3/1/2025 13:00,12.78166688
3/1/2025 14:00,12.80517257
3/1/2025 15:00,19.41166704
3/1/2025 16:00,32.03793197
3/1/2025 17:00,21.31525453
3/1/2025 18:00,38.34067839
3/1/2025 19:00,52.54833444
3/1/2025 20:00,50.85833416
3/1/2025 21:00,54.15517307
3/1/2025 22:00,48.87166735
3/1/2025 23:00,47.20500075
3/2/2025,46.37333412
3/2/2025 1:00,45.33166758
3/2/2025 2:00,44.32711954
3/2/2025 3:00,45.25762778
3/2/2025 4:00,47.13275949
3/2/2025 5:00,55.84138009
3/2/2025 6:00,68.40169635
3/2/2025 7:00,72.18305206
3/2/2025 8:00,80.38813743
3/2/2025 9:00,63.51695012
3/2/2025 10:00,52.35166766
3/2/2025 11:00,37.48135667
3/2/2025 12:00,16.77000036
3/2/2025 13:00,13.06964305
3/2/2025 14:00,14.28135616
3/2/2025 15:00,15.58666692
3/2/2025 16:00,17.86666708
3/2/2025 17:00,21.45000024
3/2/2025 18:00,29.15172475
3/2/2025 19:00,38.60000089
3/2/2025 20:00,32.36333399
3/2/2025 21:00,37.00166734
3/2/2025 22:00,40.35344877
3/2/2025 23:00,34.73166736
3/3/2025,57.79333439
3/3/2025 1:00,50.41355987
3/3/2025 2:00,49.89137998
3/3/2025 3:00,58.82500108
3/3/2025 4:00,52.60500081
3/3/2025 5:00,58.84067897
3/3/2025 6:00,66.2932222
3/3/2025 7:00,87.23214422
3/3/2025 8:00,87.05166798
3/3/2025 9:00,74.21034609
3/3/2025 10:00,62.8116677
3/3/2025 11:00,34.51186516
3/3/2025 12:00,23.45000035
3/3/2025 13:00,22.43333359
3/3/2025 14:00,24.78983094
3/3/2025 15:00,29.63559361
3/3/2025 16:00,34.08983121
3/3/2025 17:00,47.08135663
3/3/2025 18:00,58.33448351
3/3/2025 19:00,57.89666742
3/3/2025 20:00,56.60500062
3/3/2025 21:00,55.56610276
3/3/2025 22:00,51.81186508
3/3/2025 23:00,55.80678048
3/4/2025,63.16440796
3/4/2025 1:00,49.74000085
3/4/2025 2:00,58.08166765
3/4/2025 3:00,60.29830596
3/4/2025 4:00,62.07413871
3/4/2025 5:00,70.96896717
3/4/2025 6:00,90.35423912
3/4/2025 7:00,108.0316687
3/4/2025 8:00,95.84000168
3/4/2025 9:00,54.19166749
3/4/2025 10:00,71.35689827
3/4/2025 11:00,37.01000074
3/4/2025 12:00,22.75500037
3/4/2025 13:00,23.56491266
3/4/2025 14:00,20.91525469
3/4/2025 15:00,20.04576321
3/4/2025 16:00,23.63220373
3/4/2025 17:00,33.97457705
3/4/2025 18:00,41.20333411
3/4/2025 19:00,45.94833374
3/4/2025 20:00,44.82833417
3/4/2025 21:00,42.49655224
3/4/2025 22:00,39.24310428
3/4/2025 23:00,39.46949225
3/5/2025,38.66551787
3/5/2025 1:00,44.08305171
3/5/2025 2:00,40.80508559
3/5/2025 3:00,46.81500079
3/5/2025 4:00,68.0150013
3/5/2025 5:00,94.45423883
3/5/2025 6:00,96.29482953
3/5/2025 7:00,96.95166791
3/5/2025 8:00,75.40517445
3/5/2025 9:00,81.97833455
3/5/2025 10:00,63.31186527
3/5/2025 11:00,41.0850008
3/5/2025 12:00,32.39500055
3/5/2025 13:00,31.14821465
3/5/2025 14:00,35.12833392
3/5/2025 15:00,53.4500007
3/5/2025 16:00,66.7169503
3/5/2025 17:00,66.73833497
3/5/2025 18:00,63.48448385
3/5/2025 19:00,62.56724213
3/5/2025 20:00,64.75500126
3/5/2025 21:00,64.48772022
3/5/2025 22:00,62.46101767
3/5/2025 23:00,60.70344885
3/6/2025,60.02542444
3/6/2025 1:00,59.1694923
3/6/2025 2:00,57.59491594
3/6/2025 3:00,65.87627243
3/6/2025 4:00,75.57894844
3/6/2025 5:00,72.43898489
3/6/2025 6:00,82.54310424
3/6/2025 7:00,91.19333483
3/6/2025 8:00,79.40508581
3/6/2025 9:00,75.13220499
3/6/2025 10:00,67.44237441
3/6/2025 11:00,65.3800012
3/6/2025 12:00,66.14827735
3/6/2025 13:00,53.39830599
3/6/2025 14:00,51.28166758
3/6/2025 15:00,53.09000117
3/6/2025 16:00,58.81017013
3/6/2025 17:00,60.3237295
3/6/2025 18:00,60.56166732
3/6/2025 19:00,61.33000075
3/6/2025 20:00,57.25833416
3/6/2025 21:00,55.49310441
3/6/2025 22:00,55.13684256
3/6/2025 23:00,54.26949233
3/7/2025,56.47586296
3/7/2025 1:00,59.26101756
3/7/2025 2:00,60.67833443
3/7/2025 3:00,57.11833401
3/7/2025 4:00,57.80344937
3/7/2025 5:00,63.5900013
3/7/2025 6:00,69.42712008
3/7/2025 7:00,94.69166845
3/7/2025 8:00,84.64666805
3/7/2025 9:00,64.27666779
3/7/2025 10:00,60.8283343
3/7/2025 11:00,58.25172503
3/7/2025 12:00,54.90666746
3/7/2025 13:00,58.51034566
3/7/2025 14:00,61.38813639
3/7/2025 15:00,59.97966172
3/7/2025 16:00,62.30333449
3/7/2025 17:00,67.59000174
3/7/2025 18:00,68.39500148
3/7/2025 19:00,68.99322238
3/7/2025 20:00,69.97833468
3/7/2025 21:00,69.78666865
3/7/2025 22:00,70.07069134
3/7/2025 23:00,71.60166766
3/8/2025,74.64655357
3/8/2025 1:00,75.4983064
3/8/2025 2:00,75.60508638
3/8/2025 3:00,72.83500137
3/8/2025 4:00,73.00666822
3/8/2025 5:00,84.47193146
3/8/2025 6:00,97.08333524
3/8/2025 7:00,111.555002
3/8/2025 8:00,89.42758836
3/8/2025 9:00,71.68833472
3/8/2025 10:00,55.65500056
3/8/2025 11:00,59.56500104
3/8/2025 12:00,61.72069063
3/8/2025 13:00,65.1596503
3/8/2025 14:00,70.49827734
3/8/2025 15:00,71.50169592
3/8/2025 16:00,73.96833509
3/8/2025 17:00,78.26034651
3/8/2025 18:00,81.26610319
3/8/2025 19:00,82.03620845
3/8/2025 20:00,81.79138118
3/8/2025 21:00,83.66333478
3/8/2025 22:00,84.62833506
3/8/2025 23:00,83.69833488
3/9/2025,88.82586341
3/9/2025 1:00,91.33220492
3/9/2025 2:00,81.13158069
3/9/2025 3:00,77.85084896
3/9/2025 4:00,84.0800017
3/9/2025 5:00,88.6350015
3/9/2025 6:00,97.67666817
3/9/2025 7:00,124.5266683
3/9/2025 8:00,109.8550021
3/9/2025 9:00,100.2666683
3/9/2025 10:00,82.33620795
3/9/2025 11:00,71.75500107
3/9/2025 12:00,70.24067985
3/9/2025 13:00,68.41207057
3/9/2025 14:00,68.11000175
3/9/2025 15:00,73.01695045
3/9/2025 16:00,75.89666812
3/9/2025 17:00,76.92069152
3/9/2025 18:00,81.81333504
3/9/2025 19:00,83.5396568
3/9/2025 20:00,85.45000129
3/9/2025 21:00,86.55333481
3/9/2025 22:00,87.11500104
3/9/2025 23:00,89.53620805
3/10/2025,90.72881498
3/10/2025 1:00,91.68448402
3/10/2025 2:00,89.23559493
3/10/2025 3:00,88.53333499
3/10/2025 4:00,89.7271197
3/10/2025 5:00,97.42069126
3/10/2025 6:00,106.3610186
3/10/2025 7:00,127.5084769
3/10/2025 8:00,131.6830535
3/10/2025 9:00,111.8728829
3/10/2025 10:00,83.00000142
3/10/2025 11:00,66.09666748
3/10/2025 12:00,67.74406937
3/10/2025 13:00,63.94833444
3/10/2025 14:00,58.34067859
3/10/2025 15:00,67.18772038
3/10/2025 16:00,72.31666807
3/10/2025 17:00,70.84333509
3/10/2025 18:00,73.7793124
3/10/2025 19:00,74.10678178
3/10/2025 20:00,75.37000186
3/10/2025 21:00,76.46271256
3/10/2025 22:00,80.53793203
3/10/2025 23:00,84.46034635
3/11/2025,88.86333466
3/11/2025 1:00,90.5500014
3/11/2025 2:00,92.67966241
3/11/2025 3:00,92.41525553
3/11/2025 4:00,95.900001
3/11/2025 5:00,101.9966681
3/11/2025 6:00,113.8183352
3/11/2025 7:00,117.5250019
3/11/2025 8:00,107.8689674
3/11/2025 9:00,105.3627137
3/11/2025 10:00,98.39138057
3/11/2025 11:00,58.35172522
3/11/2025 12:00,54.69322095
3/11/2025 13:00,57.90500075
3/11/2025 14:00,61.3322044
3/11/2025 15:00,63.20862185
3/11/2025 16:00,63.21525535
3/11/2025 17:00,68.83166815
3/11/2025 18:00,80.64310482
3/11/2025 19:00,87.82166773
3/11/2025 20:00,91.40714427
3/11/2025 21:00,93.44000092
3/11/2025 22:00,100.0440696
3/11/2025 23:00,90.72500153
3/12/2025,92.04655338
3/12/2025 1:00,94.00666809
3/12/2025 2:00,88.69661195
3/12/2025 3:00,90.49824765
3/12/2025 4:00,88.82105443
3/12/2025 5:00,86.70500132
3/12/2025 6:00,91.34500198
3/12/2025 7:00,117.4339001
3/12/2025 8:00,111.7116683
3/12/2025 9:00,97.30678119
3/12/2025 10:00,79.97500089
3/12/2025 11:00,60.34915368
3/12/2025 12:00,64.16666756
3/12/2025 13:00,63.47627226
3/12/2025 14:00,65.3389846
3/12/2025 15:00,68.40166855
3/12/2025 16:00,71.65689837
3/12/2025 17:00,82.40000165
3/12/2025 18:00,90.91666781
3/12/2025 19:00,94.26724309
3/12/2025 20:00,92.40000191
3/12/2025 21:00,61.37966195
3/12/2025 22:00,63.8216678
3/12/2025 23:00,71.51034677
3/13/2025,73.1551736
3/13/2025 1:00,72.49830653
3/13/2025 2:00,78.1000011
3/13/2025 3:00,87.20833511
3/13/2025 4:00,85.62586357
3/13/2025 5:00,89.0250014
3/13/2025 6:00,105.7813576
3/13/2025 7:00,101.0866685
3/13/2025 8:00,101.8068974
3/13/2025 9:00,110.0696444
3/13/2025 10:00,100.5033347
3/13/2025 11:00,75.67166837
3/13/2025 12:00,43.5066673
3/13/2025 13:00,22.49500055
3/13/2025 14:00,26.61694963
3/13/2025 15:00,34.83859731
3/13/2025 16:00,43.79333407
3/13/2025 17:00,60.14736938
3/13/2025 18:00,60.2600008
3/13/2025 19:00,74.82034069
3/13/2025 20:00,82.26166821
3/13/2025 21:00,59.01864501
3/13/2025 22:00,56.99000079
3/13/2025 23:00,60.95932324
3/14/2025,59.25333417
3/14/2025 1:00,60.51017044
3/14/2025 2:00,58.66166763
3/14/2025 3:00,57.87457702
3/14/2025 4:00,61.87719372
3/14/2025 5:00,62.73898419
3/14/2025 6:00,73.89000155
3/14/2025 7:00,86.15166842
3/14/2025 8:00,75.83276025
3/14/2025 9:00,87.52373013
3/14/2025 10:00,68.33333429
3/14/2025 11:00,32.46610221
3/14/2025 12:00,11.67666693
3/14/2025 13:00,10.1050849
3/14/2025 14:00,11.28965532
3/14/2025 15:00,19.02241408
3/14/2025 16:00,25.80350926
3/14/2025 17:00,35.15084816
3/14/2025 18:00,47.41833382
3/14/2025 19:00,61.69333452
3/14/2025 20:00,61.87966208
3/14/2025 21:00,66.31228243
3/14/2025 22:00,64.18983201
3/14/2025 23:00,63.43620794
3/15/2025,70.0633344
3/15/2025 1:00,61.1186453
3/15/2025 2:00,67.21186544
3/15/2025 3:00,83.81964397
3/15/2025 4:00,73.48500144
3/15/2025 5:00,75.11000163
3/15/2025 6:00,83.19655333
3/15/2025 7:00,104.0271199
3/15/2025 8:00,91.00877367
3/15/2025 9:00,72.21333485
3/15/2025 10:00,57.22631682
3/15/2025 11:00,31.23728857
3/15/2025 12:00,15.7250003
3/15/2025 13:00,16.71000029
3/15/2025 14:00,18.09666708
3/15/2025 15:00,23.51833375
3/15/2025 16:00,25.7203395
3/15/2025 17:00,20.13833372
3/15/2025 18:00,37.18000078
3/15/2025 19:00,51.35333411
3/15/2025 20:00,57.96949251
3/15/2025 21:00,54.79666767
3/15/2025 22:00,48.06166763
3/15/2025 23:00,47.57000071
3/16/2025,59.21864506
3/16/2025 1:00,60.16101779
3/16/2025 2:00,57.10689735
3/16/2025 3:00,59.27586332
3/16/2025 4:00,63.36440762
3/16/2025 5:00,62.00000114
3/16/2025 6:00,72.35344959
3/16/2025 7:00,102.0666681
3/16/2025 8:00,102.4700013
3/16/2025 9:00,77.09500135
3/16/2025 10:00,71.09491697
3/16/2025 11:00,31.86833375
3/16/2025 12:00,20.76206934
3/16/2025 13:00,20.88135632
3/16/2025 14:00,17.65087753
3/16/2025 15:00,19.99666707
3/16/2025 16:00,22.61000032
3/16/2025 17:00,21.87017585
3/16/2025 18:00,37.92833389
3/16/2025 19:00,66.66440802
3/16/2025 20:00,60.03620773
3/16/2025 21:00,52.38305166
3/16/2025 22:00,37.41500079
3/16/2025 23:00,36.94482836
3/17/2025,40.19491577
3/17/2025 1:00,34.20862142
3/17/2025 2:00,36.32033991
3/17/2025 3:00,40.75000083
3/17/2025 4:00,44.14915337
3/17/2025 5:00,52.04166762
3/17/2025 6:00,68.11695047
3/17/2025 7:00,91.80000127
3/17/2025 8:00,85.78421154
3/17/2025 9:00,76.94915422
3/17/2025 10:00,47.88474649
3/17/2025 11:00,17.17833365
3/17/2025 12:00,17.86271225
3/17/2025 13:00,20.36500042
3/17/2025 14:00,19.98070212
3/17/2025 15:00,17.54833363
3/17/2025 16:00,25.59333366
3/17/2025 17:00,28.36034531
3/17/2025 18:00,33.33500061
3/17/2025 19:00,39.4559331
3/17/2025 20:00,34.32333368
3/17/2025 21:00,36.58000069
3/17/2025 22:00,43.3864417
3/17/2025 23:00,37.91525492
3/18/2025,36.05333382
3/18/2025 1:00,34.76551806
3/18/2025 2:00,32.23389874
3/18/2025 3:00,29.79333388
3/18/2025 4:00,29.83050919
3/18/2025 5:00,41.94915319
3/18/2025 6:00,57.92333412
3/18/2025 7:00,70.88103551
3/18/2025 8:00,73.55000114
3/18/2025 9:00,61.78500086
3/18/2025 10:00,45.17966177
3/18/2025 11:00,30.87666699
3/18/2025 12:00,23.82033927
3/18/2025 13:00,20.45833378
3/18/2025 14:00,23.01166709
3/18/2025 15:00,28.39666713
3/18/2025 16:00,42.86071501
3/18/2025 17:00,54.23000075
3/18/2025 18:00,57.53220445
3/18/2025 19:00,60.96271289
3/18/2025 20:00,63.46833464
3/18/2025 21:00,71.10678139
3/18/2025 22:00,67.74642992
3/18/2025 23:00,62.65000095
3/19/2025,66.05593348
3/19/2025 1:00,62.0389842
3/19/2025 2:00,57.28833421
3/19/2025 3:00,62.14666754
3/19/2025 4:00,63.03620786
3/19/2025 5:00,72.75333481
3/19/2025 6:00,89.26440869
3/19/2025 7:00,92.56379502
3/19/2025 8:00,87.08448449
3/19/2025 9:00,86.14915415
3/19/2025 10:00,77.77500159
3/19/2025 11:00,44.28644122
3/19/2025 12:00,32.38644121
3/19/2025 13:00,30.04915292
3/19/2025 14:00,42.75166759
3/19/2025 15:00,48.16140453
3/19/2025 16:00,60.15762795
3/19/2025 17:00,70.27457745
3/19/2025 18:00,74.40339118
3/19/2025 19:00,79.09322176
3/19/2025 20:00,80.17069139
3/19/2025 21:00,79.66166814
3/19/2025 22:00,82.07719475
3/19/2025 23:00,85.55862216
3/20/2025,82.50339107
3/20/2025 1:00,74.15333443
3/20/2025 2:00,75.48620803
3/20/2025 3:00,71.59661154
3/20/2025 4:00,75.06896723
3/20/2025 5:00,81.50000116
3/20/2025 6:00,86.91500155
3/20/2025 7:00,86.25000102
3/20/2025 8:00,90.43666776
3/20/2025 9:00,81.69661131
3/20/2025 10:00,68.57758752
3/20/2025 11:00,43.87931107
3/20/2025 12:00,35.57666731
3/20/2025 13:00,33.98500067
3/20/2025 14:00,28.11000039
3/20/2025 15:00,39.65344873
3/20/2025 16:00,49.35833422
3/20/2025 17:00,51.30500062
3/20/2025 18:00,57.05254364
3/20/2025 19:00,63.43833383
3/20/2025 20:00,66.23500112
3/20/2025 21:00,67.0881369
3/20/2025 22:00,63.43275932
3/20/2025 23:00,58.7389838
3/21/2025,56.04915309
3/21/2025 1:00,57.19830581
3/21/2025 2:00,59.46440758
3/21/2025 3:00,57.03103519
3/21/2025 4:00,59.83728887
3/21/2025 5:00,68.65084904
3/21/2025 6:00,78.95000127
3/21/2025 7:00,99.8000015
3/21/2025 8:00,109.9440694
3/21/2025 9:00,82.26166763
3/21/2025 10:00,43.56949218
3/21/2025 11:00,37.66379373
3/21/2025 12:00,56.07966187
3/21/2025 13:00,51.77627182
3/21/2025 14:00,59.29491619
3/21/2025 15:00,71.80344996
3/21/2025 16:00,74.96333491
3/21/2025 17:00,79.93898385
3/21/2025 18:00,86.37241508
3/21/2025 19:00,87.14237407
3/21/2025 20:00,89.23166835
3/21/2025 21:00,91.11017117
3/21/2025 22:00,90.90172577
3/21/2025 23:00,58.54000079
3/22/2025,33.4883338
3/22/2025 1:00,22.09491562
3/22/2025 2:00,23.5050004
3/22/2025 3:00,32.82711912
3/22/2025 4:00,37.68813644
3/22/2025 5:00,32.0982763
3/22/2025 6:00,39.93728916
3/22/2025 7:00,51.14406857
3/22/2025 8:00,46.14067886
3/22/2025 9:00,44.13220415
3/22/2025 10:00,32.55166731
3/22/2025 11:00,21.85000041
3/22/2025 12:00,24.29830538
3/22/2025 13:00,28.67413823
3/22/2025 14:00,31.87333371
3/22/2025 15:00,39.18500067
3/22/2025 16:00,48.70000083
3/22/2025 17:00,31.69661076
3/22/2025 18:00,19.34237309
3/22/2025 19:00,28.24833374
3/22/2025 20:00,26.80677996
3/22/2025 21:00,26.60500037
3/22/2025 22:00,19.48103484
3/22/2025 23:00,19.02500048
3/23/2025,22.46779684
3/23/2025 1:00,28.26101743
3/23/2025 2:00,22.60517283
3/23/2025 3:00,45.23666744
3/23/2025 4:00,39.30666733
3/23/2025 5:00,42.44210585
3/23/2025 6:00,42.26500072
3/23/2025 7:00,54.58500106
3/23/2025 8:00,47.17288227
3/23/2025 9:00,38.64000063
3/23/2025 10:00,29.92666721
3/23/2025 11:00,29.95833375
3/23/2025 12:00,23.34067839
3/23/2025 13:00,22.57333368
3/23/2025 14:00,25.97118688
3/23/2025 15:00,24.88103495
3/23/2025 16:00,29.55500046
3/23/2025 17:00,42.64310432
3/23/2025 18:00,43.83389909
3/23/2025 19:00,47.06101744
3/23/2025 20:00,57.90517327
3/23/2025 21:00,54.96271282
3/23/2025 22:00,49.25500088
3/23/2025 23:00,43.2237298
3/24/2025,46.43166784
3/24/2025 1:00,42.05438654
3/24/2025 2:00,42.4627125
3/24/2025 3:00,47.42500095
3/24/2025 4:00,60.04576331
3/24/2025 5:00,58.9137937
3/24/2025 6:00,78.48448464
3/24/2025 7:00,89.02069105
3/24/2025 8:00,65.17457729
3/24/2025 9:00,54.97543957
3/24/2025 10:00,41.76166751
3/24/2025 11:00,32.31525486
3/24/2025 12:00,26.88305127
3/24/2025 13:00,26.94406817
3/24/2025 14:00,27.41500038
3/24/2025 15:00,30.32203445
3/24/2025 16:00,35.26000077
3/24/2025 17:00,41.12333425
3/24/2025 18:00,52.88620745
3/24/2025 19:00,59.81017025
3/24/2025 20:00,69.78000139
3/24/2025 21:00,74.71833496
3/24/2025 22:00,67.53898414
3/24/2025 23:00,67.6122814
3/25/2025,65.954387
3/25/2025 1:00,56.90877272
3/25/2025 2:00,60.93220442
3/25/2025 3:00,68.17288337
3/25/2025 4:00,84.31666819
3/25/2025 5:00,76.01525556
3/25/2025 6:00,90.26785891
3/25/2025 7:00,108.6559338
3/25/2025 8:00,89.65666835
3/25/2025 9:00,78.35862193
3/25/2025 10:00,68.81333459
3/25/2025 11:00,42.12000065
3/25/2025 12:00,38.36500066
3/25/2025 13:00,31.73389881
3/25/2025 14:00,32.75423806
3/25/2025 15:00,36.33666763
3/25/2025 16:00,42.75762784
3/25/2025 17:00,51.65423823
3/25/2025 18:00,70.28833516
3/25/2025 19:00,79.66666794
3/25/2025 20:00,84.43389996
3/25/2025 21:00,85.39649281
3/25/2025 22:00,88.31864567
3/25/2025 23:00,97.46207047
3/26/2025,95.36166789
3/26/2025 1:00,87.32881501
3/26/2025 2:00,90.76440869
3/26/2025 3:00,87.66896715
3/26/2025 4:00,95.9508486
3/26/2025 5:00,100.251726
3/26/2025 6:00,120.1824584
3/26/2025 7:00,131.7779683
3/26/2025 8:00,105.2053589
3/26/2025 9:00,97.25932338
3/26/2025 10:00,89.02500165
3/26/2025 11:00,62.15000114
3/26/2025 12:00,48.13559432
3/26/2025 13:00,45.79322104
3/26/2025 14:00,58.95166753
3/26/2025 15:00,63.13166777
3/26/2025 16:00,71.28813766
3/26/2025 17:00,85.10333443
3/26/2025 18:00,100.8550016
3/26/2025 19:00,112.5733349
3/26/2025 20:00,112.7250016
3/26/2025 21:00,116.8379322
3/26/2025 22:00,122.6533347
3/26/2025 23:00,123.6706906
3/27/2025,125.1983345
3/27/2025 1:00,122.2051744
3/27/2025 2:00,124.7122827
3/27/2025 3:00,127.1200026
3/27/2025 4:00,121.9550018
3/27/2025 5:00,135.6000038
3/27/2025 6:00,135.2433361
3/27/2025 7:00,163.4271212
3/27/2025 8:00,135.2650031
3/27/2025 9:00,117.6655188
3/27/2025 10:00,77.89138103
3/27/2025 11:00,64.28644154
3/27/2025 12:00,55.84138022
3/27/2025 13:00,60.50333417
3/27/2025 14:00,56.86333427
3/27/2025 15:00,57.11017001
3/27/2025 16:00,64.02241483
3/27/2025 17:00,73.4100015
3/27/2025 18:00,79.92033994
3/27/2025 19:00,89.21551882
3/27/2025 20:00,98.12982646
3/27/2025 21:00,116.8683352
3/27/2025 22:00,126.9533354
3/27/2025 23:00,114.0266682
3/28/2025,98.61017117
3/28/2025 1:00,100.0866685
3/28/2025 2:00,97.31186663
3/28/2025 3:00,88.30339115
3/28/2025 4:00,93.97500127
3/28/2025 5:00,108.7796622
3/28/2025 6:00,119.0655193
3/28/2025 7:00,133.2711895
3/28/2025 8:00,115.4762728
3/28/2025 9:00,103.2593239
3/28/2025 10:00,91.9526331
3/28/2025 11:00,70.23050948
3/28/2025 12:00,57.64166762
3/28/2025 13:00,44.68983162
3/28/2025 14:00,45.61355992
3/28/2025 15:00,48.8186449
3/28/2025 16:00,50.56779739
3/28/2025 17:00,45.98620763
3/28/2025 18:00,54.49166749
3/28/2025 19:00,68.92034033
3/28/2025 20:00,80.35084909
3/28/2025 21:00,78.17000198
3/28/2025 22:00,76.78813676
3/28/2025 23:00,84.57666779
3/29/2025,75.62241482
3/29/2025 1:00,77.25087899
3/29/2025 2:00,80.67758757
3/29/2025 3:00,83.84237451
3/29/2025 4:00,86.29333522
3/29/2025 5:00,96.05500183
3/29/2025 6:00,105.4355945
3/29/2025 7:00,128.6120709
3/29/2025 8:00,102.1864418
3/29/2025 9:00,77.3383344
3/29/2025 10:00,65.77166761
3/29/2025 11:00,47.28448335
3/29/2025 12:00,44.70350968
3/29/2025 13:00,63.94666761
3/29/2025 14:00,69.07666817
3/29/2025 15:00,77.11228193
3/29/2025 16:00,87.8603467
3/29/2025 17:00,101.8800017
3/29/2025 18:00,126.5169519
3/29/2025 19:00,143.5245648
3/29/2025 20:00,150.3966708
3/29/2025 21:00,164.4500035
3/29/2025 22:00,163.5711892
3/29/2025 23:00,156.3844854
3/30/2025,161.1283356
3/30/2025 1:00,153.2566696
3/30/2025 2:00,145.5100029
3/30/2025 3:00,141.6950045
3/30/2025 4:00,137.6550026
3/30/2025 5:00,141.8879329
3/30/2025 6:00,153.1416692
3/30/2025 7:00,198.2288169
3/30/2025 8:00,146.1491556
3/30/2025 9:00,126.4750022
3/30/2025 10:00,86.4879328
3/30/2025 11:00,69.9983064
3/30/2025 12:00,72.98333473
3/30/2025 13:00,79.16379442
3/30/2025 14:00,81.41428757
3/30/2025 15:00,90.94666773
3/30/2025 16:00,92.4866684
3/30/2025 17:00,101.508476
3/30/2025 18:00,108.9033351
3/30/2025 19:00,112.3473698
3/30/2025 20:00,113.0932221
3/30/2025 21:00,126.5266679
3/30/2025 22:00,135.5216705
3/30/2025 23:00,131.8362101
3/31/2025,147.5796651
3/31/2025 1:00,154.0288171
3/31/2025 2:00,158.7983088
3/31/2025 3:00,168.8950027
3/31/2025 4:00,175.6649154
3/31/2025 5:00,182.6779695
3/31/2025 6:00,194.7140372
3/31/2025 7:00,210.0568998
3/31/2025 8:00,188.6067826
3/31/2025 9:00,162.9637969
3/31/2025 10:00,124.1491551
3/31/2025 11:00,103.0118664
3/31/2025 12:00,91.84745931
3/31/2025 13:00,84.15084916
3/31/2025 14:00,78.83518699
3/31/2025 15:00,NA
3/31/2025 16:00,NA
3/31/2025 17:00,NA
3/31/2025 18:00,NA
3/31/2025 19:00,NA
3/31/2025 20:00,NA
3/31/2025 21:00,NA
3/31/2025 22:00,NA
3/31/2025 23:00,NA
4/1/2025,NA
4/1/2025 1:00,NA
4/1/2025 2:00,NA
4/1/2025 3:00,NA
4/1/2025 4:00,NA
4/1/2025 5:00,NA
4/1/2025 6:00,NA
4/1/2025 7:00,NA
4/1/2025 8:00,NA
4/1/2025 9:00,NA
4/1/2025 10:00,NA
4/1/2025 11:00,84.04067916
4/1/2025 12:00,53.48793181
4/1/2025 13:00,47.5083341
4/1/2025 14:00,52.77241444
4/1/2025 15:00,90.00166817
4/1/2025 16:00,107.3396571
4/1/2025 17:00,114.3915269
4/1/2025 18:00,119.0913809
4/1/2025 19:00,122.6983061
4/1/2025 20:00,124.4450016
4/1/2025 21:00,146.1406806
4/1/2025 22:00,169.195003
4/1/2025 23:00,168.4350039
4/2/2025,167.7322067
4/2/2025 1:00,165.6949194
4/2/2025 2:00,165.3389856
4/2/2025 3:00,170.0283353
4/2/2025 4:00,176.8266696
4/2/2025 5:00,177.5423752
4/2/2025 6:00,189.2133364
4/2/2025 7:00,191.5118677
4/2/2025 8:00,182.6000036
4/2/2025 9:00,155.9983078
4/2/2025 10:00,121.2135616
4/2/2025 11:00,95.70169623
4/2/2025 12:00,88.63333511
4/2/2025 13:00,83.06440825
4/2/2025 14:00,94.03333486
4/2/2025 15:00,107.5000014
4/2/2025 16:00,119.1779678
4/2/2025 17:00,143.0516702
4/2/2025 18:00,158.3189697
4/2/2025 19:00,180.6266703
4/2/2025 20:00,192.24167
4/2/2025 21:00,199.6482797
4/2/2025 22:00,204.9733363
4/2/2025 23:00,210.0525451
4/3/2025,204.9186474
4/3/2025 1:00,207.245765
4/3/2025 2:00,209.1716698
4/3/2025 3:00,200.6327625
4/3/2025 4:00,206.9542407
4/3/2025 5:00,215.0566706
4/3/2025 6:00,235.5016992
4/3/2025 7:00,242.0339012
4/3/2025 8:00,228.9620724
4/3/2025 9:00,190.2118673
4/3/2025 10:00,156.0220365
4/3/2025 11:00,100.4450016
4/3/2025 12:00,85.7700016
4/3/2025 13:00,88.27241542
4/3/2025 14:00,101.5716689
4/3/2025 15:00,130.1762738
4/3/2025 16:00,163.0316691
4/3/2025 17:00,159.4050875
4/3/2025 18:00,140.8571456
4/3/2025 19:00,161.3169527
4/3/2025 20:00,191.3866702
4/3/2025 21:00,163.3866692
4/3/2025 22:00,135.9366693
4/3/2025 23:00,136.6293147
4/4/2025,133.2500037
4/4/2025 1:00,127.5383358
4/4/2025 2:00,131.7186463
4/4/2025 3:00,132.8316695
4/4/2025 4:00,135.3000025
4/4/2025 5:00,138.0745793
4/4/2025 6:00,146.9383359
4/4/2025 7:00,158.6135624
4/4/2025 8:00,155.3796632
4/4/2025 9:00,122.6152564
4/4/2025 10:00,88.85000153
4/4/2025 11:00,53.36207008
4/4/2025 12:00,43.61206979
4/4/2025 13:00,46.86315851
4/4/2025 14:00,56.08245669
4/4/2025 15:00,61.17931123
4/4/2025 16:00,83.41666813
4/4/2025 17:00,112.3050012
4/4/2025 18:00,111.3448292
4/4/2025 19:00,129.3631597
4/4/2025 20:00,145.4083361
4/4/2025 21:00,141.820003
4/4/2025 22:00,157.2983358
4/4/2025 23:00,147.0650045
4/5/2025,146.8254265
4/5/2025 1:00,134.95763
4/5/2025 2:00,122.7672431
4/5/2025 3:00,109.9366679
4/5/2025 4:00,113.0711883
4/5/2025 5:00,113.5672425
4/5/2025 6:00,131.5830528
4/5/2025 7:00,155.5339014
4/5/2025 8:00,143.5983085
4/5/2025 9:00,126.3534501
4/5/2025 10:00,115.8830524
4/5/2025 11:00,88.05172558
4/5/2025 12:00,87.95166791
4/5/2025 13:00,85.35254385
4/5/2025 14:00,94.22931237
4/5/2025 15:00,102.7916684
4/5/2025 16:00,127.8745788
4/5/2025 17:00,141.093224
4/5/2025 18:00,169.6083366
4/5/2025 19:00,172.6711899
4/5/2025 20:00,131.406782
4/5/2025 21:00,149.1448306
4/5/2025 22:00,142.4898334
4/5/2025 23:00,124.8448292
4/6/2025,108.9338997
4/6/2025 1:00,107.4192993
4/6/2025 2:00,111.6366683
4/6/2025 3:00,108.1728831
4/6/2025 4:00,107.4017567
4/6/2025 5:00,108.5491249
4/6/2025 6:00,119.7508496
4/6/2025 7:00,135.5783366
4/6/2025 8:00,128.1533356
4/6/2025 9:00,116.8333349
4/6/2025 10:00,86.66610362
4/6/2025 11:00,62.50862187
4/6/2025 12:00,74.2016961
4/6/2025 13:00,74.35254359
4/6/2025 14:00,73.50000127
4/6/2025 15:00,67.48166828
4/6/2025 16:00,67.96779768
4/6/2025 17:00,74.42203535
4/6/2025 18:00,76.25517431
4/6/2025 19:00,82.76833522
4/6/2025 20:00,85.71500117
4/6/2025 21:00,95.07457772
4/6/2025 22:00,112.5333349
4/6/2025 23:00,110.1842124
4/7/2025,105.6413814
4/7/2025 1:00,104.6916682
4/7/2025 2:00,104.3949166
4/7/2025 3:00,106.1474593
4/7/2025 4:00,107.8620704
4/7/2025 5:00,120.4288149
4/7/2025 6:00,136.8069006
4/7/2025 7:00,163.2300028
4/7/2025 8:00,150.8457667
4/7/2025 9:00,137.9389857
4/7/2025 10:00,103.0440688
4/7/2025 11:00,92.07833494
4/7/2025 12:00,86.83389968
4/7/2025 13:00,128.6583354
4/7/2025 14:00,118.8644085
4/7/2025 15:00,133.8915279
4/7/2025 16:00,127.3766691
4/7/2025 17:00,130.7183357
4/7/2025 18:00,140.901699
4/7/2025 19:00,155.545002
4/7/2025 20:00,176.9650019
4/7/2025 21:00,157.4533368
4/7/2025 22:00,152.4850024
4/7/2025 23:00,153.5017269
4/8/2025,144.5150019
4/8/2025 1:00,139.839658
4/8/2025 2:00,139.1559355
4/8/2025 3:00,138.937933
4/8/2025 4:00,137.5389867
4/8/2025 5:00,156.5355962
4/8/2025 6:00,188.8033933
4/8/2025 7:00,194.3450025
4/8/2025 8:00,185.0396589
4/8/2025 9:00,132.1220367
4/8/2025 10:00,111.081668
4/8/2025 11:00,96.32034082
4/8/2025 12:00,75.78448375
4/8/2025 13:00,51.17500102
4/8/2025 14:00,45.41525514
4/8/2025 15:00,60.72333438
4/8/2025 16:00,98.40678173
4/8/2025 17:00,114.9152551
4/8/2025 18:00,116.8017256
4/8/2025 19:00,105.9483346
4/8/2025 20:00,106.4135609
4/8/2025 21:00,108.8568978
4/8/2025 22:00,115.7350014
4/8/2025 23:00,136.911669
4/9/2025,144.8711889
4/9/2025 1:00,137.1051759
4/9/2025 2:00,137.5896578
4/9/2025 3:00,138.0672455
4/9/2025 4:00,139.2482787
4/9/2025 5:00,137.8280733
4/9/2025 6:00,149.0016693
4/9/2025 7:00,149.9762752
4/9/2025 8:00,144.3389864
4/9/2025 9:00,109.7466684
4/9/2025 10:00,74.33166835
4/9/2025 11:00,70.04561521
4/9/2025 12:00,55.63050933
4/9/2025 13:00,41.78166758
4/9/2025 14:00,49.34736901
4/9/2025 15:00,54.65833397
4/9/2025 16:00,59.53965621
4/9/2025 17:00,86.48833427
4/9/2025 18:00,89.77833481
4/9/2025 19:00,90.65593396
4/9/2025 20:00,79.81500104
4/9/2025 21:00,76.72931184
4/9/2025 22:00,88.4517254
4/9/2025 23:00,83.05833473
4/10/2025,78.30333443
4/10/2025 1:00,86.66949347
4/10/2025 2:00,88.76166852
4/10/2025 3:00,93.30508669
4/10/2025 4:00,92.73103648
4/10/2025 5:00,42.14745816
4/10/2025 6:00,30.72500045
4/10/2025 7:00,33.73666735
4/10/2025 8:00,38.22758708
4/10/2025 9:00,36.01551802
4/10/2025 10:00,31.58000062
4/10/2025 11:00,36.21356007
4/10/2025 12:00,49.39833393
4/10/2025 13:00,55.12666747
4/10/2025 14:00,40.36333412
4/10/2025 15:00,34.62333412
4/10/2025 16:00,26.98813594
4/10/2025 17:00,35.88666735
4/10/2025 18:00,46.09491607
4/10/2025 19:00,51.93965583
4/10/2025 20:00,54.75614099
4/10/2025 21:00,57.23166739
4/10/2025 22:00,51.04464388
4/10/2025 23:00,48.9305095
4/11/2025,32.34576309
4/11/2025 1:00,41.93833415
4/11/2025 2:00,46.90689731
4/11/2025 3:00,52.16724198
4/11/2025 4:00,52.66500079
4/11/2025 5:00,53.27666753
4/11/2025 6:00,63.93898431
4/11/2025 7:00,64.60517383
4/11/2025 8:00,58.37118718
4/11/2025 9:00,48.70833397
4/11/2025 10:00,43.25593289
4/11/2025 11:00,18.73898346
4/11/2025 12:00,14.83220369
4/11/2025 13:00,18.8533337
4/11/2025 14:00,20.30333366
4/11/2025 15:00,19.90500038
4/11/2025 16:00,27.32500035
4/11/2025 17:00,36.27457677
4/11/2025 18:00,52.97500083
4/11/2025 19:00,59.2450009
4/11/2025 20:00,48.02000071
4/11/2025 21:00,56.2491532
4/11/2025 22:00,52.6508779
4/11/2025 23:00,55.54500071
4/12/2025,45.64745861
4/12/2025 1:00,44.48965599
4/12/2025 2:00,36.67627154
4/12/2025 3:00,41.03448361
4/12/2025 4:00,50.59830591
4/12/2025 5:00,52.30166734
4/12/2025 6:00,72.98596646
4/12/2025 7:00,77.02333488
4/12/2025 8:00,49.55500075
4/12/2025 9:00,15.13898326
4/12/2025 10:00,18.79333371
4/12/2025 11:00,16.08833365
4/12/2025 12:00,12.35084752
4/12/2025 13:00,11.42666685
4/12/2025 14:00,12.16896575
4/12/2025 15:00,13.23448296
4/12/2025 16:00,15.69333353
4/12/2025 17:00,18.74333364
4/12/2025 18:00,30.95000045
4/12/2025 19:00,52.44333439
4/12/2025 20:00,68.35593369
4/12/2025 21:00,48.51896641
4/12/2025 22:00,51.48166739
4/12/2025 23:00,44.23793181
4/13/2025,41.00666742
4/13/2025 1:00,37.8491532
4/13/2025 2:00,49.2103455
4/13/2025 3:00,51.3689664
4/13/2025 4:00,47.00339043
4/13/2025 5:00,56.58305165
4/13/2025 6:00,72.97457731
4/13/2025 7:00,69.03559436
4/13/2025 8:00,55.00833403
4/13/2025 9:00,50.68305174
4/13/2025 10:00,36.251725
4/13/2025 11:00,29.25084793
4/13/2025 12:00,29.87627165
4/13/2025 13:00,28.53793161
4/13/2025 14:00,23.23620737
4/13/2025 15:00,27.6966106
4/13/2025 16:00,17.16101732
4/13/2025 17:00,21.78275891
4/13/2025 18:00,33.93166733
4/13/2025 19:00,45.48813668
4/13/2025 20:00,48.87500095
4/13/2025 21:00,52.93898392
4/13/2025 22:00,53.91525488
4/13/2025 23:00,48.92033981
4/14/2025,46.3389837
4/14/2025 1:00,46.22069056
4/14/2025 2:00,42.18983136
4/14/2025 3:00,38.9016957
4/14/2025 4:00,44.76500085
4/14/2025 5:00,52.83448357
4/14/2025 6:00,61.3983338
4/14/2025 7:00,62.8508786
4/14/2025 8:00,47.96896612
4/14/2025 9:00,37.08644162
4/14/2025 10:00,33.65666717
4/14/2025 11:00,39.63103521
4/14/2025 12:00,30.99661064
4/14/2025 13:00,28.08166714
4/14/2025 14:00,25.36000036
4/14/2025 15:00,31.14482814
4/14/2025 16:00,36.94745849
4/14/2025 17:00,50.42711956
4/14/2025 18:00,52.20333398
4/14/2025 19:00,58.59322111
4/14/2025 20:00,59.93166777
4/14/2025 21:00,57.62500051
4/14/2025 22:00,59.11017066
4/14/2025 23:00,58.48500067
4/15/2025,47.82666766
4/15/2025 1:00,48.60666739
4/15/2025 2:00,50.07833385
4/15/2025 3:00,52.50833429
4/15/2025 4:00,56.77118735
4/15/2025 5:00,57.32758732
4/15/2025 6:00,78.18305206
4/15/2025 7:00,70.97288242
4/15/2025 8:00,61.62033993
4/15/2025 9:00,46.55263248
4/15/2025 10:00,22.85000038
4/15/2025 11:00,21.75862115
4/15/2025 12:00,21.66333361
4/15/2025 13:00,22.88448314
4/15/2025 14:00,25.0283337
4/15/2025 15:00,25.57000043
4/15/2025 16:00,34.96610241
4/15/2025 17:00,45.03898381
4/15/2025 18:00,42.93220404
4/15/2025 19:00,48.7775869
4/15/2025 20:00,51.64386047
4/15/2025 21:00,66.3448287
4/15/2025 22:00,63.33050964
4/15/2025 23:00,105.9966684
4/16/2025,104.4694935
4/16/2025 1:00,72.43728916
4/16/2025 2:00,57.76500072
4/16/2025 3:00,64.00000079
4/16/2025 4:00,69.17333476
4/16/2025 5:00,69.63728992
4/16/2025 6:00,66.51333466
4/16/2025 7:00,68.25000121
4/16/2025 8:00,74.02333438
4/16/2025 9:00,58.71186557
4/16/2025 10:00,39.50169567
4/16/2025 11:00,30.2862074
4/16/2025 12:00,35.37288191
4/16/2025 13:00,35.24067872
4/16/2025 14:00,30.86610225
4/16/2025 15:00,31.96724194
4/16/2025 16:00,34.67627183
4/16/2025 17:00,36.29830587
4/16/2025 18:00,45.42000084
4/16/2025 19:00,54.33103575
4/16/2025 20:00,65.98421204
4/16/2025 21:00,63.99166768
4/16/2025 22:00,67.81551894
4/16/2025 23:00,57.49833438
4/17/2025,61.44500116
4/17/2025 1:00,71.49322193
4/17/2025 2:00,66.8644084
4/17/2025 3:00,62.06250102
4/17/2025 4:00,66.04576428
4/17/2025 5:00,83.24333471
4/17/2025 6:00,80.55593394
4/17/2025 7:00,73.41166789
4/17/2025 8:00,67.99661132
4/17/2025 9:00,73.93965649
4/17/2025 10:00,69.32241506
4/17/2025 11:00,58.57017684
4/17/2025 12:00,38.20862152
4/17/2025 13:00,42.41034554
4/17/2025 14:00,46.68135653
4/17/2025 15:00,46.01551819
4/17/2025 16:00,37.87586301
4/17/2025 17:00,32.40000054
4/17/2025 18:00,38.13728876
4/17/2025 19:00,33.58166739
4/17/2025 20:00,45.40508548
4/17/2025 21:00,56.49482845
4/17/2025 22:00,46.62833424
4/17/2025 23:00,46.19000092
4/18/2025,42.82333412
4/18/2025 1:00,40.95084814
4/18/2025 2:00,43.78833415
4/18/2025 3:00,36.83666754
4/18/2025 4:00,38.04262349
4/18/2025 5:00,45.05423814
4/18/2025 6:00,51.18666732
4/18/2025 7:00,56.12333399
4/18/2025 8:00,40.71833407
4/18/2025 9:00,27.06666705
4/18/2025 10:00,25.34000041
4/18/2025 11:00,22.29454582
4/18/2025 12:00,23.10172453
4/18/2025 13:00,23.45862103
4/18/2025 14:00,22.86666713
4/18/2025 15:00,23.37796648
4/18/2025 16:00,26.05172453
4/18/2025 17:00,29.69500036
4/18/2025 18:00,32.60508537
4/18/2025 19:00,35.35084838
4/18/2025 20:00,35.85689722
4/18/2025 21:00,35.51166738
4/18/2025 22:00,37.67833398
4/18/2025 23:00,38.78813618
4/19/2025,39.55084804
4/19/2025 1:00,42.40339072
4/19/2025 2:00,42.16065654
4/19/2025 3:00,42.84000072
4/19/2025 4:00,41.99491604
4/19/2025 5:00,39.95666752
4/19/2025 6:00,45.07666728
4/19/2025 7:00,55.71500079
4/19/2025 8:00,59.66949237
4/19/2025 9:00,54.58166752
4/19/2025 10:00,59.41929887
4/19/2025 11:00,50.87586258
4/19/2025 12:00,47.1183342
4/19/2025 13:00,43.43500061
4/19/2025 14:00,34.38305134
4/19/2025 15:00,50.38983128
4/19/2025 16:00,48.47069063
4/19/2025 17:00,48.05000095
4/19/2025 18:00,53.61186522
4/19/2025 19:00,45.32166729
4/19/2025 20:00,66.58666808
4/19/2025 21:00,60.77241503
4/19/2025 22:00,60.49830602
4/19/2025 23:00,56.31356029
4/20/2025,56.16440763
4/20/2025 1:00,43.44333433
4/20/2025 2:00,40.62203475
4/20/2025 3:00,51.87457709
4/20/2025 4:00,56.15254315
4/20/2025 5:00,55.48166752
4/20/2025 6:00,68.51864514
4/20/2025 7:00,60.18983149
4/20/2025 8:00,51.72881446
4/20/2025 9:00,41.65000045
4/20/2025 10:00,31.04827631
4/20/2025 11:00,30.84915297
4/20/2025 12:00,25.66500053
4/20/2025 13:00,26.75000048
4/20/2025 14:00,23.80000045
4/20/2025 15:00,29.38644112
4/20/2025 16:00,28.49000044
4/20/2025 17:00,31.91186475
4/20/2025 18:00,40.13103525
4/20/2025 19:00,45.59491607
4/20/2025 20:00,45.38571508
4/20/2025 21:00,45.32333425
4/20/2025 22:00,43.94237357
4/20/2025 23:00,40.79830596
4/21/2025,46.93898372
4/21/2025 1:00,47.94655254
4/21/2025 2:00,47.28596577
4/21/2025 3:00,48.84067859
4/21/2025 4:00,50.66885332
4/21/2025 5:00,63.88166752
4/21/2025 6:00,69.40678095
4/21/2025 7:00,72.66333427
4/21/2025 8:00,61.51186507
4/21/2025 9:00,50.44406871
4/21/2025 10:00,47.65000087
4/21/2025 11:00,34.34745831
4/21/2025 12:00,31.45172451
4/21/2025 13:00,30.62833395
4/21/2025 14:00,28.47666709
4/21/2025 15:00,28.41833369
4/21/2025 16:00,25.38448314
4/21/2025 17:00,30.64915301
4/21/2025 18:00,35.85593269
4/21/2025 19:00,49.22711938
4/21/2025 20:00,53.82623016
4/21/2025 21:00,58.77666734
4/21/2025 22:00,55.59322105
4/21/2025 23:00,61.07931104
4/22/2025,58.6898313
4/22/2025 1:00,59.58793147
4/22/2025 2:00,62.68305213
4/22/2025 3:00,66.26207023
4/22/2025 4:00,76.07000128
4/22/2025 5:00,84.30166817
4/22/2025 6:00,94.86333542
4/22/2025 7:00,93.32500191
4/22/2025 8:00,71.15000225
4/22/2025 9:00,60.18965669
4/22/2025 10:00,47.73000081
4/22/2025 11:00,41.08474647
4/22/2025 12:00,36.99655243
4/22/2025 13:00,35.88965567
4/22/2025 14:00,34.46610247
4/22/2025 15:00,31.75517312
4/22/2025 16:00,32.97166751
4/22/2025 17:00,37.02372968
4/22/2025 18:00,50.39000079
4/22/2025 19:00,46.50500081
4/22/2025 20:00,50.10508547
4/22/2025 21:00,64.62203495
4/22/2025 22:00,60.56206973
4/22/2025 23:00,54.07118729
4/23/2025,57.50508551
4/23/2025 1:00,66.1000013
4/23/2025 2:00,62.99833431
4/23/2025 3:00,59.90508548
4/23/2025 4:00,63.8050012
4/23/2025 5:00,70.74745896
4/23/2025 6:00,80.35762864
4/23/2025 7:00,81.41000112
4/23/2025 8:00,68.68813686
4/23/2025 9:00,59.97796702
4/23/2025 10:00,51.47833436
4/23/2025 11:00,39.07936593
4/23/2025 12:00,36.02758677
4/23/2025 13:00,35.5000007
4/23/2025 14:00,36.45423805
4/23/2025 15:00,35.57666756
4/23/2025 16:00,34.90000079
4/23/2025 17:00,38.52166732
4/23/2025 18:00,48.31666749
4/23/2025 19:00,50.13559393
4/23/2025 20:00,53.24166724
4/23/2025 21:00,57.16551781
4/23/2025 22:00,61.07017638
4/23/2025 23:00,64.21500092
4/24/2025,60.52500083
4/24/2025 1:00,70.06440825
4/24/2025 2:00,66.04745884
4/24/2025 3:00,69.86000163
4/24/2025 4:00,76.88666814
4/24/2025 5:00,87.20847644
4/24/2025 6:00,96.45254426
4/24/2025 7:00,88.7169505
4/24/2025 8:00,79.97796773
4/24/2025 9:00,61.78666744
4/24/2025 10:00,54.61833413
4/24/2025 11:00,41.32413867
4/24/2025 12:00,37.31000096
4/24/2025 13:00,40.54833406
4/24/2025 14:00,40.24576342
4/24/2025 15:00,49.61333383
4/24/2025 16:00,62.43559453
4/24/2025 17:00,75.49827707
4/24/2025 18:00,72.58333499
4/24/2025 19:00,76.25833435
4/24/2025 20:00,70.12833455
4/24/2025 21:00,75.31333504
4/24/2025 22:00,77.38474675
4/24/2025 23:00,77.03500137
4/25/2025,83.20666784
4/25/2025 1:00,80.70508588
4/25/2025 2:00,73.75084945
4/25/2025 3:00,72.97758747
4/25/2025 4:00,69.49830653
4/25/2025 5:00,76.31356074
4/25/2025 6:00,93.62241535
4/25/2025 7:00,96.9050017
4/25/2025 8:00,73.87288291
4/25/2025 9:00,80.24827707
4/25/2025 10:00,65.49333483
4/25/2025 11:00,35.03684285
4/25/2025 12:00,24.23500037
4/25/2025 13:00,43.43793165
4/25/2025 14:00,40.26101778
4/25/2025 15:00,33.63000078
4/25/2025 16:00,38.97966165
4/25/2025 17:00,39.48103536
4/25/2025 18:00,45.31206953
4/25/2025 19:00,50.90000076
4/25/2025 20:00,63.53389953
4/25/2025 21:00,61.31228169
4/25/2025 22:00,62.40000084
4/25/2025 23:00,67.49833482
4/26/2025,60.85593324
4/26/2025 1:00,67.47118798
4/26/2025 2:00,74.21333504
4/26/2025 3:00,68.52034022
4/26/2025 4:00,70.0516681
4/26/2025 5:00,78.12833468
4/26/2025 6:00,94.88813717
4/26/2025 7:00,101.0372895
4/26/2025 8:00,79.44500122
4/26/2025 9:00,71.78135713
4/26/2025 10:00,60.42333438
4/26/2025 11:00,39.67288214
4/26/2025 12:00,37.69138004
4/26/2025 13:00,35.10172479
4/26/2025 14:00,31.96949199
4/26/2025 15:00,36.03793184
4/26/2025 16:00,38.92372965
4/26/2025 17:00,45.61864452
4/26/2025 18:00,53.0833341
4/26/2025 19:00,65.50333462
4/26/2025 20:00,71.64745977
4/26/2025 21:00,73.6103463
4/26/2025 22:00,101.7033352
4/26/2025 23:00,87.67966215
4/27/2025,73.59661115
4/27/2025 1:00,79.03898453
4/27/2025 2:00,86.78000145
4/27/2025 3:00,87.1438608
4/27/2025 4:00,88.69500186
4/27/2025 5:00,102.5813578
4/27/2025 6:00,117.8551745
4/27/2025 7:00,116.4983069
4/27/2025 8:00,91.3644082
4/27/2025 9:00,83.17586307
4/27/2025 10:00,66.65333474
4/27/2025 11:00,50.15500113
4/27/2025 12:00,42.86724229
4/27/2025 13:00,49.47118707
4/27/2025 14:00,56.49310421
4/27/2025 15:00,47.09833387
4/27/2025 16:00,56.94166749
4/27/2025 17:00,52.24655263
4/27/2025 18:00,47.92069054
4/27/2025 19:00,51.74310428
4/27/2025 20:00,50.57627196
4/27/2025 21:00,45.88333397
4/27/2025 22:00,34.23965619
4/27/2025 23:00,41.26666759
4/28/2025,44.58644162
4/28/2025 1:00,44.32881423
4/28/2025 2:00,44.9833341
4/28/2025 3:00,44.06666737
4/28/2025 4:00,47.17966177
4/28/2025 5:00,48.62372971
4/28/2025 6:00,56.93000069
4/28/2025 7:00,59.2616677
4/28/2025 8:00,59.54237372
4/28/2025 9:00,61.24067869
4/28/2025 10:00,59.17457703
4/28/2025 11:00,35.9816672
4/28/2025 12:00,35.71356007
4/28/2025 13:00,42.40833384
4/28/2025 14:00,31.01724177
4/28/2025 15:00,37.04500084
4/28/2025 16:00,43.65593332
4/28/2025 17:00,43.86607225
4/28/2025 18:00,45.79500097
4/28/2025 19:00,33.08305146
4/28/2025 20:00,32.27118699
4/28/2025 21:00,28.06500053
4/28/2025 22:00,28.49833368
4/28/2025 23:00,27.57241414
4/29/2025,33.51000055
4/29/2025 1:00,42.37586285
4/29/2025 2:00,43.45500075
4/29/2025 3:00,37.52500083
4/29/2025 4:00,37.77333425
4/29/2025 5:00,41.30333417
4/29/2025 6:00,46.99482826
4/29/2025 7:00,49.37333425
4/29/2025 8:00,54.27118722
4/29/2025 9:00,43.52241434
4/29/2025 10:00,43.77500083
4/29/2025 11:00,36.64000072
4/29/2025 12:00,29.32711905
4/29/2025 13:00,24.03684248
4/29/2025 14:00,23.8466671
4/29/2025 15:00,27.28103503
4/29/2025 16:00,29.42542409
4/29/2025 17:00,27.91052684
4/29/2025 18:00,32.49833399
4/29/2025 19:00,34.05689726
4/29/2025 20:00,36.10678029
4/29/2025 21:00,38.07500089
4/29/2025 22:00,36.48596559
4/29/2025 23:00,37.66666749
4/30/2025,36.89500058
4/30/2025 1:00,34.08135657
4/30/2025 2:00,32.5152551
4/30/2025 3:00,30.51186481
4/30/2025 4:00,27.24500055
4/30/2025 5:00,27.25333376
4/30/2025 6:00,34.63389914
4/30/2025 7:00,51.50000078
4/30/2025 8:00,46.91833394
4/30/2025 9:00,60.03833408
4/30/2025 10:00,52.17457697
4/30/2025 11:00,36.70862142
4/30/2025 12:00,35.07118736
4/30/2025 13:00,28.08965561
4/30/2025 14:00,27.21166709
4/30/2025 15:00,32.16949207
4/30/2025 16:00,33.2433341
4/30/2025 17:00,34.90333382
4/30/2025 18:00,37.18474631
4/30/2025 19:00,37.58000075
4/30/2025 20:00,35.78421134
4/30/2025 21:00,34.61000067
4/30/2025 22:00,31.87288187
4/30/2025 23:00,33.17758685
5/1/2025,34.14237355
5/1/2025 1:00,34.85789543
5/1/2025 2:00,34.52000052
5/1/2025 3:00,35.21724218
5/1/2025 4:00,38.89166762
5/1/2025 5:00,42.08983108
5/1/2025 6:00,49.88983122
5/1/2025 7:00,39.49830592
5/1/2025 8:00,34.01333392
5/1/2025 9:00,19.6285717
5/1/2025 10:00,18.32166696
5/1/2025 11:00,18.31186487
5/1/2025 12:00,15.93448305
5/1/2025 13:00,14.26610197
5/1/2025 14:00,15.64107169
5/1/2025 15:00,16.71833363
5/1/2025 16:00,16.44333375
5/1/2025 17:00,19.10339027
5/1/2025 18:00,29.37796654
5/1/2025 19:00,51.40508561
5/1/2025 20:00,42.45762796
5/1/2025 21:00,36.51695003
5/1/2025 22:00,24.3000003
5/1/2025 23:00,32.00508515
5/2/2025,29.8101699
5/2/2025 1:00,34.36271244
5/2/2025 2:00,34.16724205
5/2/2025 3:00,39.12758676
5/2/2025 4:00,39.49122881
5/2/2025 5:00,51.57796717
5/2/2025 6:00,60.25762791
5/2/2025 7:00,66.94237441
5/2/2025 8:00,51.61071512
5/2/2025 9:00,36.00339043
5/2/2025 10:00,23.11379344
5/2/2025 11:00,18.94237321
5/2/2025 12:00,20.08596522
5/2/2025 13:00,25.15000022
5/2/2025 14:00,18.40678
5/2/2025 15:00,23.92241422
5/2/2025 16:00,22.38813591
5/2/2025 17:00,23.30517285
5/2/2025 18:00,29.84482815
5/2/2025 19:00,50.15423791
5/2/2025 20:00,64.58983166
5/2/2025 21:00,52.9350008
5/2/2025 22:00,49.78000069
5/2/2025 23:00,57.69655267
5/3/2025,52.66101779
5/3/2025 1:00,48.3741388
5/3/2025 2:00,50.87833398
5/3/2025 3:00,56.83166752
5/3/2025 4:00,57.24745864
5/3/2025 5:00,63.7283343
5/3/2025 6:00,61.15172537
5/3/2025 7:00,71.27069112
5/3/2025 8:00,70.10847628
5/3/2025 9:00,54.00166804
5/3/2025 10:00,50.64666716
5/3/2025 11:00,38.74166743
5/3/2025 12:00,38.60000061
5/3/2025 13:00,30.86440723
5/3/2025 14:00,34.60166715
5/3/2025 15:00,38.95000066
5/3/2025 16:00,39.6100009
5/3/2025 17:00,39.2070182
5/3/2025 18:00,47.31500092
5/3/2025 19:00,49.47000058
5/3/2025 20:00,44.71694959
5/3/2025 21:00,35.3916673
5/3/2025 22:00,39.83333397
5/3/2025 23:00,44.04833419
5/4/2025,35.84166737
5/4/2025 1:00,34.13000056
5/4/2025 2:00,40.00517326
5/4/2025 3:00,33.49166727
5/4/2025 4:00,34.78305147
5/4/2025 5:00,30.48305149
5/4/2025 6:00,32.75166718
5/4/2025 7:00,19.44655206
5/4/2025 8:00,17.91355961
5/4/2025 9:00,28.82000049
5/4/2025 10:00,14.056667
5/4/2025 11:00,22.98813597
5/4/2025 12:00,14.19500028
5/4/2025 13:00,16.84333359
5/4/2025 14:00,14.77666686
5/4/2025 15:00,15.47796639
5/4/2025 16:00,18.11864439
5/4/2025 17:00,17.0833336
5/4/2025 18:00,24.94166708
5/4/2025 19:00,21.25166699
5/4/2025 20:00,29.50333392
5/4/2025 21:00,36.56440735
5/4/2025 22:00,30.40333405
5/4/2025 23:00,29.61500044
5/5/2025,25.34833377
5/5/2025 1:00,25.21186486
5/5/2025 2:00,29.35333382
5/5/2025 3:00,31.5362075
5/5/2025 4:00,33.150848
5/5/2025 5:00,44.46949257
5/5/2025 6:00,46.80847556
5/5/2025 7:00,52.15500056
5/5/2025 8:00,40.12542447
5/5/2025 9:00,31.43389873
5/5/2025 10:00,26.44333378
5/5/2025 11:00,26.21355972
5/5/2025 12:00,26.46500031
5/5/2025 13:00,27.78333375
5/5/2025 14:00,31.72333393
5/5/2025 15:00,34.57500048
5/5/2025 16:00,30.19833374
5/5/2025 17:00,32.26949229
5/5/2025 18:00,35.88596572
5/5/2025 19:00,37.83000088
5/5/2025 20:00,45.70833397
5/5/2025 21:00,30.55438634
5/5/2025 22:00,34.30847549
5/5/2025 23:00,37.70169565
5/6/2025,45.1850008
5/6/2025 1:00,52.81333408
5/6/2025 2:00,40.74237371
5/6/2025 3:00,49.29152621
5/6/2025 4:00,55.16379376
5/6/2025 5:00,57.64827676
5/6/2025 6:00,63.74067869
5/6/2025 7:00,62.60862186
5/6/2025 8:00,66.57966226
5/6/2025 9:00,57.70862165
5/6/2025 10:00,53.91016996
5/6/2025 11:00,30.05689703
5/6/2025 12:00,24.46610221
5/6/2025 13:00,24.06000036
5/6/2025 14:00,31.13666722
5/6/2025 15:00,36.88474668
5/6/2025 16:00,36.81166738
5/6/2025 17:00,37.65333379
5/6/2025 18:00,41.59500058
5/6/2025 19:00,58.73158043
5/6/2025 20:00,69.2133351
5/6/2025 21:00,74.81864548
5/6/2025 22:00,70.40333481
5/6/2025 23:00,62.41724251
5/7/2025,49.40333411
5/7/2025 1:00,45.83000088
5/7/2025 2:00,47.78666712
5/7/2025 3:00,49.08983121
5/7/2025 4:00,54.51333383
5/7/2025 5:00,54.17931109
5/7/2025 6:00,59.79000123
5/7/2025 7:00,73.51500117
5/7/2025 8:00,63.37457734
5/7/2025 9:00,41.44912345
5/7/2025 10:00,24.96666692
5/7/2025 11:00,21.73559354
5/7/2025 12:00,19.85689696
5/7/2025 13:00,21.58305126
5/7/2025 14:00,22.06666708
5/7/2025 15:00,20.83620723
5/7/2025 16:00,22.23166704
5/7/2025 17:00,22.84500049
5/7/2025 18:00,27.07966129
5/7/2025 19:00,32.19833393
5/7/2025 20:00,48.67000071
5/7/2025 21:00,53.48813629
5/7/2025 22:00,44.54237372
5/7/2025 23:00,38.02982524
5/8/2025,39.65535777
5/8/2025 1:00,39.59482824
5/8/2025 2:00,40.1083341
5/8/2025 3:00,41.62881424
5/8/2025 4:00,37.22333406
5/8/2025 5:00,42.69655228
5/8/2025 6:00,65.18644204
5/8/2025 7:00,60.03000107
5/8/2025 8:00,44.52833398
5/8/2025 9:00,36.59491571
5/8/2025 10:00,27.8966671
5/8/2025 11:00,21.32372914
5/8/2025 12:00,20.88275896
5/8/2025 13:00,22.88166704
5/8/2025 14:00,23.43728851
5/8/2025 15:00,24.50517273
5/8/2025 16:00,24.81379331
5/8/2025 17:00,24.99322057
5/8/2025 18:00,30.14833377
5/8/2025 19:00,40.95263244
5/8/2025 20:00,55.50833422
5/8/2025 21:00,49.65762782
5/8/2025 22:00,39.51551806
5/8/2025 23:00,37.65500107
5/9/2025,36.31228149
5/9/2025 1:00,39.67500067
5/9/2025 2:00,36.87000065
5/9/2025 3:00,41.27586279
5/9/2025 4:00,45.64915298
5/9/2025 5:00,51.00500094
5/9/2025 6:00,67.38474681
5/9/2025 7:00,74.74655322
5/9/2025 8:00,63.85833403
5/9/2025 9:00,44.98000091
5/9/2025 10:00,36.51864462
5/9/2025 11:00,24.12666702
5/9/2025 12:00,22.50678001
5/9/2025 13:00,22.58448311
5/9/2025 14:00,21.16000045
5/9/2025 15:00,22.15666701
5/9/2025 16:00,22.3133337
5/9/2025 17:00,24.3593225
5/9/2025 18:00,31.08070213
5/9/2025 19:00,42.51356008
5/9/2025 20:00,51.89333433
5/9/2025 21:00,44.42069034
5/9/2025 22:00,39.38135687
5/9/2025 23:00,44.23000075
5/10/2025,57.07166742
5/10/2025 1:00,51.48333403
5/10/2025 2:00,43.70833403
5/10/2025 3:00,47.93793185
5/10/2025 4:00,47.08833421
5/10/2025 5:00,65.480001
5/10/2025 6:00,72.55000146
5/10/2025 7:00,58.11500072
5/10/2025 8:00,46.32241466
5/10/2025 9:00,48.0533343
5/10/2025 10:00,31.9677972
5/10/2025 11:00,24.7100004
5/10/2025 12:00,21.12033938
5/10/2025 13:00,21.33103479
5/10/2025 14:00,20.89661053
5/10/2025 15:00,14.61694939
5/10/2025 16:00,14.35166685
5/10/2025 17:00,18.05000038
5/10/2025 18:00,24.04000025
5/10/2025 19:00,31.22413852
5/10/2025 20:00,39.02413885
5/10/2025 21:00,36.99166759
5/10/2025 22:00,36.80508536
5/10/2025 23:00,48.93389899
5/11/2025,42.09152635
5/11/2025 1:00,42.49500065
5/11/2025 2:00,44.77500076
5/11/2025 3:00,55.48305156
5/11/2025 4:00,54.72000078
5/11/2025 5:00,56.31166725
5/11/2025 6:00,82.70333443
5/11/2025 7:00,52.33559385
5/11/2025 8:00,47.99310434
5/11/2025 9:00,37.59830575
5/11/2025 10:00,25.27333371
5/11/2025 11:00,24.21864445
5/11/2025 12:00,25.35000048
5/11/2025 13:00,22.63035757
5/11/2025 14:00,22.55833371
5/11/2025 15:00,27.24833368
5/11/2025 16:00,25.48448319
5/11/2025 17:00,23.02033938
5/11/2025 18:00,31.69830578
5/11/2025 19:00,29.35666707
5/11/2025 20:00,34.49000066
5/11/2025 21:00,42.33965591
5/11/2025 22:00,41.5583341
5/11/2025 23:00,40.35344913
5/12/2025,42.93220417
5/12/2025 1:00,49.54138006
5/12/2025 2:00,38.57796672
5/12/2025 3:00,49.53220419
5/12/2025 4:00,48.30166747
5/12/2025 5:00,53.97796708
5/12/2025 6:00,63.36666776
5/12/2025 7:00,61.75862154
5/12/2025 8:00,50.01500092
5/12/2025 9:00,38.04386055
5/12/2025 10:00,33.06666756
5/12/2025 11:00,25.86271221
5/12/2025 12:00,25.89500039
5/12/2025 13:00,24.74406831
5/12/2025 14:00,25.69152586
5/12/2025 15:00,27.58666697
5/12/2025 16:00,31.67069014
5/12/2025 17:00,32.82711934
5/12/2025 18:00,31.44067835
5/12/2025 19:00,31.43166701
5/12/2025 20:00,38.43833396
5/12/2025 21:00,37.74406866
5/12/2025 22:00,28.86666718
5/12/2025 23:00,32.99666723
5/13/2025,37.21166744
5/13/2025 1:00,38.57241453
5/13/2025 2:00,38.56140391
5/13/2025 3:00,43.69500084
5/13/2025 4:00,48.61833439
5/13/2025 5:00,43.1203398
5/13/2025 6:00,48.71666756
5/13/2025 7:00,34.7593226
5/13/2025 8:00,23.33833373
5/13/2025 9:00,28.37333374
5/13/2025 10:00,28.43333368
5/13/2025 11:00,25.51864446
5/13/2025 12:00,25.94333359
5/13/2025 13:00,27.54833364
5/13/2025 14:00,25.98793148
5/13/2025 15:00,27.26166697
5/13/2025 16:00,28.24166708
5/13/2025 17:00,29.3491529
5/13/2025 18:00,38.32586285
5/13/2025 19:00,40.70344899
5/13/2025 20:00,42.24067901
5/13/2025 21:00,42.91000061
5/13/2025 22:00,39.68644171
5/13/2025 23:00,41.30166753
5/14/2025,41.81228156
5/14/2025 1:00,38.94666748
5/14/2025 2:00,40.03220413
5/14/2025 3:00,44.19000079
5/14/2025 4:00,47.19152625
5/14/2025 5:00,54.21666743
5/14/2025 6:00,60.45344918
5/14/2025 7:00,47.97413872
5/14/2025 8:00,40.23000075
5/14/2025 9:00,36.45333408
5/14/2025 10:00,34.68644139
5/14/2025 11:00,31.29166727
5/14/2025 12:00,27.30169535
5/14/2025 13:00,27.9733339
5/14/2025 14:00,28.70000037
5/14/2025 15:00,27.75762752
5/14/2025 16:00,35.03898372
5/14/2025 17:00,40.59833387
5/14/2025 18:00,37.44827678
5/14/2025 19:00,38.90909188
5/14/2025 20:00,42.08166726
5/14/2025 21:00,46.82166735
5/14/2025 22:00,47.96842167
5/14/2025 23:00,46.79661088
5/15/2025,40.79333382
5/15/2025 1:00,31.6610176
5/15/2025 2:00,37.95666746
5/15/2025 3:00,39.16440763
5/15/2025 4:00,41.35500046
5/15/2025 5:00,42.94833419
5/15/2025 6:00,51.92542454
5/15/2025 7:00,42.08983114
5/15/2025 8:00,43.27241457
5/15/2025 9:00,45.72372967
5/15/2025 10:00,37.90666733
5/15/2025 11:00,33.98000078
5/15/2025 12:00,29.00169544
5/15/2025 13:00,28.22000033
5/15/2025 14:00,29.96166709
5/15/2025 15:00,27.52666712
5/15/2025 16:00,28.11355976
5/15/2025 17:00,34.2694921
5/15/2025 18:00,40.96833388
5/15/2025 19:00,46.13898377
5/15/2025 20:00,47.52372962
5/15/2025 21:00,48.6500007
5/15/2025 22:00,45.52166742
5/15/2025 23:00,41.1344836
5/16/2025,38.76440779
5/16/2025 1:00,43.67241432
5/16/2025 2:00,40.09000079
5/16/2025 3:00,43.29830558
5/16/2025 4:00,47.54666735
5/16/2025 5:00,46.72931086
5/16/2025 6:00,47.86833388
5/16/2025 7:00,44.38333397
5/16/2025 8:00,42.37069038
5/16/2025 9:00,45.8350008
5/16/2025 10:00,45.48000094
5/16/2025 11:00,43.88833421
5/16/2025 12:00,42.18666725
5/16/2025 13:00,45.36206982
5/16/2025 14:00,44.06833413
5/16/2025 15:00,41.42666753
5/16/2025 16:00,39.03333416
5/16/2025 17:00,38.61500092
5/16/2025 18:00,28.97719333
5/16/2025 19:00,15.24310375
5/16/2025 20:00,18.06610209
5/16/2025 21:00,19.67796657
5/16/2025 22:00,21.9237292
5/16/2025 23:00,22.96333364
5/17/2025,21.10862101
5/17/2025 1:00,19.55084778
5/17/2025 2:00,24.54000038
5/17/2025 3:00,26.16166716
5/17/2025 4:00,36.61607221
5/17/2025 5:00,41.92333428
5/17/2025 6:00,54.06271278
5/17/2025 7:00,44.15084813
5/17/2025 8:00,41.14500065
5/17/2025 9:00,48.13103531
5/17/2025 10:00,41.87719399
5/17/2025 11:00,42.54736894
5/17/2025 12:00,58.97413921
5/17/2025 13:00,35.44666719
5/17/2025 14:00,27.5779665
5/17/2025 15:00,33.11206972
5/17/2025 16:00,38.42666753
5/17/2025 17:00,33.4084752
5/17/2025 18:00,34.83793183
5/17/2025 19:00,47.35333373
5/17/2025 20:00,68.28000081
5/17/2025 21:00,58.36166751
5/17/2025 22:00,45.10166728
5/17/2025 23:00,64.1900013
5/18/2025,64.89333496
5/18/2025 1:00,59.65333443
5/18/2025 2:00,31.53389866
5/18/2025 3:00,31.18983088
5/18/2025 4:00,29.35000032
5/18/2025 5:00,47.51896648
5/18/2025 6:00,53.15964977
5/18/2025 7:00,49.19500084
5/18/2025 8:00,50.19333426
5/18/2025 9:00,48.10508528
5/18/2025 10:00,36.17543937
5/18/2025 11:00,36.80689733
5/18/2025 12:00,28.75166725
5/18/2025 13:00,24.81896585
5/18/2025 14:00,24.25762736
5/18/2025 15:00,25.68135637
5/18/2025 16:00,28.00833368
5/18/2025 17:00,31.39152598
5/18/2025 18:00,32.47457695
5/18/2025 19:00,50.25000053
5/18/2025 20:00,50.21864519
5/18/2025 21:00,35.47288216
5/18/2025 22:00,34.67966173
5/18/2025 23:00,25.73000043
5/19/2025,25.20847495
5/19/2025 1:00,24.35666711
5/19/2025 2:00,39.95593281
5/19/2025 3:00,36.18833399
5/19/2025 4:00,44.25666726
5/19/2025 5:00,55.04333439
5/19/2025 6:00,67.48000062
5/19/2025 7:00,70.3000015
5/19/2025 8:00,65.25333424
5/19/2025 9:00,43.61017017
5/19/2025 10:00,31.56500069
5/19/2025 11:00,30.67241448
5/19/2025 12:00,28.2355936
5/19/2025 13:00,25.8898309
5/19/2025 14:00,NA
5/19/2025 15:00,NA
5/19/2025 16:00,36.22372941
5/19/2025 17:00,42.0683342
5/19/2025 18:00,43.33389896
5/19/2025 19:00,31.86034548
5/19/2025 20:00,29.10666707
5/19/2025 21:00,25.67166697
5/19/2025 22:00,23.07457672
5/19/2025 23:00,16.6864411
5/20/2025,23.27118696
5/20/2025 1:00,25.53500039
5/20/2025 2:00,25.68813595
5/20/2025 3:00,6.413559445
5/20/2025 4:00,4.536666759
5/20/2025 5:00,5.500000089
5/20/2025 6:00,14.01500019
5/20/2025 7:00,14.36779683
5/20/2025 8:00,12.78448294
5/20/2025 9:00,11.0689657
5/20/2025 10:00,13.37931053
5/20/2025 11:00,19.88275908
5/20/2025 12:00,23.57118678
5/20/2025 13:00,27.26949191
5/20/2025 14:00,28.19491564
5/20/2025 15:00,24.82069012
5/20/2025 16:00,24.78965562
5/20/2025 17:00,24.06500041
5/20/2025 18:00,26.31864448
5/20/2025 19:00,31.56610221
5/20/2025 20:00,34.13500086
5/20/2025 21:00,31.74576336
5/20/2025 22:00,28.92931067
5/20/2025 23:00,27.62542421
5/21/2025,28.59833374
5/21/2025 1:00,33.6816673
5/21/2025 2:00,40.79666742
5/21/2025 3:00,39.41333396
5/21/2025 4:00,38.67333425
5/21/2025 5:00,41.46271269
5/21/2025 6:00,49.44406859
5/21/2025 7:00,53.8830516
5/21/2025 8:00,43.71355981
5/21/2025 9:00,35.26551806
5/21/2025 10:00,33.35084802
5/21/2025 11:00,37.66500092
5/21/2025 12:00,27.9116669
5/21/2025 13:00,25.05666711
5/21/2025 14:00,16.74482796
5/21/2025 15:00,17.58833365
5/21/2025 16:00,14.38166685
5/21/2025 17:00,13.50500013
5/21/2025 18:00,19.92203417
5/21/2025 19:00,44.03965621
5/21/2025 20:00,40.60666726
5/21/2025 21:00,41.92372946
5/21/2025 22:00,34.85254301
5/21/2025 23:00,20.22666712
5/22/2025,24.39491566
5/22/2025 1:00,25.26842137
5/22/2025 2:00,21.97166697
5/22/2025 3:00,22.48474619
5/22/2025 4:00,25.60508515
5/22/2025 5:00,34.18000059
5/22/2025 6:00,43.62500102
5/22/2025 7:00,41.99655243
5/22/2025 8:00,30.1118648
5/22/2025 9:00,27.8275868
5/22/2025 10:00,22.72203418
5/22/2025 11:00,11.54500019
5/22/2025 12:00,12.23833354
5/22/2025 13:00,20.01833375
5/22/2025 14:00,18.27500038
5/22/2025 15:00,19.07241417
5/22/2025 16:00,23.15762749
5/22/2025 17:00,22.02333361
5/22/2025 18:00,22.38666706
5/22/2025 19:00,25.68305119
5/22/2025 20:00,31.77627166
5/22/2025 21:00,24.07166704
5/22/2025 22:00,24.29661053
5/22/2025 23:00,23.69830545
5/23/2025,16.27627145
5/23/2025 1:00,17.97627152
5/23/2025 2:00,17.76271222
5/23/2025 3:00,19.43166701
5/23/2025 4:00,18.89661045
5/23/2025 5:00,21.28474601
5/23/2025 6:00,32.60175497
5/23/2025 7:00,26.88500042
5/23/2025 8:00,29.05666717
5/23/2025 9:00,26.59000044
5/23/2025 10:00,27.90339017
5/23/2025 11:00,21.77288181
5/23/2025 12:00,21.06949192
5/23/2025 13:00,19.71896586
5/23/2025 14:00,21.28813592
5/23/2025 15:00,19.02203419
5/23/2025 16:00,23.52881386
5/23/2025 17:00,26.13333367
5/23/2025 18:00,25.28000053
5/23/2025 19:00,24.62500045
5/23/2025 20:00,24.82333361
5/23/2025 21:00,9.994827772
5/23/2025 22:00,17.53103474
5/23/2025 23:00,28.11166697
5/24/2025,26.02333396
5/24/2025 1:00,23.16034511
5/24/2025 2:00,24.79661053
5/24/2025 3:00,29.44576322
5/24/2025 4:00,31.80000054
5/24/2025 5:00,34.36833391
5/24/2025 6:00,34.52881474
5/24/2025 7:00,36.74210599
5/24/2025 8:00,30.567797
5/24/2025 9:00,27.71500041
5/24/2025 10:00,23.90000035
5/24/2025 11:00,25.82500032
5/24/2025 12:00,22.26551779
5/24/2025 13:00,19.78135633
5/24/2025 14:00,19.81166703
5/24/2025 15:00,21.5233338
5/24/2025 16:00,15.88666692
5/24/2025 17:00,19.15517287
5/24/2025 18:00,23.54000034
5/24/2025 19:00,21.64576311
5/24/2025 20:00,36.68813621
5/24/2025 21:00,42.76000061
5/24/2025 22:00,41.40169577
5/24/2025 23:00,36.27666744
5/25/2025,33.88983128
5/25/2025 1:00,34.08474657
5/25/2025 2:00,34.56166738
5/25/2025 3:00,31.49491572
5/25/2025 4:00,32.98070242
5/25/2025 5:00,36.16779741
5/25/2025 6:00,40.35666752
5/25/2025 7:00,42.72372941
5/25/2025 8:00,33.4135598
5/25/2025 9:00,27.4633338
5/25/2025 10:00,25.08305123
5/25/2025 11:00,20.68305117
5/25/2025 12:00,15.54000028
5/25/2025 13:00,14.42931054
5/25/2025 14:00,14.28813592
5/25/2025 15:00,14.33448302
5/25/2025 16:00,16.50500032
5/25/2025 17:00,23.45423766
5/25/2025 18:00,20.81355981
5/25/2025 19:00,25.0883338
5/25/2025 20:00,28.32500041
5/25/2025 21:00,27.5423734
5/25/2025 22:00,31.98965576
5/25/2025 23:00,34.38421119
5/26/2025,35.45833403
5/26/2025 1:00,19.88000037
5/26/2025 2:00,14.69655198
5/26/2025 3:00,27.12542405
5/26/2025 4:00,28.34576325
5/26/2025 5:00,24.35593249
5/26/2025 6:00,31.12372922
5/26/2025 7:00,34.77627211
5/26/2025 8:00,31.13898358
5/26/2025 9:00,19.82881389
5/26/2025 10:00,13.8400002
5/26/2025 11:00,13.0000002
5/26/2025 12:00,17.67069008
5/26/2025 13:00,14.12413821
5/26/2025 14:00,10.65593227
5/26/2025 15:00,11.14237306
5/26/2025 16:00,10.22586231
5/26/2025 17:00,8.272881516
5/26/2025 18:00,9.494915469
5/26/2025 19:00,10.03389845
5/26/2025 20:00,9.377586373
5/26/2025 21:00,6.581034562
5/26/2025 22:00,5.503333441
5/26/2025 23:00,7.241666778
5/27/2025,9.456896733
5/27/2025 1:00,7.663333456
5/27/2025 2:00,10.29137945
5/27/2025 3:00,5.490000105
5/27/2025 4:00,6.225862125
5/27/2025 5:00,9.358333484
5/27/2025 6:00,7.24833343
5/27/2025 7:00,12.59491547
5/27/2025 8:00,11.22033921
5/27/2025 9:00,13.18813573
5/27/2025 10:00,8.551666784
5/27/2025 11:00,13.2233336
5/27/2025 12:00,11.93275884
5/27/2025 13:00,12.02666682
5/27/2025 14:00,8.54576287
5/27/2025 15:00,7.061666747
5/27/2025 16:00,8.961666799
5/27/2025 17:00,11.86666688
5/27/2025 18:00,13.19830542
5/27/2025 19:00,12.35423749
5/27/2025 20:00,11.80169513
5/27/2025 21:00,11.62203412
5/27/2025 22:00,19.20344856
5/27/2025 23:00,25.20339023
5/28/2025,22.11864467
5/28/2025 1:00,14.10740757
5/28/2025 2:00,14.04915279
5/28/2025 3:00,11.92372901
5/28/2025 4:00,12.86949172
5/28/2025 5:00,14.37666686
5/28/2025 6:00,16.07666694
5/28/2025 7:00,25.27796648
5/28/2025 8:00,23.15964956
5/28/2025 9:00,15.5775865
5/28/2025 10:00,12.8766669
5/28/2025 11:00,11.52372903
5/28/2025 12:00,11.38644086
5/28/2025 13:00,10.71666692
5/28/2025 14:00,13.1655174
5/28/2025 15:00,12.83333348
5/28/2025 16:00,13.35762729
5/28/2025 17:00,13.52166689
5/28/2025 18:00,15.43050871
5/28/2025 19:00,18.07457651
5/28/2025 20:00,16.02203422
5/28/2025 21:00,19.17758669
5/28/2025 22:00,18.75000041
5/28/2025 23:00,8.300000141
5/29/2025,9.250000191
5/29/2025 1:00,10.81333357
5/29/2025 2:00,10.45423747
5/29/2025 3:00,29.41666756
5/29/2025 4:00,20.3300004
5/29/2025 5:00,22.76666708
5/29/2025 6:00,16.28644095
5/29/2025 7:00,16.93103475
5/29/2025 8:00,22.34067836
5/29/2025 9:00,19.32203422
5/29/2025 10:00,12.09000029
5/29/2025 11:00,6.125000095
5/29/2025 12:00,5.880701843
5/29/2025 13:00,5.972413902
5/29/2025 14:00,7.470000164
5/29/2025 15:00,8.170000188
5/29/2025 16:00,11.33103465
5/29/2025 17:00,13.72586227
5/29/2025 18:00,14.27118668
5/29/2025 19:00,15.22881382
5/29/2025 20:00,13.88103469
5/29/2025 21:00,11.46101708
5/29/2025 22:00,9.30500013
5/29/2025 23:00,13.7216669
5/30/2025,5.96206908
5/30/2025 1:00,8.391525596
5/30/2025 2:00,9.673333518
5/30/2025 3:00,8.5500001
5/30/2025 4:00,7.186440815
5/30/2025 5:00,8.175862205
5/30/2025 6:00,10.36896566
5/30/2025 7:00,10.70166683
5/30/2025 8:00,12.35084763
5/30/2025 9:00,8.860344985
5/30/2025 10:00,9.090000161
5/30/2025 11:00,8.605084936
5/30/2025 12:00,8.060000141
5/30/2025 13:00,9.565517458
5/30/2025 14:00,9.316666881
5/30/2025 15:00,10.5516669
5/30/2025 16:00,11.33448297
5/30/2025 17:00,12.39491548
5/30/2025 18:00,12.63559341
5/30/2025 19:00,14.06440698
5/30/2025 20:00,16.0516669
5/30/2025 21:00,15.59500028
5/30/2025 22:00,14.32833357
5/30/2025 23:00,17.825424
5/31/2025,13.35166694
5/31/2025 1:00,14.20344849
5/31/2025 2:00,15.01000026
5/31/2025 3:00,15.71666689
5/31/2025 4:00,19.81355968
5/31/2025 5:00,21.74406821
5/31/2025 6:00,27.80166721
5/31/2025 7:00,35.45000047
5/31/2025 8:00,33.41724205
5/31/2025 9:00,26.52166697
5/31/2025 10:00,27.54000047
5/31/2025 11:00,30.49830553
5/31/2025 12:00,33.60833403
5/31/2025 13:00,34.60508541
5/31/2025 14:00,33.91034551
5/31/2025 15:00,32.16833398
5/31/2025 16:00,31.48305127
5/31/2025 17:00,31.69827632
5/31/2025 18:00,36.0033343
5/31/2025 19:00,39.85762793
5/31/2025 20:00,39.08305146
5/31/2025 21:00,43.04576369
5/31/2025 22:00,39.37796669
5/31/2025 23:00,19.37118668
6/1/2025,29.52372929
6/1/2025 1:00,30.54655223
6/1/2025 2:00,35.42833414
6/1/2025 3:00,38.13500106
6/1/2025 4:00,36.10678042
6/1/2025 5:00,36.996611
6/1/2025 6:00,43.13000094
6/1/2025 7:00,37.95689741
6/1/2025 8:00,36.09661083
6/1/2025 9:00,38.23620757
6/1/2025 10:00,35.41355993
6/1/2025 11:00,32.10175494
6/1/2025 12:00,30.07931065
6/1/2025 13:00,30.99166708
6/1/2025 14:00,31.85000051
6/1/2025 15:00,31.88305166
6/1/2025 16:00,34.34482841
6/1/2025 17:00,38.15084813
6/1/2025 18:00,39.03559397
6/1/2025 19:00,35.80333385
6/1/2025 20:00,28.20677996
6/1/2025 21:00,26.11016991
6/1/2025 22:00,35.94576344
6/1/2025 23:00,37.1254244
6/2/2025,37.83898376
6/2/2025 1:00,41.33333397
6/2/2025 2:00,46.34166743
6/2/2025 3:00,47.43000107
6/2/2025 4:00,48.28620792
6/2/2025 5:00,53.06000093
6/2/2025 6:00,53.89491595
6/2/2025 7:00,45.68474669
6/2/2025 8:00,44.30517308
6/2/2025 9:00,46.86333402
6/2/2025 10:00,44.09491587
6/2/2025 11:00,33.3250006
6/2/2025 12:00,34.11250074
6/2/2025 13:00,35.3534489
6/2/2025 14:00,35.39166743
6/2/2025 15:00,36.89454609
6/2/2025 16:00,35.43220387
6/2/2025 17:00,35.88666735
6/2/2025 18:00,37.92203457
6/2/2025 19:00,38.87193064
6/2/2025 20:00,39.12000084
6/2/2025 21:00,42.89661084
6/2/2025 22:00,49.01034539
6/2/2025 23:00,44.7491534
6/3/2025,44.72413859
6/3/2025 1:00,42.17288189
6/3/2025 2:00,41.93666757
6/3/2025 3:00,46.15084871
6/3/2025 4:00,54.46666756
6/3/2025 5:00,51.55344904
6/3/2025 6:00,58.33833421
6/3/2025 7:00,74.69491655
6/3/2025 8:00,59.09333401
6/3/2025 9:00,62.21166738
6/3/2025 10:00,61.39655278
6/3/2025 11:00,55.80508565
6/3/2025 12:00,43.56833401
6/3/2025 13:00,39.92203496
6/3/2025 14:00,40.68448369
6/3/2025 15:00,40.7406785
6/3/2025 16:00,38.82105335
6/3/2025 17:00,39.46166757
6/3/2025 18:00,41.30333405
6/3/2025 19:00,43.82033972
6/3/2025 20:00,59.32166748
6/3/2025 21:00,51.41833394
6/3/2025 22:00,45.29500058
6/3/2025 23:00,42.69661105
6/4/2025,35.51052692
6/4/2025 1:00,34.48813616
6/4/2025 2:00,35.39152627
6/4/2025 3:00,32.9559331
6/4/2025 4:00,37.19661085
6/4/2025 5:00,38.78500093
6/4/2025 6:00,41.66610246
6/4/2025 7:00,46.76610235
6/4/2025 8:00,47.08166777
6/4/2025 9:00,47.38135671
6/4/2025 10:00,40.76101765
6/4/2025 11:00,28.4338988
6/4/2025 12:00,21.77666705
6/4/2025 13:00,21.2966671
6/4/2025 14:00,22.56000032
6/4/2025 15:00,21.7152547
6/4/2025 16:00,27.81833369
6/4/2025 17:00,17.71666692
6/4/2025 18:00,18.74406808
6/4/2025 19:00,26.25762752
6/4/2025 20:00,31.43500039
6/4/2025 21:00,22.89333375
6/4/2025 22:00,25.92666709
6/4/2025 23:00,21.16949186
6/5/2025,28.13333387
6/5/2025 1:00,47.8033342
6/5/2025 2:00,30.32333384
6/5/2025 3:00,30.30333382
6/5/2025 4:00,28.07333364
6/5/2025 5:00,32.23965576
6/5/2025 6:00,39.9423737
6/5/2025 7:00,46.07193053
6/5/2025 8:00,54.05517295
6/5/2025 9:00,36.72241441
6/5/2025 10:00,26.91333377
6/5/2025 11:00,26.63666712
6/5/2025 12:00,21.33166701
6/5/2025 13:00,19.19333378
6/5/2025 14:00,21.59166705
6/5/2025 15:00,17.72982487
6/5/2025 16:00,16.10517272
6/5/2025 17:00,22.04666704
6/5/2025 18:00,23.3796614
6/5/2025 19:00,25.08983085
6/5/2025 20:00,30.40678018
6/5/2025 21:00,30.3932208
6/5/2025 22:00,27.16271232
6/5/2025 23:00,28.76440711
6/6/2025,28.79830545
6/6/2025 1:00,29.07966135
6/6/2025 2:00,29.98833386
6/6/2025 3:00,28.16896603
6/6/2025 4:00,25.64500046
6/6/2025 5:00,31.36610222
6/6/2025 6:00,39.49661067
6/6/2025 7:00,35.95344892
6/6/2025 8:00,31.30847514
6/6/2025 9:00,26.5533337
6/6/2025 10:00,23.6016953
6/6/2025 11:00,19.37796649
6/6/2025 12:00,16.87288179
6/6/2025 13:00,18.71694948
6/6/2025 14:00,12.65833349
6/6/2025 15:00,12.53559342
6/6/2025 16:00,21.89500046
6/6/2025 17:00,20.52033935
6/6/2025 18:00,21.23448313
6/6/2025 19:00,35.67241448
6/6/2025 20:00,29.99122844
6/6/2025 21:00,28.94237344
6/6/2025 22:00,27.67966161
6/6/2025 23:00,25.80677999
6/7/2025,32.65689728
6/7/2025 1:00,31.9816673
6/7/2025 2:00,41.4666673
6/7/2025 3:00,51.6293112
6/7/2025 4:00,49.26607221
6/7/2025 5:00,44.13389898
6/7/2025 6:00,32.39166718
6/7/2025 7:00,40.30666726
6/7/2025 8:00,37.06779726
6/7/2025 9:00,28.55000039
6/7/2025 10:00,19.85423762
6/7/2025 11:00,19.15762749
6/7/2025 12:00,23.01833382
6/7/2025 13:00,19.96034514
6/7/2025 14:00,18.20333379
6/7/2025 15:00,18.80535761
6/7/2025 16:00,24.12881405
6/7/2025 17:00,24.78813592
6/7/2025 18:00,26.43333365
6/7/2025 19:00,31.32033943
6/7/2025 20:00,33.49482819
6/7/2025 21:00,32.39666732
6/7/2025 22:00,31.2932211
6/7/2025 23:00,33.03750072
6/8/2025,35.26271225
6/8/2025 1:00,31.77000062
6/8/2025 2:00,28.48620734
6/8/2025 3:00,31.83793163
6/8/2025 4:00,31.1118648
6/8/2025 5:00,32.41666737
6/8/2025 6:00,36.13220422
6/8/2025 7:00,40.1516674
6/8/2025 8:00,40.11864459
6/8/2025 9:00,35.67193068
6/8/2025 10:00,25.51228125
6/8/2025 11:00,20.08500039
6/8/2025 12:00,19.82758654
6/8/2025 13:00,20.72931079
6/8/2025 14:00,19.40500027
6/8/2025 15:00,20.72881385
6/8/2025 16:00,25.76440717
6/8/2025 17:00,32.59333375
6/8/2025 18:00,37.01379381
6/8/2025 19:00,39.82542445
6/8/2025 20:00,43.4100008
6/8/2025 21:00,45.94406833
6/8/2025 22:00,43.20666758
6/8/2025 23:00,40.32203454
6/9/2025,38.81724206
6/9/2025 1:00,39.8916673
6/9/2025 2:00,48.48666751
6/9/2025 3:00,51.19830574
6/9/2025 4:00,41.44833419
6/9/2025 5:00,44.76500047
6/9/2025 6:00,47.79322097
6/9/2025 7:00,47.76428618
6/9/2025 8:00,40.39000057
6/9/2025 9:00,30.53620756
6/9/2025 10:00,29.18793142
6/9/2025 11:00,31.59152593
6/9/2025 12:00,28.10166699
6/9/2025 13:00,25.45254271
6/9/2025 14:00,31.02500048
6/9/2025 15:00,34.61356014
6/9/2025 16:00,39.04237372
6/9/2025 17:00,39.92033988
6/9/2025 18:00,46.05166728
6/9/2025 19:00,56.54000104
6/9/2025 20:00,53.91017034
6/9/2025 21:00,53.48474658
6/9/2025 22:00,54.77966173
6/9/2025 23:00,54.59000079
6/10/2025,54.15932271
6/10/2025 1:00,50.37000078
6/10/2025 2:00,47.73103484
6/10/2025 3:00,46.27333406
6/10/2025 4:00,45.94000092
6/10/2025 5:00,50.48166771
6/10/2025 6:00,48.86666743
6/10/2025 7:00,57.95862198
6/10/2025 8:00,53.00000071
6/10/2025 9:00,47.36140429
6/10/2025 10:00,43.50169567
6/10/2025 11:00,36.39473765
6/10/2025 12:00,34.21186518
6/10/2025 13:00,31.31166719
6/10/2025 14:00,39.74333375
6/10/2025 15:00,39.50344908
6/10/2025 16:00,37.51929909
6/10/2025 17:00,41.9983338
6/10/2025 18:00,47.75166753
6/10/2025 19:00,50.72413879
6/10/2025 20:00,30.43333384
6/10/2025 21:00,20.08135621
6/10/2025 22:00,28.29666707
6/10/2025 23:00,32.69166718
6/11/2025,42.07288231
6/11/2025 1:00,41.85166728
6/11/2025 2:00,38.80169555
6/11/2025 3:00,44.05423821
6/11/2025 4:00,49.62166754
6/11/2025 5:00,57.85000058
6/11/2025 6:00,58.25932273
6/11/2025 7:00,51.94333401
6/11/2025 8:00,44.61500104
6/11/2025 9:00,38.44500103
6/11/2025 10:00,39.64827649
6/11/2025 11:00,36.61355995
6/11/2025 12:00,33.68135659
6/11/2025 13:00,36.69500103
6/11/2025 14:00,40.08965594
6/11/2025 15:00,36.16271268
6/11/2025 16:00,40.5950009
6/11/2025 17:00,43.25423793
6/11/2025 18:00,42.95172494
6/11/2025 19:00,39.85666752
6/11/2025 20:00,46.33000069
6/11/2025 21:00,41.99666742
6/11/2025 22:00,44.90666765
6/11/2025 23:00,44.31864464
6/12/2025,41.34000072
6/12/2025 1:00,38.19500058
6/12/2025 2:00,44.14482853
6/12/2025 3:00,43.4016957
6/12/2025 4:00,45.23508848
6/12/2025 5:00,49.39500078
6/12/2025 6:00,51.86101765
6/12/2025 7:00,47.15087797
6/12/2025 8:00,38.8083341
6/12/2025 9:00,30.87500032
6/12/2025 10:00,29.44576312
6/12/2025 11:00,26.54237324
6/12/2025 12:00,28.11355979
6/12/2025 13:00,30.44666707
6/12/2025 14:00,33.30678028
6/12/2025 15:00,37.62881434
6/12/2025 16:00,31.34655229
6/12/2025 17:00,21.71034514
6/12/2025 18:00,34.00862161
6/12/2025 19:00,43.42631638
6/12/2025 20:00,45.97118714
6/12/2025 21:00,60.11666794
6/12/2025 22:00,49.69491609
6/12/2025 23:00,46.53166739
6/13/2025,43.27931115
6/13/2025 1:00,40.83333407
6/13/2025 2:00,39.51356034
6/13/2025 3:00,40.52833417
6/13/2025 4:00,44.60333411
6/13/2025 5:00,54.45254323
6/13/2025 6:00,51.30862151
6/13/2025 7:00,53.98813629
6/13/2025 8:00,48.30000083
6/13/2025 9:00,39.80847527
6/13/2025 10:00,31.92372936
6/13/2025 11:00,26.43389883
6/13/2025 12:00,24.32333377
6/13/2025 13:00,19.45535752
6/13/2025 14:00,23.88965551
6/13/2025 15:00,24.54000044
6/13/2025 16:00,30.73389891
6/13/2025 17:00,31.98666725
6/13/2025 18:00,31.57796666
6/13/2025 19:00,47.8896558
6/13/2025 20:00,54.74666742
6/13/2025 21:00,59.73166758
6/13/2025 22:00,72.36666781
6/13/2025 23:00,80.13793248
6/14/2025,61.89298335
6/14/2025 1:00,49.3915263
6/14/2025 2:00,43.15000089
6/14/2025 3:00,40.24406866
6/14/2025 4:00,43.75500081
6/14/2025 5:00,42.52542457
6/14/2025 6:00,46.1350008
6/14/2025 7:00,51.37288194
6/14/2025 8:00,48.63793176
6/14/2025 9:00,39.84500058
6/14/2025 10:00,26.80847514
6/14/2025 11:00,18.66271223
6/14/2025 12:00,17.9034486
6/14/2025 13:00,18.68275892
6/14/2025 14:00,18.89830546
6/14/2025 15:00,21.48305117
6/14/2025 16:00,22.18983101
6/14/2025 17:00,24.12500032
6/14/2025 18:00,27.111667
6/14/2025 19:00,25.79137976
6/14/2025 20:00,29.51500053
6/14/2025 21:00,28.00000032
6/14/2025 22:00,27.40178612
6/14/2025 23:00,28.60169514
6/15/2025,17.08666693
6/15/2025 1:00,9.786666838
6/15/2025 2:00,NA
6/15/2025 3:00,NA
6/15/2025 4:00,NA
6/15/2025 5:00,NA
6/15/2025 6:00,NA
6/15/2025 7:00,NA
6/15/2025 8:00,NA
6/15/2025 9:00,NA
6/15/2025 10:00,NA
6/15/2025 11:00,NA
6/15/2025 12:00,NA
6/15/2025 13:00,NA
6/15/2025 14:00,NA
6/15/2025 15:00,NA
6/15/2025 16:00,NA
6/15/2025 17:00,NA
6/15/2025 18:00,NA
6/15/2025 19:00,NA
6/15/2025 20:00,NA
6/15/2025 21:00,NA
6/15/2025 22:00,NA
6/15/2025 23:00,NA
6/16/2025,NA
6/16/2025 1:00,NA
6/16/2025 2:00,NA
6/16/2025 3:00,NA
6/16/2025 4:00,NA
6/16/2025 5:00,NA
6/16/2025 6:00,NA
6/16/2025 7:00,NA
6/16/2025 8:00,NA
6/16/2025 9:00,NA
6/16/2025 10:00,NA
6/16/2025 11:00,NA
6/16/2025 12:00,NA
6/16/2025 13:00,NA
6/16/2025 14:00,NA
6/16/2025 15:00,15.24166689
6/16/2025 16:00,16.42881381
6/16/2025 17:00,23.69137966
6/16/2025 18:00,21.94000025
6/16/2025 19:00,19.40166696
6/16/2025 20:00,15.69333358
6/16/2025 21:00,15.74310377
6/16/2025 22:00,17.17796655
6/16/2025 23:00,17.40000038
6/17/2025,15.07017565
6/17/2025 1:00,4.272413862
6/17/2025 2:00,9.065000161
6/17/2025 3:00,9.489830744
6/17/2025 4:00,10.10339003
6/17/2025 5:00,16.43333371
6/17/2025 6:00,14.13833356
6/17/2025 7:00,13.04333353
6/17/2025 8:00,11.47000021
6/17/2025 9:00,9.591379511
6/17/2025 10:00,7.860000165
6/17/2025 11:00,9.920000164
6/17/2025 12:00,8.97118663
6/17/2025 13:00,10.71355948
6/17/2025 14:00,10.12833347
6/17/2025 15:00,8.591666826
6/17/2025 16:00,5.283050933
6/17/2025 17:00,4.893220433
6/17/2025 18:00,5.346666753
6/17/2025 19:00,7.853448407
6/17/2025 20:00,16.29649156
6/17/2025 21:00,16.45000022
6/17/2025 22:00,13.32000019
6/17/2025 23:00,9.268333515
6/18/2025,8.494827723
6/18/2025 1:00,8.832203566
6/18/2025 2:00,9.581356162
6/18/2025 3:00,9.895000188
6/18/2025 4:00,10.44000019
6/18/2025 5:00,8.155000146
6/18/2025 6:00,7.793333451
6/18/2025 7:00,11.06666687
6/18/2025 8:00,8.371666789
6/18/2025 9:00,8.315000097
6/18/2025 10:00,8.437931184
6/18/2025 11:00,8.632758774
6/18/2025 12:00,6.303333457
6/18/2025 13:00,7.810000118
6/18/2025 14:00,8.579661224
6/18/2025 15:00,9.006779768
6/18/2025 16:00,8.115517345
6/18/2025 17:00,6.745000108
6/18/2025 18:00,8.550000175
6/18/2025 19:00,7.261666814
6/18/2025 20:00,4.631666764
6/18/2025 21:00,5.061666767
6/18/2025 22:00,8.079661183
6/18/2025 23:00,8.111666807
6/19/2025,6.442372944
6/19/2025 1:00,12.32203413
6/19/2025 2:00,14.91833358
6/19/2025 3:00,12.28833356
6/19/2025 4:00,11.57966114
6/19/2025 5:00,11.59166681
6/19/2025 6:00,16.18813592
6/19/2025 7:00,20.01206941
6/19/2025 8:00,17.5322038
6/19/2025 9:00,10.35423749
6/19/2025 10:00,9.06949175
6/19/2025 11:00,7.391666786
6/19/2025 12:00,9.896666829
6/19/2025 13:00,9.50517259
6/19/2025 14:00,8.108474723
6/19/2025 15:00,8.162711976
6/19/2025 16:00,9.313793306
6/19/2025 17:00,6.401666792
6/19/2025 18:00,7.851666856
6/19/2025 19:00,6.336206942
6/19/2025 20:00,4.279661106
6/19/2025 21:00,6.5355933
6/19/2025 22:00,3.347457668
6/19/2025 23:00,6.089830588
6/20/2025,6.986207017
6/20/2025 1:00,5.520000084
6/20/2025 2:00,10.88000022
6/20/2025 3:00,8.629310526
6/20/2025 4:00,6.281356044
6/20/2025 5:00,5.485000118
6/20/2025 6:00,6.19833343
6/20/2025 7:00,8.428333449
6/20/2025 8:00,11.06101708
6/20/2025 9:00,10.00508493
6/20/2025 10:00,10.47241394
6/20/2025 11:00,7.373333478
6/20/2025 12:00,6.962711973
6/20/2025 13:00,6.310169592
6/20/2025 14:00,6.233333445
6/20/2025 15:00,6.591525555
6/20/2025 16:00,7.381356021
6/20/2025 17:00,7.972881479
6/20/2025 18:00,6.764406907
6/20/2025 19:00,9.408333516
6/20/2025 20:00,11.29491551
6/20/2025 21:00,10.10677981
6/20/2025 22:00,12.08333359
6/20/2025 23:00,1.989473711
6/21/2025,1.441379343
6/21/2025 1:00,1.313793125
6/21/2025 2:00,2.287931072
6/21/2025 3:00,1.993220372
6/21/2025 4:00,2.456896591
6/21/2025 5:00,3.91694922
6/21/2025 6:00,6.913333456
6/21/2025 7:00,9.293103637
6/21/2025 8:00,9.761666838
6/21/2025 9:00,10.9694917
6/21/2025 10:00,9.76949177
6/21/2025 11:00,7.396551831
6/21/2025 12:00,8.186440823
6/21/2025 13:00,6.576271267
6/21/2025 14:00,4.507017583
6/21/2025 15:00,5.150000079
6/21/2025 16:00,7.050000079
6/21/2025 17:00,8.771186546
6/21/2025 18:00,14.43898325
6/21/2025 19:00,8.322033971
6/21/2025 20:00,8.049152641
6/21/2025 21:00,8.836207077
6/21/2025 22:00,10.90877217
6/21/2025 23:00,11.523729
6/22/2025,11.88000019
6/22/2025 1:00,12.24237306
6/22/2025 2:00,10.79666684
6/22/2025 3:00,10.12033917
6/22/2025 4:00,11.93559343
6/22/2025 5:00,13.79166683
6/22/2025 6:00,17.8644071
6/22/2025 7:00,22.56101721
6/22/2025 8:00,19.67166713
6/22/2025 9:00,22.27166707
6/22/2025 10:00,10.82881372
6/22/2025 11:00,8.766666826
6/22/2025 12:00,6.916949288
6/22/2025 13:00,7.662069066
6/22/2025 14:00,8.90677979
6/22/2025 15:00,11.6633335
6/22/2025 16:00,10.33793126
6/22/2025 17:00,12.47796629
6/22/2025 18:00,14.23389852
6/22/2025 19:00,17.48135633
6/22/2025 20:00,15.5305088
6/22/2025 21:00,9.824138115
6/22/2025 22:00,6.777586287
6/22/2025 23:00,3.842372927
6/23/2025,3.981355998
6/23/2025 1:00,5.079661111
6/23/2025 2:00,12.84666692
6/23/2025 3:00,19.0254242
6/23/2025 4:00,14.07333358
6/23/2025 5:00,13.93050869
6/23/2025 6:00,17.80678006
6/23/2025 7:00,17.65000033
6/23/2025 8:00,16.05084771
6/23/2025 9:00,5.540000117
6/23/2025 10:00,18.36949187
6/23/2025 11:00,16.70500032
6/23/2025 12:00,7.394737001
6/23/2025 13:00,5.466666738
6/23/2025 14:00,8.391525568
6/23/2025 15:00,5.725423813
6/23/2025 16:00,5.564406872
6/23/2025 17:00,5.705000083
6/23/2025 18:00,6.653333418
6/23/2025 19:00,10.59473705
6/23/2025 20:00,9.546666853
6/23/2025 21:00,7.270000116
6/23/2025 22:00,6.459322129
6/23/2025 23:00,5.676666721
6/24/2025,5.244827657
6/24/2025 1:00,6.02203399
6/24/2025 2:00,6.428813627
6/24/2025 3:00,6.708333413
6/24/2025 4:00,6.894915387
6/24/2025 5:00,8.984210675
6/24/2025 6:00,12.37068977
6/24/2025 7:00,15.1583336
6/24/2025 8:00,10.88392871
6/24/2025 9:00,11.93333348
6/24/2025 10:00,10.31166681
6/24/2025 11:00,8.138983193
6/24/2025 12:00,7.487931136
6/24/2025 13:00,7.950000143
6/24/2025 14:00,7.728813713
6/24/2025 15:00,7.805172558
6/24/2025 16:00,9.644068015
6/24/2025 17:00,12.87068985
6/24/2025 18:00,11.93500021
6/24/2025 19:00,11.98666693
6/24/2025 20:00,7.138983112
6/24/2025 21:00,5.966666732
6/24/2025 22:00,7.476666784
6/24/2025 23:00,7.716666746
6/25/2025,8.138983153
6/25/2025 1:00,7.388135708
6/25/2025 2:00,5.608620792
6/25/2025 3:00,5.822034003
6/25/2025 4:00,4.998305167
6/25/2025 5:00,6.573333462
6/25/2025 6:00,8.371666805
6/25/2025 7:00,9.221666829
6/25/2025 8:00,10.79152562
6/25/2025 9:00,13.3883335
6/25/2025 10:00,10.2305087
6/25/2025 11:00,6.040000137
6/25/2025 12:00,5.478333433
6/25/2025 13:00,5.460000118
6/25/2025 14:00,6.094915382
6/25/2025 15:00,7.620689762
6/25/2025 16:00,7.381356062
6/25/2025 17:00,7.508333453
6/25/2025 18:00,9.683333556
6/25/2025 19:00,9.793333546
6/25/2025 20:00,3.828813611
6/25/2025 21:00,2.975438626
6/25/2025 22:00,5.34166677
6/25/2025 23:00,5.9543861
6/26/2025,8.052542509
6/26/2025 1:00,6.243103545
6/26/2025 2:00,4.310000054
6/26/2025 3:00,7.585483997
6/26/2025 4:00,8.876271353
6/26/2025 5:00,10.5033335
6/26/2025 6:00,12.12881378
6/26/2025 7:00,16.38793136
6/26/2025 8:00,16.44500043
6/26/2025 9:00,15.7762715
6/26/2025 10:00,9.23508788
6/26/2025 11:00,5.68983061
6/26/2025 12:00,6.003448347
6/26/2025 13:00,6.78644076
6/26/2025 14:00,6.766666786
6/26/2025 15:00,6.747457731
6/26/2025 16:00,9.12711883
6/26/2025 17:00,8.416666786
6/26/2025 18:00,9.038333551
6/26/2025 19:00,9.951666864
6/26/2025 20:00,8.819298418
6/26/2025 21:00,7.703389976
6/26/2025 22:00,4.08166672
6/26/2025 23:00,4.850847572
6/27/2025,4.313793178
6/27/2025 1:00,3.777966148
6/27/2025 2:00,4.39166675
6/27/2025 3:00,6.403333426
6/27/2025 4:00,6.593103532
6/27/2025 5:00,9.261666838
6/27/2025 6:00,13.77321454
6/27/2025 7:00,11.81000018
6/27/2025 8:00,12.94067818
6/27/2025 9:00,16.71355955
6/27/2025 10:00,16.06666698
6/27/2025 11:00,15.8847461
6/27/2025 12:00,12.03965538
6/27/2025 13:00,6.818644168
6/27/2025 14:00,7.24915262
6/27/2025 15:00,8.137288288
6/27/2025 16:00,8.985000165
6/27/2025 17:00,10.10000024
6/27/2025 18:00,13.0016669
6/27/2025 19:00,11.55333357
6/27/2025 20:00,10.61724153
6/27/2025 21:00,12.2266668
6/27/2025 22:00,9.321666861
6/27/2025 23:00,11.56949176
6/28/2025,13.1423731
6/28/2025 1:00,9.938333543
6/28/2025 2:00,9.615254451
6/28/2025 3:00,11.92711888
6/28/2025 4:00,12.4116669
6/28/2025 5:00,13.68333357
6/28/2025 6:00,14.03103465
6/28/2025 7:00,16.30701785
6/28/2025 8:00,13.90847476
6/28/2025 9:00,13.36666692
6/28/2025 10:00,10.10333348
6/28/2025 11:00,4.785000106
6/28/2025 12:00,4.865517337
6/28/2025 13:00,4.264406863
6/28/2025 14:00,4.057627173
6/28/2025 15:00,3.215000059
6/28/2025 16:00,4.444067854
6/28/2025 17:00,6.703333426
6/28/2025 18:00,10.47500021
6/28/2025 19:00,14.55333349
6/28/2025 20:00,13.02542397
6/28/2025 21:00,8.823728974
6/28/2025 22:00,7.48813575
6/28/2025 23:00,8.052631704
6/29/2025,8.281356092
6/29/2025 1:00,10.7900002
6/29/2025 2:00,8.237931227
6/29/2025 3:00,7.998333478
6/29/2025 4:00,10.97966123
6/29/2025 5:00,11.21833348
6/29/2025 6:00,14.98983078
6/29/2025 7:00,19.79830545
6/29/2025 8:00,15.23050872
6/29/2025 9:00,14.4950002
6/29/2025 10:00,12.32372903
6/29/2025 11:00,8.859322208
6/29/2025 12:00,8.746551867
6/29/2025 13:00,4.549152625
6/29/2025 14:00,7.213333464
6/29/2025 15:00,7.773333486
6/29/2025 16:00,11.39830528
6/29/2025 17:00,14.61000023
6/29/2025 18:00,10.81034509
6/29/2025 19:00,15.89491561
6/29/2025 20:00,11.50339004
6/29/2025 21:00,10.54406795
6/29/2025 22:00,12.55000014
6/29/2025 23:00,15.37068992
6/30/2025,15.72711893
6/30/2025 1:00,23.49655214
6/30/2025 2:00,18.37118674
6/30/2025 3:00,16.62069005
6/30/2025 4:00,17.38644096
6/30/2025 5:00,20.57166715
6/30/2025 6:00,18.65166709
6/30/2025 7:00,24.20175489
6/30/2025 8:00,20.32413818
6/30/2025 9:00,23.01833363
6/30/2025 10:00,18.5700002
6/30/2025 11:00,10.72833351
6/30/2025 12:00,10.14000022
6/30/2025 13:00,7.844067945
6/30/2025 14:00,6.116666722
6/30/2025 15:00,5.647457749
6/30/2025 16:00,6.943333491
6/30/2025 17:00,8.770000124
6/30/2025 18:00,13.68214305
6/30/2025 19:00,12.80677986
6/30/2025 20:00,12.00333352
6/30/2025 21:00,11.99830529
6/30/2025 22:00,14.3559324
6/30/2025 23:00,12.29137948
7/1/2025,9.005084911
7/1/2025 1:00,7.811864489
7/1/2025 2:00,9.210526433
7/1/2025 3:00,11.92000028
7/1/2025 4:00,12.86166689
7/1/2025 5:00,14.39322061
7/1/2025 6:00,16.88305118
7/1/2025 7:00,20.72586239
7/1/2025 8:00,18.67068996
7/1/2025 9:00,19.17500033
7/1/2025 10:00,9.398333542
7/1/2025 11:00,6.826666784
7/1/2025 12:00,6.705172547
7/1/2025 13:00,6.71551734
7/1/2025 14:00,6.9620691
7/1/2025 15:00,7.581356049
7/1/2025 16:00,9.448214412
7/1/2025 17:00,9.565000153
7/1/2025 18:00,15.25833359
7/1/2025 19:00,17.75833368
7/1/2025 20:00,18.2620695
7/1/2025 21:00,17.9400003
7/1/2025 22:00,14.63559343
7/1/2025 23:00,17.25862094
7/2/2025,15.21525456
7/2/2025 1:00,12.1483335
7/2/2025 2:00,12.06779684
7/2/2025 3:00,15.4983336
7/2/2025 4:00,15.68571455
7/2/2025 5:00,9.810345041
7/2/2025 6:00,14.11016969
7/2/2025 7:00,15.03559353
7/2/2025 8:00,17.3491529
7/2/2025 9:00,19.55000042
7/2/2025 10:00,17.91333366
7/2/2025 11:00,6.521666765
7/2/2025 12:00,6.73500011
7/2/2025 13:00,5.279310432
7/2/2025 14:00,3.643333403
7/2/2025 15:00,3.488333384
7/2/2025 16:00,5.073333422
7/2/2025 17:00,8.62333351
7/2/2025 18:00,7.522413887
7/2/2025 19:00,8.364406974
7/2/2025 20:00,7.635593301
7/2/2025 21:00,7.789473785
7/2/2025 22:00,7.566666794
7/2/2025 23:00,5.770689751
7/3/2025,5.315000097
7/3/2025 1:00,4.750000075
7/3/2025 2:00,5.566101818
7/3/2025 3:00,7.057627225
7/3/2025 4:00,7.935000141
7/3/2025 5:00,8.949152736
7/3/2025 6:00,10.65932224
7/3/2025 7:00,10.48965535
7/3/2025 8:00,10.34166683
7/3/2025 9:00,15.43833361
7/3/2025 10:00,8.684745918
7/3/2025 11:00,6.020339101
7/3/2025 12:00,5.60338991
7/3/2025 13:00,5.658620752
7/3/2025 14:00,5.847368516
7/3/2025 15:00,5.989655273
7/3/2025 16:00,5.133898379
7/3/2025 17:00,5.23500009
7/3/2025 18:00,8.371186604
7/3/2025 19:00,10.48833347
7/3/2025 20:00,12.82413812
7/3/2025 21:00,6.745000108
7/3/2025 22:00,5.600000064
7/3/2025 23:00,5.62666676
7/4/2025,6.310169567
7/4/2025 1:00,5.406779738
7/4/2025 2:00,2.85666672
7/4/2025 3:00,3.098333355
7/4/2025 4:00,4.086666735
7/4/2025 5:00,5.344067897
7/4/2025 6:00,7.528571546
7/4/2025 7:00,12.19000028
7/4/2025 8:00,12.18166681
7/4/2025 9:00,7.660000118
7/4/2025 10:00,6.283333453
7/4/2025 11:00,5.913559437
7/4/2025 12:00,5.247457706
7/4/2025 13:00,5.261666775
7/4/2025 14:00,4.281356015
7/4/2025 15:00,3.545762761
7/4/2025 16:00,4.908333449
7/4/2025 17:00,7.37118658
7/4/2025 18:00,10.3017243
7/4/2025 19:00,13.10508494
7/4/2025 20:00,14.50526335
7/4/2025 21:00,14.23728843
7/4/2025 22:00,14.77500027
7/4/2025 23:00,11.63508793
7/5/2025,8.111864543
7/5/2025 1:00,6.850000102
7/5/2025 2:00,4.913793186
7/5/2025 3:00,4.998305155
7/5/2025 4:00,6.280000083
7/5/2025 5:00,8.941379432
7/5/2025 6:00,14.89491556
7/5/2025 7:00,14.61403524
7/5/2025 8:00,15.74666691
7/5/2025 9:00,8.64310355
7/5/2025 10:00,7.176271277
7/5/2025 11:00,17.32000038
7/5/2025 12:00,11.55000021
7/5/2025 13:00,10.73666686
7/5/2025 14:00,5.336206995
7/5/2025 15:00,5.759649235
7/5/2025 16:00,5.350000087
7/5/2025 17:00,6.798305237
7/5/2025 18:00,8.63389842
7/5/2025 19:00,9.628813792
7/5/2025 20:00,10.37833347
7/5/2025 21:00,7.435593314
7/5/2025 22:00,6.175438714
7/5/2025 23:00,9.098333502
7/6/2025,7.993333483
7/6/2025 1:00,7.7516668
7/6/2025 2:00,7.594915325
7/6/2025 3:00,10.95000026
7/6/2025 4:00,14.32542394
7/6/2025 5:00,16.67166704
7/6/2025 6:00,17.49482786
7/6/2025 7:00,18.09333351
7/6/2025 8:00,15.9310348
7/6/2025 9:00,9.78305103
7/6/2025 10:00,8.608474707
7/6/2025 11:00,4.617241461
7/6/2025 12:00,4.181666712
7/6/2025 13:00,6.544827712
7/6/2025 14:00,5.739655264
7/6/2025 15:00,5.986440756
7/6/2025 16:00,6.958620787
7/6/2025 17:00,6.376271264
7/6/2025 18:00,8.013559455
7/6/2025 19:00,9.143859796
7/6/2025 20:00,9.186207081
7/6/2025 21:00,9.298305309
7/6/2025 22:00,7.691525589
7/6/2025 23:00,4.511864501
7/7/2025,6.027118731
7/7/2025 1:00,7.386440778
7/7/2025 2:00,7.481666772
7/7/2025 3:00,9.158333524
7/7/2025 4:00,7.586666791
7/7/2025 5:00,7.462711973
7/7/2025 6:00,6.471929943
7/7/2025 7:00,9.455172555
7/7/2025 8:00,11.2614037
7/7/2025 9:00,12.33103466
7/7/2025 10:00,10.10338998
7/7/2025 11:00,7.679661153
7/7/2025 12:00,5.762711961
7/7/2025 13:00,5.101695004
7/7/2025 14:00,4.60000006
7/7/2025 15:00,4.80862079
7/7/2025 16:00,5.935593298
7/7/2025 17:00,7.654237392
7/7/2025 18:00,10.4800002
7/7/2025 19:00,14.81864444
7/7/2025 20:00,12.2050849
7/7/2025 21:00,12.02500015
7/7/2025 22:00,13.47627142
7/7/2025 23:00,10.9133335
7/8/2025,6.357627246
7/8/2025 1:00,5.712069092
7/8/2025 2:00,5.777586279
7/8/2025 3:00,7.083050962
7/8/2025 4:00,9.240000184
7/8/2025 5:00,10.70666682
7/8/2025 6:00,12.46271201
7/8/2025 7:00,14.16666681
7/8/2025 8:00,11.83389851
7/8/2025 9:00,14.12711885
7/8/2025 10:00,7.988333464
7/8/2025 11:00,8.441666834
7/8/2025 12:00,10.78305102
7/8/2025 13:00,9.755172598
7/8/2025 14:00,10.06724154
7/8/2025 15:00,9.743333459
7/8/2025 16:00,8.406666851
7/8/2025 17:00,7.549122894
7/8/2025 18:00,10.51833355
7/8/2025 19:00,9.049152698
7/8/2025 20:00,10.50862091
7/8/2025 21:00,4.940678063
7/8/2025 22:00,5.732203459
7/8/2025 23:00,7.081666748
7/9/2025,7.793220455
7/9/2025 1:00,3.159649182
7/9/2025 2:00,1.653333358
7/9/2025 3:00,2.038983084
7/9/2025 4:00,3.042372942
7/9/2025 5:00,5.138983145
7/9/2025 6:00,10.04833349
7/9/2025 7:00,12.20339004
7/9/2025 8:00,9.501666864
7/9/2025 9:00,9.216949309
7/9/2025 10:00,10.68644088
7/9/2025 11:00,8.586207028
7/9/2025 12:00,9.20666678
7/9/2025 13:00,4.616949255
7/9/2025 14:00,4.291525509
7/9/2025 15:00,4.905084796
7/9/2025 16:00,4.76949162
7/9/2025 17:00,4.678947461
7/9/2025 18:00,5.443333439
7/9/2025 19:00,6.498333462
7/9/2025 20:00,5.295000064
7/9/2025 21:00,3.329310409
7/9/2025 22:00,1.662711896
7/9/2025 23:00,4.465000075
7/10/2025,2.582758667
7/10/2025 1:00,3.243333379
7/10/2025 2:00,3.798245664
7/10/2025 3:00,4.320000096
7/10/2025 4:00,5.436207015
7/10/2025 5:00,5.898245736
7/10/2025 6:00,11.2135595
7/10/2025 7:00,17.80166691
7/10/2025 8:00,17.84500035
7/10/2025 9:00,15.28793128
7/10/2025 10:00,16.9283336
7/10/2025 11:00,12.98305109
7/10/2025 12:00,13.43500015
7/10/2025 13:00,8.806779837
7/10/2025 14:00,7.781666803
7/10/2025 15:00,5.693220405
7/10/2025 16:00,4.440000047
7/10/2025 17:00,5.820339098
7/10/2025 18:00,7.845000108
7/10/2025 19:00,13.76101712
7/10/2025 20:00,14.69166684
7/10/2025 21:00,10.88275877
7/10/2025 22:00,8.996610375
7/10/2025 23:00,18.72881387
7/11/2025,14.35833356
7/11/2025 1:00,13.99322061
7/11/2025 2:00,15.37796638
7/11/2025 3:00,12.28135615
7/11/2025 4:00,15.03728839
7/11/2025 5:00,11.18135614
7/11/2025 6:00,10.19491546
7/11/2025 7:00,12.95000022
7/11/2025 8:00,10.00833356
7/11/2025 9:00,9.567796796
7/11/2025 10:00,8.440000184
7/11/2025 11:00,8.720000132
7/11/2025 12:00,7.277586337
7/11/2025 13:00,6.905084861
7/11/2025 14:00,7.396551823
7/11/2025 15:00,7.595000108
7/11/2025 16:00,8.021666789
7/11/2025 17:00,9.115254467
7/11/2025 18:00,10.5233336
7/11/2025 19:00,9.300000191
7/11/2025 20:00,12.34827606
7/11/2025 21:00,9.208620885
7/11/2025 22:00,8.925423873
7/11/2025 23:00,10.52333357
7/12/2025,10.26440696
7/12/2025 1:00,9.545000219
7/12/2025 2:00,10.02758638
7/12/2025 3:00,10.27288152
7/12/2025 4:00,11.14333355
7/12/2025 5:00,13.48983074
7/12/2025 6:00,13.67666683
7/12/2025 7:00,15.72333372
7/12/2025 8:00,13.8866669
7/12/2025 9:00,12.8150002
7/12/2025 10:00,15.0516669
7/12/2025 11:00,10.84000016
7/12/2025 12:00,9.633898468
7/12/2025 13:00,8.888333503
7/12/2025 14:00,9.185000229
7/12/2025 15:00,9.091525579
7/12/2025 16:00,9.368333507
7/12/2025 17:00,8.261666807
7/12/2025 18:00,9.926666832
7/12/2025 19:00,13.01525446
7/12/2025 20:00,16.86666708
7/12/2025 21:00,18.65084784
7/12/2025 22:00,18.28333365
7/12/2025 23:00,17.77333368
7/13/2025,18.55833378
7/13/2025 1:00,18.0300004
7/13/2025 2:00,17.65666704
7/13/2025 3:00,17.8101698
7/13/2025 4:00,18.57118678
7/13/2025 5:00,19.22666699
7/13/2025 6:00,24.00847509
7/13/2025 7:00,20.67666712
7/13/2025 8:00,21.04137963
7/13/2025 9:00,17.20847502
7/13/2025 10:00,15.61525447
7/13/2025 11:00,14.7150002
7/13/2025 12:00,11.22500021
7/13/2025 13:00,11.43833352
7/13/2025 14:00,13.29322052
7/13/2025 15:00,12.40166691
7/13/2025 16:00,12.29333351
7/13/2025 17:00,14.31016977
7/13/2025 18:00,15.70500026
7/13/2025 19:00,9.63392864
7/13/2025 20:00,8.31166683
7/13/2025 21:00,11.03166688
7/13/2025 22:00,12.62372896
7/13/2025 23:00,12.44736861
7/14/2025,13.19166689
7/14/2025 1:00,11.07457651
7/14/2025 2:00,8.788135787
7/14/2025 3:00,11.97288154
7/14/2025 4:00,14.53559347
7/14/2025 5:00,15.7338986
7/14/2025 6:00,19.60166699
7/14/2025 7:00,17.98474622
7/14/2025 8:00,21.64310396
7/14/2025 9:00,13.47833363
7/14/2025 10:00,6.413333432
7/14/2025 11:00,6.057627217
7/14/2025 12:00,5.422413875
7/14/2025 13:00,6.400000111
7/14/2025 14:00,7.179310486
7/14/2025 15:00,12.40344847
7/14/2025 16:00,9.729310554
7/14/2025 17:00,8.258333453
7/14/2025 18:00,8.555172608
7/14/2025 19:00,7.403333449
7/14/2025 20:00,10.50000017
7/14/2025 21:00,6.638333464
7/14/2025 22:00,6.118644181
7/14/2025 23:00,5.910000102
7/15/2025,4.601694956
7/15/2025 1:00,4.749152628
7/15/2025 2:00,4.646551815
7/15/2025 3:00,5.42000006
7/15/2025 4:00,6.749152652
7/15/2025 5:00,6.850000111
7/15/2025 6:00,10.37457643
7/15/2025 7:00,15.8083336
7/15/2025 8:00,15.76034505
7/15/2025 9:00,12.75500023
7/15/2025 10:00,7.348333534
7/15/2025 11:00,8.044067965
7/15/2025 12:00,5.200000077
7/15/2025 13:00,4.575000056
7/15/2025 14:00,6.425862181
7/15/2025 15:00,4.988135681
7/15/2025 16:00,5.247457694
7/15/2025 17:00,4.861017037
7/15/2025 18:00,6.696666777
7/15/2025 19:00,7.111666767
7/15/2025 20:00,8.403333537
7/15/2025 21:00,8.505084919
7/15/2025 22:00,10.86833355
7/15/2025 23:00,9.865000121
7/16/2025,9.810000197
7/16/2025 1:00,10.44482775
7/16/2025 2:00,10.73103472
7/16/2025 3:00,11.12711882
7/16/2025 4:00,12.16666678
7/16/2025 5:00,15.71166704
7/16/2025 6:00,17.5413797
7/16/2025 7:00,18.75254271
7/16/2025 8:00,16.31500034
7/16/2025 9:00,11.76896579
7/16/2025 10:00,10.81333354
7/16/2025 11:00,7.883050991
7/16/2025 12:00,5.558333429
7/16/2025 13:00,5.06000011
7/16/2025 14:00,5.49655183
7/16/2025 15:00,6.046666749
7/16/2025 16:00,6.233898389
7/16/2025 17:00,8.258620838
7/16/2025 18:00,7.736666799
7/16/2025 19:00,11.10508494
7/16/2025 20:00,16.05344855
7/16/2025 21:00,11.0644069
7/16/2025 22:00,6.078333433
7/16/2025 23:00,7.450000119
7/17/2025,6.203389895
7/17/2025 1:00,6.001754468
7/17/2025 2:00,6.121666765
7/17/2025 3:00,6.705084833
7/17/2025 4:00,8.906779798
7/17/2025 5:00,10.98947391
7/17/2025 6:00,15.56666695
7/17/2025 7:00,20.7750003
7/17/2025 8:00,16.72833366
7/17/2025 9:00,17.64833369
7/17/2025 10:00,10.67931053
7/17/2025 11:00,6.874576383
7/17/2025 12:00,7.875000143
7/17/2025 13:00,9.48333354
7/17/2025 14:00,9.29500018
7/17/2025 15:00,10.31016964
7/17/2025 16:00,9.447457766
7/17/2025 17:00,8.144067934
7/17/2025 18:00,16.41016968
7/17/2025 19:00,15.04406803
7/17/2025 20:00,15.2661019
7/17/2025 21:00,13.96271206
7/17/2025 22:00,15.38644079
7/17/2025 23:00,15.64000026
7/18/2025,15.41724169
7/18/2025 1:00,15.86333362
7/18/2025 2:00,15.68644089
7/18/2025 3:00,16.30000026
7/18/2025 4:00,17.81000032
7/18/2025 5:00,19.72372912
7/18/2025 6:00,19.87193011
7/18/2025 7:00,20.09649168
7/18/2025 8:00,19.27586243
7/18/2025 9:00,15.43050876
7/18/2025 10:00,9.900000175
7/18/2025 11:00,11.26101714
7/18/2025 12:00,10.59310364
7/18/2025 13:00,9.606666795
7/18/2025 14:00,9.327586454
7/18/2025 15:00,11.02931054
7/18/2025 16:00,11.66000013
7/18/2025 17:00,12.88644084
7/18/2025 18:00,16.08305121
7/18/2025 19:00,19.31694949
7/18/2025 20:00,20.40172452
7/18/2025 21:00,20.05833365
7/18/2025 22:00,20.35689696
7/18/2025 23:00,21.22711909
7/19/2025,26.74000031
7/19/2025 1:00,18.89333369
7/19/2025 2:00,19.45254277
7/19/2025 3:00,23.46101719
7/19/2025 4:00,18.68666706
7/19/2025 5:00,18.46833372
7/19/2025 6:00,22.83000034
7/19/2025 7:00,21.57500037
7/19/2025 8:00,16.02372913
7/19/2025 9:00,15.18644092
7/19/2025 10:00,13.61694937
7/19/2025 11:00,10.8241381
7/19/2025 12:00,9.855932405
7/19/2025 13:00,10.24745783
7/19/2025 14:00,9.946666884
7/19/2025 15:00,12.53333348
7/19/2025 16:00,12.00333354
7/19/2025 17:00,10.92711888
7/19/2025 18:00,12.50517261
7/19/2025 19:00,15.48070198
7/19/2025 20:00,15.84642882
7/19/2025 21:00,16.45762741
7/19/2025 22:00,16.58833354
7/19/2025 23:00,20.04333388
7/20/2025,21.21355968
7/20/2025 1:00,17.98305135
7/20/2025 2:00,15.14137955
7/20/2025 3:00,14.40166686
7/20/2025 4:00,10.58135611
7/20/2025 5:00,13.46000024
7/20/2025 6:00,18.26440727
7/20/2025 7:00,16.92000031
7/20/2025 8:00,19.05593274
7/20/2025 9:00,15.22333363
7/20/2025 10:00,11.71500017
7/20/2025 11:00,11.69491548
7/20/2025 12:00,14.3576273
7/20/2025 13:00,12.9280703
7/20/2025 14:00,12.39830526
7/20/2025 15:00,13.36833355
7/20/2025 16:00,13.88771944
7/20/2025 17:00,13.69322057
7/20/2025 18:00,17.02203422
7/20/2025 19:00,17.96271222
7/20/2025 20:00,20.38305127
7/20/2025 21:00,17.84915295
7/20/2025 22:00,17.33728845
7/20/2025 23:00,16.51694956
7/21/2025,16.19333378
7/21/2025 1:00,14.84166692
7/21/2025 2:00,15.20508503
7/21/2025 3:00,14.08833354
7/21/2025 4:00,13.62666688
7/21/2025 5:00,13.74166684
7/21/2025 6:00,14.90833357
7/21/2025 7:00,19.59661044
7/21/2025 8:00,17.03728837
7/21/2025 9:00,21.92000043
7/21/2025 10:00,27.21016984
7/21/2025 11:00,30.24406821
7/21/2025 12:00,25.49482813
7/21/2025 13:00,15.51500012
7/21/2025 14:00,10.64500017
7/21/2025 15:00,10.62321448
7/21/2025 16:00,17.00847495
7/21/2025 17:00,20.41500041
7/21/2025 18:00,21.1793107
7/21/2025 19:00,25.58103489
7/21/2025 20:00,22.48166704
7/21/2025 21:00,15.10517263
7/21/2025 22:00,12.85172433
7/21/2025 23:00,10.85084763
7/22/2025,12.56166687
7/22/2025 1:00,10.79322057
7/22/2025 2:00,9.940678095
7/22/2025 3:00,8.991525666
7/22/2025 4:00,9.89500014
7/22/2025 5:00,6.578333426
7/22/2025 6:00,6.438983174
7/22/2025 7:00,8.395000108
7/22/2025 8:00,8.772881548
7/22/2025 9:00,9.705000162
7/22/2025 10:00,9.846551912
7/22/2025 11:00,8.711666846
7/22/2025 12:00,9.376666832
7/22/2025 13:00,7.523333391
7/22/2025 14:00,7.164406906
7/22/2025 15:00,8.021666797
7/22/2025 16:00,9.563158035
7/22/2025 17:00,9.437931201
7/22/2025 18:00,9.29833355
7/22/2025 19:00,12.10344846
7/22/2025 20:00,12.73389852
7/22/2025 21:00,13.79310371
7/22/2025 22:00,18.90000041
7/22/2025 23:00,15.87166696
7/23/2025,16.01379345
7/23/2025 1:00,15.25254261
7/23/2025 2:00,57.45593292
7/23/2025 3:00,14.78166679
7/23/2025 4:00,15.38448299
7/23/2025 5:00,15.29830533
7/23/2025 6:00,16.55666698
7/23/2025 7:00,21.21724185
7/23/2025 8:00,24.06333377
7/23/2025 9:00,22.87627149
7/23/2025 10:00,12.58333346
7/23/2025 11:00,9.1833335
7/23/2025 12:00,9.224138128
7/23/2025 13:00,8.774576438
7/23/2025 14:00,7.639655294
7/23/2025 15:00,13.99491546
7/23/2025 16:00,15.46440705
7/23/2025 17:00,13.89152567
7/23/2025 18:00,13.00338999
7/23/2025 19:00,20.63833369
7/23/2025 20:00,12.48245634
7/23/2025 21:00,11.93275878
7/23/2025 22:00,13.20169514
7/23/2025 23:00,11.58333357
7/24/2025,13.39166684
7/24/2025 1:00,12.62203409
7/24/2025 2:00,12.64655195
7/24/2025 3:00,13.78135612
7/24/2025 4:00,17.92666715
7/24/2025 5:00,17.67288172
7/24/2025 6:00,18.16551768
7/24/2025 7:00,24.40833387
7/24/2025 8:00,25.71355972
7/24/2025 9:00,20.67627157
7/24/2025 10:00,12.92881376
7/24/2025 11:00,11.90666695
7/24/2025 12:00,9.837288307
7/24/2025 13:00,7.140350978
7/24/2025 14:00,13.16000018
7/24/2025 15:00,7.817241537
7/24/2025 16:00,10.11355955
7/24/2025 17:00,7.396610284
7/24/2025 18:00,13.21525444
7/24/2025 19:00,18.87586238
7/24/2025 20:00,20.48813607
7/24/2025 21:00,16.50344849
7/24/2025 22:00,13.29500017
7/24/2025 23:00,12.38500018
7/25/2025,11.72033919
7/25/2025 1:00,10.93333355
7/25/2025 2:00,10.73833359
7/25/2025 3:00,11.74500027
7/25/2025 4:00,14.7783336
7/25/2025 5:00,17.10508505
7/25/2025 6:00,20.55000035
7/25/2025 7:00,23.35666717
7/25/2025 8:00,20.13728851
7/25/2025 9:00,15.38448307
7/25/2025 10:00,9.137288336
7/25/2025 11:00,9.080701903
7/25/2025 12:00,8.827118833
7/25/2025 13:00,7.960000165
7/25/2025 14:00,8.236842264
7/25/2025 15:00,8.053448414
7/25/2025 16:00,7.568965624
7/25/2025 17:00,9.237931219
7/25/2025 18:00,8.07666684
7/25/2025 19:00,10.4379312
7/25/2025 20:00,10.72500017
7/25/2025 21:00,10.90169514
7/25/2025 22:00,10.91833348
7/25/2025 23:00,9.671186657
7/26/2025,8.250000103
7/26/2025 1:00,9.313333591
7/26/2025 2:00,9.267796824
7/26/2025 3:00,9.156666915
7/26/2025 4:00,9.701724299
7/26/2025 5:00,10.39152558
7/26/2025 6:00,13.55254256
7/26/2025 7:00,17.74137959
7/26/2025 8:00,18.68983083
7/26/2025 9:00,13.08666685
7/26/2025 10:00,9.46379327
7/26/2025 11:00,8.408333468
7/26/2025 12:00,5.327118728
7/26/2025 13:00,4.24137938
7/26/2025 14:00,3.265000033
7/26/2025 15:00,3.488333388
7/26/2025 16:00,3.518644111
7/26/2025 17:00,4.175000079
7/26/2025 18:00,5.058620769
7/26/2025 19:00,6.046666765
7/26/2025 20:00,7.25084755
7/26/2025 21:00,6.058620765
7/26/2025 22:00,5.864406885
7/26/2025 23:00,5.381666795
7/27/2025,5.059322139
7/27/2025 1:00,4.676666745
7/27/2025 2:00,4.891379406
7/27/2025 3:00,4.810169608
7/27/2025 4:00,5.98333346
7/27/2025 5:00,7.99166677
7/27/2025 6:00,13.14310367
7/27/2025 7:00,15.70677993
7/27/2025 8:00,18.20677992
7/27/2025 9:00,14.05517269
7/27/2025 10:00,11.24833355
7/27/2025 11:00,6.455000138
7/27/2025 12:00,5.508333421
7/27/2025 13:00,5.193220413
7/27/2025 14:00,5.574576337
7/27/2025 15:00,5.798333406
7/27/2025 16:00,6.073684316
7/27/2025 17:00,6.37333343
7/27/2025 18:00,7.838983172
7/27/2025 19:00,8.7810347
7/27/2025 20:00,8.976666864
7/27/2025 21:00,7.971186581
7/27/2025 22:00,7.615000097
7/27/2025 23:00,7.015000097
7/28/2025,7.108333429
7/28/2025 1:00,7.986666783
7/28/2025 2:00,7.532203505
7/28/2025 3:00,6.887500141
7/28/2025 4:00,4.976666745
7/28/2025 5:00,7.306779805
7/28/2025 6:00,6.628813663
7/28/2025 7:00,12.09000022
7/28/2025 8:00,12.7220341
7/28/2025 9:00,15.12166699
7/28/2025 10:00,11.42068986
7/28/2025 11:00,9.405000202
7/28/2025 12:00,6.169491614
7/28/2025 13:00,8.771929992
7/28/2025 14:00,9.973333518
7/28/2025 15:00,6.015000121
7/28/2025 16:00,7.575000127
7/28/2025 17:00,6.095000096
7/28/2025 18:00,5.962069059
7/28/2025 19:00,6.051666784
7/28/2025 20:00,5.08448283
7/28/2025 21:00,5.538333456
7/28/2025 22:00,4.406779762
7/28/2025 23:00,5.010169559
7/29/2025,3.673333402
7/29/2025 1:00,3.698305142
7/29/2025 2:00,4.781355999
7/29/2025 3:00,6.636666775
7/29/2025 4:00,7.133333474
7/29/2025 5:00,7.400000104
7/29/2025 6:00,9.508474778
7/29/2025 7:00,11.13833356
7/29/2025 8:00,18.41166706
7/29/2025 9:00,27.51206937
7/29/2025 10:00,22.01666705
7/29/2025 11:00,21.68474614
7/29/2025 12:00,10.66779679
7/29/2025 13:00,3.923728882
7/29/2025 14:00,3.170689721
7/29/2025 15:00,7.881356078
7/29/2025 16:00,9.165517388
7/29/2025 17:00,8.896666845
7/29/2025 18:00,8.745762882
7/29/2025 19:00,10.46034496
7/29/2025 20:00,9.298333438
7/29/2025 21:00,7.572413897
7/29/2025 22:00,7.285000038
7/29/2025 23:00,7.645762848
7/30/2025,8.496551908
7/30/2025 1:00,7.566666762
7/30/2025 2:00,7.228813656
7/30/2025 3:00,7.601695036
7/30/2025 4:00,7.754237385
7/30/2025 5:00,8.407142997
7/30/2025 6:00,10.72068982
7/30/2025 7:00,12.83559343
7/30/2025 8:00,8.7000001
7/30/2025 9:00,8.866666802
7/30/2025 10:00,7.740678044
7/30/2025 11:00,8.303448463
7/30/2025 12:00,6.491379434
7/30/2025 13:00,5.229310397
7/30/2025 14:00,6.720339112
7/30/2025 15:00,6.825000095
7/30/2025 16:00,7.218333387
7/30/2025 17:00,8.358620915
7/30/2025 18:00,9.822034084
7/30/2025 19:00,13.11355951
7/30/2025 20:00,13.7932205
7/30/2025 21:00,13.64915274
7/30/2025 22:00,12.71016963
7/30/2025 23:00,15.07413816
7/31/2025,13.43050868
7/31/2025 1:00,12.03220361
7/31/2025 2:00,12.16271203
7/31/2025 3:00,13.32833352
7/31/2025 4:00,13.7694917
7/31/2025 5:00,13.79491546
7/31/2025 6:00,22.32833379
7/31/2025 7:00,21.19491566
7/31/2025 8:00,12.6254239
7/31/2025 9:00,11.55084772
7/31/2025 10:00,7.434482912
7/31/2025 11:00,4.532758692
7/31/2025 12:00,4.150000072
7/31/2025 13:00,5.350000079
7/31/2025 14:00,6.103333449
7/31/2025 15:00,5.59322046
7/31/2025 16:00,6.306779764
7/31/2025 17:00,6.293220472
7/31/2025 18:00,8.613333519
7/31/2025 19:00,11.21166684
7/31/2025 20:00,10.43389852
7/31/2025 21:00,10.04666688
7/31/2025 22:00,8.593220468
7/31/2025 23:00,7.516949298
8/1/2025,6.71724146
8/1/2025 1:00,8.171930004
8/1/2025 2:00,12.40892875
8/1/2025 3:00,11.83965532
8/1/2025 4:00,11.66779683
8/1/2025 5:00,13.1406781
8/1/2025 6:00,13.14000022
8/1/2025 7:00,18.10169525
8/1/2025 8:00,14.49473714
8/1/2025 9:00,6.910000102
8/1/2025 10:00,8.657627243
8/1/2025 11:00,9.153333441
8/1/2025 12:00,7.481356063
8/1/2025 13:00,7.801666784
8/1/2025 14:00,7.971666781
8/1/2025 15:00,8.628333473
8/1/2025 16:00,5.460344948
8/1/2025 17:00,6.911864499
8/1/2025 18:00,7.803333449
8/1/2025 19:00,7.071929948
8/1/2025 20:00,7.67333347
8/1/2025 21:00,6.932203487
8/1/2025 22:00,6.801694999
8/1/2025 23:00,7.618965601
8/2/2025,9.201724266
8/2/2025 1:00,7.857627222
8/2/2025 2:00,7.811666775
8/2/2025 3:00,8.369491698
8/2/2025 4:00,9.544068013
8/2/2025 5:00,10.23666682
8/2/2025 6:00,11.58135608
8/2/2025 7:00,14.28666689
8/2/2025 8:00,11.15932217
8/2/2025 9:00,6.668965611
8/2/2025 10:00,4.764406843
8/2/2025 11:00,5.225000052
8/2/2025 12:00,8.084745884
8/2/2025 13:00,7.768333451
8/2/2025 14:00,5.423728878
8/2/2025 15:00,5.655000059
8/2/2025 16:00,7.758620813
8/2/2025 17:00,9.856666883
8/2/2025 18:00,9.986440917
8/2/2025 19:00,13.79333356
8/2/2025 20:00,13.11034499
8/2/2025 21:00,13.61500017
8/2/2025 22:00,9.094915422
8/2/2025 23:00,4.848275962
8/3/2025,5.353333426
8/3/2025 1:00,4.020000064
8/3/2025 2:00,5.416949252
8/3/2025 3:00,4.841666762
8/3/2025 4:00,5.095000076
8/3/2025 5:00,9.938333464
8/3/2025 6:00,10.81333349
8/3/2025 7:00,11.80689677
8/3/2025 8:00,10.51166685
8/3/2025 9:00,5.495000056
8/3/2025 10:00,4.710000086
8/3/2025 11:00,3.028333382
8/3/2025 12:00,2.841666718
8/3/2025 13:00,3.70333337
8/3/2025 14:00,3.486666719
8/3/2025 15:00,5.278333437
8/3/2025 16:00,6.620000068
8/3/2025 17:00,4.630508572
8/3/2025 18:00,5.976271322
8/3/2025 19:00,7.66666681
8/3/2025 20:00,7.221666781
8/3/2025 21:00,10.53833354
8/3/2025 22:00,12.59833352
8/3/2025 23:00,15.42666696
8/4/2025,14.31694928
8/4/2025 1:00,8.065000145
8/4/2025 2:00,5.813559403
8/4/2025 3:00,9.682758816
8/4/2025 4:00,12.61186456
8/4/2025 5:00,14.18070193
8/4/2025 6:00,12.0283335
8/4/2025 7:00,10.3850002
8/4/2025 8:00,12.17118661
8/4/2025 9:00,5.158620801
8/4/2025 10:00,4.87457635
8/4/2025 11:00,4.441666758
8/4/2025 12:00,3.935593294
8/4/2025 13:00,1.723333353
8/4/2025 14:00,2.291525469
8/4/2025 15:00,2.231034528
8/4/2025 16:00,2.559322078
8/4/2025 17:00,6.275000072
8/4/2025 18:00,5.311864532
8/4/2025 19:00,5.032203484
8/4/2025 20:00,4.532203464
8/4/2025 21:00,2.10000004
8/4/2025 22:00,3.593333381
8/4/2025 23:00,2.118333373
8/5/2025,1.79827589
8/5/2025 1:00,2.77833338
8/5/2025 2:00,4.589830601
8/5/2025 3:00,2.738333382
8/5/2025 4:00,2.691666718
8/5/2025 5:00,3.232203439
8/5/2025 6:00,8.798305229
8/5/2025 7:00,8.781666891
8/5/2025 8:00,11.77333353
8/5/2025 9:00,7.728813701
8/5/2025 10:00,2.823728864
8/5/2025 11:00,1.703389857
8/5/2025 12:00,1.043103473
8/5/2025 13:00,1.121666686
8/5/2025 14:00,2.706896587
8/5/2025 15:00,3.326666733
8/5/2025 16:00,5.676271305
8/5/2025 17:00,11.07457649
8/5/2025 18:00,16.96440721
8/5/2025 19:00,19.33220383
8/5/2025 20:00,24.11166703
8/5/2025 21:00,18.82033938
8/5/2025 22:00,27.36000045
8/5/2025 23:00,27.59000057
8/6/2025,16.12333355
8/6/2025 1:00,14.59333359
8/6/2025 2:00,16.51864424
8/6/2025 3:00,16.8745766
8/6/2025 4:00,19.56101731
8/6/2025 5:00,21.00833375
8/6/2025 6:00,16.80169516
8/6/2025 7:00,15.08500031
8/6/2025 8:00,17.12711908
8/6/2025 9:00,19.25333368
8/6/2025 10:00,13.78166684
8/6/2025 11:00,9.330508677
8/6/2025 12:00,10.4350002
8/6/2025 13:00,12.31694938
8/6/2025 14:00,10.24067816
8/6/2025 15:00,10.04067815
8/6/2025 16:00,11.06949173
8/6/2025 17:00,11.6033335
8/6/2025 18:00,12.87000019
8/6/2025 19:00,13.88793123
8/6/2025 20:00,13.18166684
8/6/2025 21:00,12.17586225
8/6/2025 22:00,10.72372897
8/6/2025 23:00,9.820339171
8/7/2025,9.786440882
8/7/2025 1:00,9.042373124
8/7/2025 2:00,10.39827607
8/7/2025 3:00,12.05423748
8/7/2025 4:00,11.79491546
8/7/2025 5:00,13.05614055
8/7/2025 6:00,16.8533336
8/7/2025 7:00,18.71551764
8/7/2025 8:00,20.98333381
8/7/2025 9:00,21.82372924
8/7/2025 10:00,21.59666707
8/7/2025 11:00,8.694915367
8/7/2025 12:00,6.828333449
8/7/2025 13:00,6.190000073
8/7/2025 14:00,6.849152654
8/7/2025 15:00,7.601724263
8/7/2025 16:00,7.464406911
8/7/2025 17:00,8.948276035
8/7/2025 18:00,10.02333353
8/7/2025 19:00,10.85517263
8/7/2025 20:00,11.85084763
8/7/2025 21:00,11.15084773
8/7/2025 22:00,12.12000017
8/7/2025 23:00,11.82758637
8/8/2025,10.9650002
8/8/2025 1:00,11.45789489
8/8/2025 2:00,13.6283335
8/8/2025 3:00,10.610345
8/8/2025 4:00,11.22500022
8/8/2025 5:00,6.900000128
8/8/2025 6:00,8.607017709
8/8/2025 7:00,10.8559324
8/8/2025 8:00,12.24576289
8/8/2025 9:00,10.60847475
8/8/2025 10:00,7.377966258
8/8/2025 11:00,7.337288234
8/8/2025 12:00,7.429310511
8/8/2025 13:00,4.155932289
8/8/2025 14:00,5.393220429
8/8/2025 15:00,7.200000111
8/8/2025 16:00,4.771186546
8/8/2025 17:00,7.036666791
8/8/2025 18:00,9.750000167
8/8/2025 19:00,9.648333502
8/8/2025 20:00,4.695000084
8/8/2025 21:00,4.231579044
8/8/2025 22:00,4.291525513
8/8/2025 23:00,4.743103496
8/9/2025,7.731666827
8/9/2025 1:00,9.480000178
8/9/2025 2:00,9.678947616
8/9/2025 3:00,11.25517265
8/9/2025 4:00,11.36500022
8/9/2025 5:00,11.80344856
8/9/2025 6:00,15.90000029
8/9/2025 7:00,16.44745788
8/9/2025 8:00,11.4100002
8/9/2025 9:00,8.945762836
8/9/2025 10:00,9.874138174
8/9/2025 11:00,3.188135672
8/9/2025 12:00,4.313559387
8/9/2025 13:00,8.279310481
8/9/2025 14:00,6.812069087
8/9/2025 15:00,9.391666849
8/9/2025 16:00,10.29830524
8/9/2025 17:00,12.34576296
8/9/2025 18:00,11.14745777
8/9/2025 19:00,16.127119
8/9/2025 20:00,13.79491546
8/9/2025 21:00,15.04067812
8/9/2025 22:00,14.5896554
8/9/2025 23:00,13.23898325
8/10/2025,13.30333355
8/10/2025 1:00,13.2850002
8/10/2025 2:00,15.40339006
8/10/2025 3:00,15.9152545
8/10/2025 4:00,15.57666694
8/10/2025 5:00,15.87666691
8/10/2025 6:00,14.63620719
8/10/2025 7:00,15.86833361
8/10/2025 8:00,19.78070212
8/10/2025 9:00,23.00678001
8/10/2025 10:00,20.19333372
8/10/2025 11:00,15.66333364
8/10/2025 12:00,11.20847474
8/10/2025 13:00,9.815254438
8/10/2025 14:00,10.34833353
8/10/2025 15:00,10.37586229
8/10/2025 16:00,10.7118645
8/10/2025 17:00,10.15500016
8/10/2025 18:00,17.90508506
8/10/2025 19:00,12.7241381
8/10/2025 20:00,13.76610189
8/10/2025 21:00,14.17678591
8/10/2025 22:00,13.67796633
8/10/2025 23:00,12.4183335
8/11/2025,12.82711881
8/11/2025 1:00,13.07796635
8/11/2025 2:00,9.856896746
8/11/2025 3:00,7.166101795
8/11/2025 4:00,8.945762877
8/11/2025 5:00,11.0616669
8/11/2025 6:00,15.40689685
8/11/2025 7:00,18.80847491
8/11/2025 8:00,15.71016978
8/11/2025 9:00,15.52033925
8/11/2025 10:00,15.08000026
8/11/2025 11:00,16.63333367
8/11/2025 12:00,20.31186474
8/11/2025 13:00,12.84333355
8/11/2025 14:00,10.79482779
8/11/2025 15:00,11.32166688
8/11/2025 16:00,8.721052814
8/11/2025 17:00,11.87288158
8/11/2025 18:00,15.00000026
8/11/2025 19:00,15.01379337
8/11/2025 20:00,19.66271226
8/11/2025 21:00,35.67796688
8/11/2025 22:00,15.1150002
8/11/2025 23:00,10.40833354
8/12/2025,9.486440933
8/12/2025 1:00,10.22333353
8/12/2025 2:00,12.0067799
8/12/2025 3:00,12.0762714
8/12/2025 4:00,13.44500022
8/12/2025 5:00,16.37288157
8/12/2025 6:00,15.4362072
8/12/2025 7:00,14.23500024
8/12/2025 8:00,13.44827606
8/12/2025 9:00,18.28644083
8/12/2025 10:00,11.96440703
8/12/2025 11:00,10.74482779
8/12/2025 12:00,8.30000015
8/12/2025 13:00,9.080000162
8/12/2025 14:00,7.975000175
8/12/2025 15:00,7.655000114
8/12/2025 16:00,9.255000162
8/12/2025 17:00,10.45166682
8/12/2025 18:00,7.760344949
8/12/2025 19:00,6.290000097
8/12/2025 20:00,5.250847558
8/12/2025 21:00,3.943103494
8/12/2025 22:00,4.415517318
8/12/2025 23:00,6.003333441
8/13/2025,5.967241468
8/13/2025 1:00,5.468333435
8/13/2025 2:00,4.765000089
8/13/2025 3:00,4.625000103
8/13/2025 4:00,4.644827654
8/13/2025 5:00,4.850000072
8/13/2025 6:00,5.558333437
8/13/2025 7:00,7.300000084
8/13/2025 8:00,6.34067807
8/13/2025 9:00,7.949152688
8/13/2025 10:00,7.08305097
8/13/2025 11:00,4.351666733
8/13/2025 12:00,2.580000035
8/13/2025 13:00,1.956896578
8/13/2025 14:00,2.601724183
8/13/2025 15:00,5.756896631
8/13/2025 16:00,7.593333467
8/13/2025 17:00,9.88983067
8/13/2025 18:00,15.20500026
8/13/2025 19:00,15.23166691
8/13/2025 20:00,21.04333369
8/13/2025 21:00,21.85438641
8/13/2025 22:00,20.41034514
8/13/2025 23:00,16.01694941
8/14/2025,16.6101699
8/14/2025 1:00,16.46271216
8/14/2025 2:00,16.95084779
8/14/2025 3:00,16.9566672
8/14/2025 4:00,12.5066669
8/14/2025 5:00,9.5596493
8/14/2025 6:00,11.19152562
8/14/2025 7:00,9.593333507
8/14/2025 8:00,5.637931113
8/14/2025 9:00,3.890000089
8/14/2025 10:00,3.83728817
8/14/2025 11:00,4.205263251
8/14/2025 12:00,4.167796676
8/14/2025 13:00,5.327586285
8/14/2025 14:00,10.67758639
8/14/2025 15:00,6.605000083
8/14/2025 16:00,7.846551854
8/14/2025 17:00,9.083333453
8/14/2025 18:00,10.98833351
8/14/2025 19:00,18.16500025
8/14/2025 20:00,6.760344929
8/14/2025 21:00,2.388135633
8/14/2025 22:00,2.928571473
8/14/2025 23:00,6.79827598
8/15/2025,9.040678137
8/15/2025 1:00,10.98474598
8/15/2025 2:00,12.98500021
8/15/2025 3:00,8.933333516
8/15/2025 4:00,8.688333464
8/15/2025 5:00,5.355932276
8/15/2025 6:00,7.220000116
8/15/2025 7:00,9.439655394
8/15/2025 8:00,10.05438617
8/15/2025 9:00,10.14237304
8/15/2025 10:00,11.82372897
8/15/2025 11:00,10.07833355
8/15/2025 12:00,6.370689754
8/15/2025 13:00,4.933898376
8/15/2025 14:00,7.733898474
8/15/2025 15:00,8.123728987
8/15/2025 16:00,6.213559417
8/15/2025 17:00,7.813559451
8/15/2025 18:00,12.80166694
8/15/2025 19:00,12.93728833
8/15/2025 20:00,9.8016668
8/15/2025 21:00,9.053333457
8/15/2025 22:00,6.503389932
8/15/2025 23:00,5.106666772
8/16/2025,5.245762768
8/16/2025 1:00,5.951666752
8/16/2025 2:00,6.242372949
8/16/2025 3:00,6.661666743
8/16/2025 4:00,8.740678173
8/16/2025 5:00,10.2140353
8/16/2025 6:00,11.54166684
8/16/2025 7:00,16.6983335
8/16/2025 8:00,18.86551752
8/16/2025 9:00,19.4783337
8/16/2025 10:00,16.33500024
8/16/2025 11:00,14.5583336
8/16/2025 12:00,12.64237307
8/16/2025 13:00,7.337288242
8/16/2025 14:00,6.371186539
8/16/2025 15:00,6.120000094
8/16/2025 16:00,8.420000164
8/16/2025 17:00,11.46140371
8/16/2025 18:00,12.93050865
8/16/2025 19:00,15.4200003
8/16/2025 20:00,16.75862102
8/16/2025 21:00,22.46440719
8/16/2025 22:00,23.92241422
8/16/2025 23:00,22.53559352
8/17/2025,21.25666704
8/17/2025 1:00,16.17500021
8/17/2025 2:00,17.82372908
8/17/2025 3:00,17.01166697
8/17/2025 4:00,15.83050873
8/17/2025 5:00,16.83275892
8/17/2025 6:00,17.5745767
8/17/2025 7:00,21.14333372
8/17/2025 8:00,27.19500052
8/17/2025 9:00,19.28474606
8/17/2025 10:00,11.97500027
8/17/2025 11:00,9.35344844
8/17/2025 12:00,6.24166677
8/17/2025 13:00,6.470000076
8/17/2025 14:00,6.454237413
8/17/2025 15:00,5.558333429
8/17/2025 16:00,2.47457632
8/17/2025 17:00,4.893220469
8/17/2025 18:00,12.05000024
8/17/2025 19:00,13.73448296
8/17/2025 20:00,14.37833355
8/17/2025 21:00,13.84000017
8/17/2025 22:00,17.66909131
8/17/2025 23:00,17.04237314
8/18/2025,11.30333347
8/18/2025 1:00,10.17966128
8/18/2025 2:00,12.37457646
8/18/2025 3:00,11.05254251
8/18/2025 4:00,11.63559341
8/18/2025 5:00,13.25333354
8/18/2025 6:00,14.62033915
8/18/2025 7:00,19.30169526
8/18/2025 8:00,16.49322064
8/18/2025 9:00,10.48000023
8/18/2025 10:00,13.55254262
8/18/2025 11:00,12.70169515
8/18/2025 12:00,5.474576352
8/18/2025 13:00,5.112069056
8/18/2025 14:00,6.316666802
8/18/2025 15:00,6.791379402
8/18/2025 16:00,8.128813687
8/18/2025 17:00,5.939655271
8/18/2025 18:00,10.80166685
8/18/2025 19:00,13.65000024
8/18/2025 20:00,9.213333543
8/18/2025 21:00,10.62711874
8/18/2025 22:00,11.53448294
8/18/2025 23:00,11.50677982
8/19/2025,10.9847459
8/19/2025 1:00,12.02666686
8/19/2025 2:00,12.70508491
8/19/2025 3:00,11.02666686
8/19/2025 4:00,12.97000012
8/19/2025 5:00,13.0016951
8/19/2025 6:00,13.6733336
8/19/2025 7:00,14.23000019
8/19/2025 8:00,12.40000016
8/19/2025 9:00,18.93898345
8/19/2025 10:00,12.40689669
8/19/2025 11:00,12.09827602
8/19/2025 12:00,7.055932352
8/19/2025 13:00,5.415789579
8/19/2025 14:00,5.921666757
8/19/2025 15:00,6.327118728
8/19/2025 16:00,5.441379395
8/19/2025 17:00,7.345762835
8/19/2025 18:00,7.698245743
8/19/2025 19:00,9.964406951
8/19/2025 20:00,8.867796752
8/19/2025 21:00,9.533898442
8/19/2025 22:00,9.995000172
8/19/2025 23:00,10.35833354
8/20/2025,13.26610189
8/20/2025 1:00,13.83157917
8/20/2025 2:00,13.64912299
8/20/2025 3:00,15.6421055
8/20/2025 4:00,14.93050865
8/20/2025 5:00,17.5383337
8/20/2025 6:00,17.83050877
8/20/2025 7:00,15.97931055
8/20/2025 8:00,12.32881378
8/20/2025 9:00,11.28666687
8/20/2025 10:00,9.013333488
8/20/2025 11:00,8.861017122
8/20/2025 12:00,8.591525547
8/20/2025 13:00,6.851666784
8/20/2025 14:00,3.696551796
8/20/2025 15:00,3.66000005
8/20/2025 16:00,4.451724225
8/20/2025 17:00,6.033333421
8/20/2025 18:00,7.403389955
8/20/2025 19:00,9.80862088
8/20/2025 20:00,8.688135802
8/20/2025 21:00,7.540678081
8/20/2025 22:00,7.184482838
8/20/2025 23:00,6.7700001
8/21/2025,4.640678046
8/21/2025 1:00,3.805000055
8/21/2025 2:00,6.498333454
8/21/2025 3:00,8.140678115
8/21/2025 4:00,8.428333473
8/21/2025 5:00,9.485965076
8/21/2025 6:00,11.87586234
8/21/2025 7:00,13.61206921
8/21/2025 8:00,15.04666683
8/21/2025 9:00,12.96896576
8/21/2025 10:00,11.02542396
8/21/2025 11:00,7.000000127
8/21/2025 12:00,4.851666749
8/21/2025 13:00,6.033928663
8/21/2025 14:00,6.848333446
8/21/2025 15:00,6.966666749
8/21/2025 16:00,7.798305245
8/21/2025 17:00,6.193333435
8/21/2025 18:00,6.330000106
8/21/2025 19:00,6.673333422
8/21/2025 20:00,6.848333422
8/21/2025 21:00,8.36101709
8/21/2025 22:00,7.036666775
8/21/2025 23:00,5.796610266
8/22/2025,5.291666738
8/22/2025 1:00,5.141666762
8/22/2025 2:00,5.133898396
8/22/2025 3:00,5.589830609
8/22/2025 4:00,6.010000094
8/22/2025 5:00,8.484482856
8/22/2025 6:00,9.378333545
8/22/2025 7:00,11.84500014
8/22/2025 8:00,10.4457629
8/22/2025 9:00,7.881666827
8/22/2025 10:00,8.628333505
8/22/2025 11:00,6.455000106
8/22/2025 12:00,5.577966242
8/22/2025 13:00,4.193103519
8/22/2025 14:00,4.338983136
8/22/2025 15:00,5.696666733
8/22/2025 16:00,6.636206985
8/22/2025 17:00,7.074138021
8/22/2025 18:00,3.510169542
8/22/2025 19:00,4.651666749
8/22/2025 20:00,5.677966215
8/22/2025 21:00,5.186206982
8/22/2025 22:00,2.78474579
8/22/2025 23:00,2.855000039
8/23/2025,4.036666743
8/23/2025 1:00,4.593333391
8/23/2025 2:00,3.577586256
8/23/2025 3:00,4.016666722
8/23/2025 4:00,4.976271258
8/23/2025 5:00,6.894915346
8/23/2025 6:00,8.156666827
8/23/2025 7:00,6.218965604
8/23/2025 8:00,6.184482858
8/23/2025 9:00,3.953333382
8/23/2025 10:00,5.591666782
8/23/2025 11:00,6.474576376
8/23/2025 12:00,5.918644162
8/23/2025 13:00,5.006779727
8/23/2025 14:00,5.122807097
8/23/2025 15:00,4.566666758
8/23/2025 16:00,5.437288228
8/23/2025 17:00,5.779310424
8/23/2025 18:00,5.722033978
8/23/2025 19:00,6.566666738
8/23/2025 20:00,5.213333424
8/23/2025 21:00,5.246666757
8/23/2025 22:00,6.020339044
8/23/2025 23:00,6.158333445
8/24/2025,6.491666746
8/24/2025 1:00,6.281666748
8/24/2025 2:00,6.694827688
8/24/2025 3:00,6.908772025
8/24/2025 4:00,9.107143002
8/24/2025 5:00,11.90517266
8/24/2025 6:00,14.12372899
8/24/2025 7:00,19.2728816
8/24/2025 8:00,12.79833355
8/24/2025 9:00,8.94482777
8/24/2025 10:00,6.801666768
8/24/2025 11:00,6.371186531
8/24/2025 12:00,4.680000099
8/24/2025 13:00,3.387719347
8/24/2025 14:00,3.727586278
8/24/2025 15:00,3.800000079
8/24/2025 16:00,3.846428633
8/24/2025 17:00,4.173333402
8/24/2025 18:00,5.779310424
8/24/2025 19:00,7.307017694
8/24/2025 20:00,6.940350968
8/24/2025 21:00,8.601666832
8/24/2025 22:00,5.369491593
8/24/2025 23:00,5.347457716
8/25/2025,6.603333394
8/25/2025 1:00,7.13793115
8/25/2025 2:00,7.982758777
8/25/2025 3:00,8.249152709
8/25/2025 4:00,8.753333545
8/25/2025 5:00,9.340000264
8/25/2025 6:00,14.10000025
8/25/2025 7:00,15.22666698
8/25/2025 8:00,14.25166693
8/25/2025 9:00,10.63000018
8/25/2025 10:00,7.306779797
8/25/2025 11:00,5.870000084
8/25/2025 12:00,5.938333416
8/25/2025 13:00,5.38833344
8/25/2025 14:00,3.573684272
8/25/2025 15:00,4.920000136
8/25/2025 16:00,7.525862209
8/25/2025 17:00,9.042105432
8/25/2025 18:00,11.41000018
8/25/2025 19:00,12.57586224
8/25/2025 20:00,11.96610186
8/25/2025 21:00,12.80666687
8/25/2025 22:00,12.93333348
8/25/2025 23:00,12.04166687
8/26/2025,11.60000019
8/26/2025 1:00,12.4258623
8/26/2025 2:00,11.7983335
8/26/2025 3:00,11.15833351
8/26/2025 4:00,10.12857163
8/26/2025 5:00,11.72807034
8/26/2025 6:00,12.79166684
8/26/2025 7:00,15.78275894
8/26/2025 8:00,13.60166682
8/26/2025 9:00,12.6355934
8/26/2025 10:00,15.61864429
8/26/2025 11:00,16.20862104
8/26/2025 12:00,11.04576287
8/26/2025 13:00,9.318333491
8/26/2025 14:00,7.656896632
8/26/2025 15:00,8.213793302
8/26/2025 16:00,8.487931104
8/26/2025 17:00,8.160344987
8/26/2025 18:00,9.603448391
8/26/2025 19:00,13.26379334
8/26/2025 20:00,12.49500025
8/26/2025 21:00,13.65689672
8/26/2025 22:00,13.10169514
8/26/2025 23:00,12.44827611
8/27/2025,12.23793124
8/27/2025 1:00,12.53965537
8/27/2025 2:00,12.9672415
8/27/2025 3:00,11.63500018
8/27/2025 4:00,10.62068982
8/27/2025 5:00,11.22711883
8/27/2025 6:00,16.74915288
8/27/2025 7:00,15.60169532
8/27/2025 8:00,14.55000025
8/27/2025 9:00,12.48135612
8/27/2025 10:00,9.505084967
8/27/2025 11:00,8.632203539
8/27/2025 12:00,8.351724246
8/27/2025 13:00,8.776666824
8/27/2025 14:00,8.661017078
8/27/2025 15:00,10.61666684
8/27/2025 16:00,11.49833349
8/27/2025 17:00,10.5362071
8/27/2025 18:00,12.10350893
8/27/2025 19:00,15.08644085
8/27/2025 20:00,14.75254264
8/27/2025 21:00,13.34745785
8/27/2025 22:00,14.90847479
8/27/2025 23:00,13.45862081
8/28/2025,12.36333353
8/28/2025 1:00,11.67627134
8/28/2025 2:00,10.29833345
8/28/2025 3:00,7.649152667
8/28/2025 4:00,6.522034007
8/28/2025 5:00,6.952542467
8/28/2025 6:00,8.175438789
8/28/2025 7:00,10.88644088
8/28/2025 8:00,10.31166677
8/28/2025 9:00,10.60666688
8/28/2025 10:00,8.555000162
8/28/2025 11:00,10.98000021
8/28/2025 12:00,10.24406796
8/28/2025 13:00,6.384482902
8/28/2025 14:00,4.587931136
8/28/2025 15:00,5.366666769
8/28/2025 16:00,5.510000094
8/28/2025 17:00,6.453448419
8/28/2025 18:00,8.516949314
8/28/2025 19:00,8.476785898
8/28/2025 20:00,8.105172568
8/28/2025 21:00,9.750000181
8/28/2025 22:00,6.655000114
8/28/2025 23:00,7.108474659
8/29/2025,9.690000224
8/29/2025 1:00,11.26607161
8/29/2025 2:00,8.243859843
8/29/2025 3:00,7.121666757
8/29/2025 4:00,6.930508597
8/29/2025 5:00,8.390000168
8/29/2025 6:00,11.01525444
8/29/2025 7:00,12.36949174
8/29/2025 8:00,12.5650002
8/29/2025 9:00,15.21166687
8/29/2025 10:00,24.14067818
8/29/2025 11:00,27.88620732
8/29/2025 12:00,15.76610198
8/29/2025 13:00,9.615517435
8/29/2025 14:00,8.275862233
8/29/2025 15:00,7.098333398
8/29/2025 16:00,7.616666786
8/29/2025 17:00,7.700000116
8/29/2025 18:00,7.336666775
8/29/2025 19:00,7.89500014
8/29/2025 20:00,8.159322221
8/29/2025 21:00,6.569491645
8/29/2025 22:00,4.639655253
8/29/2025 23:00,4.99500006
8/30/2025,4.166101795
8/30/2025 1:00,3.623728873
8/30/2025 2:00,3.993103492
8/30/2025 3:00,4.426666756
8/30/2025 4:00,5.168965595
8/30/2025 5:00,6.447457726
8/30/2025 6:00,9.876666824
8/30/2025 7:00,11.96333357
8/30/2025 8:00,15.48000029
8/30/2025 9:00,12.35762732
8/30/2025 10:00,11.00500023
8/30/2025 11:00,7.228333433
8/30/2025 12:00,6.370000148
8/30/2025 13:00,5.749152636
8/30/2025 14:00,5.689830574
8/30/2025 15:00,8.256896627
8/30/2025 16:00,8.236666838
8/30/2025 17:00,6.725423813
8/30/2025 18:00,8.184210652
8/30/2025 19:00,8.957627288
8/30/2025 20:00,8.206779819
8/30/2025 21:00,8.008474722
8/30/2025 22:00,8.186666838
8/30/2025 23:00,9.994915485
8/31/2025,7.210169598
8/31/2025 1:00,7.408333421
8/31/2025 2:00,8.377586332
8/31/2025 3:00,10.29833352
8/31/2025 4:00,11.29000025
8/31/2025 5:00,11.55084765
8/31/2025 6:00,13.50339004
8/31/2025 7:00,12.85000019
8/31/2025 8:00,18.67500045
8/31/2025 9:00,12.45254266
8/31/2025 10:00,11.45593237
8/31/2025 11:00,12.99482775
8/31/2025 12:00,13.03166687
8/31/2025 13:00,11.49000021
8/31/2025 14:00,10.15789485
8/31/2025 15:00,9.579661159
8/31/2025 16:00,9.730508715
8/31/2025 17:00,10.84000017
8/31/2025 18:00,12.01896567
8/31/2025 19:00,14.44915275
8/31/2025 20:00,11.3189657
8/31/2025 21:00,10.22033916
8/31/2025 22:00,12.55254252
8/31/2025 23:00,12.08833354
9/1/2025,13.67241394
9/1/2025 1:00,13.80169511
9/1/2025 2:00,12.86833351
9/1/2025 3:00,14.30677985
9/1/2025 4:00,16.16000031
9/1/2025 5:00,17.78833373
9/1/2025 6:00,18.55000051
9/1/2025 7:00,21.5305088
9/1/2025 8:00,19.71355962
9/1/2025 9:00,16.17068999
9/1/2025 10:00,15.05254262
9/1/2025 11:00,16.93500039
9/1/2025 12:00,13.71166682
9/1/2025 13:00,9.906666803
9/1/2025 14:00,11.19666692
9/1/2025 15:00,10.08333352
9/1/2025 16:00,9.551666864
9/1/2025 17:00,8.952542556
9/1/2025 18:00,10.7233335
9/1/2025 19:00,10.27586228
9/1/2025 20:00,8.675862238
9/1/2025 21:00,6.877966186
9/1/2025 22:00,10.7666668
9/1/2025 23:00,13.22542393
9/2/2025,13.15666688
9/2/2025 1:00,16.28709702
9/2/2025 2:00,13.20689673
9/2/2025 3:00,12.40000024
9/2/2025 4:00,11.36000021
9/2/2025 5:00,14.20000017
9/2/2025 6:00,15.5196723
9/2/2025 7:00,21.61896597
9/2/2025 8:00,27.71111153
9/2/2025 9:00,28.46271221
9/2/2025 10:00,18.80714323
9/2/2025 11:00,8.660655866
9/2/2025 12:00,11.1573772
9/2/2025 13:00,4.896666753
9/2/2025 14:00,4.120339054
9/2/2025 15:00,3.840678021
9/2/2025 16:00,5.522413924
9/2/2025 17:00,6.274138031
9/2/2025 18:00,7.89649136
9/2/2025 19:00,7.026666776
9/2/2025 20:00,6.318644192
9/2/2025 21:00,6.513793205
9/2/2025 22:00,8.48965538
9/2/2025 23:00,6.841666786
9/3/2025,6.174576396
9/3/2025 1:00,5.56333344
9/3/2025 2:00,6.595000108
9/3/2025 3:00,6.905000091
9/3/2025 4:00,8.264285905
9/3/2025 5:00,7.809836223
9/3/2025 6:00,11.58000018
9/3/2025 7:00,9.328813666
9/3/2025 8:00,13.31016969
9/3/2025 9:00,15.18813596
9/3/2025 10:00,11.56166691
9/3/2025 11:00,7.815254341
9/3/2025 12:00,4.893220457
9/3/2025 13:00,4.071666718
9/3/2025 14:00,6.579661163
9/3/2025 15:00,5.816666826
9/3/2025 16:00,6.088333424
9/3/2025 17:00,5.956666772
9/3/2025 18:00,6.206666748
9/3/2025 19:00,6.550000067
9/3/2025 20:00,8.546551877
9/3/2025 21:00,8.146666789
9/3/2025 22:00,6.554386055
9/3/2025 23:00,7.924138069
9/4/2025,9.2400002
9/4/2025 1:00,8.593333546
9/4/2025 2:00,9.438983271
9/4/2025 3:00,10.61379331
9/4/2025 4:00,11.62000027
9/4/2025 5:00,11.05084765
9/4/2025 6:00,12.42166686
9/4/2025 7:00,16.66833367
9/4/2025 8:00,18.57000041
9/4/2025 9:00,13.64067818
9/4/2025 10:00,8.905172537
9/4/2025 11:00,7.384745881
9/4/2025 12:00,6.590000121
9/4/2025 13:00,7.442372993
9/4/2025 14:00,5.121666757
9/4/2025 15:00,6.726666792
9/4/2025 16:00,7.783333389
9/4/2025 17:00,7.053448389
9/4/2025 18:00,8.138983185
9/4/2025 19:00,8.950000138
9/4/2025 20:00,7.826785862
9/4/2025 21:00,7.605172552
9/4/2025 22:00,7.123728914
9/4/2025 23:00,6.716949277
9/5/2025,7.20666678
9/5/2025 1:00,7.575438742
9/5/2025 2:00,7.501666752
9/5/2025 3:00,7.691666738
9/5/2025 4:00,8.87000018
9/5/2025 5:00,9.991525585
9/5/2025 6:00,14.15833356
9/5/2025 7:00,20.30333366
9/5/2025 8:00,17.48305106
9/5/2025 9:00,12.21034504
9/5/2025 10:00,12.50000019
9/5/2025 11:00,9.321666821
9/5/2025 12:00,7.367241481
9/5/2025 13:00,7.405172512
9/5/2025 14:00,7.912069074
9/5/2025 15:00,8.734545656
9/5/2025 16:00,9.927118794
9/5/2025 17:00,14.81833356
9/5/2025 18:00,13.69322056
9/5/2025 19:00,12.16000024
9/5/2025 20:00,11.35500027
9/5/2025 21:00,11.73166688
9/5/2025 22:00,10.1677967
9/5/2025 23:00,12.46206913
9/6/2025,14.35087743
9/6/2025 1:00,14.28813579
9/6/2025 2:00,9.689473913
9/6/2025 3:00,6.458333492
9/6/2025 4:00,7.408196864
9/6/2025 5:00,9.088135768
9/6/2025 6:00,12.90338996
9/6/2025 7:00,12.68983076
9/6/2025 8:00,14.01864427
9/6/2025 9:00,15.28103477
9/6/2025 10:00,14.7661019
9/6/2025 11:00,10.83728836
9/6/2025 12:00,8.196610289
9/6/2025 13:00,8.529310564
9/6/2025 14:00,9.344068058
9/6/2025 15:00,9.2706898
9/6/2025 16:00,9.40833354
9/6/2025 17:00,9.587931263
9/6/2025 18:00,13.11694929
9/6/2025 19:00,16.13050875
9/6/2025 20:00,13.87966133
9/6/2025 21:00,18.30666699
9/6/2025 22:00,17.42203425
9/6/2025 23:00,15.12033922
9/7/2025,17.25172456
9/7/2025 1:00,15.7350879
9/7/2025 2:00,15.54827616
9/7/2025 3:00,16.97166694
9/7/2025 4:00,16.19310382
9/7/2025 5:00,16.41525464
9/7/2025 6:00,16.99322065
9/7/2025 7:00,21.05084781
9/7/2025 8:00,21.94500043
9/7/2025 9:00,14.73559344
9/7/2025 10:00,23.14137969
9/7/2025 11:00,16.47166702
9/7/2025 12:00,14.60000015
9/7/2025 13:00,15.28500024
9/7/2025 14:00,15.32711902
9/7/2025 15:00,10.86140373
9/7/2025 16:00,12.31578969
9/7/2025 17:00,14.32711884
9/7/2025 18:00,17.07833363
9/7/2025 19:00,17.4783337
9/7/2025 20:00,17.01016987
9/7/2025 21:00,17.59500055
9/7/2025 22:00,16.24500031
9/7/2025 23:00,15.50000021
9/8/2025,15.68833357
9/8/2025 1:00,15.89833363
9/8/2025 2:00,16.62033943
9/8/2025 3:00,16.63559367
9/8/2025 4:00,19.66271229
9/8/2025 5:00,19.80172447
9/8/2025 6:00,27.68000046
9/8/2025 7:00,26.36034515
9/8/2025 8:00,23.90333379
9/8/2025 9:00,16.86610212
9/8/2025 10:00,13.92033923
9/8/2025 11:00,13.65789495
9/8/2025 12:00,13.25344849
9/8/2025 13:00,15.00862095
9/8/2025 14:00,12.18750019
9/8/2025 15:00,14.85593251
9/8/2025 16:00,17.10350902
9/8/2025 17:00,21.10344874
9/8/2025 18:00,20.67666702
9/8/2025 19:00,19.55666717
9/8/2025 20:00,17.01016993
9/8/2025 21:00,16.42586239
9/8/2025 22:00,17.75423766
9/8/2025 23:00,16.16949186
9/9/2025,15.805085
9/9/2025 1:00,16.52666712
9/9/2025 2:00,17.20833362
9/9/2025 3:00,17.1050004
9/9/2025 4:00,18.33220388
9/9/2025 5:00,21.31403545
9/9/2025 6:00,23.66271226
9/9/2025 7:00,26.64000041
9/9/2025 8:00,22.09333366
9/9/2025 9:00,18.90000041
9/9/2025 10:00,23.15593264
9/9/2025 11:00,15.22333361
9/9/2025 12:00,16.20339011
9/9/2025 13:00,22.95254285
9/9/2025 14:00,26.26833394
9/9/2025 15:00,47.16206998
9/9/2025 16:00,62.45614095
9/9/2025 17:00,39.54333385
9/9/2025 18:00,37.16101763
9/9/2025 19:00,46.22711912
9/9/2025 20:00,30.74833393
9/9/2025 21:00,43.83833396
9/9/2025 22:00,42.82000081
9/9/2025 23:00,48.72333419
9/10/2025,43.22666759
9/10/2025 1:00,37.60678026
9/10/2025 2:00,30.77586243
9/10/2025 3:00,34.67288195
9/10/2025 4:00,21.80350906
9/10/2025 5:00,30.54655223
9/10/2025 6:00,30.45833381
9/10/2025 7:00,31.3650005
9/10/2025 8:00,41.18305155
9/10/2025 9:00,43.05084836
9/10/2025 10:00,42.10166734
9/10/2025 11:00,29.75333389
9/10/2025 12:00,17.51500033
9/10/2025 13:00,16.40833365
9/10/2025 14:00,22.98813598
9/10/2025 15:00,19.62333368
9/10/2025 16:00,13.34666686
9/10/2025 17:00,14.68275882
9/10/2025 18:00,20.47333371
9/10/2025 19:00,18.67758652
9/10/2025 20:00,13.77457645
9/10/2025 21:00,13.03389853
9/10/2025 22:00,12.88813576
9/10/2025 23:00,12.39333351
9/11/2025,12.56000017
9/11/2025 1:00,11.77500021
9/11/2025 2:00,11.72833352
9/11/2025 3:00,9.556666915
9/11/2025 4:00,7.800000151
9/11/2025 5:00,12.42666676
9/11/2025 6:00,4.917241466
9/11/2025 7:00,8.131666811
9/11/2025 8:00,13.23389857
9/11/2025 9:00,16.76779694
9/11/2025 10:00,11.71034501
9/11/2025 11:00,11.76000017
9/11/2025 12:00,13.97666693
9/11/2025 13:00,14.37288157
9/11/2025 14:00,11.24500022
9/11/2025 15:00,5.136666731
9/11/2025 16:00,5.950000119
9/11/2025 17:00,5.689830602
9/11/2025 18:00,9.681666835
9/11/2025 19:00,18.28666697
9/11/2025 20:00,16.44655193
9/11/2025 21:00,9.294736988
9/11/2025 22:00,5.711864512
9/11/2025 23:00,6.145762831
9/12/2025,6.669491639
9/12/2025 1:00,8.872881477
9/12/2025 2:00,8.991525585
9/12/2025 3:00,8.180000114
9/12/2025 4:00,10.05762729
9/12/2025 5:00,9.860000165
9/12/2025 6:00,12.93333348
9/12/2025 7:00,10.89322061
9/12/2025 8:00,12.1362071
9/12/2025 9:00,10.08000014
9/12/2025 10:00,7.866666752
9/12/2025 11:00,7.654237424
9/12/2025 12:00,5.866666714
9/12/2025 13:00,6.756666772
9/12/2025 14:00,6.527118756
9/12/2025 15:00,7.748276003
9/12/2025 16:00,10.12033916
9/12/2025 17:00,11.984483
9/12/2025 18:00,11.64237309
9/12/2025 19:00,11.50333354
9/12/2025 20:00,10.45666684
9/12/2025 21:00,10.02881372
9/12/2025 22:00,10.06206912
9/12/2025 23:00,9.670000156
9/13/2025,9.711666886
9/13/2025 1:00,10.10500019
9/13/2025 2:00,9.965517422
9/13/2025 3:00,10.42372898
9/13/2025 4:00,11.62542398
9/13/2025 5:00,11.25254259
9/13/2025 6:00,13.1949154
9/13/2025 7:00,17.74576291
9/13/2025 8:00,22.36833372
9/13/2025 9:00,19.62241429
9/13/2025 10:00,17.79333382
9/13/2025 11:00,14.29137955
9/13/2025 12:00,12.2051726
9/13/2025 13:00,11.18500021
9/13/2025 14:00,9.262712026
9/13/2025 15:00,9.873333534
9/13/2025 16:00,11.43103471
9/13/2025 17:00,10.43666684
9/13/2025 18:00,12.19830529
9/13/2025 19:00,14.69666683
9/13/2025 20:00,14.08103471
9/13/2025 21:00,14.90333349
9/13/2025 22:00,14.64406793
9/13/2025 23:00,14.40500024
9/14/2025,12.94333342
9/14/2025 1:00,12.83728831
9/14/2025 2:00,12.3796612
9/14/2025 3:00,12.24166687
9/14/2025 4:00,12.50333352
9/14/2025 5:00,13.23166682
9/14/2025 6:00,15.26333356
9/14/2025 7:00,17.7576276
9/14/2025 8:00,17.11016985
9/14/2025 9:00,15.99333371
9/14/2025 10:00,12.00169509
9/14/2025 11:00,12.69322062
9/14/2025 12:00,14.32631601
9/14/2025 13:00,14.65172429
9/14/2025 14:00,13.76034506
9/14/2025 15:00,14.88135617
9/14/2025 16:00,14.96440698
9/14/2025 17:00,17.85000045
9/14/2025 18:00,16.37000019
9/14/2025 19:00,12.51166684
9/14/2025 20:00,12.05517262
9/14/2025 21:00,7.603333473
9/14/2025 22:00,3.503448338
9/14/2025 23:00,3.162711919
9/15/2025,2.170000029
9/15/2025 1:00,1.696666698
9/15/2025 2:00,2.261016985
9/15/2025 3:00,3.006666718
9/15/2025 4:00,2.331034514
9/15/2025 5:00,2.418333381
9/15/2025 6:00,8.132203571
9/15/2025 7:00,15.15862098
9/15/2025 8:00,11.51864422
9/15/2025 9:00,16.84310372
9/15/2025 10:00,22.52203431
9/15/2025 11:00,17.1157899
9/15/2025 12:00,6.319298309
9/15/2025 13:00,5.153333382
9/15/2025 14:00,4.859322091
9/15/2025 15:00,5.573333422
9/15/2025 16:00,6.421666773
9/15/2025 17:00,9.93000021
9/15/2025 18:00,6.434482821
9/15/2025 19:00,8.947457774
9/15/2025 20:00,9.786207117
9/15/2025 21:00,9.896610309
9/15/2025 22:00,10.22542394
9/15/2025 23:00,10.24827609
9/16/2025,9.312500213
9/16/2025 1:00,9.891228174
9/16/2025 2:00,10.00508496
9/16/2025 3:00,9.271666884
9/16/2025 4:00,8.662712065
9/16/2025 5:00,10.18983065
9/16/2025 6:00,11.15862082
9/16/2025 7:00,12.52413815
9/16/2025 8:00,13.49482776
9/16/2025 9:00,15.63389861
9/16/2025 10:00,8.796551844
9/16/2025 11:00,2.700000036
9/16/2025 12:00,2.871666702
9/16/2025 13:00,2.735593279
9/16/2025 14:00,4.157627191
9/16/2025 15:00,7.446969838
9/16/2025 16:00,4.106779737
9/16/2025 17:00,8.262711994
9/16/2025 18:00,10.80500015
9/16/2025 19:00,14.03666684
9/16/2025 20:00,13.60924387
9/16/2025 21:00,10.13965532
9/16/2025 22:00,7.181666764
9/16/2025 23:00,5.023214408
9/17/2025,4.889655253
9/17/2025 1:00,5.035000082
9/17/2025 2:00,2.030000047
9/17/2025 3:00,1.910169531
9/17/2025 4:00,3.755000055
9/17/2025 5:00,4.20666674
9/17/2025 6:00,6.023333438
9/17/2025 7:00,9.500000181
9/17/2025 8:00,12.16551743
9/17/2025 9:00,11.72711886
9/17/2025 10:00,10.19830539
9/17/2025 11:00,10.07118663
9/17/2025 12:00,9.744827797
9/17/2025 13:00,9.993333483
9/17/2025 14:00,13.44500027
9/17/2025 15:00,16.07666696
9/17/2025 16:00,15.13050868
9/17/2025 17:00,15.21000017
9/17/2025 18:00,15.64666694
9/17/2025 19:00,14.35500024
9/17/2025 20:00,14.34406791
9/17/2025 21:00,15.08644089
9/17/2025 22:00,12.90666684
9/17/2025 23:00,13.60517262
9/18/2025,14.45833351
9/18/2025 1:00,15.14576291
9/18/2025 2:00,13.47288149
9/18/2025 3:00,11.20689673
9/18/2025 4:00,11.70500026
9/18/2025 5:00,12.05084762
9/18/2025 6:00,12.05517266
9/18/2025 7:00,13.84444461
9/18/2025 8:00,18.79000044
9/18/2025 9:00,14.42833357
9/18/2025 10:00,11.90666685
9/18/2025 11:00,10.53559344
9/18/2025 12:00,6.723333406
9/18/2025 13:00,4.76666679
9/18/2025 14:00,4.930357209
9/18/2025 15:00,6.215254347
9/18/2025 16:00,8.772413928
9/18/2025 17:00,10.71896568
9/18/2025 18:00,10.75423747
9/18/2025 19:00,12.08644088
9/18/2025 20:00,11.32372903
9/18/2025 21:00,11.19322045
9/18/2025 22:00,11.67288151
9/18/2025 23:00,10.43000021
9/19/2025,9.391525576
9/19/2025 1:00,9.926666832
9/19/2025 2:00,10.91694947
9/19/2025 3:00,12.96271209
9/19/2025 4:00,9.231666859
9/19/2025 5:00,9.847457813
9/19/2025 6:00,13.97666699
9/19/2025 7:00,15.07000025
9/19/2025 8:00,9.94406802
9/19/2025 9:00,11.38333357
9/19/2025 10:00,15.86610199
9/19/2025 11:00,10.87586228
9/19/2025 12:00,11.27457651
9/19/2025 13:00,9.159322149
9/19/2025 14:00,9.221052772
9/19/2025 15:00,11.92363656
9/19/2025 16:00,14.8183335
9/19/2025 17:00,13.82666696
9/19/2025 18:00,14.52542394
9/19/2025 19:00,14.49666684
9/19/2025 20:00,11.22166688
9/19/2025 21:00,11.41896572
9/19/2025 22:00,9.820339235
9/19/2025 23:00,10.62542393
9/20/2025,11.37118663
9/20/2025 1:00,8.813559492
9/20/2025 2:00,7.391666786
9/20/2025 3:00,6.796666733
9/20/2025 4:00,7.467241534
9/20/2025 5:00,9.432203576
9/20/2025 6:00,14.68771955
9/20/2025 7:00,17.88500039
9/20/2025 8:00,23.6416671
9/20/2025 9:00,20.35084802
9/20/2025 10:00,13.02500027
9/20/2025 11:00,7.984745866
9/20/2025 12:00,6.691666746
9/20/2025 13:00,5.736666751
9/20/2025 14:00,6.321666781
9/20/2025 15:00,7.252542504
9/20/2025 16:00,8.074576402
9/20/2025 17:00,9.380991928
9/20/2025 18:00,11.68983072
9/20/2025 19:00,10.15964933
9/20/2025 20:00,9.471428769
9/20/2025 21:00,8.246666805
9/20/2025 22:00,8.091379486
9/20/2025 23:00,8.472881527
9/21/2025,8.986440804
9/21/2025 1:00,9.796610347
9/21/2025 2:00,10.48965543
9/21/2025 3:00,10.98305101
9/21/2025 4:00,10.49482773
9/21/2025 5:00,5.908333413
9/21/2025 6:00,5.791666722
9/21/2025 7:00,10.61186457
9/21/2025 8:00,11.27241399
9/21/2025 9:00,10.43103466
9/21/2025 10:00,10.55333354
9/21/2025 11:00,8.040000145
9/21/2025 12:00,7.964406959
9/21/2025 13:00,9.791525558
9/21/2025 14:00,7.003448396
9/21/2025 15:00,7.540000105
9/21/2025 16:00,12.59482787
9/21/2025 17:00,15.25593234
9/21/2025 18:00,15.78771961
9/21/2025 19:00,17.69322079
9/21/2025 20:00,16.7258624
9/21/2025 21:00,16.21500033
9/21/2025 22:00,15.29322054
9/21/2025 23:00,14.35084775
9/22/2025,14.37166688
9/22/2025 1:00,14.02758635
9/22/2025 2:00,13.3266669
9/22/2025 3:00,13.99159681
9/22/2025 4:00,14.56271214
9/22/2025 5:00,16.7758623
9/22/2025 6:00,22.06491273
9/22/2025 7:00,25.00847496
9/22/2025 8:00,28.83559369
9/22/2025 9:00,20.6105268
9/22/2025 10:00,13.72500024
9/22/2025 11:00,12.39473709
9/22/2025 12:00,10.55500019
9/22/2025 13:00,10.18666686
9/22/2025 14:00,8.978333537
9/22/2025 15:00,9.598319526
9/22/2025 16:00,12.19137948
9/22/2025 17:00,17.82000039
9/22/2025 18:00,18.12166715
9/22/2025 19:00,15.07368451
9/22/2025 20:00,14.36271208
9/22/2025 21:00,14.16500018
9/22/2025 22:00,14.43500023
9/22/2025 23:00,12.82333352
9/23/2025,12.52586228
9/23/2025 1:00,13.79833355
9/23/2025 2:00,7.713333432
9/23/2025 3:00,7.818333483
9/23/2025 4:00,9.670000219
9/23/2025 5:00,13.32372898
9/23/2025 6:00,19.28305122
9/23/2025 7:00,17.67017572
9/23/2025 8:00,12.47118665
9/23/2025 9:00,13.18305104
9/23/2025 10:00,14.61186466
9/23/2025 11:00,10.07288159
9/23/2025 12:00,10.02666688
9/23/2025 13:00,10.52033921
9/23/2025 14:00,13.72033921
9/23/2025 15:00,10.47627135
9/23/2025 16:00,11.32456157
9/23/2025 17:00,17.23333365
9/23/2025 18:00,16.97288158
9/23/2025 19:00,18.04915279
9/23/2025 20:00,17.37000031
9/23/2025 21:00,18.87457667
9/23/2025 22:00,16.14333361
9/23/2025 23:00,15.41724159
9/24/2025,15.55932234
9/24/2025 1:00,15.06949171
9/24/2025 2:00,13.65000024
9/24/2025 3:00,12.81333354
9/24/2025 4:00,13.46896573
9/24/2025 5:00,15.93103491
9/24/2025 6:00,22.3533337
9/24/2025 7:00,22.08166701
9/24/2025 8:00,21.0033336
9/24/2025 9:00,21.66779693
9/24/2025 10:00,17.30169523
9/24/2025 11:00,10.94067813
9/24/2025 12:00,9.055172575
9/24/2025 13:00,9.988135726
9/24/2025 14:00,10.56379333
9/24/2025 15:00,14.87068989
9/24/2025 16:00,11.90833356
9/24/2025 17:00,5.922033989
9/24/2025 18:00,8.338983148
9/24/2025 19:00,10.17666687
9/24/2025 20:00,10.02166685
9/24/2025 21:00,13.10000022
9/24/2025 22:00,13.98135612
9/24/2025 23:00,14.84237306
9/25/2025,10.10350894
9/25/2025 1:00,7.853448391
9/25/2025 2:00,7.103333441
9/25/2025 3:00,8.482142959
9/25/2025 4:00,8.882758733
9/25/2025 5:00,11.07931055
9/25/2025 6:00,15.38333368
9/25/2025 7:00,19.27758654
9/25/2025 8:00,21.69491555
9/25/2025 9:00,20.2237292
9/25/2025 10:00,12.65166692
9/25/2025 11:00,11.2101697
9/25/2025 12:00,9.177966271
9/25/2025 13:00,4.7898306
9/25/2025 14:00,3.862069015
9/25/2025 15:00,4.228813612
9/25/2025 16:00,6.003333473
9/25/2025 17:00,9.970000211
9/25/2025 18:00,14.97627144
9/25/2025 19:00,19.04576315
9/25/2025 20:00,19.54576298
9/25/2025 21:00,16.34067822
9/25/2025 22:00,14.99166695
9/25/2025 23:00,12.99655196
9/26/2025,11.57931053
9/26/2025 1:00,10.22881375
9/26/2025 2:00,11.36166692
9/26/2025 3:00,13.66101711
9/26/2025 4:00,11.36949177
9/26/2025 5:00,14.01724161
9/26/2025 6:00,20.30508513
9/26/2025 7:00,22.82203422
9/26/2025 8:00,21.84500046
9/26/2025 9:00,19.34745802
9/26/2025 10:00,22.09500024
9/26/2025 11:00,14.58305114
9/26/2025 12:00,5.118644193
9/26/2025 13:00,5.147457709
9/26/2025 14:00,5.033333421
9/26/2025 15:00,5.171186488
9/26/2025 16:00,7.354237419
9/26/2025 17:00,8.205000138
9/26/2025 18:00,9.300000115
9/26/2025 19:00,15.3898307
9/26/2025 20:00,16.97666686
9/26/2025 21:00,11.50169509
9/26/2025 22:00,6.9450001
9/26/2025 23:00,6.511666759
9/27/2025,6.738333432
9/27/2025 1:00,5.818333451
9/27/2025 2:00,6.247457694
9/27/2025 3:00,6.23928581
9/27/2025 4:00,6.173684279
9/27/2025 5:00,10.58166684
9/27/2025 6:00,15.89310362
9/27/2025 7:00,24.58644107
9/27/2025 8:00,20.37166697
9/27/2025 9:00,15.34166692
9/27/2025 10:00,15.84067833
9/27/2025 11:00,9.57796627
9/27/2025 12:00,6.420000108
9/27/2025 13:00,6.328070272
9/27/2025 14:00,7.411666783
9/27/2025 15:00,8.274576397
9/27/2025 16:00,9.1083335
9/27/2025 17:00,11.10677987
9/27/2025 18:00,13.86779683
9/27/2025 19:00,14.14166683
9/27/2025 20:00,17.105085
9/27/2025 21:00,14.25263174
9/27/2025 22:00,16.08275892
9/27/2025 23:00,15.98644095
9/28/2025,13.10508492
9/28/2025 1:00,12.08103466
9/28/2025 2:00,12.00862087
9/28/2025 3:00,11.2932205
9/28/2025 4:00,10.6745765
9/28/2025 5:00,12.39666683
9/28/2025 6:00,15.48833348
9/28/2025 7:00,17.04827616
9/28/2025 8:00,16.20500029
9/28/2025 9:00,18.92666705
9/28/2025 10:00,21.29298284
9/28/2025 11:00,14.85500018
9/28/2025 12:00,9.658620851
9/28/2025 13:00,9.296551943
9/28/2025 14:00,8.85254257
9/28/2025 15:00,8.477966204
9/28/2025 16:00,8.967796827
9/28/2025 17:00,10.85423751
9/28/2025 18:00,15.6745765
9/28/2025 19:00,16.77966129
9/28/2025 20:00,13.30500019
9/28/2025 21:00,12.70000017
9/28/2025 22:00,12.80344848
9/28/2025 23:00,13.32033912
9/29/2025,13.61166681
9/29/2025 1:00,14.11016972
9/29/2025 2:00,13.29322057
9/29/2025 3:00,13.37627143
9/29/2025 4:00,14.05333352
9/29/2025 5:00,17.66666695
9/29/2025 6:00,18.16500042
9/29/2025 7:00,19.53728841
9/29/2025 8:00,20.14500047
9/29/2025 9:00,24.90000046
9/29/2025 10:00,22.11666692
9/29/2025 11:00,13.6474578
9/29/2025 12:00,9.95254258
9/29/2025 13:00,10.09833353
9/29/2025 14:00,8.935000141
9/29/2025 15:00,9.727118799
9/29/2025 16:00,11.16271208
9/29/2025 17:00,14.16000018
9/29/2025 18:00,19.82542403
9/29/2025 19:00,22.23103471
9/29/2025 20:00,19.98000035
9/29/2025 21:00,16.85084779
9/29/2025 22:00,17.14915289
9/29/2025 23:00,16.97758657
9/30/2025,15.66949182
9/30/2025 1:00,15.08500023
9/30/2025 2:00,15.38135622
9/30/2025 3:00,15.47068987
9/30/2025 4:00,16.19655208
9/30/2025 5:00,19.09827634
9/30/2025 6:00,22.13898339
9/30/2025 7:00,23.825424
9/30/2025 8:00,21.66428607
9/30/2025 9:00,18.18166704
9/30/2025 10:00,14.59655194
9/30/2025 11:00,15.35500029
9/30/2025 12:00,11.544068
9/30/2025 13:00,10.57000025
9/30/2025 14:00,10.45172428
9/30/2025 15:00,12.54833353
9/30/2025 16:00,11.64745782
9/30/2025 17:00,13.68000024
9/30/2025 18:00,17.30666704
9/30/2025 19:00,15.17931062
9/30/2025 20:00,15.41034506
9/30/2025 21:00,8.773333502
9/30/2025 22:00,6.885000118
9/30/2025 23:00,5.91551733
10/1/2025,5.490000105
10/1/2025 1:00,6.430000091
10/1/2025 2:00,6.628333394
10/1/2025 3:00,7.678333441
10/1/2025 4:00,8.351666832
10/1/2025 5:00,10.26271204
10/1/2025 6:00,15.22333357
10/1/2025 7:00,16.68644103
10/1/2025 8:00,16.5711867
10/1/2025 9:00,10.24482776
10/1/2025 10:00,7.308474686
10/1/2025 11:00,7.683333445
10/1/2025 12:00,6.805000067
10/1/2025 13:00,7.925000103
10/1/2025 14:00,9.611666775
10/1/2025 15:00,10.86491252
10/1/2025 16:00,14.40000021
10/1/2025 17:00,11.2067798
10/1/2025 18:00,10.70500023
10/1/2025 19:00,7.596610304
10/1/2025 20:00,7.715000137
10/1/2025 21:00,6.288135682
10/1/2025 22:00,4.913559421
10/1/2025 23:00,5.280000122
10/2/2025,5.05423739
10/2/2025 1:00,6.942372977
10/2/2025 2:00,6.900000087
10/2/2025 3:00,7.932203511
10/2/2025 4:00,8.476666808
10/2/2025 5:00,8.655932378
10/2/2025 6:00,9.433333508
10/2/2025 7:00,11.16949172
10/2/2025 8:00,10.7766669
10/2/2025 9:00,13.89500022
10/2/2025 10:00,14.44561428
10/2/2025 11:00,6.237931112
10/2/2025 12:00,7.540000137
10/2/2025 13:00,9.974576481
10/2/2025 14:00,7.984745939
10/2/2025 15:00,6.774576422
10/2/2025 16:00,6.886666767
10/2/2025 17:00,11.20000019
10/2/2025 18:00,15.14237315
10/2/2025 19:00,16.75087761
10/2/2025 20:00,16.9034486
10/2/2025 21:00,16.03728847
10/2/2025 22:00,16.93500017
10/2/2025 23:00,19.96101738
10/3/2025,19.56500041
10/3/2025 1:00,16.03559349
10/3/2025 2:00,13.54833352
10/3/2025 3:00,12.51016974
10/3/2025 4:00,12.60166686
10/3/2025 5:00,13.59491541
10/3/2025 6:00,16.34137964
10/3/2025 7:00,21.73220377
10/3/2025 8:00,23.92000043
10/3/2025 9:00,20.40689692
10/3/2025 10:00,21.17833379
10/3/2025 11:00,26.53166704
10/3/2025 12:00,33.63898368
10/3/2025 13:00,18.10169522
10/3/2025 14:00,11.4745765
10/3/2025 15:00,12.13050865
10/3/2025 16:00,14.67758646
10/3/2025 17:00,16.99166703
10/3/2025 18:00,16.56166685
10/3/2025 19:00,29.04464333
10/3/2025 20:00,24.18333382
10/3/2025 21:00,17.3101697
10/3/2025 22:00,14.27796624
10/3/2025 23:00,13.47586226
10/4/2025,12.18166688
10/4/2025 1:00,10.70500021
10/4/2025 2:00,9.856666867
10/4/2025 3:00,10.32068991
10/4/2025 4:00,9.513793271
10/4/2025 5:00,8.632203611
10/4/2025 6:00,9.998333486
10/4/2025 7:00,10.74166684
10/4/2025 8:00,10.94166689
10/4/2025 9:00,8.79833351
10/4/2025 10:00,5.488135685
10/4/2025 11:00,6.263333424
10/4/2025 12:00,4.955000099
10/4/2025 13:00,3.843333393
10/4/2025 14:00,3.296666718
10/4/2025 15:00,4.023728886
10/4/2025 16:00,5.566101802
10/4/2025 17:00,4.493103525
10/4/2025 18:00,6.395000108
10/4/2025 19:00,5.523333458
10/4/2025 20:00,4.310000078
10/4/2025 21:00,2.940000045
10/4/2025 22:00,3.529310389
10/4/2025 23:00,4.237931083
10/5/2025,4.367796692
10/5/2025 1:00,3.696610216
10/5/2025 2:00,3.096610221
10/5/2025 3:00,1.487931059
10/5/2025 4:00,1.008771949
10/5/2025 5:00,2.496610195
10/5/2025 6:00,2.606896598
10/5/2025 7:00,5.456896626
10/5/2025 8:00,11.00500019
10/5/2025 9:00,10.68275878
10/5/2025 10:00,9.478333497
10/5/2025 11:00,8.527118804
10/5/2025 12:00,8.462069133
10/5/2025 13:00,5.800000113
10/5/2025 14:00,2.400000057
10/5/2025 15:00,2.695000052
10/5/2025 16:00,3.331666728
10/5/2025 17:00,4.038333376
10/5/2025 18:00,4.158333401
10/5/2025 19:00,4.176666721
10/5/2025 20:00,3.741379368
10/5/2025 21:00,2.737288176
10/5/2025 22:00,2.86440682
10/5/2025 23:00,2.405000063
10/6/2025,2.272881425
10/6/2025 1:00,2.731666708
10/6/2025 2:00,3.600000046
10/6/2025 3:00,5.933898409
10/6/2025 4:00,6.875000103
10/6/2025 5:00,7.216949293
10/6/2025 6:00,10.60677983
10/6/2025 7:00,10.83728828
10/6/2025 8:00,8.400000145
10/6/2025 9:00,8.306896703
10/6/2025 10:00,5.005084846
10/6/2025 11:00,4.055172456
10/6/2025 12:00,3.176271224
10/6/2025 13:00,3.108474634
10/6/2025 14:00,4.027118719
10/6/2025 15:00,5.653448376
10/6/2025 16:00,7.288333464
10/6/2025 17:00,9.213333503
10/6/2025 18:00,13.31896576
10/6/2025 19:00,8.39655188
10/6/2025 20:00,9.947457823
10/6/2025 21:00,12.20172433
10/6/2025 22:00,11.27586227
10/6/2025 23:00,11.72666685
10/7/2025,16.21525459
10/7/2025 1:00,13.28644095
10/7/2025 2:00,15.68644099
10/7/2025 3:00,10.74666694
10/7/2025 4:00,11.35172436
10/7/2025 5:00,12.0066668
10/7/2025 6:00,15.49661043
10/7/2025 7:00,20.23559354
10/7/2025 8:00,15.13559338
10/7/2025 9:00,16.31000031
10/7/2025 10:00,10.2516668
10/7/2025 11:00,NA
10/7/2025 12:00,NA
10/7/2025 13:00,NA
10/7/2025 14:00,NA
10/7/2025 15:00,10.5983336
10/7/2025 16:00,10.18500017
10/7/2025 17:00,11.72500019
10/7/2025 18:00,16.0830511
10/7/2025 19:00,14.16610194
10/7/2025 20:00,13.15593233
10/7/2025 21:00,13.24833353
10/7/2025 22:00,12.73389845
10/7/2025 23:00,13.69152559
10/8/2025,12.96206922
10/8/2025 1:00,12.79666691
10/8/2025 2:00,14.72333357
10/8/2025 3:00,15.18983072
10/8/2025 4:00,14.62631597
10/8/2025 5:00,15.39500031
10/8/2025 6:00,17.49322072
10/8/2025 7:00,18.09661051
10/8/2025 8:00,19.72142896
10/8/2025 9:00,14.20000022
10/8/2025 10:00,12.62000016
10/8/2025 11:00,9.644067982
10/8/2025 12:00,8.23333346
10/8/2025 13:00,8.9833335
10/8/2025 14:00,9.180000162
10/8/2025 15:00,10.89666681
10/8/2025 16:00,13.52142879
10/8/2025 17:00,14.51694933
10/8/2025 18:00,22.01016987
10/8/2025 19:00,18.66666713
10/8/2025 20:00,18.33333357
10/8/2025 21:00,18.69322066
10/8/2025 22:00,18.09322076
10/8/2025 23:00,16.37000031
10/9/2025,18.121667
10/9/2025 1:00,18.20339025
10/9/2025 2:00,19.33448315
10/9/2025 3:00,23.41724169
10/9/2025 4:00,21.51355966
10/9/2025 5:00,19.98500029
10/9/2025 6:00,19.46779704
10/9/2025 7:00,24.41186473
10/9/2025 8:00,17.23898332
10/9/2025 9:00,16.2583336
10/9/2025 10:00,17.45500038
10/9/2025 11:00,15.43389855
10/9/2025 12:00,10.41724159
10/9/2025 13:00,9.893220538
10/9/2025 14:00,10.2950002
10/9/2025 15:00,11.38166685
10/9/2025 16:00,12.33050864
10/9/2025 17:00,15.11016978
10/9/2025 18:00,17.12203428
10/9/2025 19:00,21.94833377
10/9/2025 20:00,24.74833368
10/9/2025 21:00,25.61666698
10/9/2025 22:00,23.61355963
10/9/2025 23:00,22.03275904
10/10/2025,16.83333376
10/10/2025 1:00,16.60000041
10/10/2025 2:00,17.07666702
10/10/2025 3:00,14.94833352
10/10/2025 4:00,15.06166692
10/10/2025 5:00,17.38135617
10/10/2025 6:00,23.57457672
10/10/2025 7:00,24.09661054
10/10/2025 8:00,23.83166704
10/10/2025 9:00,22.75344868
10/10/2025 10:00,22.5200002
10/10/2025 11:00,10.00588253
10/10/2025 12:00,7.843333522
10/10/2025 13:00,7.862295159
10/10/2025 14:00,NA
10/10/2025 15:00,NA
10/10/2025 16:00,NA
10/10/2025 17:00,NA
10/10/2025 18:00,15.64482792
10/10/2025 19:00,31.38596558
10/10/2025 20:00,29.42203438
10/10/2025 21:00,22.9500004
10/10/2025 22:00,17.70000025
10/10/2025 23:00,18.40877235
10/11/2025,15.79137963
10/11/2025 1:00,14.38909111
10/11/2025 2:00,13.27666685
10/11/2025 3:00,13.28813575
10/11/2025 4:00,14.47241405
10/11/2025 5:00,15.64406802
10/11/2025 6:00,24.22881379
10/11/2025 7:00,27.96000045
10/11/2025 8:00,22.79000041
10/11/2025 9:00,16.45614059
10/11/2025 10:00,16.43333365
10/11/2025 11:00,8.875000127
10/11/2025 12:00,8.020339093
10/11/2025 13:00,7.564406912
10/11/2025 14:00,9.96166687
10/11/2025 15:00,12.02203408
10/11/2025 16:00,21.71724175
10/11/2025 17:00,20.68833373
10/11/2025 18:00,24.22833376
10/11/2025 19:00,37.61666737
10/11/2025 20:00,32.82105332
10/11/2025 21:00,26.60344851
10/11/2025 22:00,26.77118693
10/11/2025 23:00,25.20677996
10/12/2025,21.94166695
10/12/2025 1:00,20.68793132
10/12/2025 2:00,20.08965545
10/12/2025 3:00,20.19833374
10/12/2025 4:00,20.91694955
10/12/2025 5:00,23.30677999
10/12/2025 6:00,29.35762745
10/12/2025 7:00,28.77118696
10/12/2025 8:00,30.869492
10/12/2025 9:00,27.76551766
10/12/2025 10:00,20.51000048
10/12/2025 11:00,13.72833352
10/12/2025 12:00,10.88644092
10/12/2025 13:00,11.11864421
10/12/2025 14:00,10.82833346
10/12/2025 15:00,12.51833351
10/12/2025 16:00,14.98500029
10/12/2025 17:00,17.00166696
10/12/2025 18:00,20.68166711
10/12/2025 19:00,25.94666719
10/12/2025 20:00,28.59152577
10/12/2025 21:00,23.22372925
10/12/2025 22:00,22.68644113
10/12/2025 23:00,21.80666701
10/13/2025,20.09166698
10/13/2025 1:00,19.74406815
10/13/2025 2:00,18.09491555
10/13/2025 3:00,20.46666705
10/13/2025 4:00,21.44482797
10/13/2025 5:00,23.56101741
10/13/2025 6:00,30.52000058
10/13/2025 7:00,35.33000037
10/13/2025 8:00,27.17333384
10/13/2025 9:00,24.22333371
10/13/2025 10:00,15.31551752
10/13/2025 11:00,10.0283335
10/13/2025 12:00,7.85254253
10/13/2025 13:00,11.27241394
10/13/2025 14:00,11.80000027
10/13/2025 15:00,13.28166691
10/13/2025 16:00,15.58000021
10/13/2025 17:00,20.21000045
10/13/2025 18:00,27.046667
10/13/2025 19:00,35.75254321
10/13/2025 20:00,29.58666722
10/13/2025 21:00,28.27017567
10/13/2025 22:00,27.80169535
10/13/2025 23:00,24.0779665
10/14/2025,26.46949189
10/14/2025 1:00,24.57118678
10/14/2025 2:00,23.40847497
10/14/2025 3:00,22.82542426
10/14/2025 4:00,24.05762753
10/14/2025 5:00,29.74406824
10/14/2025 6:00,34.51833401
10/14/2025 7:00,40.35333392
10/14/2025 8:00,34.69000034
10/14/2025 9:00,27.15762749
10/14/2025 10:00,17.91500034
10/14/2025 11:00,14.3293105
10/14/2025 12:00,14.40508498
10/14/2025 13:00,14.92456167
10/14/2025 14:00,17.69000026
10/14/2025 15:00,21.51186471
10/14/2025 16:00,21.73389874
10/14/2025 17:00,24.19500043
10/14/2025 18:00,34.0728818
10/14/2025 19:00,41.44333413
10/14/2025 20:00,37.8333341
10/14/2025 21:00,37.68983123
10/14/2025 22:00,31.39500039
10/14/2025 23:00,30.02333371
10/15/2025,29.49322077
10/15/2025 1:00,27.21355968
10/15/2025 2:00,26.32500035
10/15/2025 3:00,26.58135634
10/15/2025 4:00,27.15333373
10/15/2025 5:00,30.4474582
10/15/2025 6:00,38.47333425
10/15/2025 7:00,43.66607223
10/15/2025 8:00,42.93898385
10/15/2025 9:00,35.6406785
10/15/2025 10:00,24.12758656
10/15/2025 11:00,21.57118671
10/15/2025 12:00,17.13220373
10/15/2025 13:00,11.62586229
10/15/2025 14:00,11.09666681
10/15/2025 15:00,12.75862084
10/15/2025 16:00,14.21052657
10/15/2025 17:00,16.50833351
10/15/2025 18:00,20.52333369
10/15/2025 19:00,36.52372958
10/15/2025 20:00,39.16166751
10/15/2025 21:00,33.53728873
10/15/2025 22:00,28.80344871
10/15/2025 23:00,24.21206948
10/16/2025,26.06666705
10/16/2025 1:00,18.82413833
10/16/2025 2:00,19.65254292
10/16/2025 3:00,18.54500036
10/16/2025 4:00,19.35500045
10/16/2025 5:00,21.28666716
10/16/2025 6:00,34.06333415
10/16/2025 7:00,39.23000097
10/16/2025 8:00,26.82166707
10/16/2025 9:00,29.88833386
10/16/2025 10:00,24.34833358
10/16/2025 11:00,15.67333358
10/16/2025 12:00,14.23050871
10/16/2025 13:00,15.2866669
10/16/2025 14:00,12.95333354
10/16/2025 15:00,15.1228073
10/16/2025 16:00,17.72833368
10/16/2025 17:00,21.30333385
10/16/2025 18:00,23.98103487
10/16/2025 19:00,35.01525494
10/16/2025 20:00,38.41500076
10/16/2025 21:00,32.1916674
10/16/2025 22:00,28.98965566
10/16/2025 23:00,36.86551791
10/17/2025,26.98965563
10/17/2025 1:00,27.05689706
10/17/2025 2:00,26.44833374
10/17/2025 3:00,23.43220387
10/17/2025 4:00,25.04067838
10/17/2025 5:00,28.06500041
10/17/2025 6:00,34.80169561
10/17/2025 7:00,43.25084822
10/17/2025 8:00,38.14915337
10/17/2025 9:00,22.62166715
10/17/2025 10:00,14.29333356
10/17/2025 11:00,12.9067799
10/17/2025 12:00,12.52372902
10/17/2025 13:00,12.21525446
10/17/2025 14:00,14.00500023
10/17/2025 15:00,16.441667
10/17/2025 16:00,17.72711911
10/17/2025 17:00,22.2283337
10/17/2025 18:00,28.59333375
10/17/2025 19:00,28.02666718
10/17/2025 20:00,30.47666715
10/17/2025 21:00,33.54561461
10/17/2025 22:00,37.12333425
10/17/2025 23:00,33.38644118
10/18/2025,26.26896595
10/18/2025 1:00,25.51666705
10/18/2025 2:00,27.54833374
10/18/2025 3:00,26.24166708
10/18/2025 4:00,25.48983083
10/18/2025 5:00,23.7283337
10/18/2025 6:00,28.16666711
10/18/2025 7:00,37.60508541
10/18/2025 8:00,39.07241446
10/18/2025 9:00,36.11833404
10/18/2025 10:00,22.6950002
10/18/2025 11:00,11.83500017
10/18/2025 12:00,9.470000172
10/18/2025 13:00,10.70169509
10/18/2025 14:00,10.67288155
10/18/2025 15:00,11.90175461
10/18/2025 16:00,13.44666691
10/18/2025 17:00,23.50847487
10/18/2025 18:00,21.37627168
10/18/2025 19:00,23.36610209
10/18/2025 20:00,23.28644103
10/18/2025 21:00,24.97000033
10/18/2025 22:00,29.18965553
10/18/2025 23:00,27.39655209
10/19/2025,25.43166704
10/19/2025 1:00,23.50172464
10/19/2025 2:00,22.50666714
10/19/2025 3:00,22.55666704
10/19/2025 4:00,22.95344862
10/19/2025 5:00,22.3661022
10/19/2025 6:00,29.30344878
10/19/2025 7:00,34.34827657
10/19/2025 8:00,38.12758702
10/19/2025 9:00,27.75833381
10/19/2025 10:00,13.81694938
10/19/2025 11:00,10.11864428
10/19/2025 12:00,9.900000219
10/19/2025 13:00,8.567796739
10/19/2025 14:00,12.60172442
10/19/2025 15:00,15.44655191
10/19/2025 16:00,20.40000024
10/19/2025 17:00,27.59500036
10/19/2025 18:00,32.70678022
10/19/2025 19:00,36.83559402
10/19/2025 20:00,40.10678036
10/19/2025 21:00,38.84166743
10/19/2025 22:00,34.72758698
10/19/2025 23:00,22.09666704
10/20/2025,24.77719347
10/20/2025 1:00,23.95762744
10/20/2025 2:00,24.9551728
10/20/2025 3:00,22.96034527
10/20/2025 4:00,25.38333359
10/20/2025 5:00,26.47333377
10/20/2025 6:00,62.68448376
10/20/2025 7:00,55.0327595
10/20/2025 8:00,35.44138024
10/20/2025 9:00,36.90517307
10/20/2025 10:00,25.8379314
10/20/2025 11:00,15.10000025
10/20/2025 12:00,8.808333484
10/20/2025 13:00,6.706896675
10/20/2025 14:00,8.040000153
10/20/2025 15:00,9.998333502
10/20/2025 16:00,13.71666687
10/20/2025 17:00,17.84067828
10/20/2025 18:00,36.79152608
10/20/2025 19:00,52.65862143
10/20/2025 20:00,55.41500079
10/20/2025 21:00,54.62333419
10/20/2025 22:00,41.58448351
10/20/2025 23:00,33.57166726
10/21/2025,26.82833373
10/21/2025 1:00,25.60526353
10/21/2025 2:00,19.87288174
10/21/2025 3:00,18.22166723
10/21/2025 4:00,20.63559361
10/21/2025 5:00,25.26000032
10/21/2025 6:00,32.99666732
10/21/2025 7:00,38.24500074
10/21/2025 8:00,33.33898402
10/21/2025 9:00,30.79655223
10/21/2025 10:00,22.98275895
10/21/2025 11:00,18.85500035
10/21/2025 12:00,12.04833354
10/21/2025 13:00,10.57413813
10/21/2025 14:00,9.559322155
10/21/2025 15:00,8.930000226
10/21/2025 16:00,10.39666688
10/21/2025 17:00,13.22333349
10/21/2025 18:00,24.53333378
10/21/2025 19:00,40.80169578
10/21/2025 20:00,38.10666752
10/21/2025 21:00,33.65517281
10/21/2025 22:00,28.39833399
10/21/2025 23:00,22.71355975
10/22/2025,21.28793138
10/22/2025 1:00,17.5150003
10/22/2025 2:00,18.0400003
10/22/2025 3:00,18.91500038
10/22/2025 4:00,19.3216671
10/22/2025 5:00,22.92203422
10/22/2025 6:00,35.11228143
10/22/2025 7:00,36.25689701
10/22/2025 8:00,37.69824627
10/22/2025 9:00,30.43620744
10/22/2025 10:00,27.68421096
10/22/2025 11:00,21.40500034
10/22/2025 12:00,13.83898321
10/22/2025 13:00,8.718333427
10/22/2025 14:00,7.184745853
10/22/2025 15:00,9.31379333
10/22/2025 16:00,12.52000022
10/22/2025 17:00,16.12000028
10/22/2025 18:00,22.55666701
10/22/2025 19:00,24.35084779
10/22/2025 20:00,28.83389887
10/22/2025 21:00,38.20847531
10/22/2025 22:00,36.42372943
10/22/2025 23:00,33.08500077
10/23/2025,24.27833373
10/23/2025 1:00,23.04833364
10/23/2025 2:00,19.48070208
10/23/2025 3:00,20.23898345
10/23/2025 4:00,21.88813597
10/23/2025 5:00,27.3516669
10/23/2025 6:00,30.9137937
10/23/2025 7:00,35.89166752
10/23/2025 8:00,36.40339053
10/23/2025 9:00,37.66779735
10/23/2025 10:00,27.87069036
10/23/2025 11:00,15.88620727
10/23/2025 12:00,10.88305105
10/23/2025 13:00,10.17000022
10/23/2025 14:00,9.698276027
10/23/2025 15:00,10.7338985
10/23/2025 16:00,10.06166687
10/23/2025 17:00,12.41355946
10/23/2025 18:00,16.69830539
10/23/2025 19:00,20.23833364
10/23/2025 20:00,23.52033948
10/23/2025 21:00,22.25500046
10/23/2025 22:00,20.05000042
10/23/2025 23:00,22.10339026
10/24/2025,17.35000046
10/24/2025 1:00,17.44406821
10/24/2025 2:00,18.74827625
10/24/2025 3:00,20.90833375
10/24/2025 4:00,18.94745788
10/24/2025 5:00,22.80862108
10/24/2025 6:00,27.47833366
10/24/2025 7:00,29.48833373
10/24/2025 8:00,28.72950863
10/24/2025 9:00,29.24137961
10/24/2025 10:00,26.35666701
10/24/2025 11:00,14.21206926
10/24/2025 12:00,10.90862087
10/24/2025 13:00,9.8016668
10/24/2025 14:00,12.45833356
10/24/2025 15:00,13.49661033
10/24/2025 16:00,14.69655195
10/24/2025 17:00,18.96034515
10/24/2025 18:00,22.96333377
10/24/2025 19:00,26.45333376
10/24/2025 20:00,20.92166694
10/24/2025 21:00,20.71016991
10/24/2025 22:00,21.97678617
10/24/2025 23:00,18.17069003
10/25/2025,16.97966138
10/25/2025 1:00,16.17796638
10/25/2025 2:00,16.00847498
10/25/2025 3:00,16.67333369
10/25/2025 4:00,18.26440714
10/25/2025 5:00,21.78571476
10/25/2025 6:00,29.83833377
10/25/2025 7:00,34.82203438
10/25/2025 8:00,30.03333384
10/25/2025 9:00,30.28000034
10/25/2025 10:00,23.66101734
10/25/2025 11:00,16.60847484
10/25/2025 12:00,13.64333358
10/25/2025 13:00,14.26610187
10/25/2025 14:00,16.16833369
10/25/2025 15:00,19.36833372
10/25/2025 16:00,23.13000043
10/25/2025 17:00,26.2305089
10/25/2025 18:00,32.7465523
10/25/2025 19:00,36.27627201
10/25/2025 20:00,35.90833422
10/25/2025 21:00,34.38813643
10/25/2025 22:00,31.60833368
10/25/2025 23:00,30.25789508
10/26/2025,30.15517271
10/26/2025 1:00,30.76166697
10/26/2025 2:00,28.4000003
10/26/2025 3:00,27.52881393
10/26/2025 4:00,27.74666707
10/26/2025 5:00,29.61379341
10/26/2025 6:00,34.29322097
10/26/2025 7:00,46.26779744
10/26/2025 8:00,36.73559409
10/26/2025 9:00,33.39152595
10/26/2025 10:00,25.23166703
10/26/2025 11:00,16.59322065
10/26/2025 12:00,13.6172415
10/26/2025 13:00,13.17758637
10/26/2025 14:00,13.02881377
10/26/2025 15:00,10.7862071
10/26/2025 16:00,13.13220365
10/26/2025 17:00,22.78333376
10/26/2025 18:00,35.337289
10/26/2025 19:00,44.05762799
10/26/2025 20:00,43.34833396
10/26/2025 21:00,19.30000041
10/26/2025 22:00,22.52166704
10/26/2025 23:00,21.40166702
10/27/2025,20.57288168
10/27/2025 1:00,18.42542409
10/27/2025 2:00,20.09137966
10/27/2025 3:00,20.29500036
10/27/2025 4:00,20.93859683
10/27/2025 5:00,24.23559354
10/27/2025 6:00,29.84500039
10/27/2025 7:00,41.83620769
10/27/2025 8:00,39.48666738
10/27/2025 9:00,33.56949211
10/27/2025 10:00,23.28305126
10/27/2025 11:00,18.6500003
10/27/2025 12:00,18.25000037
10/27/2025 13:00,19.33220382
10/27/2025 14:00,17.31929861
10/27/2025 15:00,23.60689703
10/27/2025 16:00,27.01206937
10/27/2025 17:00,35.97894786
10/27/2025 18:00,52.10701822
10/27/2025 19:00,57.47321469
10/27/2025 20:00,45.21186518
10/27/2025 21:00,43.37457728
10/27/2025 22:00,27.5983054
10/27/2025 23:00,27.68135624
10/28/2025,26.15166715
10/28/2025 1:00,24.10000035
10/28/2025 2:00,24.16500044
10/28/2025 3:00,21.73333368
10/28/2025 4:00,23.65000034
10/28/2025 5:00,29.06610201
10/28/2025 6:00,35.88333384
10/28/2025 7:00,50.64915331
10/28/2025 8:00,49.35423822
10/28/2025 9:00,68.45689806
10/28/2025 10:00,83.75517404
10/28/2025 11:00,66.39000098
10/28/2025 12:00,31.97500073
10/28/2025 13:00,34.39491592
10/28/2025 14:00,29.0033903
10/28/2025 15:00,26.3068969
10/28/2025 16:00,29.61017011
10/28/2025 17:00,47.48833421
10/28/2025 18:00,49.44500078
10/28/2025 19:00,48.48666732
10/28/2025 20:00,49.68166746
10/28/2025 21:00,50.50701817
10/28/2025 22:00,49.20689741
10/28/2025 23:00,48.08666744
10/29/2025,44.7288144
10/29/2025 1:00,37.75932299
10/29/2025 2:00,38.2881365
10/29/2025 3:00,41.69661073
10/29/2025 4:00,43.93728916
10/29/2025 5:00,44.28833421
10/29/2025 6:00,45.64576353
10/29/2025 7:00,53.31500092
10/29/2025 8:00,67.50893021
10/29/2025 9:00,72.32203558
10/29/2025 10:00,66.31695039
10/29/2025 11:00,54.54576363
10/29/2025 12:00,63.20339087
10/29/2025 13:00,40.91206952
10/29/2025 14:00,35.92500045
10/29/2025 15:00,25.24000041
10/29/2025 16:00,43.18983139
10/29/2025 17:00,51.91166744
10/29/2025 18:00,49.98305169
10/29/2025 19:00,54.59666773
10/29/2025 20:00,62.63728908
10/29/2025 21:00,56.78135662
10/29/2025 22:00,55.2310351
10/29/2025 23:00,40.14406864
10/30/2025,26.9288139
10/30/2025 1:00,32.91864466
10/30/2025 2:00,35.78620766
10/30/2025 3:00,33.45689711
10/30/2025 4:00,30.81034529
10/30/2025 5:00,32.80166731
10/30/2025 6:00,34.9216671
10/30/2025 7:00,39.21864487
10/30/2025 8:00,39.91333427
10/30/2025 9:00,38.73166746
10/30/2025 10:00,23.27413832
10/30/2025 11:00,12.33333349
10/30/2025 12:00,14.99322059
10/30/2025 13:00,14.09827612
10/30/2025 14:00,10.30000014
10/30/2025 15:00,9.628333505
10/30/2025 16:00,17.90833365
10/30/2025 17:00,23.11694953
10/30/2025 18:00,27.67666705
10/30/2025 19:00,26.39830554
10/30/2025 20:00,19.19818223
10/30/2025 21:00,21.82833376
10/30/2025 22:00,17.78305122
10/30/2025 23:00,22.09310384
10/31/2025,16.76333365
10/31/2025 1:00,13.42666686
10/31/2025 2:00,13.67796634
10/31/2025 3:00,10.38474595
10/31/2025 4:00,8.366101823
10/31/2025 5:00,9.676271374
10/31/2025 6:00,13.64406797
10/31/2025 7:00,17.04333355
10/31/2025 8:00,15.34310369
10/31/2025 9:00,17.63500032
10/31/2025 10:00,21.33833389
10/31/2025 11:00,23.76333386
10/31/2025 12:00,16.93157926
10/31/2025 13:00,10.93220354
10/31/2025 14:00,5.637288259
10/31/2025 15:00,8.150847589
10/31/2025 16:00,11.32166688
10/31/2025 17:00,17.0779664
10/31/2025 18:00,22.29491573
10/31/2025 19:00,15.72500041
10/31/2025 20:00,14.89666689
10/31/2025 21:00,13.15932225
10/31/2025 22:00,16.56610204
10/31/2025 23:00,18.51355973
11/1/2025,14.13728834
11/1/2025 1:00,11.77500013
11/1/2025 2:00,7.408474672
11/1/2025 3:00,5.661666759
11/1/2025 4:00,7.684482903
11/1/2025 5:00,8.422413916
11/1/2025 6:00,4.284745835
11/1/2025 7:00,4.491379364
11/1/2025 8:00,5.965517324
11/1/2025 9:00,9.928333521
11/1/2025 10:00,8.110000173
11/1/2025 11:00,5.891666738
11/1/2025 12:00,8.918333522
11/1/2025 13:00,7.865000137
11/1/2025 14:00,5.13793115
11/1/2025 15:00,4.433898396
11/1/2025 16:00,6.253333449
11/1/2025 17:00,7.972881471
11/1/2025 18:00,7.487931186
11/1/2025 19:00,5.338333408
11/1/2025 20:00,7.432203495
11/1/2025 21:00,6.754237385
11/1/2025 22:00,4.31666673
11/1/2025 23:00,3.310169543
11/2/2025,3.456666728
11/2/2025 1:00,3.066666708
11/2/2025 2:00,3.55423735
11/2/2025 3:00,1.568333352
11/2/2025 4:00,2.464406822
11/2/2025 5:00,3.820339051
11/2/2025 6:00,6.140000137
11/2/2025 7:00,8.270000164
11/2/2025 8:00,9.251666888
11/2/2025 9:00,8.116666802
11/2/2025 10:00,8.730508618
11/2/2025 11:00,17.36610207
11/2/2025 12:00,10.80677982
11/2/2025 13:00,8.881356086
11/2/2025 14:00,8.856666835
11/2/2025 15:00,10.90666685
11/2/2025 16:00,14.18644092
11/2/2025 17:00,17.54561443
11/2/2025 18:00,21.70333373
11/2/2025 19:00,25.13898345
11/2/2025 20:00,22.16500034
11/2/2025 21:00,26.86500034
11/2/2025 22:00,22.12372919
11/2/2025 23:00,16.38666703
11/3/2025,17.2947372
11/3/2025 1:00,17.046667
11/3/2025 2:00,18.56181859
11/3/2025 3:00,18.13793146
11/3/2025 4:00,18.18833367
11/3/2025 5:00,20.92758659
11/3/2025 6:00,24.09833387
11/3/2025 7:00,37.87166723
11/3/2025 8:00,32.83448328
11/3/2025 9:00,30.2233338
11/3/2025 10:00,26.8316673
11/3/2025 11:00,20.50833365
11/3/2025 12:00,16.28000038
11/3/2025 13:00,10.65166688
11/3/2025 14:00,11.73500021
11/3/2025 15:00,15.22333355
11/3/2025 16:00,18.14333377
11/3/2025 17:00,25.73859693
11/3/2025 18:00,37.00847529
11/3/2025 19:00,43.20172507
11/3/2025 20:00,40.01833413
11/3/2025 21:00,35.30000053
11/3/2025 22:00,35.2103455
11/3/2025 23:00,39.43448363
11/4/2025,48.05423814
11/4/2025 1:00,47.12500076
11/4/2025 2:00,44.01500079
11/4/2025 3:00,43.85084812
11/4/2025 4:00,37.20000095
11/4/2025 5:00,36.5033903
11/4/2025 6:00,38.76779737
11/4/2025 7:00,46.01228152
11/4/2025 8:00,41.79666729
11/4/2025 9:00,32.22500054
11/4/2025 10:00,26.53389879
11/4/2025 11:00,24.29152579
11/4/2025 12:00,18.84576308
11/4/2025 13:00,20.08166707
11/4/2025 14:00,22.9288139
11/4/2025 15:00,28.19830558
11/4/2025 16:00,31.11833372
11/4/2025 17:00,24.0315792
11/4/2025 18:00,27.83833383
11/4/2025 19:00,42.20847547
11/4/2025 20:00,48.49000072
11/4/2025 21:00,49.07457707
11/4/2025 22:00,43.85000076
11/4/2025 23:00,45.26315863
11/5/2025,45.87288233
11/5/2025 1:00,43.41695003
11/5/2025 2:00,38.54666742
11/5/2025 3:00,36.79833406
11/5/2025 4:00,34.16379379
11/5/2025 5:00,34.2155178
11/5/2025 6:00,43.78000075
11/5/2025 7:00,52.82666772
11/5/2025 8:00,53.2440684
11/5/2025 9:00,46.02203486
11/5/2025 10:00,39.25423816
11/5/2025 11:00,23.28500036
11/5/2025 12:00,16.18474601
11/5/2025 13:00,11.03793118
11/5/2025 14:00,12.73666693
11/5/2025 15:00,15.68070194
11/5/2025 16:00,19.128814
11/5/2025 17:00,22.84237322
11/5/2025 18:00,23.59137972
11/5/2025 19:00,23.38750035
11/5/2025 20:00,21.24500036
11/5/2025 21:00,15.08644089
11/5/2025 22:00,14.29166697
11/5/2025 23:00,13.4068968
11/6/2025,13.40339003
11/6/2025 1:00,9.510169627
11/6/2025 2:00,10.14666689
11/6/2025 3:00,12.96833351
11/6/2025 4:00,16.69661037
11/6/2025 5:00,19.96034527
11/6/2025 6:00,28.85689696
11/6/2025 7:00,36.60166747
11/6/2025 8:00,32.85000067
11/6/2025 9:00,30.02033955
11/6/2025 10:00,25.65254266
11/6/2025 11:00,13.00508493
11/6/2025 12:00,7.745000164
11/6/2025 13:00,11.73620707
11/6/2025 14:00,13.11000024
11/6/2025 15:00,13.07627132
11/6/2025 16:00,14.06779676
11/6/2025 17:00,16.20333363
11/6/2025 18:00,19.45833381
11/6/2025 19:00,22.489831
11/6/2025 20:00,17.82833366
11/6/2025 21:00,17.34745802
11/6/2025 22:00,19.17069006
11/6/2025 23:00,13.93166688
11/7/2025,11.41864419
11/7/2025 1:00,11.05084762
11/7/2025 2:00,12.25593234
11/7/2025 3:00,11.85000014
11/7/2025 4:00,12.84576298
11/7/2025 5:00,19.16724172
11/7/2025 6:00,23.30344848
11/7/2025 7:00,31.94166718
11/7/2025 8:00,28.53166717
11/7/2025 9:00,27.82833382
11/7/2025 10:00,19.92542406
11/7/2025 11:00,13.81724159
11/7/2025 12:00,10.89655189
11/7/2025 13:00,9.073333494
11/7/2025 14:00,13.72881382
11/7/2025 15:00,13.023729
11/7/2025 16:00,15.59333364
11/7/2025 17:00,18.8450003
11/7/2025 18:00,33.54666742
11/7/2025 19:00,32.04915318
11/7/2025 20:00,26.9677971
11/7/2025 21:00,24.38000027
11/7/2025 22:00,27.13220393
11/7/2025 23:00,23.09827624
11/8/2025,20.57457662
11/8/2025 1:00,19.69661056
11/8/2025 2:00,21.28305125
11/8/2025 3:00,19.74666707
11/8/2025 4:00,20.47627168
11/8/2025 5:00,24.87333368
11/8/2025 6:00,32.67966157
11/8/2025 7:00,49.11666737
11/8/2025 8:00,45.58474647
11/8/2025 9:00,37.9750007
11/8/2025 10:00,35.77833405
11/8/2025 11:00,29.68245675
11/8/2025 12:00,9.480000146
11/8/2025 13:00,7.005000099
11/8/2025 14:00,10.68666685
11/8/2025 15:00,14.34067823
11/8/2025 16:00,13.48333357
11/8/2025 17:00,28.01166708
11/8/2025 18:00,53.08448371
11/8/2025 19:00,47.45344918
11/8/2025 20:00,39.02833392
11/8/2025 21:00,36.40344912
11/8/2025 22:00,27.09491581
11/8/2025 23:00,22.90678005
11/9/2025,21.2051728
11/9/2025 1:00,23.36440714
11/9/2025 2:00,21.71333377
11/9/2025 3:00,24.62500038
11/9/2025 4:00,23.36896581
11/9/2025 5:00,25.8050851
11/9/2025 6:00,33.16333399
11/9/2025 7:00,43.94833406
11/9/2025 8:00,40.04745833
11/9/2025 9:00,37.31186514
11/9/2025 10:00,31.75689714
11/9/2025 11:00,18.15087767
11/9/2025 12:00,11.29310365
11/9/2025 13:00,10.82456164
11/9/2025 14:00,11.72000016
11/9/2025 15:00,15.95084771
11/9/2025 16:00,16.48666695
11/9/2025 17:00,23.42666709
11/9/2025 18:00,27.83965545
11/9/2025 19:00,29.26949187
11/9/2025 20:00,29.25333385
11/9/2025 21:00,26.4800004
11/9/2025 22:00,29.83333387
11/9/2025 23:00,22.05517282
11/10/2025,19.62203436
11/10/2025 1:00,25.26896575
11/10/2025 2:00,22.30862108
11/10/2025 3:00,21.53166717
11/10/2025 4:00,22.42500025
11/10/2025 5:00,25.92033946
11/10/2025 6:00,36.68666719
11/10/2025 7:00,50.99333413
11/10/2025 8:00,46.53559416
11/10/2025 9:00,42.38333403
11/10/2025 10:00,27.56101728
11/10/2025 11:00,17.92069001
11/10/2025 12:00,15.60500026
11/10/2025 13:00,13.4152544
11/10/2025 14:00,15.13448302
11/10/2025 15:00,16.46610194
11/10/2025 16:00,19.6576274
11/10/2025 17:00,20.96101732
11/10/2025 18:00,30.74137974
11/10/2025 19:00,44.63050933
11/10/2025 20:00,35.81379394
11/10/2025 21:00,36.73000088
11/10/2025 22:00,36.65517337
11/10/2025 23:00,29.53793141
11/11/2025,27.7033337
11/11/2025 1:00,27.52000039
11/11/2025 2:00,23.18275915
11/11/2025 3:00,23.04500049
11/11/2025 4:00,23.67500035
11/11/2025 5:00,26.87000033
11/11/2025 6:00,36.69830591
11/11/2025 7:00,38.97666759
11/11/2025 8:00,44.38474642
11/11/2025 9:00,37.79833431
11/11/2025 10:00,38.58333416
11/11/2025 11:00,23.93166711
11/11/2025 12:00,16.57666701
11/11/2025 13:00,22.61333357
11/11/2025 14:00,18.29333385
11/11/2025 15:00,19.74166689
11/11/2025 16:00,31.26271225
11/11/2025 17:00,35.25423784
11/11/2025 18:00,40.81166738
11/11/2025 19:00,58.8118654
11/11/2025 20:00,61.54915373
11/11/2025 21:00,58.6000008
11/11/2025 22:00,51.63728895
11/11/2025 23:00,40.32033966
11/12/2025,38.53620759
11/12/2025 1:00,33.0400006
11/12/2025 2:00,29.61724183
11/12/2025 3:00,24.84833361
11/12/2025 4:00,25.32241423
11/12/2025 5:00,21.80169535
11/12/2025 6:00,27.53000043
11/12/2025 7:00,36.00847532
11/12/2025 8:00,47.92711956
11/12/2025 9:00,40.27796697
11/12/2025 10:00,38.47627181
11/12/2025 11:00,36.18103534
11/12/2025 12:00,24.27166707
11/12/2025 13:00,21.45000052
11/12/2025 14:00,21.47543894
11/12/2025 15:00,24.97796647
11/12/2025 16:00,NA
11/12/2025 17:00,37.11724206
11/12/2025 18:00,49.2779669
11/12/2025 19:00,48.21034583
11/12/2025 20:00,53.88166739
11/12/2025 21:00,57.92333412
11/12/2025 22:00,50.60333385
11/12/2025 23:00,44.42166723
11/13/2025,46.89322106
11/13/2025 1:00,38.94166743
11/13/2025 2:00,32.70333385
11/13/2025 3:00,33.82500089
11/13/2025 4:00,35.38666719
11/13/2025 5:00,37.98500074
11/13/2025 6:00,47.90862162
11/13/2025 7:00,63.96551862
11/13/2025 8:00,60.97966204
11/13/2025 9:00,50.23965605
11/13/2025 10:00,31.91694951
11/13/2025 11:00,24.25000039
11/13/2025 12:00,21.43448318
11/13/2025 13:00,14.35166686
11/13/2025 14:00,14.15593238
11/13/2025 15:00,16.87796638
11/13/2025 16:00,19.45254264
11/13/2025 17:00,21.32372914
11/13/2025 18:00,28.38965557
11/13/2025 19:00,26.93500039
11/13/2025 20:00,25.72500038
11/13/2025 21:00,28.4728819
11/13/2025 22:00,28.70833378
11/13/2025 23:00,23.82881391
11/14/2025,25.91428614
11/14/2025 1:00,25.34827627
11/14/2025 2:00,26.92372917
11/14/2025 3:00,31.15344886
11/14/2025 4:00,33.05965009
11/14/2025 5:00,36.72631652
11/14/2025 6:00,36.82000039
11/14/2025 7:00,48.17966177
11/14/2025 8:00,52.11333408
11/14/2025 9:00,55.25423793
11/14/2025 10:00,40.61579022
11/14/2025 11:00,27.1793107
11/14/2025 12:00,23.46101729
11/14/2025 13:00,17.01864443
11/14/2025 14:00,16.82413828
11/14/2025 15:00,24.09491555
11/14/2025 16:00,26.51016992
11/14/2025 17:00,26.04310381
11/14/2025 18:00,30.14000034
11/14/2025 19:00,38.76949217
11/14/2025 20:00,39.16206972
11/14/2025 21:00,34.21034543
11/14/2025 22:00,56.10000097
11/14/2025 23:00,37.47627171
11/15/2025,28.1883338
11/15/2025 1:00,30.23050887
11/15/2025 2:00,32.00500043
11/15/2025 3:00,31.21034514
11/15/2025 4:00,35.00833397
11/15/2025 5:00,36.16833433
11/15/2025 6:00,40.08275933
11/15/2025 7:00,54.04576363
11/15/2025 8:00,51.69833399
11/15/2025 9:00,45.83166752
11/15/2025 10:00,33.95438653
11/15/2025 11:00,25.09166702
11/15/2025 12:00,23.06000042
11/15/2025 13:00,25.13793153
11/15/2025 14:00,19.77166704
11/15/2025 15:00,19.81864441
11/15/2025 16:00,27.62881389
11/15/2025 17:00,27.16949182
11/15/2025 18:00,30.25689687
11/15/2025 19:00,42.23898367
11/15/2025 20:00,42.24655257
11/15/2025 21:00,34.97796663
11/15/2025 22:00,39.54237379
11/15/2025 23:00,33.49152617
11/16/2025,26.03448312
11/16/2025 1:00,30.62833385
11/16/2025 2:00,28.93666706
11/16/2025 3:00,29.83389877
11/16/2025 4:00,35.34500081
11/16/2025 5:00,35.54833425
11/16/2025 6:00,49.87500108
11/16/2025 7:00,61.21206994
11/16/2025 8:00,57.08448377
11/16/2025 9:00,47.57758693
11/16/2025 10:00,38.46610241
11/16/2025 11:00,26.43666703
11/16/2025 12:00,24.51403551
11/16/2025 13:00,24.54386002
11/16/2025 14:00,21.78103493
11/16/2025 15:00,27.73620727
11/16/2025 16:00,26.62711894
11/16/2025 17:00,29.90678015
11/16/2025 18:00,48.31333418
11/16/2025 19:00,52.22500089
11/16/2025 20:00,35.57333412
11/16/2025 21:00,33.45423795
11/16/2025 22:00,34.52807105
11/16/2025 23:00,31.81896627
11/17/2025,24.22000052
11/17/2025 1:00,24.79166698
11/17/2025 2:00,28.42542403
11/17/2025 3:00,31.34237331
11/17/2025 4:00,30.16000036
11/17/2025 5:00,33.67457694
11/17/2025 6:00,36.857628
11/17/2025 7:00,55.14482834
11/17/2025 8:00,53.17586294
11/17/2025 9:00,50.31500053
11/17/2025 10:00,44.27333422
11/17/2025 11:00,28.28166707
11/17/2025 12:00,19.28813584
11/17/2025 13:00,15.38833357
11/17/2025 14:00,16.78103478
11/17/2025 15:00,22.66666703
11/17/2025 16:00,24.78644112
11/17/2025 17:00,30.34237354
11/17/2025 18:00,37.67931113
11/17/2025 19:00,50.46166725
11/17/2025 20:00,42.51071494
11/17/2025 21:00,43.86964355
11/17/2025 22:00,35.77457712
11/17/2025 23:00,32.09000085
11/18/2025,28.21833369
11/18/2025 1:00,28.70847495
11/18/2025 2:00,28.44576296
11/18/2025 3:00,29.1118649
11/18/2025 4:00,28.97118678
11/18/2025 5:00,31.11017014
11/18/2025 6:00,45.68666738
11/18/2025 7:00,60.41724284
11/18/2025 8:00,50.21355988
11/18/2025 9:00,52.09138009
11/18/2025 10:00,42.61333415
11/18/2025 11:00,29.32372921
11/18/2025 12:00,19.53103477
11/18/2025 13:00,15.26666691
11/18/2025 14:00,16.44482795
11/18/2025 15:00,18.10877239
11/18/2025 16:00,21.88793146
11/18/2025 17:00,30.43214335
11/18/2025 18:00,40.70847527
11/18/2025 19:00,37.81166725
11/18/2025 20:00,34.50508528
11/18/2025 21:00,46.7150006
11/18/2025 22:00,39.55423795
11/18/2025 23:00,36.96724214
11/19/2025,25.04745803
11/19/2025 1:00,28.01694954
11/19/2025 2:00,25.12666705
11/19/2025 3:00,25.27333374
11/19/2025 4:00,23.25166709
11/19/2025 5:00,28.67966138
11/19/2025 6:00,32.72833363
11/19/2025 7:00,49.94915325
11/19/2025 8:00,42.42833401
11/19/2025 9:00,55.41724212
11/19/2025 10:00,40.4183341
11/19/2025 11:00,25.97627161
11/19/2025 12:00,19.38666706
11/19/2025 13:00,27.44067842
11/19/2025 14:00,25.75333363
11/19/2025 15:00,24.38793146
11/19/2025 16:00,27.66666711
11/19/2025 17:00,31.89122873
11/19/2025 18:00,38.24333413
11/19/2025 19:00,49.16166757
11/19/2025 20:00,49.88333384
11/19/2025 21:00,43.64310416
11/19/2025 22:00,40.93508831
11/19/2025 23:00,30.84666713
11/20/2025,25.08833373
11/20/2025 1:00,23.76610203
11/20/2025 2:00,23.5516669
11/20/2025 3:00,22.89166702
11/20/2025 4:00,27.29649182
11/20/2025 5:00,30.94915312
11/20/2025 6:00,39.34500078
11/20/2025 7:00,50.79333433
11/20/2025 8:00,42.06440738
11/20/2025 9:00,43.02881412
11/20/2025 10:00,24.78620736
11/20/2025 11:00,16.05762729
11/20/2025 12:00,11.97666682
11/20/2025 13:00,13.28500021
11/20/2025 14:00,17.13620725
11/20/2025 15:00,19.57931076
11/20/2025 16:00,21.71864435
11/20/2025 17:00,29.93500064
11/20/2025 18:00,38.19152603
11/20/2025 19:00,46.47931152
11/20/2025 20:00,42.29491606
11/20/2025 21:00,31.28813624
11/20/2025 22:00,29.09655222
11/20/2025 23:00,23.66949195
11/21/2025,23.30508504
11/21/2025 1:00,30.25166725
11/21/2025 2:00,32.09482808
11/21/2025 3:00,28.24912319
11/21/2025 4:00,30.51166719
11/21/2025 5:00,30.01666705
11/21/2025 6:00,36.93559382
11/21/2025 7:00,54.80000072
11/21/2025 8:00,50.50000078
11/21/2025 9:00,42.5850008
11/21/2025 10:00,30.98135651
11/21/2025 11:00,25.17666699
11/21/2025 12:00,22.86440714
11/21/2025 13:00,19.47118685
11/21/2025 14:00,17.23220376
11/21/2025 15:00,17.24137961
11/21/2025 16:00,18.84333371
11/21/2025 17:00,24.06166706
11/21/2025 18:00,34.02833401
11/21/2025 19:00,45.09666726
11/21/2025 20:00,51.7850008
11/21/2025 21:00,45.78305135
11/21/2025 22:00,37.73050922
11/21/2025 23:00,38.62833411
11/22/2025,29.90166705
11/22/2025 1:00,28.61833366
11/22/2025 2:00,26.33389864
11/22/2025 3:00,25.01666695
11/22/2025 4:00,26.15666704
11/22/2025 5:00,28.61166709
11/22/2025 6:00,34.41166744
11/22/2025 7:00,51.91333427
11/22/2025 8:00,45.34000098
11/22/2025 9:00,44.06779739
11/22/2025 10:00,36.41379376
11/22/2025 11:00,26.66440705
11/22/2025 12:00,17.4413796
11/22/2025 13:00,15.74915285
11/22/2025 14:00,20.61724173
11/22/2025 15:00,21.58135631
11/22/2025 16:00,24.64576311
11/22/2025 17:00,28.81964319
11/22/2025 18:00,28.62105303
11/22/2025 19:00,42.98000088
11/22/2025 20:00,39.24827648
11/22/2025 21:00,32.18474653
11/22/2025 22:00,31.42321488
11/22/2025 23:00,32.41017002
11/23/2025,31.26440727
11/23/2025 1:00,28.29000034
11/23/2025 2:00,26.96206935
11/23/2025 3:00,28.63833357
11/23/2025 4:00,31.88983099
11/23/2025 5:00,31.50166705
11/23/2025 6:00,37.8237294
11/23/2025 7:00,50.1533343
11/23/2025 8:00,46.81500066
11/23/2025 9:00,46.41525521
11/23/2025 10:00,42.42203464
11/23/2025 11:00,35.3017247
11/23/2025 12:00,22.8101699
11/23/2025 13:00,20.20000034
11/23/2025 14:00,17.29655218
11/23/2025 15:00,24.32033946
11/23/2025 16:00,35.97457679
11/23/2025 17:00,66.23728962
11/23/2025 18:00,66.52034055
11/23/2025 19:00,65.13500118
11/23/2025 20:00,62.69830607
11/23/2025 21:00,61.75862168
11/23/2025 22:00,61.55084836
11/23/2025 23:00,54.17288227
11/24/2025,51.32333393
11/24/2025 1:00,47.09322137
11/24/2025 2:00,41.05500075
11/24/2025 3:00,38.46610247
11/24/2025 4:00,33.75510266
11/24/2025 5:00,NA
11/24/2025 6:00,NA
11/24/2025 7:00,NA
11/24/2025 8:00,NA
11/24/2025 9:00,NA
11/24/2025 10:00,NA
11/24/2025 11:00,NA
11/24/2025 12:00,NA
11/24/2025 13:00,31.97818239
11/24/2025 14:00,37.50166753
11/24/2025 15:00,42.19138014
11/24/2025 16:00,45.00000071
11/24/2025 17:00,46.0683342
11/24/2025 18:00,50.78666751
11/24/2025 19:00,57.59491587
11/24/2025 20:00,52.17966151
11/24/2025 21:00,69.21500123
11/24/2025 22:00,56.93666776
11/24/2025 23:00,55.59000085
11/25/2025,51.17966196
11/25/2025 1:00,49.14067866
11/25/2025 2:00,45.00000097
11/25/2025 3:00,43.31017032
11/25/2025 4:00,42.21666762
11/25/2025 5:00,45.35593298
11/25/2025 6:00,52.17833424
11/25/2025 7:00,75.48644224
11/25/2025 8:00,67.31896677
11/25/2025 9:00,64.87666779
11/25/2025 10:00,52.51525504
11/25/2025 11:00,39.52833411
11/25/2025 12:00,21.18166698
11/25/2025 13:00,18.33793127
11/25/2025 14:00,16.14000025
11/25/2025 15:00,18.37069007
11/25/2025 16:00,37.40339069
11/25/2025 17:00,34.59649203
11/25/2025 18:00,49.0083341
11/25/2025 19:00,50.46842204
11/25/2025 20:00,60.99666735
11/25/2025 21:00,62.00689743
11/25/2025 22:00,52.30500094
11/25/2025 23:00,38.30000079
11/26/2025,32.69833403
11/26/2025 1:00,35.76333418
11/26/2025 2:00,33.25263234
11/26/2025 3:00,29.11016985
11/26/2025 4:00,29.91500031
11/26/2025 5:00,32.61017036
11/26/2025 6:00,NA
11/26/2025 7:00,NA
11/26/2025 8:00,NA
11/26/2025 9:00,NA
11/26/2025 10:00,NA
11/26/2025 11:00,NA
11/26/2025 12:00,NA
11/26/2025 13:00,NA
11/26/2025 14:00,NA
11/26/2025 15:00,NA
11/26/2025 16:00,NA
11/26/2025 17:00,NA
11/26/2025 18:00,NA
11/26/2025 19:00,NA
11/26/2025 20:00,NA
11/26/2025 21:00,NA
11/26/2025 22:00,NA
11/26/2025 23:00,NA
11/27/2025,NA
11/27/2025 1:00,NA
11/27/2025 2:00,NA
11/27/2025 3:00,NA
11/27/2025 4:00,NA
11/27/2025 5:00,NA
11/27/2025 6:00,NA
11/27/2025 7:00,NA
11/27/2025 8:00,NA
11/27/2025 9:00,61.68245744
11/27/2025 10:00,66.21695043
11/27/2025 11:00,59.3366677
11/27/2025 12:00,56.77627182
11/27/2025 13:00,28.35000032
11/27/2025 14:00,22.07966145
11/27/2025 15:00,19.15666709
11/27/2025 16:00,30.17069008
11/27/2025 17:00,50.85000091
11/27/2025 18:00,71.98813687
11/27/2025 19:00,75.60862212
11/27/2025 20:00,74.86666838
11/27/2025 21:00,102.1508496
11/27/2025 22:00,58.90877292
11/27/2025 23:00,43.64500058
11/28/2025,37.72833392
11/28/2025 1:00,35.64210611
11/28/2025 2:00,30.05344884
11/28/2025 3:00,29.77796655
11/28/2025 4:00,35.35166744
11/28/2025 5:00,40.25689727
11/28/2025 6:00,42.61754468
11/28/2025 7:00,62.58620808
11/28/2025 8:00,60.68983136
11/28/2025 9:00,62.03166733
11/28/2025 10:00,65.19833393
11/28/2025 11:00,62.65500081
11/28/2025 12:00,27.32982492
11/28/2025 13:00,20.87833374
11/28/2025 14:00,16.45333374
11/28/2025 15:00,16.70677998
11/28/2025 16:00,16.47333369
11/28/2025 17:00,24.98135635
11/28/2025 18:00,54.55172506
11/28/2025 19:00,72.08833497
11/28/2025 20:00,53.65087824
11/28/2025 21:00,53.73050955
11/28/2025 22:00,46.04915334
11/28/2025 23:00,33.7783342
11/29/2025,31.25084786
11/29/2025 1:00,32.0166673
11/29/2025 2:00,28.78333378
11/29/2025 3:00,26.09666697
11/29/2025 4:00,31.07666715
11/29/2025 5:00,34.56500079
11/29/2025 6:00,40.0066672
11/29/2025 7:00,56.37166773
11/29/2025 8:00,43.97500076
11/29/2025 9:00,48.40847558
11/29/2025 10:00,48.80508546
11/29/2025 11:00,46.56206966
11/29/2025 12:00,18.83793136
11/29/2025 13:00,9.513333488
11/29/2025 14:00,12.89830523
11/29/2025 15:00,11.09833355
11/29/2025 16:00,13.28474596
11/29/2025 17:00,21.11500039
11/29/2025 18:00,58.23220431
11/29/2025 19:00,63.88793189
11/29/2025 20:00,59.25833416
11/29/2025 21:00,55.87118731
11/29/2025 22:00,40.05500069
11/29/2025 23:00,26.78666709
11/30/2025,20.60166699
11/30/2025 1:00,21.7862074
11/30/2025 2:00,21.30000057
11/30/2025 3:00,24.98166704
11/30/2025 4:00,24.82280738
11/30/2025 5:00,31.13333404
11/30/2025 6:00,37.19152619
11/30/2025 7:00,58.42500095
11/30/2025 8:00,54.40517314
11/30/2025 9:00,56.13833421
11/30/2025 10:00,64.55517328
11/30/2025 11:00,43.04833409
11/30/2025 12:00,16.29000031
11/30/2025 13:00,10.55833352
11/30/2025 14:00,13.35423743
11/30/2025 15:00,14.95254263
11/30/2025 16:00,16.40678
11/30/2025 17:00,19.02542408
11/30/2025 18:00,19.49666707
11/30/2025 19:00,23.336667
11/30/2025 20:00,24.89482791
11/30/2025 21:00,23.34482792
11/30/2025 22:00,36.99000076
11/30/2025 23:00,28.79333378
12/1/2025,26.76724187
12/1/2025 1:00,32.86779698
12/1/2025 2:00,35.37758696
12/1/2025 3:00,28.98363682
12/1/2025 4:00,29.31186495
12/1/2025 5:00,35.16610236
12/1/2025 6:00,49.73666744
12/1/2025 7:00,62.59830559
12/1/2025 8:00,69.06000086
12/1/2025 9:00,51.22033963
12/1/2025 10:00,58.89830605
12/1/2025 11:00,46.70666758
12/1/2025 12:00,30.86666733
12/1/2025 13:00,25.40000047
12/1/2025 14:00,24.77666705
12/1/2025 15:00,39.67333425
12/1/2025 16:00,40.61695021
12/1/2025 17:00,47.91206978
12/1/2025 18:00,51.50344895
12/1/2025 19:00,53.38166739
12/1/2025 20:00,54.21166738
12/1/2025 21:00,60.8116677
12/1/2025 22:00,55.18965609
12/1/2025 23:00,49.27118722
12/2/2025,46.57333387
12/2/2025 1:00,44.11017014
12/2/2025 2:00,NA
12/2/2025 3:00,NA
12/2/2025 4:00,NA
12/2/2025 5:00,NA
12/2/2025 6:00,NA
12/2/2025 7:00,NA
12/2/2025 8:00,NA
12/2/2025 9:00,NA
12/2/2025 10:00,65.37966247
12/2/2025 11:00,52.91896649
12/2/2025 12:00,45.36779753
12/2/2025 13:00,32.31166735
12/2/2025 14:00,31.79666719
12/2/2025 15:00,33.73728881
12/2/2025 16:00,51.01034546
12/2/2025 17:00,54.12333412
12/2/2025 18:00,61.28813669
12/2/2025 19:00,55.07457701
12/2/2025 20:00,67.78644154
12/2/2025 21:00,68.85614174
12/2/2025 22:00,67.09661135
12/2/2025 23:00,57.23166739
12/3/2025,50.03559404
12/3/2025 1:00,46.68070241
12/3/2025 2:00,NA
12/3/2025 3:00,NA
12/3/2025 4:00,NA
12/3/2025 5:00,NA
12/3/2025 6:00,NA
12/3/2025 7:00,NA
12/3/2025 8:00,NA
12/3/2025 9:00,NA
12/3/2025 10:00,72.26800201
12/3/2025 11:00,73.13166796
12/3/2025 12:00,65.7750014
12/3/2025 13:00,52.60666726
12/3/2025 14:00,39.91379402
12/3/2025 15:00,40.47966178
12/3/2025 16:00,39.74166749
12/3/2025 17:00,49.08983101
12/3/2025 18:00,74.11186619
12/3/2025 19:00,70.99830595
12/3/2025 20:00,72.82166837
12/3/2025 21:00,66.91000099
12/3/2025 22:00,57.14915324
12/3/2025 23:00,44.68305142
12/4/2025,38.32456221
12/4/2025 1:00,40.41500066
12/4/2025 2:00,39.25862161
12/4/2025 3:00,38.01333421
12/4/2025 4:00,37.06833426
12/4/2025 5:00,39.87000078
12/4/2025 6:00,NA
12/4/2025 7:00,NA
12/4/2025 8:00,NA
12/4/2025 9:00,NA
12/4/2025 10:00,47.36896614
12/4/2025 11:00,44.93166739
12/4/2025 12:00,44.20169565
12/4/2025 13:00,30.95000064
12/4/2025 14:00,28.45087757
12/4/2025 15:00,28.45333366
12/4/2025 16:00,31.02241437
12/4/2025 17:00,39.36779727
12/4/2025 18:00,40.8932208
12/4/2025 19:00,44.60000095
12/4/2025 20:00,52.10508547
12/4/2025 21:00,54.43620767
12/4/2025 22:00,48.73050942
12/4/2025 23:00,34.2413802
12/5/2025,36.74915327
12/5/2025 1:00,38.72666734
12/5/2025 2:00,36.32931104
12/5/2025 3:00,37.02542457
12/5/2025 4:00,36.96734822
12/5/2025 5:00,NA
12/5/2025 6:00,NA
12/5/2025 7:00,NA
12/5/2025 8:00,NA
12/5/2025 9:00,NA
12/5/2025 10:00,49.10169556
12/5/2025 11:00,35.17796681
12/5/2025 12:00,25.27586246
12/5/2025 13:00,25.73166698
12/5/2025 14:00,30.2883338
12/5/2025 15:00,28.46000045
12/5/2025 16:00,31.63559354
12/5/2025 17:00,39.7483339
12/5/2025 18:00,37.89000095
12/5/2025 19:00,56.78448348
12/5/2025 20:00,53.94827665
12/5/2025 21:00,51.89482814
12/5/2025 22:00,41.7620697
12/5/2025 23:00,43.00339036
12/6/2025,36.51525504
12/6/2025 1:00,39.97627187
12/6/2025 2:00,42.99833399
12/6/2025 3:00,41.01166725
12/6/2025 4:00,39.21636415
12/6/2025 5:00,NA
12/6/2025 6:00,NA
12/6/2025 7:00,NA
12/6/2025 8:00,NA
12/6/2025 9:00,NA
12/6/2025 10:00,NA
12/6/2025 11:00,NA
12/6/2025 12:00,NA
12/6/2025 13:00,NA
12/6/2025 14:00,NA
12/6/2025 15:00,NA
12/6/2025 16:00,NA
12/6/2025 17:00,NA
12/6/2025 18:00,NA
12/6/2025 19:00,NA
12/6/2025 20:00,NA
12/6/2025 21:00,NA
12/6/2025 22:00,NA
12/6/2025 23:00,NA
12/7/2025,NA
12/7/2025 1:00,NA
12/7/2025 2:00,NA
12/7/2025 3:00,NA
12/7/2025 4:00,NA
12/7/2025 5:00,NA
12/7/2025 6:00,NA
12/7/2025 7:00,NA
12/7/2025 8:00,NA
12/7/2025 9:00,NA
12/7/2025 10:00,46.10833422
12/7/2025 11:00,43.66000093
12/7/2025 12:00,44.93166765
12/7/2025 13:00,41.01833394
12/7/2025 14:00,32.23050913
12/7/2025 15:00,25.29661056
12/7/2025 16:00,22.96551747
12/7/2025 17:00,21.27069006
12/7/2025 18:00,22.47288177
12/7/2025 19:00,39.22333396
12/7/2025 20:00,54.26206977
12/7/2025 21:00,49.14666735
12/7/2025 22:00,43.62711968
12/7/2025 23:00,42.40169577
12/8/2025,38.70333392
12/8/2025 1:00,36.77966192
12/8/2025 2:00,33.91017002
12/8/2025 3:00,32.58500051
12/8/2025 4:00,35.24166768
12/8/2025 5:00,40.89333413
12/8/2025 6:00,50.0067804
12/8/2025 7:00,76.98833453
12/8/2025 8:00,77.17333476
12/8/2025 9:00,64.81864483
12/8/2025 10:00,56.45762802
12/8/2025 11:00,37.74655237
12/8/2025 12:00,24.23666703
12/8/2025 13:00,23.29322084
12/8/2025 14:00,14.79322058
12/8/2025 15:00,24.21206935
12/8/2025 16:00,25.05084778
12/8/2025 17:00,28.26779705
12/8/2025 18:00,30.496667
12/8/2025 19:00,47.9350009
12/8/2025 20:00,44.85666746
12/8/2025 21:00,52.29833431
12/8/2025 22:00,48.31896637
12/8/2025 23:00,43.25517326
12/9/2025,33.24000053
12/9/2025 1:00,29.35344877
12/9/2025 2:00,27.13500032
12/9/2025 3:00,30.40000057
12/9/2025 4:00,32.20678016
12/9/2025 5:00,36.48448339
12/9/2025 6:00,43.65862149
12/9/2025 7:00,68.08644143
12/9/2025 8:00,69.69824707
12/9/2025 9:00,66.18305206
12/9/2025 10:00,57.53000069
12/9/2025 11:00,49.36500092
12/9/2025 12:00,25.41551771
12/9/2025 13:00,14.93333357
12/9/2025 14:00,18.65423768
12/9/2025 15:00,22.10344869
12/9/2025 16:00,29.09322086
12/9/2025 17:00,31.1896557
12/9/2025 18:00,28.56000045
12/9/2025 19:00,24.94333366
12/9/2025 20:00,41.4700009
12/9/2025 21:00,32.8650005
12/9/2025 22:00,39.39310403
12/9/2025 23:00,32.4000007
12/10/2025,29.59166708
12/10/2025 1:00,30.51186481
12/10/2025 2:00,28.92881387
12/10/2025 3:00,29.53559365
12/10/2025 4:00,29.07833363
12/10/2025 5:00,33.03666732
12/10/2025 6:00,42.21356001
12/10/2025 7:00,63.39827682
12/10/2025 8:00,64.97000097
12/10/2025 9:00,51.9966108
12/10/2025 10:00,36.26379385
12/10/2025 11:00,36.83220411
12/10/2025 12:00,17.16166687
12/10/2025 13:00,15.97586229
12/10/2025 14:00,15.48620722
12/10/2025 15:00,15.4033336
12/10/2025 16:00,16.77413827
12/10/2025 17:00,26.18474614
12/10/2025 18:00,57.00000102
12/10/2025 19:00,74.87333457
12/10/2025 20:00,43.22931102
12/10/2025 21:00,68.31166795
12/10/2025 22:00,37.64406848
12/10/2025 23:00,38.01206957
12/11/2025,42.80344917
12/11/2025 1:00,46.97966184
12/11/2025 2:00,43.06949221
12/11/2025 3:00,42.21017023
12/11/2025 4:00,NA
12/11/2025 5:00,NA
12/11/2025 6:00,NA
12/11/2025 7:00,NA
12/11/2025 8:00,NA
12/11/2025 9:00,NA
12/11/2025 10:00,NA
12/11/2025 11:00,NA
12/11/2025 12:00,NA
12/11/2025 13:00,NA
12/11/2025 14:00,NA
12/11/2025 15:00,16.39322063
12/11/2025 16:00,16.11355966
12/11/2025 17:00,21.67966157
12/11/2025 18:00,24.45500034
12/11/2025 19:00,21.53728852
12/11/2025 20:00,38.48135657
12/11/2025 21:00,53.76666781
12/11/2025 22:00,52.07500076
12/11/2025 23:00,36.43728896
12/12/2025,32.40339027
12/12/2025 1:00,28.47288174
12/12/2025 2:00,29.28305131
12/12/2025 3:00,29.4932209
12/12/2025 4:00,33.28103516
12/12/2025 5:00,36.42881432
12/12/2025 6:00,48.29000079
12/12/2025 7:00,64.61525545
12/12/2025 8:00,69.83275946
12/12/2025 9:00,52.2228079
12/12/2025 10:00,47.41333447
12/12/2025 11:00,41.46491308
12/12/2025 12:00,28.47500057
12/12/2025 13:00,23.54464327
12/12/2025 14:00,19.88793141
12/12/2025 15:00,21.0389833
12/12/2025 16:00,28.62833392
12/12/2025 17:00,28.10000055
12/12/2025 18:00,50.46440736
12/12/2025 19:00,63.23833402
12/12/2025 20:00,63.35254359
12/12/2025 21:00,66.00833429
12/12/2025 22:00,59.29666761
12/12/2025 23:00,34.988136
12/13/2025,31.97931096
12/13/2025 1:00,35.33275953
12/13/2025 2:00,37.40000127
12/13/2025 3:00,38.08275933
12/13/2025 4:00,38.15084813
12/13/2025 5:00,NA
12/13/2025 6:00,NA
12/13/2025 7:00,NA
12/13/2025 8:00,NA
12/13/2025 9:00,NA
12/13/2025 10:00,NA
12/13/2025 11:00,NA
12/13/2025 12:00,NA
12/13/2025 13:00,NA
12/13/2025 14:00,NA
12/13/2025 15:00,NA
12/13/2025 16:00,NA
12/13/2025 17:00,NA
12/13/2025 18:00,NA
12/13/2025 19:00,NA
12/13/2025 20:00,NA
12/13/2025 21:00,NA
12/13/2025 22:00,NA
12/13/2025 23:00,NA
12/14/2025,NA
12/14/2025 1:00,NA
12/14/2025 2:00,NA
12/14/2025 3:00,NA
12/14/2025 4:00,NA
12/14/2025 5:00,NA
12/14/2025 6:00,NA
12/14/2025 7:00,NA
12/14/2025 8:00,NA
12/14/2025 9:00,NA
12/14/2025 10:00,76.97333482
12/14/2025 11:00,81.86440794
12/14/2025 12:00,58.32586262
12/14/2025 13:00,39.30517338
12/14/2025 14:00,28.31333392
12/14/2025 15:00,26.30333363
12/14/2025 16:00,25.24137961
12/14/2025 17:00,32.80666723
12/14/2025 18:00,50.5568972
12/14/2025 19:00,81.47500184
12/14/2025 20:00,73.01228132
12/14/2025 21:00,65.11833445
12/14/2025 22:00,55.22069063
12/14/2025 23:00,71.41724258
12/15/2025,62.70689741
12/15/2025 1:00,51.94833412
12/15/2025 2:00,44.08305171
12/15/2025 3:00,43.44310438
12/15/2025 4:00,40.50169592
12/15/2025 5:00,41.03220413
12/15/2025 6:00,53.53500086
12/15/2025 7:00,76.97719433
12/15/2025 8:00,75.62586363
12/15/2025 9:00,65.0833341
12/15/2025 10:00,54.11864471
12/15/2025 11:00,32.55500053
12/15/2025 12:00,25.7733339
12/15/2025 13:00,19.44745785
12/15/2025 14:00,15.99830529
12/15/2025 15:00,19.27413834
12/15/2025 16:00,20.43620733
12/15/2025 17:00,28.31500057
12/15/2025 18:00,36.95762773
12/15/2025 19:00,40.34000063
12/15/2025 20:00,47.90833391
12/15/2025 21:00,65.19830658
12/15/2025 22:00,51.67586294
12/15/2025 23:00,47.73103517
12/16/2025,32.16333399
12/16/2025 1:00,29.27500048
12/16/2025 2:00,30.9288139
12/16/2025 3:00,28.01666702
12/16/2025 4:00,31.13833389
12/16/2025 5:00,32.12000036
12/16/2025 6:00,42.3783343
12/16/2025 7:00,67.5084758
12/16/2025 8:00,67.78813682
12/16/2025 9:00,58.8109099
12/16/2025 10:00,48.10000048
12/16/2025 11:00,32.88644147
12/16/2025 12:00,15.38305116
12/16/2025 13:00,14.87000027
12/16/2025 14:00,16.95500034
12/16/2025 15:00,18.56779701
12/16/2025 16:00,24.44915283
12/16/2025 17:00,27.25593263
12/16/2025 18:00,31.47758675
12/16/2025 19:00,31.14500046
12/16/2025 20:00,48.23389913
12/16/2025 21:00,56.4516674
12/16/2025 22:00,55.07931091
12/16/2025 23:00,42.59000079
12/17/2025,34.09166714
12/17/2025 1:00,30.53559365
12/17/2025 2:00,32.22241421
12/17/2025 3:00,32.48666751
12/17/2025 4:00,34.85166718
12/17/2025 5:00,42.75593302
12/17/2025 6:00,51.61333415
12/17/2025 7:00,73.6750014
12/17/2025 8:00,85.56949266
12/17/2025 9:00,88.66101811
12/17/2025 10:00,79.79655325
12/17/2025 11:00,44.81525499
12/17/2025 12:00,36.02372958
12/17/2025 13:00,29.06000039
12/17/2025 14:00,38.81551772
12/17/2025 15:00,26.02711923
12/17/2025 16:00,35.10517314
12/17/2025 17:00,36.44576367
12/17/2025 18:00,72.80169632
12/17/2025 19:00,79.61186606
12/17/2025 20:00,68.57500191
12/17/2025 21:00,61.53000081
12/17/2025 22:00,57.65932264
12/17/2025 23:00,61.46271308
12/18/2025,44.79152634
12/18/2025 1:00,49.11579045
12/18/2025 2:00,47.0100008
12/18/2025 3:00,49.01525523
12/18/2025 4:00,NA
12/18/2025 5:00,NA
12/18/2025 6:00,NA
12/18/2025 7:00,NA
12/18/2025 8:00,NA
12/18/2025 9:00,NA
12/18/2025 10:00,NA
12/18/2025 11:00,96.85166829
12/18/2025 12:00,63.35423861
12/18/2025 13:00,39.93793155
12/18/2025 14:00,24.95409875
12/18/2025 15:00,23.50678004
12/18/2025 16:00,26.25932231
12/18/2025 17:00,41.35423806
12/18/2025 18:00,84.38135761
12/18/2025 19:00,87.32069108
12/18/2025 20:00,106.8474598
12/18/2025 21:00,93.25000153
12/18/2025 22:00,68.29661114
12/18/2025 23:00,52.01186513
12/19/2025,37.84333423
12/19/2025 1:00,37.9206904
12/19/2025 2:00,35.38793186
12/19/2025 3:00,32.67457707
12/19/2025 4:00,42.62542447
12/19/2025 5:00,NA
12/19/2025 6:00,NA
12/19/2025 7:00,NA
12/19/2025 8:00,NA
12/19/2025 9:00,NA
12/19/2025 10:00,NA
12/19/2025 11:00,NA
12/19/2025 12:00,NA
12/19/2025 13:00,NA
12/19/2025 14:00,NA
12/19/2025 15:00,NA
12/19/2025 16:00,NA
12/19/2025 17:00,NA
12/19/2025 18:00,NA
12/19/2025 19:00,NA
12/19/2025 20:00,NA
12/19/2025 21:00,NA
12/19/2025 22:00,NA
12/19/2025 23:00,NA
12/20/2025,NA
12/20/2025 1:00,NA
12/20/2025 2:00,NA
12/20/2025 3:00,NA
12/20/2025 4:00,NA
12/20/2025 5:00,NA
12/20/2025 6:00,NA
12/20/2025 7:00,NA
12/20/2025 8:00,NA
12/20/2025 9:00,NA
12/20/2025 10:00,NA
12/20/2025 11:00,NA
12/20/2025 12:00,36.60517298
12/20/2025 13:00,27.3275866
12/20/2025 14:00,30.84137972
12/20/2025 15:00,26.3650006
12/20/2025 16:00,30.12881399
12/20/2025 17:00,37.21166751
12/20/2025 18:00,61.27666766
12/20/2025 19:00,93.66949308
12/20/2025 20:00,80.35593414
12/20/2025 21:00,63.68333448
12/20/2025 22:00,52.66610259
12/20/2025 23:00,50.76101775
12/21/2025,44.09491575
12/21/2025 1:00,41.2155179
12/21/2025 2:00,40.24915353
12/21/2025 3:00,39.91694984
12/21/2025 4:00,40.55833391
12/21/2025 5:00,42.32166742
12/21/2025 6:00,50.66949204
12/21/2025 7:00,87.68813647
12/21/2025 8:00,72.384747
12/21/2025 9:00,69.73793227
12/21/2025 10:00,66.53728931
12/21/2025 11:00,74.35689834
12/21/2025 12:00,66.9050012
12/21/2025 13:00,34.17678635
12/21/2025 14:00,30.82033953
12/21/2025 15:00,30.81034516
12/21/2025 16:00,34.97333399
12/21/2025 17:00,36.35166734
12/21/2025 18:00,41.37796686
12/21/2025 19:00,38.83220427
12/21/2025 20:00,38.54406861
12/21/2025 21:00,56.08333397
12/21/2025 22:00,54.95166766
12/21/2025 23:00,55.01186532
12/22/2025,39.39298355
12/22/2025 1:00,38.40000057
12/22/2025 2:00,36.94406839
12/22/2025 3:00,38.75000079
12/22/2025 4:00,46.40333449
12/22/2025 5:00,50.08500061
12/22/2025 6:00,59.29661088
12/22/2025 7:00,77.16034593
12/22/2025 8:00,73.11333453
12/22/2025 9:00,68.78166815
12/22/2025 10:00,53.74406853
12/22/2025 11:00,49.52033984
12/22/2025 12:00,47.06724206
12/22/2025 13:00,23.45423787
12/22/2025 14:00,18.93898343
12/22/2025 15:00,19.44833374
12/22/2025 16:00,22.90339011
12/22/2025 17:00,37.66101766
12/22/2025 18:00,77.34406927
12/22/2025 19:00,64.11000074
12/22/2025 20:00,83.02666798
12/22/2025 21:00,72.36833458
12/22/2025 22:00,71.55833492
12/22/2025 23:00,62.11551818
12/23/2025,51.45833403
12/23/2025 1:00,42.46896632
12/23/2025 2:00,35.96333415
12/23/2025 3:00,33.07288212
12/23/2025 4:00,35.53728886
12/23/2025 5:00,44.73898387
12/23/2025 6:00,47.76379368
12/23/2025 7:00,65.45000083
12/23/2025 8:00,88.24576452
12/23/2025 9:00,66.77166812
12/23/2025 10:00,65.86034617
12/23/2025 11:00,66.9684224
12/23/2025 12:00,50.20000109
12/23/2025 13:00,41.77166745
12/23/2025 14:00,30.33000037
12/23/2025 15:00,27.33666703
12/23/2025 16:00,28.17333371
12/23/2025 17:00,32.96206951
12/23/2025 18:00,39.29830616
12/23/2025 19:00,42.53620746
12/23/2025 20:00,53.90000094
12/23/2025 21:00,72.18135717
12/23/2025 22:00,41.08666738
12/23/2025 23:00,37.52666753
12/24/2025,39.50169554
12/24/2025 1:00,36.04000076
12/24/2025 2:00,45.19166756
12/24/2025 3:00,41.15423804
12/24/2025 4:00,37.11333415
12/24/2025 5:00,44.83653927
12/24/2025 6:00,NA
12/24/2025 7:00,NA
12/24/2025 8:00,NA
12/24/2025 9:00,NA
12/24/2025 10:00,NA
12/24/2025 11:00,NA
12/24/2025 12:00,NA
12/24/2025 13:00,NA
12/24/2025 14:00,NA
12/24/2025 15:00,NA
12/24/2025 16:00,NA
12/24/2025 17:00,NA
12/24/2025 18:00,NA
12/24/2025 19:00,NA
12/24/2025 20:00,NA
12/24/2025 21:00,NA
12/24/2025 22:00,NA
12/24/2025 23:00,NA
12/25/2025,NA
12/25/2025 1:00,NA
12/25/2025 2:00,NA
12/25/2025 3:00,NA
12/25/2025 4:00,NA
12/25/2025 5:00,NA
12/25/2025 6:00,NA
12/25/2025 7:00,NA
12/25/2025 8:00,NA
12/25/2025 9:00,NA
12/25/2025 10:00,NA
12/25/2025 11:00,NA
12/25/2025 12:00,36.95862158
12/25/2025 13:00,35.48166726
12/25/2025 14:00,48.12500083
12/25/2025 15:00,44.23559409
12/25/2025 16:00,40.89833374
12/25/2025 17:00,51.51695006
12/25/2025 18:00,41.04576347
12/25/2025 19:00,46.05254338
12/25/2025 20:00,73.99482859
12/25/2025 21:00,55.97627194
12/25/2025 22:00,59.89152617
12/25/2025 23:00,46.97500076
12/26/2025,43.9000008
12/26/2025 1:00,42.6750007
12/26/2025 2:00,38.68448323
12/26/2025 3:00,36.28644154
12/26/2025 4:00,37.34745847
12/26/2025 5:00,40.31500066
12/26/2025 6:00,55.26666762
12/26/2025 7:00,66.27288295
12/26/2025 8:00,82.91333453
12/26/2025 9:00,75.06166782
12/26/2025 10:00,80.80847569
12/26/2025 11:00,60.2016681
12/26/2025 12:00,35.15932284
12/26/2025 13:00,35.45000097
12/26/2025 14:00,30.13500051
12/26/2025 15:00,34.48947415
12/26/2025 16:00,39.73333435
12/26/2025 17:00,40.19166724
12/26/2025 18:00,55.55166798
12/26/2025 19:00,87.34166819
12/26/2025 20:00,78.41724264
12/26/2025 21:00,91.62280903
12/26/2025 22:00,72.42631725
12/26/2025 23:00,61.77966186
12/27/2025,46.53728886
12/27/2025 1:00,41.75087785
12/27/2025 2:00,41.52666728
12/27/2025 3:00,39.58813632
12/27/2025 4:00,40.65833403
12/27/2025 5:00,44.42033988
12/27/2025 6:00,56.46896606
12/27/2025 7:00,68.69000142
12/27/2025 8:00,82.77288249
12/27/2025 9:00,83.3033343
12/27/2025 10:00,95.70508601
12/27/2025 11:00,75.70833441
12/27/2025 12:00,49.92711956
12/27/2025 13:00,42.27966147
12/27/2025 14:00,36.99818261
12/27/2025 15:00,27.22280737
12/27/2025 16:00,30.88000065
12/27/2025 17:00,29.54237369
12/27/2025 18:00,48.24386028
12/27/2025 19:00,45.36166725
12/27/2025 20:00,60.15833416
12/27/2025 21:00,73.32333501
12/27/2025 22:00,61.06833426
12/27/2025 23:00,50.04576331
12/28/2025,42.66949237
12/28/2025 1:00,41.96101754
12/28/2025 2:00,42.46500079
12/28/2025 3:00,40.33050938
12/28/2025 4:00,40.93333422
12/28/2025 5:00,49.5474582
12/28/2025 6:00,57.67796701
12/28/2025 7:00,69.90344942
12/28/2025 8:00,88.33666814
12/28/2025 9:00,80.56379476
12/28/2025 10:00,80.07457733
12/28/2025 11:00,59.08474634
12/28/2025 12:00,54.16500072
12/28/2025 13:00,41.20344892
12/28/2025 14:00,42.73448359
12/28/2025 15:00,38.52372955
12/28/2025 16:00,29.5915259
12/28/2025 17:00,33.55000072
12/28/2025 18:00,43.53559413
12/28/2025 19:00,49.81333427
12/28/2025 20:00,60.51666775
12/28/2025 21:00,67.60678101
12/28/2025 22:00,49.28500074
12/28/2025 23:00,51.77333412
12/29/2025,39.55932275
12/29/2025 1:00,37.29655253
12/29/2025 2:00,36.41379376
12/29/2025 3:00,36.83833421
12/29/2025 4:00,37.54500084
12/29/2025 5:00,41.9966108
12/29/2025 6:00,48.30666726
12/29/2025 7:00,70.81833458
12/29/2025 8:00,79.97833455
12/29/2025 9:00,70.57288309
12/29/2025 10:00,71.93833434
12/29/2025 11:00,46.74000072
12/29/2025 12:00,34.19833412
12/29/2025 13:00,23.06166706
12/29/2025 14:00,23.5982762
12/29/2025 15:00,29.0762717
12/29/2025 16:00,20.7655176
12/29/2025 17:00,37.59322115
12/29/2025 18:00,26.50500034
12/29/2025 19:00,28.82711908
12/29/2025 20:00,36.06333405
12/29/2025 21:00,63.4152556
12/29/2025 22:00,52.13389898
12/29/2025 23:00,50.53050937
12/30/2025,42.15423817
12/30/2025 1:00,41.18524658
12/30/2025 2:00,38.3766674
12/30/2025 3:00,NA
12/30/2025 4:00,NA
12/30/2025 5:00,NA
12/30/2025 6:00,NA
12/30/2025 7:00,NA
12/30/2025 8:00,NA
12/30/2025 9:00,NA
12/30/2025 10:00,NA
12/30/2025 11:00,NA
12/30/2025 12:00,34.73333397
12/30/2025 13:00,30.98965569
12/30/2025 14:00,25.80862118
12/30/2025 15:00,25.62931081
12/30/2025 16:00,25.66779699
12/30/2025 17:00,29.28166717
12/30/2025 18:00,31.67796675
12/30/2025 19:00,31.52033948
12/30/2025 20:00,29.23500032
12/30/2025 21:00,30.77000043
12/30/2025 22:00,29.71724181
12/30/2025 23:00,30.22166704
12/31/2025,36.98305136
12/31/2025 1:00,37.54000066
12/31/2025 2:00,36.40000075
12/31/2025 3:00,38.53220426
12/31/2025 4:00,36.9650006
12/31/2025 5:00,NA
12/31/2025 6:00,NA
12/31/2025 7:00,NA
12/31/2025 8:00,NA
12/31/2025 9:00,NA
12/31/2025 10:00,NA
12/31/2025 11:00,NA
12/31/2025 12:00,NA
12/31/2025 13:00,NA
12/31/2025 14:00,33.70678055
12/31/2025 15:00,26.42413837
12/31/2025 16:00,27.4396556
12/31/2025 17:00,37.79322113
12/31/2025 18:00,40.3830516
12/31/2025 19:00,86.67166805
12/31/2025 20:00,103.7966109
12/31/2025 21:00,87.22881524
12/31/2025 22:00,78.65254354
12/31/2025 23:00,67.54576402
