Date,PM2.5
1/1/2025,83.25000025
1/1/2025 1:00,85.37833316
1/1/2025 2:00,92.92166646
1/1/2025 3:00,100.6783337
1/1/2025 4:00,80.77833316
1/1/2025 5:00,102.4833332
1/1/2025 6:00,105.4700002
1/1/2025 7:00,105.8133339
1/1/2025 8:00,127.4383334
1/1/2025 9:00,120.1949999
1/1/2025 10:00,112.3133334
1/1/2025 11:00,80.66166655
1/1/2025 12:00,62.8416666
1/1/2025 13:00,41.49666665
1/1/2025 14:00,44.60166664
1/1/2025 15:00,43.82499975
1/1/2025 16:00,42.75999991
1/1/2025 17:00,48.26500009
1/1/2025 18:00,61.52999986
1/1/2025 19:00,76.65333309
1/1/2025 20:00,88.11833318
1/1/2025 21:00,97.8283329
1/1/2025 22:00,106.6216668
1/1/2025 23:00,110.4918032
1/2/2025,90.9649999
1/2/2025 1:00,92.42333336
1/2/2025 2:00,97.69499982
1/2/2025 3:00,85.863333
1/2/2025 4:00,75.40333354
1/2/2025 5:00,76.97666664
1/2/2025 6:00,84.39000003
1/2/2025 7:00,95.47666702
1/2/2025 8:00,121.1816667
1/2/2025 9:00,108.6383336
1/2/2025 10:00,80.2950002
1/2/2025 11:00,60.5483331
1/2/2025 12:00,43.62833341
1/2/2025 13:00,36.66833331
1/2/2025 14:00,32.01833324
1/2/2025 15:00,49.64666678
1/2/2025 16:00,50.1483333
1/2/2025 17:00,53.39666646
1/2/2025 18:00,55.56166662
1/2/2025 19:00,85.23999977
1/2/2025 20:00,94.78333359
1/2/2025 21:00,77.98833313
1/2/2025 22:00,83.01999944
1/2/2025 23:00,79.13666649
1/3/2025,64.60499986
1/3/2025 1:00,70.46833318
1/3/2025 2:00,83.12833354
1/3/2025 3:00,80.88333321
1/3/2025 4:00,87.93166656
1/3/2025 5:00,90.91833331
1/3/2025 6:00,106.1283332
1/3/2025 7:00,106.2399999
1/3/2025 8:00,116.9692301
1/3/2025 9:00,107.9499999
1/3/2025 10:00,89.41500003
1/3/2025 11:00,69.51499964
1/3/2025 12:00,53.53666655
1/3/2025 13:00,40.20999997
1/3/2025 14:00,49.97833328
1/3/2025 15:00,49.02999992
1/3/2025 16:00,42.28833319
1/3/2025 17:00,43.67500019
1/3/2025 18:00,50.09833323
1/3/2025 19:00,89.52333266
1/3/2025 20:00,94.02499987
1/3/2025 21:00,98.95666695
1/3/2025 22:00,76.35666682
1/3/2025 23:00,72.39000015
1/4/2025,80.6799998
1/4/2025 1:00,73.65500043
1/4/2025 2:00,73.75000038
1/4/2025 3:00,75.42500025
1/4/2025 4:00,89.13833351
1/4/2025 5:00,103.74
1/4/2025 6:00,107.4833332
1/4/2025 7:00,104.3116665
1/4/2025 8:00,111.5249999
1/4/2025 9:00,111.2366666
1/4/2025 10:00,94.70333354
1/4/2025 11:00,77.90666682
1/4/2025 12:00,55.06500003
1/4/2025 13:00,40.72833322
1/4/2025 14:00,40.93833361
1/4/2025 15:00,45.63333327
1/4/2025 16:00,45.88833345
1/4/2025 17:00,51.24666659
1/4/2025 18:00,54.6983331
1/4/2025 19:00,69.48666636
1/4/2025 20:00,76.89000053
1/4/2025 21:00,87.33999964
1/4/2025 22:00,92.31499977
1/4/2025 23:00,91.09999962
1/5/2025,104.4066673
1/5/2025 1:00,105.1800001
1/5/2025 2:00,87.85833346
1/5/2025 3:00,66.17999986
1/5/2025 4:00,58.70999997
1/5/2025 5:00,61.97333368
1/5/2025 6:00,81.65666631
1/5/2025 7:00,89.09836078
1/5/2025 8:00,97.95500005
1/5/2025 9:00,110.5327868
1/5/2025 10:00,134.3983337
1/5/2025 11:00,119.9833331
1/5/2025 12:00,90.71999957
1/5/2025 13:00,80.15166651
1/5/2025 14:00,90.36833331
1/5/2025 15:00,91.92666664
1/5/2025 16:00,103.8333335
1/5/2025 17:00,109.2316669
1/5/2025 18:00,102.7633338
1/5/2025 19:00,118.9699998
1/5/2025 20:00,102.585
1/5/2025 21:00,110.9383338
1/5/2025 22:00,113.2050001
1/5/2025 23:00,90.07166659
1/6/2025,92.59499995
1/6/2025 1:00,109.0116662
1/6/2025 2:00,109.0661011
1/6/2025 3:00,93.40499954
1/6/2025 4:00,80.37666664
1/6/2025 5:00,73.61475335
1/6/2025 6:00,97.22333272
1/6/2025 7:00,109.9393437
1/6/2025 8:00,116.9549999
1/6/2025 9:00,137.0783334
1/6/2025 10:00,126.3283329
1/6/2025 11:00,109.032787
1/6/2025 12:00,100.5216662
1/6/2025 13:00,45.21499983
1/6/2025 14:00,43.10333344
1/6/2025 15:00,45.42666651
1/6/2025 16:00,42.39000009
1/6/2025 17:00,47.73666674
1/6/2025 18:00,51.83999977
1/6/2025 19:00,73.72666696
1/6/2025 20:00,80.23166707
1/6/2025 21:00,119.1116664
1/6/2025 22:00,103.446667
1/6/2025 23:00,104.9250003
1/7/2025,79.6299998
1/7/2025 1:00,71.13333295
1/7/2025 2:00,69.11666667
1/7/2025 3:00,62.65
1/7/2025 4:00,70.42499975
1/7/2025 5:00,62.76833324
1/7/2025 6:00,77.89344225
1/7/2025 7:00,75.57096752
1/7/2025 8:00,77.19344292
1/7/2025 9:00,69.91499996
1/7/2025 10:00,58.21666686
1/7/2025 11:00,48.71666667
1/7/2025 12:00,42.00500021
1/7/2025 13:00,40.42000001
1/7/2025 14:00,41.55333322
1/7/2025 15:00,45.76551733
1/7/2025 16:00,45.34166686
1/7/2025 17:00,49.72833347
1/7/2025 18:00,76.54000022
1/7/2025 19:00,87.28666636
1/7/2025 20:00,51.11833344
1/7/2025 21:00,71.91666686
1/7/2025 22:00,72.41500015
1/7/2025 23:00,74.0049998
1/8/2025,67.56000004
1/8/2025 1:00,71.98499997
1/8/2025 2:00,56.38000005
1/8/2025 3:00,72.24666716
1/8/2025 4:00,62.4283329
1/8/2025 5:00,63.0149999
1/8/2025 6:00,85.28333321
1/8/2025 7:00,76.27833405
1/8/2025 8:00,68.04833361
1/8/2025 9:00,59.54666684
1/8/2025 10:00,68.97333368
1/8/2025 11:00,81.75333354
1/8/2025 12:00,63.64166667
1/8/2025 13:00,59.2016667
1/8/2025 14:00,52.89166673
1/8/2025 15:00,51.84166679
1/8/2025 16:00,51.74237293
1/8/2025 17:00,51.3016669
1/8/2025 18:00,66.02166678
1/8/2025 19:00,74.2799998
1/8/2025 20:00,67.85166696
1/8/2025 21:00,70.86666622
1/8/2025 22:00,74.49666672
1/8/2025 23:00,70.1233331
1/9/2025,61.25499986
1/9/2025 1:00,53.5233333
1/9/2025 2:00,47.07999999
1/9/2025 3:00,44.24500014
1/9/2025 4:00,42.95833352
1/9/2025 5:00,47.5583334
1/9/2025 6:00,61.14333337
1/9/2025 7:00,78.93499959
1/9/2025 8:00,74.6333334
1/9/2025 9:00,73.74333318
1/9/2025 10:00,68.886667
1/9/2025 11:00,58.04333299
1/9/2025 12:00,36.97166672
1/9/2025 13:00,44.75500005
1/9/2025 14:00,58.15333335
1/9/2025 15:00,55.50833352
1/9/2025 16:00,51.4950002
1/9/2025 17:00,55.85166639
1/9/2025 18:00,62.09166692
1/9/2025 19:00,74.64999975
1/9/2025 20:00,77.6149999
1/9/2025 21:00,72.19666672
1/9/2025 22:00,68.51666673
1/9/2025 23:00,59.44166692
1/10/2025,58.41833363
1/10/2025 1:00,58.84166654
1/10/2025 2:00,61.40166658
1/10/2025 3:00,64.63333333
1/10/2025 4:00,57.02166665
1/10/2025 5:00,58.65666656
1/10/2025 6:00,72.68333352
1/10/2025 7:00,84.46610169
1/10/2025 8:00,93.32666677
1/10/2025 9:00,100.4916665
1/10/2025 10:00,106.2200001
1/10/2025 11:00,78.60166651
1/10/2025 12:00,57.61833337
1/10/2025 13:00,48.76166687
1/10/2025 14:00,53.51666679
1/10/2025 15:00,56.96166643
1/10/2025 16:00,47.31333313
1/10/2025 17:00,45.10500005
1/10/2025 18:00,51.39666653
1/10/2025 19:00,66.64499982
1/10/2025 20:00,78.63999952
1/10/2025 21:00,91.32666664
1/10/2025 22:00,86.43499959
1/10/2025 23:00,73.05499986
1/11/2025,67.17500013
1/11/2025 1:00,72.41333338
1/11/2025 2:00,77.76500028
1/11/2025 3:00,63.8549998
1/11/2025 4:00,69.44999994
1/11/2025 5:00,71.25000006
1/11/2025 6:00,84.00333303
1/11/2025 7:00,91.23333333
1/11/2025 8:00,123.2116669
1/11/2025 9:00,96.35666644
1/11/2025 10:00,95.96499977
1/11/2025 11:00,81.19166654
1/11/2025 12:00,75.16666679
1/11/2025 13:00,59.2899999
1/11/2025 14:00,43.81333316
1/11/2025 15:00,53.07166653
1/11/2025 16:00,53.19000015
1/11/2025 17:00,51.8350001
1/11/2025 18:00,65.68166695
1/11/2025 19:00,98.86166662
1/11/2025 20:00,113.8533334
1/11/2025 21:00,94.86666667
1/11/2025 22:00,95.15666618
1/11/2025 23:00,68.20999985
1/12/2025,67.96999995
1/12/2025 1:00,64.78833319
1/12/2025 2:00,67.95166696
1/12/2025 3:00,72.32166659
1/12/2025 4:00,76.53166695
1/12/2025 5:00,75.85499967
1/12/2025 6:00,92.45
1/12/2025 7:00,103.976667
1/12/2025 8:00,112.2600005
1/12/2025 9:00,113.6999997
1/12/2025 10:00,96.33666662
1/12/2025 11:00,82.26166643
1/12/2025 12:00,43.62333349
1/12/2025 13:00,32.57666661
1/12/2025 14:00,51.66500012
1/12/2025 15:00,48.75833333
1/12/2025 16:00,43.71500003
1/12/2025 17:00,53.13666674
1/12/2025 18:00,68.6200002
1/12/2025 19:00,78.67666639
1/12/2025 20:00,94.94333305
1/12/2025 21:00,94.55666656
1/12/2025 22:00,113.8966665
1/12/2025 23:00,109.4699999
1/13/2025,101.5216665
1/13/2025 1:00,85.80166664
1/13/2025 2:00,64.50833282
1/13/2025 3:00,62.50166639
1/13/2025 4:00,54.74833323
1/13/2025 5:00,61.64000028
1/13/2025 6:00,87.75000038
1/13/2025 7:00,90.81999995
1/13/2025 8:00,108.5850001
1/13/2025 9:00,116.6483337
1/13/2025 10:00,104.8333338
1/13/2025 11:00,98.80169497
1/13/2025 12:00,65.09666659
1/13/2025 13:00,43.29333321
1/13/2025 14:00,34.86666648
1/13/2025 15:00,36.8083334
1/13/2025 16:00,42.88000011
1/13/2025 17:00,55.21499958
1/13/2025 18:00,61.73000005
1/13/2025 19:00,64.47500006
1/13/2025 20:00,102.2916662
1/13/2025 21:00,121.8100005
1/13/2025 22:00,129.9183342
1/13/2025 23:00,127.0116673
1/14/2025,135.1466661
1/14/2025 1:00,123.5183332
1/14/2025 2:00,101.5216668
1/14/2025 3:00,103.3116664
1/14/2025 4:00,106.990164
1/14/2025 5:00,102.2900002
1/14/2025 6:00,105.6866664
1/14/2025 7:00,114.4850005
1/14/2025 8:00,137.2049992
1/14/2025 9:00,119.0316662
1/14/2025 10:00,98.64833336
1/14/2025 11:00,80.34666621
1/14/2025 12:00,59.7066665
1/14/2025 13:00,42.22999996
1/14/2025 14:00,35.29833336
1/14/2025 15:00,37.94999987
1/14/2025 16:00,41.11639348
1/14/2025 17:00,48.8016667
1/14/2025 18:00,54.14333318
1/14/2025 19:00,90.78499997
1/14/2025 20:00,103.0666673
1/14/2025 21:00,94.88833326
1/14/2025 22:00,99.75333354
1/14/2025 23:00,105.4166667
1/15/2025,110.8166668
1/15/2025 1:00,90.01999995
1/15/2025 2:00,99.90833308
1/15/2025 3:00,67.21500009
1/15/2025 4:00,61.36833331
1/15/2025 5:00,73.22333368
1/15/2025 6:00,94.65166664
1/15/2025 7:00,102.3349996
1/15/2025 8:00,111.2250001
1/15/2025 9:00,116.2316663
1/15/2025 10:00,96.61833293
1/15/2025 11:00,88.875
1/15/2025 12:00,55.85000013
1/15/2025 13:00,45.86333332
1/15/2025 14:00,42.97833335
1/15/2025 15:00,46.46666648
1/15/2025 16:00,42.84166686
1/15/2025 17:00,48.81666667
1/15/2025 18:00,56.27166672
1/15/2025 19:00,88.41666641
1/15/2025 20:00,104.5833336
1/15/2025 21:00,101.0233334
1/15/2025 22:00,92.94000041
1/15/2025 23:00,78.16500028
1/16/2025,58.97000052
1/16/2025 1:00,60.61999989
1/16/2025 2:00,63.32666658
1/16/2025 3:00,69.17666651
1/16/2025 4:00,89.01333326
1/16/2025 5:00,84.73666623
1/16/2025 6:00,84.47833316
1/16/2025 7:00,95.18833338
1/16/2025 8:00,109.2266663
1/16/2025 9:00,112.6633336
1/16/2025 10:00,121.4333331
1/16/2025 11:00,127.0449999
1/16/2025 12:00,94
1/16/2025 13:00,49.66500015
1/16/2025 14:00,41.07333355
1/16/2025 15:00,53.85999985
1/16/2025 16:00,52.12711858
1/16/2025 17:00,55.17499994
1/16/2025 18:00,56.04666653
1/16/2025 19:00,59.52333317
1/16/2025 20:00,86.33333346
1/16/2025 21:00,86.84833323
1/16/2025 22:00,105.9549995
1/16/2025 23:00,99.69666659
1/17/2025,85.55333328
1/17/2025 1:00,72.15500005
1/17/2025 2:00,75.73000005
1/17/2025 3:00,92.09333356
1/17/2025 4:00,75.47333361
1/17/2025 5:00,83.8131146
1/17/2025 6:00,104.1766671
1/17/2025 7:00,110.6199996
1/17/2025 8:00,123.5900003
1/17/2025 9:00,126.858333
1/17/2025 10:00,117.3933328
1/17/2025 11:00,107.6616664
1/17/2025 12:00,67.6200002
1/17/2025 13:00,34.00833324
1/17/2025 14:00,33.69666669
1/17/2025 15:00,31.57666674
1/17/2025 16:00,33.24655151
1/17/2025 17:00,39.63499997
1/17/2025 18:00,54.57000033
1/17/2025 19:00,72.51999963
1/17/2025 20:00,102.4250001
1/17/2025 21:00,98.65333316
1/17/2025 22:00,92.54666634
1/17/2025 23:00,87.49166679
1/18/2025,81.83333333
1/18/2025 1:00,79.83166695
1/18/2025 2:00,77.07166646
1/18/2025 3:00,101.3499999
1/18/2025 4:00,103.9216667
1/18/2025 5:00,103.9549997
1/18/2025 6:00,109.5449999
1/18/2025 7:00,110.7183336
1/18/2025 8:00,119.2050003
1/18/2025 9:00,109.0033333
1/18/2025 10:00,97.96833305
1/18/2025 11:00,78.0066665
1/18/2025 12:00,33.6500001
1/18/2025 13:00,33.43666665
1/18/2025 14:00,24.97833316
1/18/2025 15:00,26.83666649
1/18/2025 16:00,33.39833339
1/18/2025 17:00,35.61803274
1/18/2025 18:00,56.58333327
1/18/2025 19:00,87.3816665
1/18/2025 20:00,111.923334
1/18/2025 21:00,119.0166669
1/18/2025 22:00,107.8366671
1/18/2025 23:00,74.12666626
1/19/2025,73.06166674
1/19/2025 1:00,67.78499997
1/19/2025 2:00,74.62666664
1/19/2025 3:00,82.5266669
1/19/2025 4:00,82.16833407
1/19/2025 5:00,89.75666618
1/19/2025 6:00,104.9333333
1/19/2025 7:00,110.4116666
1/19/2025 8:00,128.7766666
1/19/2025 9:00,126.8600002
1/19/2025 10:00,109.2866664
1/19/2025 11:00,90.59000041
1/19/2025 12:00,73.99666729
1/19/2025 13:00,59.96166687
1/19/2025 14:00,35.25499996
1/19/2025 15:00,37.79333321
1/19/2025 16:00,40.61333338
1/19/2025 17:00,49.14000022
1/19/2025 18:00,59.35666695
1/19/2025 19:00,81.87166634
1/19/2025 20:00,90.18833338
1/19/2025 21:00,101.5099996
1/19/2025 22:00,113.7966668
1/19/2025 23:00,101.6966663
1/20/2025,95.49166667
1/20/2025 1:00,90.99333344
1/20/2025 2:00,74.67666677
1/20/2025 3:00,74.40666644
1/20/2025 4:00,70.68833338
1/20/2025 5:00,76.21000036
1/20/2025 6:00,89.61000036
1/20/2025 7:00,110.1216668
1/20/2025 8:00,127.6100004
1/20/2025 9:00,122.661667
1/20/2025 10:00,112.1499996
1/20/2025 11:00,98.82833303
1/20/2025 12:00,143.3533319
1/20/2025 13:00,98.10000064
1/20/2025 14:00,63.01333389
1/20/2025 15:00,147.4316663
1/20/2025 16:00,84.18499997
1/20/2025 17:00,50.16166674
1/20/2025 18:00,78.9066665
1/20/2025 19:00,88.84000003
1/20/2025 20:00,115.1338985
1/20/2025 21:00,120.8383333
1/20/2025 22:00,133.7499996
1/20/2025 23:00,133.0316667
1/21/2025,122.1766669
1/21/2025 1:00,127.5700002
1/21/2025 2:00,137.9166676
1/21/2025 3:00,141.9733332
1/21/2025 4:00,132.8249994
1/21/2025 5:00,133.1163927
1/21/2025 6:00,134.0333335
1/21/2025 7:00,142.4633341
1/21/2025 8:00,142.0883336
1/21/2025 9:00,140.5900004
1/21/2025 10:00,139.8950003
1/21/2025 11:00,107.9066666
1/21/2025 12:00,74.32500038
1/21/2025 13:00,22.77666664
1/21/2025 14:00,21.51499993
1/21/2025 15:00,20.74666662
1/21/2025 16:00,26.20499989
1/21/2025 17:00,50.72999992
1/21/2025 18:00,61.29999968
1/21/2025 19:00,80.56166662
1/21/2025 20:00,100.0916673
1/21/2025 21:00,115.6901639
1/21/2025 22:00,128.0133329
1/21/2025 23:00,119.2833333
1/22/2025,104.126667
1/22/2025 1:00,96.74166654
1/22/2025 2:00,86.16499952
1/22/2025 3:00,95.41666641
1/22/2025 4:00,103.3466667
1/22/2025 5:00,96.4233331
1/22/2025 6:00,108.3133329
1/22/2025 7:00,110.7866666
1/22/2025 8:00,133.3299997
1/22/2025 9:00,151.3050001
1/22/2025 10:00,142.6766669
1/22/2025 11:00,113.4266666
1/22/2025 12:00,29.81500002
1/22/2025 13:00,12.65666669
1/22/2025 14:00,13.28000005
1/22/2025 15:00,19.79833331
1/22/2025 16:00,24.40333335
1/22/2025 17:00,42.51333342
1/22/2025 18:00,88.71475439
1/22/2025 19:00,133.1883333
1/22/2025 20:00,175.9333336
1/22/2025 21:00,188.8216668
1/22/2025 22:00,198.3083317
1/22/2025 23:00,148.6866667
1/23/2025,116.6950001
1/23/2025 1:00,109.0816669
1/23/2025 2:00,96.96333288
1/23/2025 3:00,127.5899998
1/23/2025 4:00,100.5016668
1/23/2025 5:00,91.23666674
1/23/2025 6:00,107.2316671
1/23/2025 7:00,125.0233334
1/23/2025 8:00,123.5566668
1/23/2025 9:00,122.6783337
1/23/2025 10:00,105.2283333
1/23/2025 11:00,90.61333338
1/23/2025 12:00,57.04333328
1/23/2025 13:00,21.45499997
1/23/2025 14:00,19.70166669
1/23/2025 15:00,27.57833319
1/23/2025 16:00,41.11333338
1/23/2025 17:00,39.56666673
1/23/2025 18:00,80.19999994
1/23/2025 19:00,108.9399999
1/23/2025 20:00,89.98499959
1/23/2025 21:00,96.98666674
1/23/2025 22:00,105.2949998
1/23/2025 23:00,101.8916662
1/24/2025,89.4350001
1/24/2025 1:00,82.56666629
1/24/2025 2:00,85.42833303
1/24/2025 3:00,89.79833298
1/24/2025 4:00,94.67666664
1/24/2025 5:00,98.24166641
1/24/2025 6:00,101.7583333
1/24/2025 7:00,127.9983346
1/24/2025 8:00,133.0500004
1/24/2025 9:00,152.3216665
1/24/2025 10:00,111.8766669
1/24/2025 11:00,48.31833296
1/24/2025 12:00,26.80833346
1/24/2025 13:00,26.84333337
1/24/2025 14:00,31.50666666
1/24/2025 15:00,31.07500016
1/24/2025 16:00,32.40000003
1/24/2025 17:00,37.21166693
1/24/2025 18:00,45.00666669
1/24/2025 19:00,52.49333324
1/24/2025 20:00,71.11166636
1/24/2025 21:00,65.37213129
1/24/2025 22:00,57.54666665
1/24/2025 23:00,45.79999981
1/25/2025,40.47000014
1/25/2025 1:00,46.52833322
1/25/2025 2:00,49.2166666
1/25/2025 3:00,50.96499977
1/25/2025 4:00,54.94666678
1/25/2025 5:00,61.3899999
1/25/2025 6:00,70.75666682
1/25/2025 7:00,92.37333361
1/25/2025 8:00,108.9300001
1/25/2025 9:00,118.3666665
1/25/2025 10:00,111.1283333
1/25/2025 11:00,68.52499943
1/25/2025 12:00,37.66000001
1/25/2025 13:00,35.72333342
1/25/2025 14:00,35.09666672
1/25/2025 15:00,35.40499999
1/25/2025 16:00,44.09137917
1/25/2025 17:00,59.44166654
1/25/2025 18:00,76.04499982
1/25/2025 19:00,84.46333389
1/25/2025 20:00,90.85499954
1/25/2025 21:00,83.58333397
1/25/2025 22:00,81.93666662
1/25/2025 23:00,78.53833364
1/26/2025,82.4399999
1/26/2025 1:00,91.36999982
1/26/2025 2:00,83.62333336
1/26/2025 3:00,78.67333336
1/26/2025 4:00,68.24166616
1/26/2025 5:00,64.58333327
1/26/2025 6:00,69.05333347
1/26/2025 7:00,76.06500003
1/26/2025 8:00,71.81000036
1/26/2025 9:00,57.5316665
1/26/2025 10:00,55.28666662
1/26/2025 11:00,61.33333321
1/26/2025 12:00,61.83114762
1/26/2025 13:00,61.19500001
1/26/2025 14:00,59.11000004
1/26/2025 15:00,56.27333361
1/26/2025 16:00,59.58500048
1/26/2025 17:00,69.81833318
1/26/2025 18:00,78.13000005
1/26/2025 19:00,88.12833328
1/26/2025 20:00,88.87833341
1/26/2025 21:00,95.22833277
1/26/2025 22:00,97.375
1/26/2025 23:00,91.37999954
1/27/2025,80.911667
1/27/2025 1:00,80.69166654
1/27/2025 2:00,73.84499995
1/27/2025 3:00,69.9850001
1/27/2025 4:00,74.05499967
1/27/2025 5:00,73.20833308
1/27/2025 6:00,96.8918033
1/27/2025 7:00,100.6683334
1/27/2025 8:00,124.6666673
1/27/2025 9:00,128.6166676
1/27/2025 10:00,124.4783333
1/27/2025 11:00,111.2749997
1/27/2025 12:00,58.98000021
1/27/2025 13:00,37.77833344
1/27/2025 14:00,40.4466664
1/27/2025 15:00,58.49000003
1/27/2025 16:00,56.54166648
1/27/2025 17:00,63.03666662
1/27/2025 18:00,68.2299998
1/27/2025 19:00,77.90666644
1/27/2025 20:00,86.76833318
1/27/2025 21:00,91.80500094
1/27/2025 22:00,94.61499964
1/27/2025 23:00,76.43500023
1/28/2025,63.87333355
1/28/2025 1:00,70.26000023
1/28/2025 2:00,86.99500008
1/28/2025 3:00,82.74426232
1/28/2025 4:00,80.65000025
1/28/2025 5:00,78.39333305
1/28/2025 6:00,89.89500071
1/28/2025 7:00,111.0183331
1/28/2025 8:00,109.4533335
1/28/2025 9:00,109.7683336
1/28/2025 10:00,105.4716667
1/28/2025 11:00,69.49666653
1/28/2025 12:00,48.7416666
1/28/2025 13:00,44.08333333
1/28/2025 14:00,50.71999995
1/28/2025 15:00,54.94333363
1/28/2025 16:00,54.4399999
1/28/2025 17:00,60.30999985
1/28/2025 18:00,66.41166674
1/28/2025 19:00,69.69666691
1/28/2025 20:00,82.23166656
1/28/2025 21:00,86.41666654
1/28/2025 22:00,79.48333295
1/28/2025 23:00,72.34166705
1/29/2025,66.47166678
1/29/2025 1:00,58.38666649
1/29/2025 2:00,64.29333356
1/29/2025 3:00,60.57833341
1/29/2025 4:00,64.90000006
1/29/2025 5:00,67.32666639
1/29/2025 6:00,82.70833359
1/29/2025 7:00,113.8283338
1/29/2025 8:00,79.638333
1/29/2025 9:00,86.41333338
1/29/2025 10:00,79.97333336
1/29/2025 11:00,69.42666677
1/29/2025 12:00,72.36666718
1/29/2025 13:00,73.65500056
1/29/2025 14:00,62.53999977
1/29/2025 15:00,62.64000003
1/29/2025 16:00,60.38166669
1/29/2025 17:00,65.44000009
1/29/2025 18:00,75.85166677
1/29/2025 19:00,72.1399999
1/29/2025 20:00,84.36500003
1/29/2025 21:00,95.82833316
1/29/2025 22:00,110.9399998
1/29/2025 23:00,100.7083341
1/30/2025,90.74000028
1/30/2025 1:00,86.16166662
1/30/2025 2:00,82.93166669
1/30/2025 3:00,94.10166677
1/30/2025 4:00,93.74833361
1/30/2025 5:00,87.61666667
1/30/2025 6:00,101.6416663
1/30/2025 7:00,106.6650002
1/30/2025 8:00,99.94166667
1/30/2025 9:00,92.90999959
1/30/2025 10:00,88.98499972
1/30/2025 11:00,73.98333333
1/30/2025 12:00,49.73166644
1/30/2025 13:00,46.02999992
1/30/2025 14:00,40.37333339
1/30/2025 15:00,47.75999985
1/30/2025 16:00,54.09166654
1/30/2025 17:00,57.87499975
1/30/2025 18:00,70.36499939
1/30/2025 19:00,68.04666634
1/30/2025 20:00,72.86333338
1/30/2025 21:00,87.0716671
1/30/2025 22:00,91.47666677
1/30/2025 23:00,94.32666601
1/31/2025,106.3599998
1/31/2025 1:00,99.68000018
1/31/2025 2:00,95.65166677
1/31/2025 3:00,119.7166669
1/31/2025 4:00,117.100001
1/31/2025 5:00,122.8500004
1/31/2025 6:00,96.43499959
1/31/2025 7:00,98.15
1/31/2025 8:00,108.1233327
1/31/2025 9:00,116.8216667
1/31/2025 10:00,124.1299998
1/31/2025 11:00,99.25166658
1/31/2025 12:00,56.04333305
1/31/2025 13:00,36.09000009
1/31/2025 14:00,42.56166674
1/31/2025 15:00,46.72166691
1/31/2025 16:00,51.93559336
1/31/2025 17:00,52.27333349
1/31/2025 18:00,58.48000018
1/31/2025 19:00,62.36833337
1/31/2025 20:00,74.02166697
1/31/2025 21:00,116.323334
1/31/2025 22:00,113.4466666
1/31/2025 23:00,87.12499949
2/1/2025,84.80833295
2/1/2025 1:00,86.36333338
2/1/2025 2:00,79.53000018
2/1/2025 3:00,80.65000013
2/1/2025 4:00,72.93833351
2/1/2025 5:00,76.50983642
2/1/2025 6:00,85.40833308
2/1/2025 7:00,97.42499975
2/1/2025 8:00,125.6016665
2/1/2025 9:00,137.8950008
2/1/2025 10:00,121.2716671
2/1/2025 11:00,106.5533332
2/1/2025 12:00,60.92333298
2/1/2025 13:00,39.44000022
2/1/2025 14:00,34.9649999
2/1/2025 15:00,34.49666656
2/1/2025 16:00,44.02166659
2/1/2025 17:00,49.07500019
2/1/2025 18:00,55.86666654
2/1/2025 19:00,77.01833331
2/1/2025 20:00,94.74500046
2/1/2025 21:00,108.4233335
2/1/2025 22:00,122.3983334
2/1/2025 23:00,107.3416667
2/2/2025,95.06833331
2/2/2025 1:00,97.80833333
2/2/2025 2:00,103.8683337
2/2/2025 3:00,78.96500041
2/2/2025 4:00,64.83166682
2/2/2025 5:00,64.36666673
2/2/2025 6:00,78.13333359
2/2/2025 7:00,97.5416659
2/2/2025 8:00,106.5099998
2/2/2025 9:00,114.8816667
2/2/2025 10:00,110.8466665
2/2/2025 11:00,78.63666693
2/2/2025 12:00,32.43833327
2/2/2025 13:00,21.20666679
2/2/2025 14:00,22.02000003
2/2/2025 15:00,27.71500003
2/2/2025 16:00,33.76999989
2/2/2025 17:00,41.36833312
2/2/2025 18:00,45.98500029
2/2/2025 19:00,89.75166639
2/2/2025 20:00,55.43666643
2/2/2025 21:00,75.86833286
2/2/2025 22:00,84.65000051
2/2/2025 23:00,76.40833321
2/3/2025,76.49999987
2/3/2025 1:00,77.95333347
2/3/2025 2:00,73.23000018
2/3/2025 3:00,108.6300003
2/3/2025 4:00,101.7299998
2/3/2025 5:00,84.0096769
2/3/2025 6:00,85.94666621
2/3/2025 7:00,105.4866665
2/3/2025 8:00,119.6216661
2/3/2025 9:00,118.0766664
2/3/2025 10:00,95.2766669
2/3/2025 11:00,76.14833361
2/3/2025 12:00,46.54499989
2/3/2025 13:00,32.38333343
2/3/2025 14:00,33.65833324
2/3/2025 15:00,33.44666678
2/3/2025 16:00,39.46166649
2/3/2025 17:00,46.84918032
2/3/2025 18:00,59.8683335
2/3/2025 19:00,80.63333352
2/3/2025 20:00,97.13499997
2/3/2025 21:00,108.0283333
2/3/2025 22:00,103.3250003
2/3/2025 23:00,93.10833359
2/4/2025,99.33666662
2/4/2025 1:00,88.40166651
2/4/2025 2:00,91.20000013
2/4/2025 3:00,100.0550001
2/4/2025 4:00,103.9016663
2/4/2025 5:00,86.74333305
2/4/2025 6:00,91.75833346
2/4/2025 7:00,111.3966665
2/4/2025 8:00,119.0716668
2/4/2025 9:00,120.2950003
2/4/2025 10:00,112.4016664
2/4/2025 11:00,119.4633335
2/4/2025 12:00,96.57666702
2/4/2025 13:00,43.37333323
2/4/2025 14:00,37.64426209
2/4/2025 15:00,33.14499982
2/4/2025 16:00,37.16333329
2/4/2025 17:00,44.50833321
2/4/2025 18:00,65.07833335
2/4/2025 19:00,74.34000053
2/4/2025 20:00,84.46666654
2/4/2025 21:00,108.8183336
2/4/2025 22:00,125.0816671
2/4/2025 23:00,130.1866669
2/5/2025,109.7866667
2/5/2025 1:00,95.34666621
2/5/2025 2:00,99.99166718
2/5/2025 3:00,102.7749997
2/5/2025 4:00,100.986667
2/5/2025 5:00,101.4066667
2/5/2025 6:00,98.29999987
2/5/2025 7:00,119.8
2/5/2025 8:00,135.6700001
2/5/2025 9:00,165.201666
2/5/2025 10:00,88.37166694
2/5/2025 11:00,28.18999983
2/5/2025 12:00,33.22786885
2/5/2025 13:00,23.79000003
2/5/2025 14:00,24.15000003
2/5/2025 15:00,25.93166656
2/5/2025 16:00,25.01999998
2/5/2025 17:00,32.69833323
2/5/2025 18:00,42.07166646
2/5/2025 19:00,50.54666675
2/5/2025 20:00,63.04333318
2/5/2025 21:00,75.15500024
2/5/2025 22:00,88.99000028
2/5/2025 23:00,72.30166626
2/6/2025,60.30333303
2/6/2025 1:00,50.64999994
2/6/2025 2:00,61.85333335
2/6/2025 3:00,69.57833366
2/6/2025 4:00,72.68166682
2/6/2025 5:00,66.51166649
2/6/2025 6:00,78.87666639
2/6/2025 7:00,94.9573772
2/6/2025 8:00,100.6183332
2/6/2025 9:00,88.36999969
2/6/2025 10:00,84.62333323
2/6/2025 11:00,63.95333366
2/6/2025 12:00,40.19499982
2/6/2025 13:00,21.69166668
2/6/2025 14:00,19.59666661
2/6/2025 15:00,24.71666667
2/6/2025 16:00,29.46833337
2/6/2025 17:00,35.91833331
2/6/2025 18:00,48.52833309
2/6/2025 19:00,54.59833317
2/6/2025 20:00,62.43500023
2/6/2025 21:00,72.63000005
2/6/2025 22:00,65.4166666
2/6/2025 23:00,67.65999978
2/7/2025,64.93000018
2/7/2025 1:00,64.10999978
2/7/2025 2:00,60.79000015
2/7/2025 3:00,64.50333341
2/7/2025 4:00,83.35166664
2/7/2025 5:00,82.95666669
2/7/2025 6:00,88.58833338
2/7/2025 7:00,97.59000028
2/7/2025 8:00,103.4916662
2/7/2025 9:00,114.0549998
2/7/2025 10:00,88.01833331
2/7/2025 11:00,74.8516667
2/7/2025 12:00,26.06000013
2/7/2025 13:00,22.20833329
2/7/2025 14:00,20.95166661
2/7/2025 15:00,20.27666663
2/7/2025 16:00,18.0833334
2/7/2025 17:00,28.50666672
2/7/2025 18:00,61.11000032
2/7/2025 19:00,74.78524611
2/7/2025 20:00,88.91999982
2/7/2025 21:00,92.36500028
2/7/2025 22:00,78.28500061
2/7/2025 23:00,71.55666663
2/8/2025,57.94666653
2/8/2025 1:00,54.25666656
2/8/2025 2:00,59.94666684
2/8/2025 3:00,56.15999991
2/8/2025 4:00,58.7
2/8/2025 5:00,65.22666677
2/8/2025 6:00,72.13000018
2/8/2025 7:00,99.44666672
2/8/2025 8:00,117.5295076
2/8/2025 9:00,110.7966668
2/8/2025 10:00,88.87666632
2/8/2025 11:00,66.22999992
2/8/2025 12:00,55.05999985
2/8/2025 13:00,37.37666664
2/8/2025 14:00,37.4644069
2/8/2025 15:00,50.30166658
2/8/2025 16:00,63.53333327
2/8/2025 17:00,79.13500023
2/8/2025 18:00,84.43333333
2/8/2025 19:00,84.98666712
2/8/2025 20:00,88.07301573
2/8/2025 21:00,92.31499977
2/8/2025 22:00,96.32166672
2/8/2025 23:00,92.81833344
2/9/2025,94.6733331
2/9/2025 1:00,93.37833354
2/9/2025 2:00,100.9700001
2/9/2025 3:00,100.5416672
2/9/2025 4:00,103.0800006
2/9/2025 5:00,110.6699999
2/9/2025 6:00,106.8766665
2/9/2025 7:00,108.9799999
2/9/2025 8:00,104.6700005
2/9/2025 9:00,106.1866669
2/9/2025 10:00,94.53833377
2/9/2025 11:00,86.9426227
2/9/2025 12:00,78.25666669
2/9/2025 13:00,80.70166651
2/9/2025 14:00,53.98166701
2/9/2025 15:00,55.20666676
2/9/2025 16:00,71.34333369
2/9/2025 17:00,72.94666672
2/9/2025 18:00,82.8700002
2/9/2025 19:00,86.06666629
2/9/2025 20:00,89.80499954
2/9/2025 21:00,93.31166687
2/9/2025 22:00,100.9483335
2/9/2025 23:00,94.04000015
2/10/2025,84.51999969
2/10/2025 1:00,86.01499964
2/10/2025 2:00,87.80833333
2/10/2025 3:00,87.40166639
2/10/2025 4:00,87.50999947
2/10/2025 5:00,93.75833295
2/10/2025 6:00,116.4149995
2/10/2025 7:00,126.4416656
2/10/2025 8:00,132.8199996
2/10/2025 9:00,152.7933334
2/10/2025 10:00,116.1516666
2/10/2025 11:00,115.5750003
2/10/2025 12:00,97.98833364
2/10/2025 13:00,58.5516667
2/10/2025 14:00,51.41833312
2/10/2025 15:00,54.46440674
2/10/2025 16:00,70.79499963
2/10/2025 17:00,82.93833364
2/10/2025 18:00,90.73666662
2/10/2025 19:00,96.30500005
2/10/2025 20:00,88.60000025
2/10/2025 21:00,100.8216665
2/10/2025 22:00,110.3600004
2/10/2025 23:00,103.7866667
2/11/2025,89.55
2/11/2025 1:00,75.36333338
2/11/2025 2:00,68.64000015
2/11/2025 3:00,73.38166669
2/11/2025 4:00,77.51999995
2/11/2025 5:00,85.10166639
2/11/2025 6:00,101.5983337
2/11/2025 7:00,120.3999996
2/11/2025 8:00,130.4333337
2/11/2025 9:00,135.8950813
2/11/2025 10:00,129.9050003
2/11/2025 11:00,60.44333318
2/11/2025 12:00,22.53333327
2/11/2025 13:00,23.29999997
2/11/2025 14:00,23.11333335
2/11/2025 15:00,25.12833341
2/11/2025 16:00,30.87833328
2/11/2025 17:00,40.2766668
2/11/2025 18:00,66.9916666
2/11/2025 19:00,81.80999959
2/11/2025 20:00,84.56500041
2/11/2025 21:00,82.33666649
2/11/2025 22:00,85.7649999
2/11/2025 23:00,96.56333326
2/12/2025,98.07333298
2/12/2025 1:00,96.05999997
2/12/2025 2:00,100.4133331
2/12/2025 3:00,104.9683334
2/12/2025 4:00,121.5316672
2/12/2025 5:00,126.8399999
2/12/2025 6:00,111.1933338
2/12/2025 7:00,112.6033334
2/12/2025 8:00,131.3449992
2/12/2025 9:00,130.1533334
2/12/2025 10:00,93.20333328
2/12/2025 11:00,55.09333321
2/12/2025 12:00,43.01666692
2/12/2025 13:00,41.6766667
2/12/2025 14:00,41.60833321
2/12/2025 15:00,48.9433335
2/12/2025 16:00,56.78166663
2/12/2025 17:00,63.1266667
2/12/2025 18:00,72.97833366
2/12/2025 19:00,80.61666667
2/12/2025 20:00,73.73166656
2/12/2025 21:00,76.36166687
2/12/2025 22:00,78.68499985
2/12/2025 23:00,92.02166684
2/13/2025,91.25666631
2/13/2025 1:00,81.0733331
2/13/2025 2:00,82.86500003
2/13/2025 3:00,99.53833326
2/13/2025 4:00,110.9633325
2/13/2025 5:00,77.04166724
2/13/2025 6:00,81.65166651
2/13/2025 7:00,86.86666654
2/13/2025 8:00,94.91000048
2/13/2025 9:00,86.6450002
2/13/2025 10:00,98.59166686
2/13/2025 11:00,51.06166668
2/13/2025 12:00,43.5516669
2/13/2025 13:00,42.58499972
2/13/2025 14:00,28.08666671
2/13/2025 15:00,50.84500004
2/13/2025 16:00,64.06833318
2/13/2025 17:00,75.58499997
2/13/2025 18:00,90.01833331
2/13/2025 19:00,95.7149999
2/13/2025 20:00,94.45166639
2/13/2025 21:00,95.79833323
2/13/2025 22:00,102.0950003
2/13/2025 23:00,102.1699997
2/14/2025,101.6600002
2/14/2025 1:00,105.4749999
2/14/2025 2:00,97.16166674
2/14/2025 3:00,94.22333298
2/14/2025 4:00,87.02786868
2/14/2025 5:00,93.96666641
2/14/2025 6:00,108.0699999
2/14/2025 7:00,121.0399995
2/14/2025 8:00,125.8816672
2/14/2025 9:00,127.3350004
2/14/2025 10:00,111.6999999
2/14/2025 11:00,97.50000013
2/14/2025 12:00,73.39000053
2/14/2025 13:00,59.27833335
2/14/2025 14:00,74.59166635
2/14/2025 15:00,79.83000005
2/14/2025 16:00,77.61666641
2/14/2025 17:00,85.04999975
2/14/2025 18:00,89.30166626
2/14/2025 19:00,97.65833321
2/14/2025 20:00,102.0699998
2/14/2025 21:00,103.0716663
2/14/2025 22:00,103.9083332
2/14/2025 23:00,100.3833333
2/15/2025,95.75166639
2/15/2025 1:00,88.71500003
2/15/2025 2:00,91.13166695
2/15/2025 3:00,87.71333364
2/15/2025 4:00,87.34754118
2/15/2025 5:00,90.91499977
2/15/2025 6:00,98.16999969
2/15/2025 7:00,100.3433332
2/15/2025 8:00,96.46499977
2/15/2025 9:00,79.29666646
2/15/2025 10:00,81.64666672
2/15/2025 11:00,91.02666626
2/15/2025 12:00,86.49333344
2/15/2025 13:00,82.8149999
2/15/2025 14:00,82.3700002
2/15/2025 15:00,95.03999977
2/15/2025 16:00,89.67666664
2/15/2025 17:00,94.7166673
2/15/2025 18:00,92.21999944
2/15/2025 19:00,84.71333351
2/15/2025 20:00,92.55666669
2/15/2025 21:00,100.1416665
2/15/2025 22:00,104.6683333
2/15/2025 23:00,108.0916668
2/16/2025,99.11166687
2/16/2025 1:00,100.2750003
2/16/2025 2:00,90.92666677
2/16/2025 3:00,87.77000033
2/16/2025 4:00,90.35166664
2/16/2025 5:00,100.5950816
2/16/2025 6:00,107.8766661
2/16/2025 7:00,120.5450002
2/16/2025 8:00,117.8783333
2/16/2025 9:00,118.7833338
2/16/2025 10:00,115.6899999
2/16/2025 11:00,91.65333341
2/16/2025 12:00,71.24166673
2/16/2025 13:00,52.1983333
2/16/2025 14:00,53.58833332
2/16/2025 15:00,63.38196751
2/16/2025 16:00,67.88852467
2/16/2025 17:00,68.53666681
2/16/2025 18:00,78.15333303
2/16/2025 19:00,82.40666695
2/16/2025 20:00,92.52666626
2/16/2025 21:00,92.65666669
2/16/2025 22:00,94.53000018
2/16/2025 23:00,103.8266668
2/17/2025,96.69333331
2/17/2025 1:00,87.07999992
2/17/2025 2:00,84.82833341
2/17/2025 3:00,85.338333
2/17/2025 4:00,83.16833318
2/17/2025 5:00,86.85499992
2/17/2025 6:00,103.2083335
2/17/2025 7:00,101.915
2/17/2025 8:00,109.5516665
2/17/2025 9:00,124.0649998
2/17/2025 10:00,121.2033333
2/17/2025 11:00,98.75409836
2/17/2025 12:00,91.72833328
2/17/2025 13:00,72.36500034
2/17/2025 14:00,65.36833369
2/17/2025 15:00,65.85666637
2/17/2025 16:00,71.54333344
2/17/2025 17:00,96.17333349
2/17/2025 18:00,79.67166672
2/17/2025 19:00,81.33000005
2/17/2025 20:00,80.45
2/17/2025 21:00,81.93666674
2/17/2025 22:00,85.47500064
2/17/2025 23:00,92.91166712
2/18/2025,93.08833326
2/18/2025 1:00,81.86999995
2/18/2025 2:00,88.19166654
2/18/2025 3:00,101.3050003
2/18/2025 4:00,105.1249997
2/18/2025 5:00,91.57333336
2/18/2025 6:00,119.6316662
2/18/2025 7:00,105.7049177
2/18/2025 8:00,106.4649996
2/18/2025 9:00,103.3816668
2/18/2025 10:00,103.393443
2/18/2025 11:00,91.84333318
2/18/2025 12:00,65.23548391
2/18/2025 13:00,61.02666645
2/18/2025 14:00,64.42499994
2/18/2025 15:00,67.24262306
2/18/2025 16:00,72.06333351
2/18/2025 17:00,71.26000048
2/18/2025 18:00,77.7216671
2/18/2025 19:00,75.79166692
2/18/2025 20:00,82.76999982
2/18/2025 21:00,87.42295074
2/18/2025 22:00,98.54499995
2/18/2025 23:00,96.07833328
2/19/2025,97.7983331
2/19/2025 1:00,95.0850001
2/19/2025 2:00,97.53833326
2/19/2025 3:00,95.29666659
2/19/2025 4:00,109.1683329
2/19/2025 5:00,105.9033332
2/19/2025 6:00,108.3850002
2/19/2025 7:00,114.3032787
2/19/2025 8:00,127.9661284
2/19/2025 9:00,115.3233335
2/19/2025 10:00,102.0933336
2/19/2025 11:00,80.2983331
2/19/2025 12:00,60.8016667
2/19/2025 13:00,70.2233331
2/19/2025 14:00,63.34666659
2/19/2025 15:00,55.90666669
2/19/2025 16:00,52.24833336
2/19/2025 17:00,62.25666676
2/19/2025 18:00,68.20166658
2/19/2025 19:00,68.67833309
2/19/2025 20:00,79.84666672
2/19/2025 21:00,88.42166659
2/19/2025 22:00,90.01833305
2/19/2025 23:00,91.86000036
2/20/2025,92.025
2/20/2025 1:00,93.04999975
2/20/2025 2:00,93.87166646
2/20/2025 3:00,120.74
2/20/2025 4:00,113.1080642
2/20/2025 5:00,109.5419358
2/20/2025 6:00,122.5377052
2/20/2025 7:00,127.1295082
2/20/2025 8:00,123.3933334
2/20/2025 9:00,112.2
2/20/2025 10:00,84.98166682
2/20/2025 11:00,63.55000013
2/20/2025 12:00,59.55666625
2/20/2025 13:00,50.63548371
2/20/2025 14:00,56.41967242
2/20/2025 15:00,71.43870951
2/20/2025 16:00,76.22131173
2/20/2025 17:00,76.40999972
2/20/2025 18:00,79.71451606
2/20/2025 19:00,83.79166616
2/20/2025 20:00,89.83833313
2/20/2025 21:00,106.4666668
2/20/2025 22:00,106.3900005
2/20/2025 23:00,101.9583332
2/21/2025,90.5850001
2/21/2025 1:00,90.81666679
2/21/2025 2:00,93.95645191
2/21/2025 3:00,88.68387087
2/21/2025 4:00,88.72666651
2/21/2025 5:00,88.85499992
2/21/2025 6:00,105.3499997
2/21/2025 7:00,110.2833333
2/21/2025 8:00,121.7366659
2/21/2025 9:00,122.0233335
2/21/2025 10:00,116.4622953
2/21/2025 11:00,60.0131148
2/21/2025 12:00,43.64833336
2/21/2025 13:00,38.80499999
2/21/2025 14:00,38.68499985
2/21/2025 15:00,43.06393458
2/21/2025 16:00,41.05833346
2/21/2025 17:00,46.65833333
2/21/2025 18:00,59.81500003
2/21/2025 19:00,65.62666677
2/21/2025 20:00,73.33833288
2/21/2025 21:00,78.286667
2/21/2025 22:00,70.30806498
2/21/2025 23:00,69.38666662
2/22/2025,72.94333318
2/22/2025 1:00,70.37213097
2/22/2025 2:00,69.5213114
2/22/2025 3:00,65.98833294
2/22/2025 4:00,66.09500001
2/22/2025 5:00,71.27833354
2/22/2025 6:00,89.486667
2/22/2025 7:00,101.55
2/22/2025 8:00,126.2548384
2/22/2025 9:00,131.488334
2/22/2025 10:00,83.78833345
2/22/2025 11:00,32.98499997
2/22/2025 12:00,28.54590169
2/22/2025 13:00,30.12666667
2/22/2025 14:00,25.23333333
2/22/2025 15:00,27.03999996
2/22/2025 16:00,33.03278682
2/22/2025 17:00,41.25322582
2/22/2025 18:00,44.89333324
2/22/2025 19:00,48.36499996
2/22/2025 20:00,48.22459018
2/22/2025 21:00,53.66129051
2/22/2025 22:00,75.55333366
2/22/2025 23:00,57.22000039
2/23/2025,47.64166667
2/23/2025 1:00,54.54833323
2/23/2025 2:00,48.95166645
2/23/2025 3:00,43.38333302
2/23/2025 4:00,40.8233331
2/23/2025 5:00,47.60833333
2/23/2025 6:00,59.02622973
2/23/2025 7:00,76.27333349
2/23/2025 8:00,75.94500046
2/23/2025 9:00,90.46166693
2/23/2025 10:00,64.11833331
2/23/2025 11:00,48.60500005
2/23/2025 12:00,43.8
2/23/2025 13:00,31.9833334
2/23/2025 14:00,40.65666685
2/23/2025 15:00,47.84333331
2/23/2025 16:00,55.025
2/23/2025 17:00,59.88499985
2/23/2025 18:00,63.43166676
2/23/2025 19:00,68.66666698
2/23/2025 20:00,76.41666667
2/23/2025 21:00,72.17541004
2/23/2025 22:00,78.48360643
2/23/2025 23:00,77.59672134
2/24/2025,77.09999898
2/24/2025 1:00,73.97704891
2/24/2025 2:00,68.76166649
2/24/2025 3:00,72.56166636
2/24/2025 4:00,77.30333354
2/24/2025 5:00,78.36333338
2/24/2025 6:00,87.50166639
2/24/2025 7:00,94.96500028
2/24/2025 8:00,98.07500025
2/24/2025 9:00,101.8491804
2/24/2025 10:00,95.81475417
2/24/2025 11:00,64.11639348
2/24/2025 12:00,49.8533329
2/24/2025 13:00,59.45166645
2/24/2025 14:00,52.74166711
2/24/2025 15:00,61.80999997
2/24/2025 16:00,59.83833326
2/24/2025 17:00,64.62833322
2/24/2025 18:00,65.93833332
2/24/2025 19:00,67.59508145
2/24/2025 20:00,69.36666692
2/24/2025 21:00,74.84833323
2/24/2025 22:00,79.06666641
2/24/2025 23:00,77.54333331
2/25/2025,81.56333326
2/25/2025 1:00,90.93934456
2/25/2025 2:00,82.62999986
2/25/2025 3:00,69.82622941
2/25/2025 4:00,75.14000028
2/25/2025 5:00,92.62500013
2/25/2025 6:00,91.386667
2/25/2025 7:00,104.5650003
2/25/2025 8:00,102.9883331
2/25/2025 9:00,105.3193548
2/25/2025 10:00,81.49836093
2/25/2025 11:00,51.17833354
2/25/2025 12:00,48.70999978
2/25/2025 13:00,51.1983333
2/25/2025 14:00,51.14500001
2/25/2025 15:00,51.89333337
2/25/2025 16:00,56.31333326
2/25/2025 17:00,60.85000006
2/25/2025 18:00,64.1649999
2/25/2025 19:00,69.27166672
2/25/2025 20:00,69.9233333
2/25/2025 21:00,82.84354819
2/25/2025 22:00,87.39666684
2/25/2025 23:00,90.713333
2/26/2025,84.5573773
2/26/2025 1:00,73.45999972
2/26/2025 2:00,74.08032789
2/26/2025 3:00,77.69333344
2/26/2025 4:00,81.05333303
2/26/2025 5:00,83.05666656
2/26/2025 6:00,96.81499977
2/26/2025 7:00,122.1716666
2/26/2025 8:00,104.8433337
2/26/2025 9:00,107.151667
2/26/2025 10:00,112.0387097
2/26/2025 11:00,79.3700002
2/26/2025 12:00,57.98500017
2/26/2025 13:00,61.07666677
2/26/2025 14:00,57.97499987
2/26/2025 15:00,59.09000003
2/26/2025 16:00,59.62333361
2/26/2025 17:00,68.41333357
2/26/2025 18:00,80.27500013
2/26/2025 19:00,98.75833308
2/26/2025 20:00,91.96333326
2/26/2025 21:00,84.59333394
2/26/2025 22:00,87.91833305
2/26/2025 23:00,83.42000033
2/27/2025,89.71639402
2/27/2025 1:00,86.86500028
2/27/2025 2:00,79.97833328
2/27/2025 3:00,75.85999997
2/27/2025 4:00,76.93166682
2/27/2025 5:00,81.5350001
2/27/2025 6:00,92.0950002
2/27/2025 7:00,102.0249999
2/27/2025 8:00,109.1166667
2/27/2025 9:00,107.6183332
2/27/2025 10:00,93.64166679
2/27/2025 11:00,76.34333344
2/27/2025 12:00,61.70666676
2/27/2025 13:00,54.21666673
2/27/2025 14:00,53.38833307
2/27/2025 15:00,56.62166659
2/27/2025 16:00,59.5600001
2/27/2025 17:00,67.78499972
2/27/2025 18:00,76.44499982
2/27/2025 19:00,78.96666667
2/27/2025 20:00,82.4016669
2/27/2025 21:00,81.19333356
2/27/2025 22:00,90.87499987
2/27/2025 23:00,95.96500003
2/28/2025,86.96166687
2/28/2025 1:00,86.00333316
2/28/2025 2:00,83.82666651
2/28/2025 3:00,81.80333328
2/28/2025 4:00,80.98833313
2/28/2025 5:00,81.17333361
2/28/2025 6:00,100.213333
2/28/2025 7:00,111.2083333
2/28/2025 8:00,113.4433333
2/28/2025 9:00,122.8857138
2/28/2025 10:00,128.0516664
2/28/2025 11:00,124.4299999
2/28/2025 12:00,72.66999944
2/28/2025 13:00,41.71833305
2/28/2025 14:00,37.09833345
2/28/2025 15:00,54.98333333
2/28/2025 16:00,53.84166667
2/28/2025 17:00,47.60666676
2/28/2025 18:00,47.30999985
2/28/2025 19:00,41.32833328
2/28/2025 20:00,35.60666644
2/28/2025 21:00,51.37833316
2/28/2025 22:00,48.05333328
2/28/2025 23:00,56.21166649
3/1/2025,48.83166669
3/1/2025 1:00,46.40999978
3/1/2025 2:00,46.14666678
3/1/2025 3:00,38.53666655
3/1/2025 4:00,29.6333333
3/1/2025 5:00,33.96166662
3/1/2025 6:00,43.40000013
3/1/2025 7:00,54.83333314
3/1/2025 8:00,46.62999999
3/1/2025 9:00,43.10833333
3/1/2025 10:00,43.75666644
3/1/2025 11:00,27.1983333
3/1/2025 12:00,22.03666668
3/1/2025 13:00,13.14666657
3/1/2025 14:00,13.93333337
3/1/2025 15:00,17.25666684
3/1/2025 16:00,21.13166677
3/1/2025 17:00,19.47833336
3/1/2025 18:00,47.16000026
3/1/2025 19:00,59.96166662
3/1/2025 20:00,74.03166631
3/1/2025 21:00,106.3583331
3/1/2025 22:00,61.28333333
3/1/2025 23:00,58.43333321
3/2/2025,64.46885243
3/2/2025 1:00,61.02833341
3/2/2025 2:00,50.97333349
3/2/2025 3:00,50.85
3/2/2025 4:00,57.21333345
3/2/2025 5:00,58.91999989
3/2/2025 6:00,79.44666697
3/2/2025 7:00,78.67666639
3/2/2025 8:00,89.45333316
3/2/2025 9:00,88.77500025
3/2/2025 10:00,74.59500014
3/2/2025 11:00,39.4499999
3/2/2025 12:00,28.06166671
3/2/2025 13:00,24.15333325
3/2/2025 14:00,17.63999995
3/2/2025 15:00,15.39499995
3/2/2025 16:00,17.78166674
3/2/2025 17:00,23.18333337
3/2/2025 18:00,26.31499996
3/2/2025 19:00,31.18644045
3/2/2025 20:00,42.86833331
3/2/2025 21:00,53.13166663
3/2/2025 22:00,59.96166655
3/2/2025 23:00,46.33833319
3/3/2025,38.94833323
3/3/2025 1:00,39.45333341
3/3/2025 2:00,50.15500018
3/3/2025 3:00,50.06333338
3/3/2025 4:00,50.15333322
3/3/2025 5:00,62.14833355
3/3/2025 6:00,74.89333318
3/3/2025 7:00,72.89508213
3/3/2025 8:00,88.70166626
3/3/2025 9:00,75.81333357
3/3/2025 10:00,47.16166662
3/3/2025 11:00,36.3899999
3/3/2025 12:00,18.33500005
3/3/2025 13:00,19.11500004
3/3/2025 14:00,17.81833339
3/3/2025 15:00,20.57500002
3/3/2025 16:00,21.28499991
3/3/2025 17:00,23.7183334
3/3/2025 18:00,34.21999969
3/3/2025 19:00,43.05666682
3/3/2025 20:00,43.1983331
3/3/2025 21:00,47.12166672
3/3/2025 22:00,63.82833303
3/3/2025 23:00,65.19999987
3/4/2025,62.72000001
3/4/2025 1:00,53.57999986
3/4/2025 2:00,54.3416666
3/4/2025 3:00,55.6516667
3/4/2025 4:00,57.80666695
3/4/2025 5:00,62.37666683
3/4/2025 6:00,91.34999962
3/4/2025 7:00,93.09000028
3/4/2025 8:00,96.44000015
3/4/2025 9:00,87.02166735
3/4/2025 10:00,70.3350001
3/4/2025 11:00,31.73833332
3/4/2025 12:00,21.41999995
3/4/2025 13:00,20.83999993
3/4/2025 14:00,20.94500001
3/4/2025 15:00,20.68999999
3/4/2025 16:00,22.40833343
3/4/2025 17:00,27.33166679
3/4/2025 18:00,39.72833363
3/4/2025 19:00,48.92333317
3/4/2025 20:00,51.78499991
3/4/2025 21:00,49.35333328
3/4/2025 22:00,56.62666664
3/4/2025 23:00,52.43833338
3/5/2025,49.38999996
3/5/2025 1:00,50.52499975
3/5/2025 2:00,47.53666693
3/5/2025 3:00,40.28833332
3/5/2025 4:00,43.20333341
3/5/2025 5:00,51.07333336
3/5/2025 6:00,65.60833308
3/5/2025 7:00,69.85333335
3/5/2025 8:00,71.03500023
3/5/2025 9:00,74.01666654
3/5/2025 10:00,57.6416666
3/5/2025 11:00,43.24333334
3/5/2025 12:00,29.25499992
3/5/2025 13:00,25.72499994
3/5/2025 14:00,36.13500045
3/5/2025 15:00,37.78999996
3/5/2025 16:00,47.90999997
3/5/2025 17:00,50.91999995
3/5/2025 18:00,58.55999966
3/5/2025 19:00,58.80166677
3/5/2025 20:00,56.73500017
3/5/2025 21:00,58.9416666
3/5/2025 22:00,58.5983333
3/5/2025 23:00,60.05833365
3/6/2025,61.04166705
3/6/2025 1:00,57.42666664
3/6/2025 2:00,56.22166659
3/6/2025 3:00,55.21000017
3/6/2025 4:00,59.67666709
3/6/2025 5:00,75.3166666
3/6/2025 6:00,85.74666672
3/6/2025 7:00,85.04166629
3/6/2025 8:00,81.23499997
3/6/2025 9:00,76.26166712
3/6/2025 10:00,62.4733333
3/6/2025 11:00,58.28333314
3/6/2025 12:00,56.0666666
3/6/2025 13:00,55.27666664
3/6/2025 14:00,48.16666667
3/6/2025 15:00,57.85573765
3/6/2025 16:00,61.30833321
3/6/2025 17:00,62.925
3/6/2025 18:00,63.11833337
3/6/2025 19:00,64.03499972
3/6/2025 20:00,60.06999995
3/6/2025 21:00,62.21333338
3/6/2025 22:00,55.89166648
3/6/2025 23:00,54.99000015
3/7/2025,58.53999996
3/7/2025 1:00,59.30833314
3/7/2025 2:00,55.4583334
3/7/2025 3:00,59.3983333
3/7/2025 4:00,56.93166644
3/7/2025 5:00,64.67333285
3/7/2025 6:00,67.22999992
3/7/2025 7:00,77.17166634
3/7/2025 8:00,84.80000013
3/7/2025 9:00,87.65666631
3/7/2025 10:00,69.03499997
3/7/2025 11:00,52.11666648
3/7/2025 12:00,56.50666663
3/7/2025 13:00,55.28166676
3/7/2025 14:00,56.27499994
3/7/2025 15:00,58.29666659
3/7/2025 16:00,59.73114764
3/7/2025 17:00,63.5416666
3/7/2025 18:00,73.91166655
3/7/2025 19:00,117.8933331
3/7/2025 20:00,135.0483339
3/7/2025 21:00,139.7583335
3/7/2025 22:00,106.4099998
3/7/2025 23:00,67.40833295
3/8/2025,67.32833405
3/8/2025 1:00,67.34499995
3/8/2025 2:00,68.88999958
3/8/2025 3:00,68.51499977
3/8/2025 4:00,70.26500041
3/8/2025 5:00,72.65666631
3/8/2025 6:00,92.71166649
3/8/2025 7:00,92.35666682
3/8/2025 8:00,106.2500001
3/8/2025 9:00,86.16833382
3/8/2025 10:00,82.4466664
3/8/2025 11:00,66.84500033
3/8/2025 12:00,54.79333331
3/8/2025 13:00,53.01166662
3/8/2025 14:00,73.41999976
3/8/2025 15:00,71.87500013
3/8/2025 16:00,74.1295086
3/8/2025 17:00,76.69833349
3/8/2025 18:00,77.18666649
3/8/2025 19:00,78.49999987
3/8/2025 20:00,77.99499969
3/8/2025 21:00,81.25500005
3/8/2025 22:00,83.59999962
3/8/2025 23:00,84.15666669
3/9/2025,80.74666621
3/9/2025 1:00,82.0483331
3/9/2025 2:00,82.45166639
3/9/2025 3:00,86.20666656
3/9/2025 4:00,87.25333328
3/9/2025 5:00,85.53666636
3/9/2025 6:00,89.53833326
3/9/2025 7:00,99.33333359
3/9/2025 8:00,97.67833379
3/9/2025 9:00,96.95999985
3/9/2025 10:00,83.78333359
3/9/2025 11:00,79.01166604
3/9/2025 12:00,57.67833322
3/9/2025 13:00,63.49000015
3/9/2025 14:00,68.4442624
3/9/2025 15:00,69.29166654
3/9/2025 16:00,71.86666654
3/9/2025 17:00,73.16166687
3/9/2025 18:00,73.313333
3/9/2025 19:00,76.26333338
3/9/2025 20:00,78.4299998
3/9/2025 21:00,77.55166677
3/9/2025 22:00,83.64000003
3/9/2025 23:00,89.37333298
3/10/2025,91.53833364
3/10/2025 1:00,90.03666662
3/10/2025 2:00,87.29833349
3/10/2025 3:00,90.72499987
3/10/2025 4:00,91.5299998
3/10/2025 5:00,97.76999982
3/10/2025 6:00,105.6549997
3/10/2025 7:00,103.5850002
3/10/2025 8:00,105.0066667
3/10/2025 9:00,100.8999999
3/10/2025 10:00,89.25999972
3/10/2025 11:00,75.31666648
3/10/2025 12:00,67.54666672
3/10/2025 13:00,54.18833332
3/10/2025 14:00,53.06166623
3/10/2025 15:00,57.82999986
3/10/2025 16:00,66.78666725
3/10/2025 17:00,67.71499933
3/10/2025 18:00,73.95166613
3/10/2025 19:00,77.51833318
3/10/2025 20:00,76.76333351
3/10/2025 21:00,76.68666662
3/10/2025 22:00,77.78333371
3/10/2025 23:00,78.69666672
3/11/2025,79.73499997
3/11/2025 1:00,78.51666641
3/11/2025 2:00,81.90666669
3/11/2025 3:00,85.46833305
3/11/2025 4:00,78.70666669
3/11/2025 5:00,88.75666644
3/11/2025 6:00,95.85166651
3/11/2025 7:00,92.013333
3/11/2025 8:00,103.8199999
3/11/2025 9:00,107.6599996
3/11/2025 10:00,95.05500005
3/11/2025 11:00,63.06999995
3/11/2025 12:00,59.50500005
3/11/2025 13:00,52.34666672
3/11/2025 14:00,55.86166681
3/11/2025 15:00,57.00999985
3/11/2025 16:00,58.4166666
3/11/2025 17:00,57.08833338
3/11/2025 18:00,65.96333345
3/11/2025 19:00,71.60333328
3/11/2025 20:00,74.36500003
3/11/2025 21:00,77.04166718
3/11/2025 22:00,77.50833371
3/11/2025 23:00,80.61500003
3/12/2025,94.96000061
3/12/2025 1:00,94.40500005
3/12/2025 2:00,87.26666679
3/12/2025 3:00,82.52166672
3/12/2025 4:00,83.76500003
3/12/2025 5:00,82.11999957
3/12/2025 6:00,85.00333328
3/12/2025 7:00,95.45666669
3/12/2025 8:00,102.3283342
3/12/2025 9:00,84.938333
3/12/2025 10:00,64.30666676
3/12/2025 11:00,60.06333338
3/12/2025 12:00,57.06166643
3/12/2025 13:00,55.29999994
3/12/2025 14:00,51.13333308
3/12/2025 15:00,58.79999994
3/12/2025 16:00,63.25499986
3/12/2025 17:00,69.29833349
3/12/2025 18:00,76.33166669
3/12/2025 19:00,78.8649999
3/12/2025 20:00,80.44166641
3/12/2025 21:00,68.4950002
3/12/2025 22:00,72.89333293
3/12/2025 23:00,70.14833336
3/13/2025,72.00500018
3/13/2025 1:00,70.06999969
3/13/2025 2:00,80.59833349
3/13/2025 3:00,82.82833366
3/13/2025 4:00,82.17166621
3/13/2025 5:00,84.26166712
3/13/2025 6:00,102.0549998
3/13/2025 7:00,100.2199998
3/13/2025 8:00,102.1849995
3/13/2025 9:00,98.25999985
3/13/2025 10:00,82.43833326
3/13/2025 11:00,71.01500028
3/13/2025 12:00,42.06999998
3/13/2025 13:00,32.97333314
3/13/2025 14:00,31.98166656
3/13/2025 15:00,41.08166688
3/13/2025 16:00,49.49999994
3/13/2025 17:00,55.53333327
3/13/2025 18:00,59.32666664
3/13/2025 19:00,61.6183335
3/13/2025 20:00,62.82833322
3/13/2025 21:00,64.85333303
3/13/2025 22:00,68.28833313
3/13/2025 23:00,56.50500043
3/14/2025,54.93666681
3/14/2025 1:00,54.90000006
3/14/2025 2:00,60.15333328
3/14/2025 3:00,65.60333379
3/14/2025 4:00,57.06333351
3/14/2025 5:00,66.00666669
3/14/2025 6:00,71.07666721
3/14/2025 7:00,75.31000036
3/14/2025 8:00,63.09000009
3/14/2025 9:00,55.92999992
3/14/2025 10:00,34.04500014
3/14/2025 11:00,23.31666657
3/14/2025 12:00,16.24666669
3/14/2025 13:00,13.34666673
3/14/2025 14:00,11.78499994
3/14/2025 15:00,19.58135589
3/14/2025 16:00,25.85166683
3/14/2025 17:00,33.24499998
3/14/2025 18:00,38.70666669
3/14/2025 19:00,46.71500015
3/14/2025 20:00,52.6083334
3/14/2025 21:00,57.9983331
3/14/2025 22:00,61.42333349
3/14/2025 23:00,67.77666683
3/15/2025,70.6950002
3/15/2025 1:00,64.33499997
3/15/2025 2:00,64.1266667
3/15/2025 3:00,61.12500006
3/15/2025 4:00,65.22500006
3/15/2025 5:00,80.76166693
3/15/2025 6:00,92.07333323
3/15/2025 7:00,85.74166616
3/15/2025 8:00,92.35666656
3/15/2025 9:00,74.41833344
3/15/2025 10:00,56.82999973
3/15/2025 11:00,26.27166669
3/15/2025 12:00,16.93666674
3/15/2025 13:00,15.66833336
3/15/2025 14:00,17.84833336
3/15/2025 15:00,24.52833331
3/15/2025 16:00,25.96333319
3/15/2025 17:00,28.25166674
3/15/2025 18:00,32.38166679
3/15/2025 19:00,44.95333354
3/15/2025 20:00,51.53000031
3/15/2025 21:00,59.49833349
3/15/2025 22:00,56.78666668
3/15/2025 23:00,50.60666688
3/16/2025,48.86666667
3/16/2025 1:00,50.11000029
3/16/2025 2:00,48.52833335
3/16/2025 3:00,51.52500006
3/16/2025 4:00,54.54666659
3/16/2025 5:00,60.44666659
3/16/2025 6:00,80.29166667
3/16/2025 7:00,95.6283329
3/16/2025 8:00,104.1449996
3/16/2025 9:00,96.75166664
3/16/2025 10:00,68.37666613
3/16/2025 11:00,29.81166684
3/16/2025 12:00,22.51833331
3/16/2025 13:00,19.87500003
3/16/2025 14:00,22.01000013
3/16/2025 15:00,18.11166671
3/16/2025 16:00,18.90000006
3/16/2025 17:00,21.47833335
3/16/2025 18:00,24.25166674
3/16/2025 19:00,37.00166655
3/16/2025 20:00,49.71166655
3/16/2025 21:00,55.33499972
3/16/2025 22:00,52.79333331
3/16/2025 23:00,47.61499971
3/17/2025,45.34833336
3/17/2025 1:00,42.73333365
3/17/2025 2:00,44.79833336
3/17/2025 3:00,46.16333338
3/17/2025 4:00,48.13666693
3/17/2025 5:00,52.85999997
3/17/2025 6:00,63.31666679
3/17/2025 7:00,76.2149999
3/17/2025 8:00,87.78166656
3/17/2025 9:00,64.11333326
3/17/2025 10:00,39.11333348
3/17/2025 11:00,16.00500002
3/17/2025 12:00,19.70967745
3/17/2025 13:00,18.93499996
3/17/2025 14:00,20.46666665
3/17/2025 15:00,18.51333319
3/17/2025 16:00,25.09500014
3/17/2025 17:00,26.69000003
3/17/2025 18:00,27.77666664
3/17/2025 19:00,35.03000002
3/17/2025 20:00,35.25333325
3/17/2025 21:00,37.26666676
3/17/2025 22:00,27.57333333
3/17/2025 23:00,26.9750001
3/18/2025,31.18666671
3/18/2025 1:00,30.19166679
3/18/2025 2:00,31.75833317
3/18/2025 3:00,36.2799998
3/18/2025 4:00,36.74833336
3/18/2025 5:00,38.27999999
3/18/2025 6:00,60.02666683
3/18/2025 7:00,69.96833312
3/18/2025 8:00,60.33220317
3/18/2025 9:00,79.72166691
3/18/2025 10:00,42.61166687
3/18/2025 11:00,31.80999994
3/18/2025 12:00,23.90166653
3/18/2025 13:00,19.88333341
3/18/2025 14:00,22.39499992
3/18/2025 15:00,25.03500001
3/18/2025 16:00,29.54499995
3/18/2025 17:00,38.5083334
3/18/2025 18:00,41.09180338
3/18/2025 19:00,44.10166651
3/18/2025 20:00,50.99666665
3/18/2025 21:00,53.57499981
3/18/2025 22:00,61.05666637
3/18/2025 23:00,71.17500013
3/19/2025,70.4450002
3/19/2025 1:00,62.13833326
3/19/2025 2:00,67.05666656
3/19/2025 3:00,63.77666651
3/19/2025 4:00,66.25166696
3/19/2025 5:00,70.53833307
3/19/2025 6:00,85.08666687
3/19/2025 7:00,95.18999964
3/19/2025 8:00,97.09666659
3/19/2025 9:00,69.90666656
3/19/2025 10:00,58.33000018
3/19/2025 11:00,39.68833319
3/19/2025 12:00,26.54999995
3/19/2025 13:00,25.75000005
3/19/2025 14:00,25.75999999
3/19/2025 15:00,22.23999995
3/19/2025 16:00,28.45666669
3/19/2025 17:00,31.19999984
3/19/2025 18:00,40.64516098
3/19/2025 19:00,53.45666656
3/19/2025 20:00,63.74333337
3/19/2025 21:00,78.63333346
3/19/2025 22:00,79.65999972
3/19/2025 23:00,82.13333321
3/20/2025,78.16166674
3/20/2025 1:00,78.48166656
3/20/2025 2:00,71.05000013
3/20/2025 3:00,79.25499992
3/20/2025 4:00,81.43333346
3/20/2025 5:00,83.07166672
3/20/2025 6:00,110.965
3/20/2025 7:00,104.0366665
3/20/2025 8:00,106.1033332
3/20/2025 9:00,102.5733337
3/20/2025 10:00,99.41499952
3/20/2025 11:00,39.31166649
3/20/2025 12:00,31.40666656
3/20/2025 13:00,25.93333344
3/20/2025 14:00,22.72999996
3/20/2025 15:00,29.01833337
3/20/2025 16:00,47.04000003
3/20/2025 17:00,57.0083334
3/20/2025 18:00,51.85333322
3/20/2025 19:00,47.41833344
3/20/2025 20:00,49.56000017
3/20/2025 21:00,54.74833323
3/20/2025 22:00,67.67666664
3/20/2025 23:00,70.08166682
3/21/2025,63.6983333
3/21/2025 1:00,63.93166688
3/21/2025 2:00,71.275
3/21/2025 3:00,65.92166634
3/21/2025 4:00,62.12999973
3/21/2025 5:00,70.14666697
3/21/2025 6:00,88.52333323
3/21/2025 7:00,95.59508189
3/21/2025 8:00,106.0483337
3/21/2025 9:00,112.8516664
3/21/2025 10:00,66.11166674
3/21/2025 11:00,35.54333334
3/21/2025 12:00,35.33833348
3/21/2025 13:00,35.4816665
3/21/2025 14:00,57.69166702
3/21/2025 15:00,43.68166656
3/21/2025 16:00,51.9533336
3/21/2025 17:00,141.0816672
3/21/2025 18:00,228.6800001
3/21/2025 19:00,269.8032784
3/21/2025 20:00,302.2450002
3/21/2025 21:00,310.871667
3/21/2025 22:00,302.5416672
3/21/2025 23:00,266.1599996
3/22/2025,174.1516664
3/22/2025 1:00,55.14499979
3/22/2025 2:00,22.10833327
3/22/2025 3:00,22.1166667
3/22/2025 4:00,28.28666668
3/22/2025 5:00,31.36833353
3/22/2025 6:00,146.1283339
3/22/2025 7:00,179.9266673
3/22/2025 8:00,205.5883329
3/22/2025 9:00,42.88166663
3/22/2025 10:00,42.02333352
3/22/2025 11:00,27.99833326
3/22/2025 12:00,29.87666677
3/22/2025 13:00,46.64500001
3/22/2025 14:00,43.34666643
3/22/2025 15:00,54.95333322
3/22/2025 16:00,63.29000015
3/22/2025 17:00,87.71166636
3/22/2025 22:00,163.8666674
3/22/2025 23:00,108.6500001
3/23/2025,2.248936174
3/24/2025 7:00,82.03333333
3/24/2025 8:00,91.80333277
3/24/2025 9:00,70.29499976
3/24/2025 10:00,54.6649999
3/24/2025 11:00,30.42666677
3/24/2025 12:00,25.38333337
3/24/2025 13:00,24.03166672
3/24/2025 14:00,25.47833331
3/24/2025 15:00,30.68666671
3/24/2025 16:00,36.53333314
3/24/2025 17:00,41.325
3/24/2025 18:00,48.16666679
3/24/2025 19:00,62.16333326
3/24/2025 20:00,64.94833355
3/24/2025 21:00,66.39833342
3/24/2025 22:00,74.7700002
3/24/2025 23:00,75.04166667
3/25/2025,79.863333
3/25/2025 1:00,82.71666641
3/25/2025 2:00,75.90000013
3/25/2025 3:00,71.06166674
3/25/2025 4:00,66.94333344
3/25/2025 5:00,76.78833338
3/25/2025 6:00,92.95000013
3/25/2025 7:00,104.0166662
3/25/2025 8:00,118.6966665
3/25/2025 9:00,96.9149999
3/25/2025 10:00,65.46000042
3/25/2025 11:00,52.28999983
3/25/2025 12:00,37.53666674
3/25/2025 13:00,28.6266668
3/25/2025 14:00,32.02833331
3/25/2025 15:00,38.78833335
3/25/2025 16:00,45.06333332
3/25/2025 17:00,53.07833354
3/25/2025 18:00,65.41166649
3/25/2025 19:00,71.21666705
3/25/2025 20:00,70.0166673
3/25/2025 21:00,98.36500028
3/25/2025 22:00,103.1383334
3/25/2025 23:00,103.5233331
3/26/2025,102.5350001
3/26/2025 1:00,91.31333338
3/26/2025 2:00,94.71000023
3/26/2025 3:00,95.45499954
3/26/2025 4:00,94.28500023
3/26/2025 5:00,106.3800006
3/26/2025 6:00,112.0900004
3/26/2025 7:00,111.9
3/26/2025 8:00,123.2196722
3/26/2025 9:00,110.7399999
3/26/2025 10:00,77.94666627
3/26/2025 11:00,59.23870979
3/26/2025 12:00,48.3833334
3/26/2025 13:00,41.16500003
3/26/2025 14:00,40.69500001
3/26/2025 15:00,45.99499989
3/26/2025 16:00,63.15666669
3/26/2025 17:00,81.3233331
3/26/2025 18:00,94.51166649
3/26/2025 19:00,102.8300008
3/26/2025 20:00,113.8833333
3/26/2025 21:00,128.2166668
3/26/2025 22:00,130.1800012
3/26/2025 23:00,133.79
3/27/2025,127.9083335
3/27/2025 1:00,126.0833336
3/27/2025 2:00,125.4116669
3/27/2025 3:00,125.0499996
3/27/2025 4:00,130.8183328
3/27/2025 5:00,136.4583331
3/27/2025 6:00,149.0333321
3/27/2025 7:00,151.9733335
3/27/2025 8:00,147.5833331
3/27/2025 9:00,104.7800001
3/27/2025 10:00,87.42833328
3/27/2025 11:00,58.41833356
3/27/2025 12:00,54.60166664
3/27/2025 13:00,55.1360655
3/27/2025 14:00,56.46440661
3/27/2025 15:00,56.86500003
3/27/2025 16:00,65.51499964
3/27/2025 17:00,83.31500003
3/27/2025 18:00,104.8349995
3/27/2025 19:00,108.7316663
3/27/2025 20:00,107.1100005
3/27/2025 21:00,107.157143
3/27/2025 22:00,118.5633334
3/27/2025 23:00,123.1133329
3/28/2025,120.2266668
3/28/2025 1:00,122.9266673
3/28/2025 2:00,119.2800003
3/28/2025 3:00,110.3033335
3/28/2025 4:00,97.60999947
3/28/2025 5:00,115.9183331
3/28/2025 6:00,121.3299995
3/28/2025 7:00,128.8500001
3/28/2025 8:00,128.9400007
3/28/2025 9:00,127.025
3/28/2025 10:00,103.5983609
3/28/2025 11:00,60.54500008
3/28/2025 12:00,55.67499975
3/28/2025 13:00,47.05000013
3/28/2025 14:00,44.35666669
3/28/2025 15:00,54.14500001
3/28/2025 16:00,53.7333334
3/28/2025 17:00,54.22499981
3/28/2025 18:00,64.08999971
3/28/2025 19:00,79.74333318
3/28/2025 20:00,80.15333328
3/28/2025 21:00,94.71166712
3/28/2025 22:00,93.43833351
3/28/2025 23:00,91.47499987
3/29/2025,83.71999995
3/29/2025 1:00,79.80666606
3/29/2025 2:00,78.81333351
3/29/2025 3:00,77.87704918
3/29/2025 4:00,84.12666613
3/29/2025 5:00,91.28999952
3/29/2025 6:00,114.936667
3/29/2025 7:00,116.1266665
3/29/2025 8:00,110.878333
3/29/2025 9:00,91.76000036
3/29/2025 10:00,60.68000005
3/29/2025 11:00,42.99333347
3/29/2025 12:00,31.28333333
3/29/2025 13:00,30.78999993
3/29/2025 14:00,42.35166674
3/29/2025 15:00,69.1299998
3/29/2025 16:00,79.19500008
3/29/2025 17:00,87.52666677
3/29/2025 18:00,94.836667
3/29/2025 19:00,114.7216663
3/29/2025 20:00,134.9249995
3/29/2025 21:00,128.9100012
3/29/2025 22:00,151.2383334
3/29/2025 23:00,156.3083333
3/30/2025,154.2344258
3/30/2025 1:00,153.2066671
3/30/2025 2:00,157.0566666
3/30/2025 3:00,155.8983325
3/30/2025 4:00,152.6616659
3/30/2025 5:00,149.4883331
3/30/2025 6:00,162.3866671
3/30/2025 7:00,174.5733332
3/30/2025 8:00,165.9000005
3/30/2025 9:00,140.1716661
3/30/2025 10:00,107.1233331
3/30/2025 11:00,74.25833289
3/30/2025 12:00,68.61451604
3/30/2025 13:00,62.37500006
3/30/2025 14:00,67.56333351
3/30/2025 15:00,79.35333316
3/30/2025 16:00,101.4949998
3/30/2025 17:00,107.7516668
3/30/2025 18:00,136.6850004
3/30/2025 19:00,170.875
3/30/2025 20:00,175.6366666
3/30/2025 21:00,156.5750005
3/30/2025 22:00,159.9933322
3/30/2025 23:00,155.0333331
3/31/2025,153.1838709
3/31/2025 1:00,155.1566666
3/31/2025 2:00,161.5766665
3/31/2025 3:00,168.5283343
3/31/2025 4:00,177.7216662
3/31/2025 5:00,184.3016665
3/31/2025 6:00,205.3550008
3/31/2025 7:00,203.8533343
3/31/2025 8:00,202.0366674
3/31/2025 9:00,177.0950005
3/31/2025 10:00,148.6799995
3/31/2025 11:00,117.9699999
3/31/2025 12:00,92.25333303
3/31/2025 13:00,78.32500013
3/31/2025 14:00,76.68333346
3/31/2025 15:00,91.10166651
3/31/2025 16:00,104.4216663
3/31/2025 17:00,119.0566667
3/31/2025 18:00,143.3849993
3/31/2025 19:00,152.5066661
3/31/2025 20:00,172.1416679
3/31/2025 21:00,186.7766668
3/31/2025 22:00,190.7899989
3/31/2025 23:00,183.4166677
4/1/2025,171.474999
4/1/2025 1:00,164.6950005
4/1/2025 2:00,163.8649994
4/1/2025 3:00,160.5416672
4/1/2025 4:00,154.6183324
4/1/2025 5:00,160.126666
4/1/2025 6:00,176.6933332
4/1/2025 7:00,187.6683339
4/1/2025 8:00,192.1066666
4/1/2025 9:00,161.8533335
4/1/2025 10:00,124.1816671
4/1/2025 11:00,72.64499963
4/1/2025 12:00,38.92166665
4/1/2025 13:00,40.88833326
4/1/2025 14:00,34.42499994
4/1/2025 15:00,69.74666646
4/1/2025 16:00,100.9883332
4/1/2025 17:00,121.3050002
4/1/2025 18:00,139.2766675
4/1/2025 19:00,155.8333326
4/1/2025 20:00,165.1383334
4/1/2025 21:00,179.3266665
4/1/2025 22:00,175.7050006
4/1/2025 23:00,180.8566673
4/2/2025,184.151666
4/2/2025 1:00,188.9916662
4/2/2025 2:00,200.5300006
4/2/2025 3:00,195.6816653
4/2/2025 4:00,187.5733327
4/2/2025 5:00,188.3949992
4/2/2025 6:00,199.9790322
4/2/2025 7:00,205.3885235
4/2/2025 8:00,197.8649994
4/2/2025 9:00,154.4566666
4/2/2025 10:00,119.7366667
4/2/2025 11:00,99.36999969
4/2/2025 12:00,81.46333402
4/2/2025 13:00,81.80833359
4/2/2025 14:00,102.7166669
4/2/2025 15:00,112.0816663
4/2/2025 16:00,140.8750005
4/2/2025 17:00,144.6327875
4/2/2025 18:00,165.7100001
4/2/2025 19:00,187.9133334
4/2/2025 20:00,209.0083341
4/2/2025 21:00,234.7150002
4/2/2025 22:00,240.0316683
4/2/2025 23:00,236.1433334
4/3/2025,236.3383344
4/3/2025 1:00,237.098334
4/3/2025 2:00,228.3816668
4/3/2025 3:00,227.5083336
4/3/2025 4:00,231.4616664
4/3/2025 5:00,227.0333323
4/3/2025 6:00,235.6699994
4/3/2025 7:00,231.8150004
4/3/2025 8:00,239.1633329
4/3/2025 9:00,204.6599996
4/3/2025 10:00,155.7816666
4/3/2025 11:00,112.7333337
4/3/2025 12:00,85.48833326
4/3/2025 13:00,85.82500025
4/3/2025 14:00,103.8550004
4/3/2025 15:00,138.0999997
4/3/2025 16:00,157.2616661
4/3/2025 17:00,157.4900002
4/3/2025 18:00,133.4983331
4/3/2025 19:00,136.3166674
4/3/2025 20:00,169.1649994
4/3/2025 21:00,177.5516665
4/3/2025 22:00,146.8599996
4/3/2025 23:00,146.7816666
4/4/2025,136.4116669
4/4/2025 1:00,138.4299998
4/4/2025 2:00,141.1166667
4/4/2025 3:00,144.9399999
4/4/2025 4:00,141.928333
4/4/2025 5:00,143.9816668
4/4/2025 6:00,159.4866664
4/4/2025 7:00,157.4916669
4/4/2025 8:00,150.828333
4/4/2025 9:00,152.5333344
4/4/2025 10:00,117.6266664
4/4/2025 11:00,52.93833332
4/4/2025 12:00,41.67333304
4/4/2025 13:00,52.89032259
4/4/2025 14:00,58.31999995
4/4/2025 15:00,62.42499968
4/4/2025 16:00,62.96666673
4/4/2025 17:00,85.44666691
4/4/2025 18:00,105.9616667
4/4/2025 19:00,124.5116664
4/4/2025 20:00,158.0033325
4/4/2025 21:00,180.2366661
4/4/2025 22:00,167.5183329
4/4/2025 23:00,165.0300008
4/5/2025,145.7649999
4/5/2025 1:00,149.9450007
4/5/2025 2:00,153.0116669
4/5/2025 3:00,146.2100001
4/5/2025 4:00,154.6566658
4/5/2025 5:00,135.9600009
4/5/2025 6:00,140.7899999
4/5/2025 7:00,165.1899994
4/5/2025 8:00,163.4699989
4/5/2025 9:00,117.1283337
4/5/2025 10:00,102.3133335
4/5/2025 11:00,69.71666648
4/5/2025 12:00,60.49333331
4/5/2025 13:00,76.36500003
4/5/2025 14:00,86.5399999
4/5/2025 15:00,102.8583331
4/5/2025 16:00,145.1366664
4/5/2025 17:00,151.5666667
4/5/2025 18:00,161.3483337
4/5/2025 19:00,186.8200005
4/5/2025 20:00,195.596667
4/5/2025 21:00,201.5316671
4/5/2025 22:00,206.0133334
4/5/2025 23:00,228.7800016
4/6/2025,232.8133331
4/6/2025 1:00,221.1133339
4/6/2025 2:00,175.0833322
4/6/2025 3:00,170.273334
4/6/2025 4:00,164.9100002
4/6/2025 5:00,161.3766665
4/6/2025 6:00,214.3699992
4/6/2025 7:00,199.725423
4/6/2025 8:00,149.1516673
4/6/2025 9:00,134.933333
4/6/2025 10:00,99.02833354
4/6/2025 11:00,64.20166632
4/6/2025 12:00,72.85833359
4/6/2025 13:00,72.1600001
4/6/2025 14:00,73.34666621
4/6/2025 15:00,77.05666682
4/6/2025 16:00,84.77333298
4/6/2025 17:00,96.52666626
4/6/2025 18:00,111.8966667
4/6/2025 19:00,110.2033335
4/6/2025 20:00,117.8416672
4/6/2025 21:00,152.3449994
4/6/2025 22:00,128.8903225
4/6/2025 23:00,132.2133324
4/7/2025,141.1716667
4/7/2025 1:00,136.3216662
4/7/2025 2:00,133.7883336
4/7/2025 3:00,143.4566661
4/7/2025 4:00,133.7866664
4/7/2025 5:00,136.385
4/7/2025 6:00,168.3199997
4/7/2025 7:00,150.2183337
4/7/2025 8:00,153.7566666
4/7/2025 9:00,137.9249994
4/7/2025 10:00,125.123333
4/7/2025 11:00,99.45000013
4/7/2025 12:00,92.45409794
4/7/2025 13:00,135.6700005
4/7/2025 14:00,132.0850001
4/7/2025 15:00,136.5149994
4/7/2025 16:00,133.8700002
4/7/2025 17:00,145.0350001
4/7/2025 18:00,154.5800001
4/7/2025 19:00,176.7383349
4/7/2025 20:00,161.5916672
4/7/2025 21:00,169.236065
4/7/2025 22:00,170.1566666
4/7/2025 23:00,173.475
4/8/2025,170.7133331
4/8/2025 1:00,146.0966665
4/8/2025 2:00,152.8983327
4/8/2025 3:00,155.8766673
4/8/2025 4:00,136.4583331
4/8/2025 5:00,162.5833331
4/8/2025 6:00,186.7766665
4/8/2025 7:00,171.5316668
4/8/2025 8:00,153.9300001
4/8/2025 9:00,134.583334
4/8/2025 10:00,103.761667
4/8/2025 12:00,91.04042524
4/8/2025 13:00,75.73333333
4/8/2025 14:00,90.62833341
4/8/2025 15:00,106.853333
4/8/2025 16:00,125.3516665
4/8/2025 17:00,124.4750003
4/8/2025 18:00,143.3166672
4/8/2025 19:00,130.783334
4/8/2025 20:00,100.8416664
4/8/2025 21:00,104.7533334
4/8/2025 22:00,112.2033334
4/8/2025 23:00,125.24
4/9/2025,134.7000003
4/9/2025 1:00,138.3966665
4/9/2025 2:00,152.7100004
4/9/2025 3:00,123.9666668
4/9/2025 4:00,123.3666669
4/9/2025 5:00,146.6349996
4/9/2025 6:00,155.0500005
4/9/2025 7:00,181.5583326
4/9/2025 8:00,139.1716677
4/9/2025 9:00,97.23965533
4/9/2025 10:00,80.63833351
4/9/2025 11:00,76.50166677
4/9/2025 12:00,59.35499986
4/9/2025 13:00,78.98166739
4/9/2025 14:00,95.45333341
4/9/2025 15:00,102.3049998
4/9/2025 16:00,87.64000015
4/9/2025 17:00,97.33166695
4/9/2025 18:00,102.7949998
4/9/2025 19:00,123.4200002
4/9/2025 20:00,126.7766669
4/9/2025 21:00,128.4566663
4/9/2025 22:00,136.273334
4/9/2025 23:00,125.2050001
4/10/2025,132.2216658
4/10/2025 1:00,121.3133333
4/10/2025 2:00,137.878334
4/10/2025 3:00,129.4950003
4/10/2025 4:00,119.178333
4/10/2025 5:00,52.18666677
4/10/2025 6:00,38.20500018
4/10/2025 7:00,42.19180354
4/10/2025 8:00,49.95166664
4/10/2025 9:00,57.00000013
4/10/2025 10:00,45.7416666
4/10/2025 11:00,47.89333331
4/10/2025 12:00,58.42499994
4/10/2025 13:00,67.10666676
4/10/2025 14:00,80.55
4/10/2025 15:00,45.2316666
4/10/2025 16:00,30.9399999
4/10/2025 17:00,40.51000007
4/10/2025 18:00,65.0833334
4/10/2025 19:00,68.43166631
4/10/2025 20:00,67.51333313
4/10/2025 21:00,65.19500027
4/10/2025 22:00,85.22166659
4/10/2025 23:00,75.72333342
4/11/2025,77.69333356
4/11/2025 1:00,73.78500048
4/11/2025 2:00,72.54166616
4/11/2025 3:00,60.94666665
4/11/2025 4:00,61.53333321
4/11/2025 5:00,67.7733331
4/11/2025 6:00,82.33833313
4/11/2025 7:00,86.27333361
4/11/2025 8:00,70.82500013
4/11/2025 9:00,53.40666682
4/11/2025 10:00,36.0316666
4/11/2025 11:00,32.2983333
4/11/2025 12:00,32.27333336
4/11/2025 13:00,24.89999997
4/11/2025 14:00,25.26833334
4/11/2025 15:00,35.08666674
4/11/2025 16:00,41.30666669
4/11/2025 17:00,46.3416666
4/11/2025 18:00,56.93499997
4/11/2025 19:00,45.85999978
4/11/2025 20:00,66.30327888
4/11/2025 21:00,87.34666659
4/11/2025 22:00,74.05666688
4/11/2025 23:00,77.04833298
4/12/2025,74.51333288
4/12/2025 1:00,82.11666692
4/12/2025 2:00,66.19666672
4/12/2025 3:00,62.59666646
4/12/2025 4:00,70.50000019
4/12/2025 5:00,69.59333331
4/12/2025 6:00,91.89666672
4/12/2025 7:00,97.33999977
4/12/2025 10:00,21.03333337
4/12/2025 11:00,23.83666652
4/12/2025 12:00,17.53166664
4/12/2025 13:00,17.12833333
4/12/2025 14:00,15.29833336
4/12/2025 15:00,16.12833336
4/12/2025 16:00,18.70000002
4/12/2025 17:00,22.70166667
4/12/2025 18:00,33.38833351
4/12/2025 19:00,46.1600001
4/12/2025 20:00,68.7216664
4/12/2025 21:00,88.81333357
4/12/2025 22:00,92.65333284
4/12/2025 23:00,74.29500014
4/13/2025,71.83333321
4/13/2025 1:00,59.58166669
4/13/2025 2:00,49.2566665
4/13/2025 3:00,54.12499994
4/13/2025 4:00,66.60333347
4/13/2025 5:00,99.3700002
4/13/2025 6:00,92.5566672
4/13/2025 7:00,84.83666674
4/13/2025 8:00,81.30166664
4/13/2025 9:00,75.5450002
4/13/2025 10:00,45.27666661
4/13/2025 11:00,32.16666683
4/13/2025 12:00,34.46666692
4/13/2025 13:00,40.83999987
4/13/2025 14:00,37.95833314
4/13/2025 15:00,48.52166678
4/13/2025 16:00,34.40499983
4/13/2025 17:00,33.48000005
4/13/2025 18:00,45.88000005
4/13/2025 19:00,52.64999987
4/13/2025 20:00,41.73770492
4/13/2025 21:00,41.23000018
4/13/2025 22:00,46.61999963
4/13/2025 23:00,56.57999992
4/14/2025,65.71833356
4/14/2025 1:00,69.48499991
4/14/2025 2:00,57.03833345
4/14/2025 3:00,52.60499992
4/14/2025 4:00,58.32333336
4/14/2025 5:00,67.56499996
4/14/2025 6:00,77.57666658
4/14/2025 7:00,70.34666678
4/14/2025 8:00,56.56999989
4/14/2025 9:00,46.75999985
4/14/2025 10:00,31.92333333
4/14/2025 11:00,25.29000006
4/14/2025 12:00,30.25000013
4/14/2025 13:00,32.41000013
4/14/2025 14:00,27.95833333
4/14/2025 15:00,31.78333321
4/14/2025 16:00,44.8733333
4/14/2025 17:00,44.87000001
4/14/2025 18:00,66.19166648
4/14/2025 19:00,69.125
4/14/2025 20:00,51.76333319
4/14/2025 21:00,45.33833332
4/14/2025 22:00,57.68499985
4/14/2025 23:00,54.72166672
4/15/2025,38.29666627
4/15/2025 1:00,44.71833337
4/15/2025 2:00,39.3483332
4/15/2025 3:00,47.66833337
4/15/2025 4:00,59.06166668
4/15/2025 5:00,75.64166654
4/15/2025 6:00,84.80833359
4/15/2025 7:00,81.71833344
4/15/2025 8:00,78.67333374
4/15/2025 9:00,55.8583334
4/15/2025 10:00,33.84333353
4/15/2025 11:00,26.46499999
4/15/2025 12:00,25.65538459
4/15/2025 13:00,25.01923072
4/15/2025 14:00,27.29855054
4/15/2025 15:00,34.45238077
4/15/2025 16:00,35.89666684
4/15/2025 17:00,52.07166665
4/15/2025 18:00,53.06833344
4/15/2025 19:00,53.96999982
4/15/2025 20:00,55.82833354
4/15/2025 21:00,57.35833327
4/15/2025 22:00,52.06833331
4/15/2025 23:00,51.07833341
4/16/2025,51.06499983
4/16/2025 1:00,46.07833341
4/16/2025 2:00,49.88666662
4/16/2025 3:00,44.57333336
4/16/2025 4:00,53.57666696
4/16/2025 5:00,68.40999991
4/16/2025 6:00,66.93166669
4/16/2025 7:00,74.26999963
4/16/2025 8:00,81.51833356
4/16/2025 9:00,83.61999995
4/16/2025 10:00,70.06166636
4/16/2025 11:00,58.69833349
4/16/2025 12:00,44.43999996
4/16/2025 13:00,40.46166662
4/16/2025 14:00,36.08666674
4/16/2025 15:00,39.21333332
4/16/2025 16:00,38.33333308
4/16/2025 17:00,44.46166687
4/16/2025 18:00,54.34166629
4/16/2025 19:00,64.39999994
4/16/2025 20:00,83.64666672
4/16/2025 21:00,85.7344264
4/16/2025 22:00,103.2783334
4/16/2025 23:00,85.24666697
4/17/2025,68.90833333
4/17/2025 1:00,82.65000051
4/17/2025 2:00,86.01833369
4/17/2025 3:00,77.07333342
4/17/2025 4:00,65.87333342
4/17/2025 5:00,77.44333337
4/17/2025 6:00,89.95833333
4/17/2025 7:00,83.98333346
4/17/2025 8:00,79.56333364
4/17/2025 9:00,76.22499949
4/17/2025 10:00,53.76666705
4/17/2025 11:00,44.63833338
4/17/2025 12:00,41.36666654
4/17/2025 13:00,46.31666692
4/17/2025 14:00,47.03833319
4/17/2025 15:00,47.6916666
4/17/2025 16:00,52.5
4/17/2025 17:00,43.91666667
4/17/2025 18:00,40.3350001
4/17/2025 19:00,35.225
4/17/2025 20:00,37.12833344
4/17/2025 21:00,30.32166662
4/17/2025 22:00,28.92666664
4/17/2025 23:00,32.98666668
4/18/2025,30.30833359
4/18/2025 1:00,48.8633337
4/18/2025 2:00,43.5898305
4/18/2025 3:00,47.50833321
4/18/2025 4:00,44.9688525
4/18/2025 5:00,50.0262293
4/18/2025 6:00,70.83666643
4/18/2025 7:00,61.77666683
4/18/2025 8:00,29.93770502
4/18/2025 9:00,23.50666663
4/18/2025 10:00,27.10499996
4/18/2025 11:00,25.74500008
4/18/2025 12:00,24.44406784
4/18/2025 13:00,25.98225812
4/18/2025 14:00,26.82166659
4/18/2025 15:00,29.96499999
4/18/2025 16:00,32.23548385
4/18/2025 17:00,33.25666666
4/18/2025 18:00,40.28833345
4/18/2025 19:00,45.12166665
4/18/2025 20:00,45.82881352
4/18/2025 21:00,50.33934434
4/18/2025 22:00,52.31864405
4/18/2025 23:00,46.99000003
4/19/2025,46.6083334
4/19/2025 1:00,53.27000014
4/19/2025 2:00,50.72711873
4/19/2025 3:00,51.34666659
4/19/2025 4:00,51.72999992
4/19/2025 5:00,52.11166674
4/19/2025 6:00,51.19830484
4/19/2025 7:00,26.94666665
4/19/2025 8:00,30.22166672
4/19/2025 9:00,39.9916666
4/19/2025 10:00,44.1901641
4/19/2025 11:00,46.60833333
4/19/2025 12:00,43.51612903
4/19/2025 13:00,31.24166657
4/19/2025 14:00,29.93666655
4/19/2025 15:00,42.16666695
4/19/2025 16:00,49
4/19/2025 17:00,47.92000001
4/19/2025 18:00,45.30833321
4/19/2025 19:00,51.41666654
4/19/2025 20:00,51.4016948
4/19/2025 21:00,63.39999994
4/19/2025 22:00,82.02666728
4/19/2025 23:00,76.48833338
4/20/2025,71.29333305
4/20/2025 1:00,57.18196719
4/20/2025 2:00,52.81355913
4/20/2025 3:00,56.5299998
4/20/2025 4:00,61.88196708
4/20/2025 5:00,62.20666656
4/20/2025 6:00,72.84137936
4/20/2025 7:00,70.53833338
4/20/2025 8:00,66.62033902
4/20/2025 9:00,50.96666667
4/20/2025 10:00,44.29016401
4/20/2025 11:00,34.54166651
4/20/2025 12:00,26.99500001
4/20/2025 13:00,24.00833337
4/20/2025 14:00,26.13934439
4/20/2025 15:00,28.97166653
4/20/2025 16:00,30.57333342
4/20/2025 17:00,35.52033896
4/20/2025 18:00,36.86999995
4/20/2025 19:00,42.38813562
4/20/2025 20:00,46.60166664
4/20/2025 21:00,59.84666704
4/20/2025 22:00,63.39836102
4/20/2025 23:00,55.48499978
4/21/2025,55.33000011
4/21/2025 1:00,56.39491492
4/21/2025 2:00,52.56833331
4/21/2025 3:00,50.58135592
4/21/2025 4:00,59.44333324
4/21/2025 5:00,74.49333344
4/21/2025 6:00,78.8901643
4/21/2025 7:00,82.75666599
4/21/2025 8:00,73.2116663
4/21/2025 9:00,60.15500005
4/21/2025 10:00,47.82666651
4/21/2025 11:00,29.15333341
4/21/2025 12:00,31.31500006
4/21/2025 13:00,27.74499989
4/21/2025 14:00,25.84500004
4/21/2025 15:00,32.80166664
4/21/2025 16:00,34.88833345
4/21/2025 17:00,37.49999994
4/21/2025 18:00,43.54666665
4/21/2025 19:00,51.5266667
4/21/2025 20:00,56.53166676
4/21/2025 21:00,62.84166667
4/21/2025 22:00,81.31147528
4/21/2025 23:00,73.49333312
4/22/2025,72.46333326
4/22/2025 1:00,71.55833333
4/22/2025 2:00,68.91666648
4/22/2025 3:00,68.99500008
4/22/2025 4:00,78.688333
4/22/2025 5:00,88.69166629
4/22/2025 6:00,99.73442615
4/22/2025 7:00,96.89166654
4/22/2025 8:00,80.30476174
4/22/2025 9:00,65.6483333
4/22/2025 10:00,36.77000014
4/22/2025 11:00,37.25901651
4/22/2025 12:00,36.49000022
4/22/2025 13:00,37.3066665
4/22/2025 14:00,36.63333333
4/22/2025 15:00,34.70000001
4/22/2025 16:00,38.57999999
4/22/2025 17:00,45.45499986
4/22/2025 18:00,54.92833347
4/22/2025 19:00,59.27333342
4/22/2025 20:00,69.94166686
4/22/2025 21:00,84.63833351
4/22/2025 22:00,92.98833338
4/22/2025 23:00,92.14833374
4/23/2025,76.19999987
4/23/2025 1:00,86.80333366
4/23/2025 2:00,85.82000046
4/23/2025 3:00,87.56000048
4/23/2025 4:00,79.52166697
4/23/2025 5:00,85.14166667
4/23/2025 6:00,98.34166692
4/23/2025 7:00,89.76166687
4/23/2025 8:00,87.35333341
4/23/2025 9:00,65.96666667
4/23/2025 10:00,48.3233331
4/23/2025 11:00,38.11333313
4/23/2025 12:00,27.87166665
4/23/2025 13:00,27.9916667
4/23/2025 14:00,36.51000004
4/23/2025 15:00,34.88000002
4/23/2025 16:00,37.52333323
4/23/2025 17:00,44.59666678
4/23/2025 18:00,60.19000022
4/23/2025 19:00,65.32333349
4/23/2025 20:00,72.6033336
4/23/2025 21:00,86.1299998
4/23/2025 22:00,81.73166656
4/23/2025 23:00,76.14666697
4/24/2025,77.07333349
4/24/2025 1:00,73.32333361
4/24/2025 2:00,74.2799998
4/24/2025 3:00,73.8483331
4/24/2025 4:00,79.69166692
4/24/2025 5:00,89.42166634
4/24/2025 6:00,109.3783333
4/24/2025 7:00,109.0900003
4/24/2025 8:00,84.15166651
4/24/2025 9:00,73.71833337
4/24/2025 10:00,58.40833314
4/24/2025 11:00,45.84666678
4/24/2025 12:00,21.49999987
4/24/2025 13:00,22.16721314
4/24/2025 14:00,33.14499995
4/24/2025 15:00,35.48833338
4/24/2025 16:00,39.88333346
4/24/2025 17:00,47.02333355
4/24/2025 18:00,80.94333375
4/24/2025 19:00,75.18999964
4/24/2025 20:00,82.64666672
4/24/2025 21:00,99.63833288
4/24/2025 22:00,107.3699996
4/24/2025 23:00,109.9866667
4/25/2025,109.5683337
4/25/2025 1:00,100.8349997
4/25/2025 2:00,102.6100006
4/25/2025 3:00,102.1666663
4/25/2025 4:00,97.86500015
4/25/2025 5:00,98.86896541
4/25/2025 6:00,121.2783343
4/25/2025 7:00,124.7333332
4/25/2025 8:00,102.3133331
4/25/2025 9:00,75.31000048
4/25/2025 10:00,56.55499992
4/25/2025 11:00,23.63499986
4/25/2025 12:00,19.77166651
4/25/2025 13:00,25.81333332
4/25/2025 14:00,38.72499975
4/25/2025 15:00,35.21000004
4/25/2025 16:00,38.98499991
4/25/2025 17:00,46.42833347
4/25/2025 18:00,56.85666682
4/25/2025 19:00,68.07833316
4/25/2025 20:00,89.37833328
4/25/2025 21:00,102.9866664
4/25/2025 22:00,102.6600002
4/25/2025 23:00,100.8133331
4/26/2025,95.28333308
4/26/2025 1:00,96.8100001
4/26/2025 2:00,94.12333336
4/26/2025 3:00,88.09666659
4/26/2025 4:00,89.47833316
4/26/2025 5:00,92.19333293
4/26/2025 6:00,115.7199997
4/26/2025 7:00,114.1950002
4/26/2025 8:00,87.71833356
4/26/2025 9:00,76.07166621
4/26/2025 10:00,56.17500013
4/26/2025 11:00,34.47000014
4/26/2025 12:00,31.01499987
4/26/2025 13:00,37.07333349
4/26/2025 14:00,33.23166676
4/26/2025 15:00,38.50338991
4/26/2025 16:00,40.72166678
4/26/2025 17:00,44.22833347
4/26/2025 18:00,50.27666677
4/26/2025 19:00,58.92881348
4/26/2025 20:00,69.61333319
4/26/2025 21:00,93.48666623
4/26/2025 22:00,87.04833361
4/26/2025 23:00,87.5416673
4/27/2025,91.97333285
4/27/2025 1:00,98.22166634
4/27/2025 2:00,99.20833333
4/27/2025 3:00,99.83499972
4/27/2025 4:00,106.4199999
4/27/2025 5:00,110.8633331
4/27/2025 6:00,118.9349998
4/27/2025 7:00,121.0416664
4/27/2025 8:00,95.7516669
4/27/2025 9:00,78.93833326
4/27/2025 10:00,61.38166676
4/27/2025 11:00,58.60166683
4/27/2025 12:00,50.38333321
4/27/2025 13:00,55.15166677
4/27/2025 14:00,59.79333334
4/27/2025 15:00,55.70000013
4/27/2025 16:00,63.92333342
4/27/2025 17:00,57.50166677
4/27/2025 18:00,56.4399999
4/27/2025 19:00,59.55999997
4/27/2025 20:00,52.76393453
4/27/2025 21:00,49.62333304
4/27/2025 22:00,49.75500005
4/27/2025 23:00,44.44666653
4/28/2025,46.82999992
4/28/2025 1:00,43.25333341
4/28/2025 2:00,44.34000009
4/28/2025 3:00,43.41833337
4/28/2025 4:00,34.56166652
4/28/2025 5:00,50.8266669
4/28/2025 6:00,66.87499975
4/28/2025 7:00,66.23666668
4/28/2025 8:00,60.52166665
4/28/2025 9:00,56.67999973
4/28/2025 10:00,58.27166653
4/28/2025 11:00,54.51000004
4/28/2025 12:00,36.50166664
4/28/2025 13:00,40.49500001
4/28/2025 14:00,33.94833317
4/28/2025 15:00,34.48666665
4/28/2025 16:00,41.80000013
4/28/2025 17:00,45.24833336
4/28/2025 18:00,50.91333338
4/28/2025 19:00,34.52333307
4/28/2025 20:00,27.82833344
4/28/2025 21:00,27.99500001
4/28/2025 22:00,28.95833337
4/28/2025 23:00,31.60000006
4/29/2025,31.64166651
4/29/2025 1:00,35.72166665
4/29/2025 2:00,42.08000031
4/29/2025 3:00,40.28000024
4/29/2025 4:00,47.45499986
4/29/2025 5:00,53.80999997
4/29/2025 6:00,47.29166667
4/29/2025 7:00,54.60999991
4/29/2025 8:00,52.75666688
4/29/2025 9:00,44.16333351
4/29/2025 10:00,42.96999989
4/29/2025 11:00,34.96500028
4/29/2025 12:00,30.43166676
4/29/2025 13:00,28.86499996
4/29/2025 14:00,28.8916667
4/29/2025 15:00,28.36333338
4/29/2025 16:00,27.55666672
4/29/2025 17:00,30.57833331
4/29/2025 18:00,39.6233332
4/29/2025 19:00,48.60833314
4/29/2025 20:00,53.32666658
4/29/2025 21:00,53.10166651
4/29/2025 22:00,39.24000009
4/29/2025 23:00,44.45166664
4/30/2025,42.8233333
4/30/2025 1:00,39.28833326
4/30/2025 2:00,30.84166667
4/30/2025 3:00,29.64166683
4/30/2025 4:00,30.52999976
4/30/2025 5:00,33.73166663
4/30/2025 6:00,37.24166663
4/30/2025 7:00,44.33833345
4/30/2025 8:00,40.64666659
4/30/2025 9:00,43.33833345
4/30/2025 10:00,38.88166656
4/30/2025 11:00,28.97833341
4/30/2025 12:00,29.33166666
4/30/2025 13:00,30.80166651
4/30/2025 14:00,36.12000001
4/30/2025 15:00,39.12166659
4/30/2025 16:00,40.54499969
4/30/2025 17:00,35.28833345
4/30/2025 18:00,36.02666642
4/30/2025 19:00,47.99666684
4/30/2025 20:00,50.18666655
4/30/2025 21:00,41.07333349
4/30/2025 22:00,39.46000004
4/30/2025 23:00,40.34499995
5/1/2025,41.39666653
5/1/2025 1:00,39.10999985
5/1/2025 2:00,40.11999989
5/1/2025 3:00,37.10999997
5/1/2025 4:00,38.34999987
5/1/2025 5:00,41.5100001
5/1/2025 6:00,43.26666686
5/1/2025 7:00,52.92666664
5/1/2025 8:00,31.77666661
5/1/2025 9:00,18.96000002
5/1/2025 10:00,24.26333315
5/1/2025 11:00,28.94666684
5/1/2025 12:00,20.10666674
5/1/2025 13:00,15.56000001
5/1/2025 14:00,15.44333342
5/1/2025 15:00,14.11000005
5/1/2025 16:00,15.24333328
5/1/2025 17:00,23.31333337
5/1/2025 18:00,32.45499992
5/1/2025 19:00,48.96333332
5/1/2025 20:00,47.68500004
5/1/2025 21:00,49.92166653
5/1/2025 22:00,47.58166682
5/1/2025 23:00,37.08500001
5/2/2025,36.84166676
5/2/2025 1:00,29.56333351
5/2/2025 2:00,40.98333317
5/2/2025 3:00,46.87999999
5/2/2025 4:00,41.20666663
5/2/2025 5:00,50.85500011
5/2/2025 6:00,54.14333318
5/2/2025 7:00,60.12166665
5/2/2025 8:00,53.3100001
5/2/2025 9:00,45.10000038
5/2/2025 10:00,30.85499976
5/2/2025 11:00,27.92999999
5/2/2025 12:00,26.92166672
5/2/2025 13:00,29.67833335
5/2/2025 14:00,25.04666669
5/2/2025 15:00,27.61166662
5/2/2025 16:00,25.59000009
5/2/2025 17:00,30.83166676
5/2/2025 18:00,39.35833327
5/2/2025 19:00,55.38166637
5/2/2025 20:00,63.26500009
5/2/2025 21:00,109.4350005
5/2/2025 22:00,112.6283337
5/2/2025 23:00,93.80833333
5/3/2025,143.9033333
5/3/2025 1:00,123.6249996
5/3/2025 2:00,73.70666644
5/3/2025 3:00,83.60333316
5/3/2025 4:00,79.51333319
5/3/2025 5:00,66.90166664
5/3/2025 6:00,74.00166677
5/3/2025 7:00,61.60000006
5/3/2025 8:00,45.39500001
5/3/2025 9:00,40.5700002
5/3/2025 10:00,38.84999994
5/3/2025 11:00,42.70833333
5/3/2025 12:00,46.21333351
5/3/2025 13:00,38.87333323
5/3/2025 14:00,29.24500001
5/3/2025 15:00,28.15666669
5/3/2025 16:00,28.36999989
5/3/2025 17:00,31.16999982
5/3/2025 18:00,36.72499997
5/3/2025 19:00,45.78666681
5/3/2025 20:00,51.90166639
5/3/2025 21:00,53.0916666
5/3/2025 22:00,51.92333342
5/3/2025 23:00,54.8833334
5/4/2025,44.7166666
5/4/2025 1:00,39.80666663
5/4/2025 2:00,42.99500008
5/4/2025 3:00,26.98499997
5/4/2025 4:00,28.77999999
5/4/2025 5:00,31.96000004
5/4/2025 6:00,27.05166651
5/4/2025 7:00,20.26500006
5/4/2025 8:00,22.27500005
5/4/2025 9:00,23.59846159
5/4/2025 10:00,29.65873025
5/4/2025 11:00,32.75500024
5/4/2025 12:00,26.85833327
5/4/2025 13:00,25.68833329
5/4/2025 14:00,21.46999985
5/4/2025 15:00,18.47499986
5/4/2025 16:00,19.24833326
5/4/2025 17:00,27.70166667
5/4/2025 18:00,32.40166655
5/4/2025 19:00,31.69333328
5/4/2025 20:00,32.24166654
5/4/2025 21:00,34.63000005
5/4/2025 22:00,47.17333349
5/4/2025 23:00,47.48666655
5/5/2025,43.01833324
5/5/2025 1:00,41.5683335
5/5/2025 2:00,34.67999996
5/5/2025 3:00,34.68833345
5/5/2025 4:00,39.39000028
5/5/2025 5:00,53.50499986
5/5/2025 6:00,66.6183335
5/5/2025 7:00,60.06166649
5/5/2025 8:00,47.6233331
5/5/2025 9:00,33.25333344
5/5/2025 10:00,28.42500006
5/5/2025 11:00,29.55500002
5/5/2025 12:00,22.03000002
5/5/2025 13:00,21.53666671
5/5/2025 14:00,28.25833337
5/5/2025 15:00,28.08500013
5/5/2025 16:00,32.4600001
5/5/2025 17:00,30.76166662
5/5/2025 18:00,28.89000006
5/5/2025 19:00,37.39333328
5/5/2025 20:00,31.09000028
5/5/2025 21:00,28.54666659
5/5/2025 22:00,37.42166672
5/5/2025 23:00,38.86666686
5/6/2025,35.75084732
5/6/2025 1:00,36.01333319
5/6/2025 2:00,29.10499999
5/6/2025 3:00,31.71833347
5/6/2025 4:00,38.62666658
5/6/2025 5:00,37.99166667
5/6/2025 6:00,58.50166658
5/6/2025 7:00,52.71333338
5/6/2025 8:00,50.18166676
5/6/2025 9:00,45.35333322
5/6/2025 10:00,42.39166654
5/6/2025 11:00,38.40000003
5/6/2025 12:00,44.49047628
5/6/2025 13:00,30.21666673
5/6/2025 14:00,27.26500006
5/6/2025 15:00,33.50333344
5/6/2025 16:00,38.86666648
5/6/2025 17:00,37.9
5/6/2025 18:00,43.05833327
5/6/2025 19:00,53.56999963
5/6/2025 20:00,62.17333336
5/6/2025 21:00,79.44666672
5/6/2025 22:00,65.42833373
5/6/2025 23:00,59.50166651
5/7/2025,61.13999996
5/7/2025 1:00,59.50666682
5/7/2025 2:00,53.11333307
5/7/2025 3:00,60.2866663
5/7/2025 4:00,61.00333341
5/7/2025 5:00,55.7066665
5/7/2025 6:00,60.21500028
5/7/2025 7:00,67.96333249
5/7/2025 8:00,68.64499976
5/7/2025 9:00,53.86500003
5/7/2025 10:00,36.84000003
5/7/2025 11:00,25.70166659
5/7/2025 12:00,20.49672146
5/7/2025 13:00,22.81999995
5/7/2025 14:00,22.79166657
5/7/2025 15:00,21.61000001
5/7/2025 16:00,23.93166653
5/7/2025 17:00,25.27666661
5/7/2025 18:00,29.15666656
5/7/2025 19:00,29.98499997
5/7/2025 20:00,34.0750001
5/7/2025 21:00,41.91333326
5/7/2025 22:00,49.94333344
5/7/2025 23:00,57.18833345
5/8/2025,51.18166656
5/8/2025 1:00,51.06833337
5/8/2025 2:00,44.19333318
5/8/2025 3:00,47.32333342
5/8/2025 4:00,51.16166681
5/8/2025 5:00,63.61000017
5/8/2025 6:00,74.16333332
5/8/2025 7:00,56.06999969
5/8/2025 8:00,46.22166659
5/8/2025 9:00,30.1250001
5/8/2025 10:00,24.80666669
5/8/2025 11:00,26.31333335
5/8/2025 12:00,22.74166667
5/8/2025 13:00,23.01833334
5/8/2025 14:00,24.97833338
5/8/2025 15:00,26.24166683
5/8/2025 16:00,27.80000003
5/8/2025 17:00,29.22666661
5/8/2025 18:00,33.16166703
5/8/2025 19:00,39.05500011
5/8/2025 20:00,44.41333326
5/8/2025 21:00,56.21333345
5/8/2025 22:00,64.46999989
5/8/2025 23:00,67.95333385
5/9/2025,49.98500042
5/9/2025 1:00,44.86166655
5/9/2025 2:00,47.69666672
5/9/2025 3:00,46.43666655
5/9/2025 4:00,56.01166655
5/9/2025 5:00,61.65499999
5/9/2025 6:00,72.17999967
5/9/2025 7:00,71.85245939
5/9/2025 8:00,62.80500018
5/9/2025 9:00,53.92500006
5/9/2025 10:00,42.02833328
5/9/2025 11:00,24.33333327
5/9/2025 12:00,24.99999997
5/9/2025 13:00,24.91833337
5/9/2025 14:00,22.25166658
5/9/2025 15:00,23.96833315
5/9/2025 16:00,23.26500003
5/9/2025 17:00,27.07833341
5/9/2025 18:00,31.94166673
5/9/2025 19:00,38.47000014
5/9/2025 20:00,55.16666667
5/9/2025 21:00,63.37666664
5/9/2025 22:00,65.63666662
5/9/2025 23:00,60.49999994
5/10/2025,58.93833319
5/10/2025 1:00,55.96666679
5/10/2025 2:00,62.95499999
5/10/2025 3:00,53.41833331
5/10/2025 4:00,59.53166676
5/10/2025 5:00,63.63166637
5/10/2025 6:00,72.22166672
5/10/2025 7:00,66.24166673
5/10/2025 8:00,59.47833322
5/10/2025 9:00,48.88999971
5/10/2025 10:00,32.60666688
5/10/2025 11:00,23.44666662
5/10/2025 12:00,21.78333343
5/10/2025 13:00,22.53500004
5/10/2025 14:00,21.13499997
5/10/2025 15:00,17.08999988
5/10/2025 16:00,15.97833338
5/10/2025 17:00,18.9516667
5/10/2025 18:00,25.22666677
5/10/2025 19:00,30.83666662
5/10/2025 20:00,35.92666683
5/10/2025 21:00,35.54333337
5/10/2025 22:00,34.4333333
5/10/2025 23:00,33.24833307
5/11/2025,42.36999995
5/11/2025 1:00,46.44833361
5/11/2025 2:00,47.30000013
5/11/2025 3:00,46.25166664
5/11/2025 4:00,52.78833326
5/11/2025 5:00,58.87499981
5/11/2025 6:00,62.24999955
5/11/2025 7:00,47.92166665
5/11/2025 8:00,43.61000004
5/11/2025 9:00,37.06166674
5/11/2025 10:00,23.7733333
5/11/2025 11:00,25.15666663
5/11/2025 12:00,23.20655716
5/11/2025 13:00,22.07499997
5/11/2025 14:00,21.94833333
5/11/2025 15:00,22.03666677
5/11/2025 16:00,22.95833343
5/11/2025 17:00,23.38833329
5/11/2025 18:00,27.67999996
5/11/2025 19:00,28.58833326
5/11/2025 20:00,28.23499991
5/11/2025 21:00,30.49499985
5/11/2025 22:00,42.53999996
5/11/2025 23:00,37.20833308
5/12/2025,41.86999989
5/12/2025 1:00,43.67333323
5/12/2025 2:00,41.62166684
5/12/2025 3:00,44.78666681
5/12/2025 4:00,43.94666665
5/12/2025 5:00,49.23000031
5/12/2025 6:00,52.77500032
5/12/2025 7:00,57.96833312
5/12/2025 8:00,48.97666677
5/12/2025 9:00,44.61000004
5/12/2025 10:00,29.72999996
5/12/2025 11:00,26.6333334
5/12/2025 12:00,25.71833337
5/12/2025 13:00,23.93606549
5/12/2025 14:00,24.73666662
5/12/2025 15:00,27.29166673
5/12/2025 16:00,31.27500006
5/12/2025 17:00,32.37499997
5/12/2025 18:00,32.22000027
5/12/2025 19:00,39.84833323
5/12/2025 20:00,39.36333351
5/12/2025 21:00,29.10666663
5/12/2025 22:00,25.68666655
5/12/2025 23:00,23.07333336
5/13/2025,24.08333324
5/13/2025 1:00,23.02166659
5/13/2025 2:00,37.68499991
5/13/2025 3:00,43.68166695
5/13/2025 4:00,29.57166656
5/13/2025 5:00,31.25
5/13/2025 6:00,36.07499997
5/13/2025 7:00,35.11833321
5/13/2025 8:00,41.94999981
5/13/2025 9:00,32.83499991
5/13/2025 10:00,35.98333365
5/13/2025 11:00,32.13606562
5/13/2025 12:00,28.99333331
5/13/2025 13:00,30.70666669
5/13/2025 14:00,29.91666654
5/13/2025 15:00,28.43333343
5/13/2025 16:00,29.00333344
5/13/2025 17:00,29.58666671
5/13/2025 18:00,34.95333322
5/13/2025 19:00,35.83166669
5/13/2025 20:00,36.86166687
5/13/2025 21:00,42.06500009
5/13/2025 22:00,43.60833327
5/13/2025 23:00,44.84333344
5/14/2025,43.64166648
5/14/2025 1:00,41.1566665
5/14/2025 2:00,41.79166648
5/14/2025 3:00,44.59500014
5/14/2025 4:00,49.13666668
5/14/2025 5:00,52.78833345
5/14/2025 6:00,60.02166684
5/14/2025 7:00,59.56333332
5/14/2025 8:00,53.07166672
5/14/2025 9:00,47.97166672
5/14/2025 10:00,43.58333333
5/14/2025 11:00,31.26166652
5/14/2025 12:00,28.72499987
5/14/2025 13:00,26.15000003
5/14/2025 14:00,26.08999996
5/14/2025 15:00,26.86500003
5/14/2025 16:00,29.36666667
5/14/2025 17:00,37.7600001
5/14/2025 18:00,37.88666665
5/14/2025 19:00,34.35333328
5/14/2025 20:00,37.46499983
5/14/2025 21:00,35.30862078
5/14/2025 22:00,44.48999996
5/14/2025 23:00,37.98666658
5/15/2025,32.6933335
5/15/2025 1:00,33.51833309
5/15/2025 2:00,29.43666674
5/15/2025 3:00,28.74999994
5/15/2025 4:00,30.92000014
5/15/2025 5:00,38.78666681
5/15/2025 6:00,38.9933335
5/15/2025 7:00,39.07333336
5/15/2025 8:00,39.94500001
5/15/2025 9:00,50.93333327
5/15/2025 10:00,42.11500015
5/15/2025 11:00,30.05000013
5/15/2025 12:00,29.54545463
5/15/2025 13:00,28.82166659
5/15/2025 14:00,28.64999997
5/15/2025 15:00,29.22499994
5/15/2025 16:00,31.2483333
5/15/2025 17:00,33.72833325
5/15/2025 18:00,37.57833341
5/15/2025 19:00,41.95666676
5/15/2025 20:00,43.71833337
5/15/2025 21:00,46.29833336
5/15/2025 22:00,48.51333345
5/15/2025 23:00,46.81333351
5/16/2025,41.1000001
5/16/2025 1:00,36.325
5/16/2025 2:00,36.85499999
5/16/2025 3:00,36.05333335
5/16/2025 4:00,34.57499994
5/16/2025 5:00,39.84500008
5/16/2025 6:00,44.69833342
5/16/2025 7:00,45.04833336
5/16/2025 8:00,39.38500029
5/16/2025 9:00,37.31333345
5/16/2025 10:00,45.41833344
5/16/2025 11:00,52.23225815
5/16/2025 12:00,48.67000008
5/16/2025 13:00,48.07580634
5/16/2025 14:00,48.4766667
5/16/2025 15:00,48.91833324
5/16/2025 16:00,50.71500009
5/16/2025 17:00,55.25166677
5/16/2025 18:00,32.05000003
5/16/2025 19:00,16.08000007
5/16/2025 20:00,20.18333346
5/16/2025 21:00,27.21666676
5/16/2025 22:00,26.35333322
5/16/2025 23:00,32.07166672
5/17/2025,36.32000014
5/17/2025 1:00,37.05573751
5/17/2025 2:00,28.77166678
5/17/2025 3:00,29.63833329
5/17/2025 4:00,37.69333318
5/17/2025 5:00,50.26166655
5/17/2025 6:00,54.10166651
5/17/2025 7:00,55.98333359
5/17/2025 8:00,50.84000003
5/17/2025 9:00,51.60166645
5/17/2025 10:00,51.33999983
5/17/2025 11:00,48.86999995
5/17/2025 12:00,45.94333337
5/17/2025 13:00,44.4483333
5/17/2025 14:00,35.8483332
5/17/2025 15:00,32.59499998
5/17/2025 16:00,38.16833347
5/17/2025 17:00,38.40666669
5/17/2025 18:00,42.68333346
5/17/2025 19:00,47.02666645
5/17/2025 20:00,52.53333314
5/17/2025 21:00,64.4049998
5/17/2025 22:00,58.1233331
5/17/2025 23:00,58.81166655
5/18/2025,62.16999989
5/18/2025 1:00,50.82499994
5/18/2025 2:00,51.05333328
5/18/2025 3:00,39.69833361
5/18/2025 4:00,34.94166683
5/18/2025 5:00,38.36000004
5/18/2025 6:00,39.87666664
5/18/2025 7:00,49.49666665
5/18/2025 8:00,54.08500017
5/18/2025 9:00,42.05666663
5/18/2025 10:00,50.7149999
5/18/2025 11:00,41.89166654
5/18/2025 12:00,36.31666657
5/18/2025 13:00,38.79333337
5/18/2025 14:00,35.42666686
5/18/2025 15:00,33.26666676
5/18/2025 16:00,38.31999982
5/18/2025 17:00,50.81166643
5/18/2025 18:00,61.52999986
5/18/2025 19:00,64.29833323
5/18/2025 20:00,49.2216664
5/18/2025 21:00,56.60999991
5/18/2025 22:00,56.96833324
5/18/2025 23:00,60.09999997
5/19/2025,29.8500001
5/19/2025 1:00,31.8183335
5/19/2025 2:00,31.21333329
5/19/2025 3:00,46.97333355
5/19/2025 4:00,42.09666665
5/19/2025 5:00,41.14666672
5/19/2025 6:00,56.21833293
5/19/2025 7:00,51.33833332
5/19/2025 8:00,40.76833356
5/19/2025 9:00,32.51000007
5/19/2025 10:00,29.62698407
5/19/2025 11:00,31.97301574
5/19/2025 12:00,32.49090911
5/19/2025 13:00,33.10666666
5/19/2025 14:00,30.50333338
5/19/2025 15:00,31.55833321
5/19/2025 16:00,35.87833316
5/19/2025 17:00,40.6733333
5/19/2025 18:00,42.48500004
5/19/2025 19:00,50.34166667
5/19/2025 20:00,50.89666672
5/19/2025 21:00,51.42166678
5/19/2025 22:00,37.00500005
5/19/2025 23:00,38.66666663
5/20/2025,26.34833333
5/20/2025 1:00,24.03499994
5/20/2025 2:00,19.31333334
5/20/2025 3:00,5.318333332
5/20/2025 4:00,6.663333313
5/20/2025 5:00,8.986666711
5/20/2025 6:00,16.40333333
5/20/2025 7:00,23.84833318
5/20/2025 8:00,24.06000004
5/20/2025 9:00,18.88999993
5/20/2025 10:00,23.19500016
5/20/2025 11:00,26.22166665
5/20/2025 12:00,30.06833324
5/20/2025 13:00,34.29833326
5/20/2025 14:00,36.62999992
5/20/2025 15:00,33.88999996
5/20/2025 16:00,40.35666666
5/20/2025 17:00,42.05999985
5/20/2025 18:00,45.05666676
5/20/2025 19:00,45.33166676
5/20/2025 20:00,46.43833326
5/20/2025 21:00,34.56333326
5/20/2025 22:00,38.06999995
5/20/2025 23:00,37.67999999
5/21/2025,33.69499995
5/21/2025 1:00,34.55000003
5/21/2025 2:00,33.85166658
5/21/2025 3:00,34.00999997
5/21/2025 4:00,39.27166659
5/21/2025 5:00,40.56333338
5/21/2025 6:00,42.12499987
5/21/2025 7:00,34.38833351
5/21/2025 8:00,31.91833347
5/21/2025 9:00,31.86166665
5/21/2025 10:00,35.23833323
5/21/2025 11:00,36.85166677
5/21/2025 12:00,27.6083333
5/21/2025 13:00,27.00833337
5/21/2025 14:00,29.62131156
5/21/2025 15:00,27.35333325
5/21/2025 16:00,18.45166672
5/21/2025 17:00,13.13333337
5/21/2025 18:00,17.83166661
5/21/2025 19:00,49.8216663
5/21/2025 20:00,50.3049998
5/21/2025 21:00,47.12295088
5/21/2025 22:00,44.84166667
5/21/2025 23:00,49.54666665
5/22/2025,41.17666658
5/22/2025 1:00,39.74000022
5/22/2025 2:00,32.26999992
5/22/2025 3:00,39.6266669
5/22/2025 4:00,43.02166665
5/22/2025 5:00,45.95999978
5/22/2025 6:00,54.54333337
5/22/2025 7:00,44.46500003
5/22/2025 8:00,41.70833343
5/22/2025 9:00,27.52166675
5/22/2025 10:00,26.04666672
5/22/2025 11:00,24.40983605
5/22/2025 12:00,17.09166656
5/22/2025 13:00,23.63278695
5/22/2025 14:00,21.27166678
5/22/2025 15:00,23.04999994
5/22/2025 16:00,24.76499996
5/22/2025 17:00,25.69499995
5/22/2025 18:00,30.20666669
5/22/2025 19:00,35.15999997
5/22/2025 20:00,36.64333359
5/22/2025 21:00,35.94499992
5/22/2025 22:00,40.30999994
5/22/2025 23:00,36.03000005
5/23/2025,30.60166674
5/23/2025 1:00,19.06666654
5/23/2025 2:00,20.8666667
5/23/2025 3:00,20.63500007
5/23/2025 4:00,23.06999998
5/23/2025 5:00,33.77000011
5/23/2025 6:00,43.38333333
5/23/2025 7:00,35.05333325
5/23/2025 8:00,29.41666663
5/23/2025 9:00,33.97333333
5/23/2025 10:00,35.82000004
5/23/2025 11:00,31.58166669
5/23/2025 12:00,26.02499997
5/23/2025 13:00,22.96333332
5/23/2025 14:00,30.21333332
5/23/2025 15:00,25.26499996
5/23/2025 16:00,21.74166663
5/23/2025 17:00,32.50666644
5/23/2025 18:00,30.63000008
5/23/2025 19:00,34.55166651
5/23/2025 20:00,29.64333334
5/23/2025 21:00,28.21333332
5/23/2025 22:00,26.21500006
5/23/2025 23:00,23.55000003
5/24/2025,22.27333323
5/24/2025 1:00,20.74333331
5/24/2025 2:00,20.95666669
5/24/2025 3:00,20.67166664
5/24/2025 4:00,20.04499998
5/24/2025 5:00,27.90666666
5/24/2025 6:00,26.77666648
5/24/2025 7:00,31.45666663
5/24/2025 8:00,33.23500004
5/24/2025 9:00,27.72000004
5/24/2025 10:00,22.58500001
5/24/2025 11:00,27.38166663
5/24/2025 12:00,24.36833328
5/24/2025 13:00,20.87666683
5/24/2025 14:00,22.67833331
5/24/2025 15:00,19.27049179
5/24/2025 16:00,18.24833323
5/24/2025 17:00,21.72333328
5/24/2025 18:00,23.13666665
5/24/2025 19:00,30.81166665
5/24/2025 20:00,37.91500003
5/24/2025 21:00,38.9249999
5/24/2025 22:00,38.94833342
5/24/2025 23:00,43.18500023
5/25/2025,37.78666658
5/25/2025 1:00,40.79000003
5/25/2025 2:00,37.74333337
5/25/2025 3:00,38.27500013
5/25/2025 4:00,41.2666666
5/25/2025 5:00,47.91833318
5/25/2025 6:00,48.8016667
5/25/2025 7:00,50.62999986
5/25/2025 8:00,48.29166679
5/25/2025 9:00,44.12666664
5/25/2025 10:00,35.02166669
5/25/2025 11:00,32.40967726
5/25/2025 12:00,24.47499994
5/25/2025 13:00,21.85333328
5/25/2025 14:00,19.78166679
5/25/2025 15:00,19.13666666
5/25/2025 16:00,24.10166677
5/25/2025 17:00,30.79333331
5/25/2025 18:00,29.93166669
5/25/2025 19:00,34.23833345
5/25/2025 20:00,39.49000015
5/25/2025 21:00,43.01333338
5/25/2025 22:00,39.30333331
5/25/2025 23:00,42.37499981
5/26/2025,45.01333345
5/26/2025 1:00,33.53500007
5/26/2025 2:00,26.36666654
5/26/2025 3:00,23.40000003
5/26/2025 4:00,29.5083333
5/26/2025 5:00,32.51333338
5/26/2025 6:00,35.23166679
5/26/2025 7:00,40.78999996
5/26/2025 8:00,31.40166674
5/26/2025 9:00,18.66000001
5/26/2025 10:00,22.96406248
5/26/2025 11:00,16.90634923
5/26/2025 12:00,13.87936501
5/26/2025 13:00,16.20166667
5/26/2025 14:00,15.10666671
5/26/2025 15:00,16.89180327
5/26/2025 16:00,13.75645158
5/26/2025 17:00,15.07666663
5/26/2025 18:00,16.9616666
5/26/2025 19:00,17.22166665
5/26/2025 20:00,13.16999997
5/26/2025 21:00,14.09000007
5/26/2025 22:00,12.53166661
5/26/2025 23:00,9.909999983
5/27/2025,9.235000022
5/27/2025 1:00,8.638333352
5/27/2025 2:00,10.29499993
5/27/2025 3:00,9.106666692
5/27/2025 4:00,10.84166659
5/27/2025 5:00,13.83333335
5/27/2025 6:00,20.67166669
5/27/2025 7:00,13.3166667
5/27/2025 8:00,14.50000002
5/27/2025 9:00,14.6933334
5/27/2025 10:00,12.51166666
5/27/2025 11:00,12.87500002
5/27/2025 12:00,10.4295081
5/27/2025 13:00,10.43999994
5/27/2025 14:00,9.461666663
5/27/2025 15:00,9.350000016
5/27/2025 16:00,10.11967217
5/27/2025 17:00,11.02333344
5/27/2025 18:00,11.81833331
5/27/2025 19:00,15.50499999
5/27/2025 20:00,15.00666664
5/27/2025 21:00,21.12166669
5/27/2025 22:00,26.04666659
5/27/2025 23:00,27.80666666
5/28/2025,24.99333337
5/28/2025 1:00,21.9649999
5/28/2025 2:00,18.97500013
5/28/2025 3:00,17.59500011
5/28/2025 4:00,19.76999998
5/28/2025 5:00,26.34000003
5/28/2025 6:00,27.96499999
5/28/2025 7:00,25.15333328
5/28/2025 8:00,19.65166666
5/28/2025 9:00,21.63166666
5/28/2025 10:00,18.71333329
5/28/2025 11:00,13.37999999
5/28/2025 12:00,13.03225805
5/28/2025 13:00,10.96500003
5/28/2025 14:00,11.43499996
5/28/2025 15:00,11.17999999
5/28/2025 16:00,11.77166667
5/28/2025 17:00,13.38999999
5/28/2025 18:00,15.00333335
5/28/2025 19:00,19.34333331
5/28/2025 20:00,16.32666666
5/28/2025 21:00,21.04999995
5/28/2025 22:00,20.85333343
5/28/2025 23:00,13.21499999
5/29/2025,6.950000016
5/29/2025 3:00,12.28166669
5/29/2025 4:00,14.71666671
5/29/2025 5:00,16.11833336
5/29/2025 6:00,22.58666668
5/29/2025 7:00,26.28333327
5/29/2025 8:00,27.45166664
5/29/2025 9:00,21.98333344
5/29/2025 10:00,9.360000086
5/29/2025 11:00,8.436666695
5/29/2025 12:00,7.330000011
5/29/2025 13:00,7.061666679
5/29/2025 14:00,8.523333399
5/29/2025 15:00,10.89499999
5/29/2025 16:00,11.34500003
5/29/2025 17:00,13.96333329
5/29/2025 18:00,15.7883333
5/29/2025 19:00,17.52666664
5/29/2025 20:00,19.16333338
5/29/2025 21:00,23.57499997
5/29/2025 22:00,20.28166672
5/29/2025 23:00,15.72666674
5/30/2025,6.455000011
5/30/2025 1:00,7.131666644
5/30/2025 2:00,8.706666644
5/30/2025 3:00,7.523333351
5/30/2025 4:00,7.383333349
5/30/2025 5:00,9.736666648
5/30/2025 6:00,13.29666664
5/30/2025 7:00,13.51833331
5/30/2025 8:00,12.61500007
5/30/2025 9:00,11.04500007
5/30/2025 10:00,10.542623
5/30/2025 11:00,10.39180333
5/30/2025 12:00,9.746666694
5/30/2025 13:00,12.22333333
5/30/2025 14:00,12.28666671
5/30/2025 15:00,12.71833336
5/30/2025 16:00,14.53833332
5/30/2025 17:00,18.04833339
5/30/2025 18:00,20.06166663
5/30/2025 19:00,22.94166676
5/30/2025 20:00,18.29333334
5/30/2025 21:00,21.32666667
5/30/2025 22:00,25.39333337
5/30/2025 23:00,21.97500014
5/31/2025,21.2466667
5/31/2025 1:00,16.34666672
5/31/2025 2:00,17.88000007
5/31/2025 3:00,22.21833336
5/31/2025 4:00,18.9683334
5/31/2025 5:00,24.11666673
5/31/2025 6:00,26.99333321
5/31/2025 7:00,47.56333345
5/31/2025 8:00,37.43333314
5/31/2025 9:00,33.18166663
5/31/2025 10:00,36.49666653
5/31/2025 11:00,42.1
5/31/2025 12:00,47.62166672
5/31/2025 13:00,42.15333322
5/31/2025 14:00,36.32500006
5/31/2025 15:00,37.60000019
5/31/2025 16:00,32.36721308
5/31/2025 17:00,32.05333344
5/31/2025 18:00,36.81333319
5/31/2025 19:00,38.51666654
5/31/2025 20:00,41.36500009
5/31/2025 21:00,44.07333336
5/31/2025 22:00,27.97499994
5/31/2025 23:00,27.8033333
6/1/2025,27.44999987
6/1/2025 1:00,28.32000001
6/1/2025 2:00,24.94166673
6/1/2025 3:00,30.3450003
6/1/2025 4:00,29.86499996
6/1/2025 5:00,44.39833339
6/1/2025 6:00,47.21833324
6/1/2025 7:00,45.47166672
6/1/2025 8:00,43.28833345
6/1/2025 9:00,46.94833342
6/1/2025 10:00,49.09333337
6/1/2025 11:00,42.25999972
6/1/2025 12:00,40.05833352
6/1/2025 13:00,38.37666645
6/1/2025 14:00,35.90833321
6/1/2025 15:00,34.8433334
6/1/2025 16:00,36.13166663
6/1/2025 17:00,39.53166669
6/1/2025 18:00,42.74666672
6/1/2025 19:00,36.01500006
6/1/2025 20:00,27.48499997
6/1/2025 21:00,26.44499998
6/1/2025 22:00,35.90999994
6/1/2025 23:00,42.40666669
6/2/2025,39.19166667
6/2/2025 1:00,43.12000001
6/2/2025 2:00,44.75333335
6/2/2025 3:00,40.43999996
6/2/2025 4:00,45.13999983
6/2/2025 5:00,42.29500001
6/2/2025 6:00,57.69166629
6/2/2025 7:00,47.2666666
6/2/2025 8:00,53.32166691
6/2/2025 9:00,50.5233333
6/2/2025 10:00,42.95666676
6/2/2025 11:00,37.63174614
6/2/2025 12:00,39.7704918
6/2/2025 13:00,39.501613
6/2/2025 14:00,36.85833359
6/2/2025 15:00,40.97999992
6/2/2025 16:00,39.71666648
6/2/2025 17:00,41.17833341
6/2/2025 18:00,41.17500006
6/2/2025 19:00,40.56333351
6/2/2025 20:00,40.99500001
6/2/2025 21:00,43.40666669
6/2/2025 22:00,44.35000019
6/2/2025 23:00,47.21500009
6/3/2025,46.78833326
6/3/2025 1:00,51.7350001
6/3/2025 2:00,54.75833346
6/3/2025 3:00,47.22000001
6/3/2025 4:00,57.16166623
6/3/2025 5:00,63.26500003
6/3/2025 6:00,65.85833346
6/3/2025 7:00,61.73499997
6/3/2025 8:00,54.08666674
6/3/2025 9:00,46.99666653
6/3/2025 10:00,47.04333344
6/3/2025 11:00,45.0387097
6/3/2025 12:00,45.70983593
6/3/2025 13:00,45.9566665
6/3/2025 14:00,46.19666672
6/3/2025 15:00,42.12833322
6/3/2025 16:00,40.40333341
6/3/2025 17:00,45.51833331
6/3/2025 18:00,50.55333354
6/3/2025 19:00,52.71166681
6/3/2025 20:00,64.66333294
6/3/2025 21:00,61.62333323
6/3/2025 22:00,71.81999989
6/3/2025 23:00,55.15166632
6/4/2025,45.05833321
6/4/2025 1:00,53.3683335
6/4/2025 2:00,46.8333334
6/4/2025 3:00,42.17500013
6/4/2025 4:00,39.56499983
6/4/2025 5:00,47.19500001
6/4/2025 6:00,56.17833341
6/4/2025 7:00,52.38333321
6/4/2025 8:00,46.6816665
6/4/2025 9:00,56.51166662
6/4/2025 10:00,42.39016408
6/4/2025 11:00,31.32968742
6/4/2025 12:00,22.68870981
6/4/2025 13:00,24.85500002
6/4/2025 14:00,26.20000006
6/4/2025 15:00,26.05245903
6/4/2025 16:00,33.24166673
6/4/2025 17:00,28.78333346
6/4/2025 18:00,23.03500004
6/4/2025 19:00,57.28000024
6/4/2025 20:00,42.4316665
6/4/2025 21:00,44.37666658
6/4/2025 22:00,36.44000006
6/4/2025 23:00,27.82333323
6/5/2025,32.80333338
6/5/2025 1:00,28.53499991
6/5/2025 2:00,33.13333337
6/5/2025 3:00,42.63499997
6/5/2025 4:00,38.87166659
6/5/2025 5:00,48.94833323
6/5/2025 6:00,54.17333336
6/5/2025 7:00,50.0733333
6/5/2025 8:00,47.50666656
6/5/2025 9:00,39.30166645
6/5/2025 10:00,32.39833345
6/5/2025 11:00,30.61500003
6/5/2025 12:00,27.11451607
6/5/2025 13:00,24.75666656
6/5/2025 14:00,23.59833336
6/5/2025 15:00,23.1666666
6/5/2025 16:00,21.61833331
6/5/2025 17:00,25.34166663
6/5/2025 18:00,29.68333337
6/5/2025 19:00,34.46666638
6/5/2025 20:00,34.07833338
6/5/2025 21:00,28.14499998
6/5/2025 22:00,15.65333339
6/5/2025 23:00,19.39000004
6/6/2025,24.37333333
6/6/2025 1:00,28.25166661
6/6/2025 2:00,18.26500009
6/6/2025 3:00,26.89666665
6/6/2025 4:00,31.43333324
6/6/2025 5:00,44.93166656
6/6/2025 6:00,47.55499986
6/6/2025 7:00,42.3200002
6/6/2025 8:00,34.60666676
6/6/2025 9:00,30.55499999
6/6/2025 10:00,22.90999997
6/6/2025 11:00,21.29499995
6/6/2025 12:00,19.80166661
6/6/2025 13:00,21.51833337
6/6/2025 14:00,22.10666669
6/6/2025 15:00,20.50333344
6/6/2025 16:00,21.46333319
6/6/2025 17:00,25.08166669
6/6/2025 18:00,29.12833341
6/6/2025 19:00,34.65499983
6/6/2025 20:00,42.81499987
6/6/2025 21:00,49.29499995
6/6/2025 22:00,51.51833318
6/6/2025 23:00,48.69166686
6/7/2025,48.73499985
6/7/2025 1:00,42.7950002
6/7/2025 2:00,34.75833327
6/7/2025 3:00,30.4833334
6/7/2025 4:00,40.46666683
6/7/2025 5:00,56.8933335
6/7/2025 6:00,51.91333326
6/7/2025 7:00,52.93500017
6/7/2025 8:00,41.42666677
6/7/2025 9:00,32.08166676
6/7/2025 10:00,27.03499994
6/7/2025 11:00,26.78499994
6/7/2025 12:00,25.46833334
6/7/2025 13:00,22.97666674
6/7/2025 14:00,21.76833324
6/7/2025 15:00,22.5316665
6/7/2025 16:00,21.99836062
6/7/2025 17:00,23.91333326
6/7/2025 18:00,26.57833328
6/7/2025 19:00,31.82666667
6/7/2025 20:00,34.2833333
6/7/2025 21:00,36.4566665
6/7/2025 22:00,43.26833331
6/7/2025 23:00,46.32166634
6/8/2025,38.44333363
6/8/2025 1:00,36.1766667
6/8/2025 2:00,35.79666665
6/8/2025 3:00,37.78333346
6/8/2025 4:00,40.9850001
6/8/2025 5:00,49.92166678
6/8/2025 6:00,58.46666686
6/8/2025 7:00,51.98666649
6/8/2025 8:00,45.91999982
6/8/2025 9:00,46.63499991
6/8/2025 10:00,35.19833355
6/8/2025 11:00,31.00983598
6/8/2025 12:00,26.49833345
6/8/2025 13:00,20.44500004
6/8/2025 14:00,22.54999987
6/8/2025 15:00,25.64333337
6/8/2025 16:00,29.08499985
6/8/2025 17:00,31.72622962
6/8/2025 18:00,34.71166643
6/8/2025 19:00,38.49333356
6/8/2025 20:00,39.36666654
6/8/2025 21:00,39.08166663
6/8/2025 22:00,39.2083334
6/8/2025 23:00,47.11666654
6/9/2025,49.29333324
6/9/2025 1:00,46.71833337
6/9/2025 2:00,45.98666643
6/9/2025 3:00,48.44333324
6/9/2025 4:00,50.02499975
6/9/2025 5:00,53.63666687
6/9/2025 6:00,54.5583334
6/9/2025 7:00,46.88333333
6/9/2025 8:00,41.40499973
6/9/2025 9:00,37.76166668
6/9/2025 10:00,41.57096758
6/9/2025 11:00,38.74000009
6/9/2025 12:00,33.10166655
6/9/2025 13:00,37.39016383
6/9/2025 14:00,32.11333335
6/9/2025 15:00,32.51333329
6/9/2025 16:00,33.16833353
6/9/2025 17:00,35.11666679
6/9/2025 18:00,40.5016667
6/9/2025 19:00,46.35166651
6/9/2025 20:00,47.03833326
6/9/2025 21:00,48.8399999
6/9/2025 22:00,51.43666643
6/9/2025 23:00,51.75999991
6/10/2025,55.64500001
6/10/2025 1:00,54.51499996
6/10/2025 2:00,52.47333323
6/10/2025 3:00,52.19333318
6/10/2025 4:00,53.27500013
6/10/2025 5:00,62.04833342
6/10/2025 6:00,68.58166676
6/10/2025 7:00,63.48166656
6/10/2025 8:00,56.01666673
6/10/2025 9:00,44.7450002
6/10/2025 10:00,44.74000003
6/10/2025 11:00,42.2950819
6/10/2025 12:00,41.23968245
6/10/2025 13:00,43.12333342
6/10/2025 14:00,41.66666654
6/10/2025 15:00,42.64833323
6/10/2025 16:00,41.96999995
6/10/2025 17:00,39.09166663
6/10/2025 18:00,47.1516667
6/10/2025 19:00,51.82499994
6/10/2025 20:00,29.76000004
6/10/2025 21:00,26.25333331
6/10/2025 22:00,34.58333317
6/10/2025 23:00,39.68666636
6/11/2025,39.50833333
6/11/2025 1:00,37.91166662
6/11/2025 2:00,44.39666659
6/11/2025 3:00,41.61833356
6/11/2025 4:00,46.425
6/11/2025 5:00,53.48166688
6/11/2025 6:00,59.70000025
6/11/2025 7:00,53.0266667
6/11/2025 8:00,55.60333341
6/11/2025 9:00,50.28833332
6/11/2025 10:00,44.08166676
6/11/2025 11:00,41.45409819
6/11/2025 12:00,38.01166693
6/11/2025 13:00,41.14166654
6/11/2025 14:00,46.24166679
6/11/2025 15:00,39.21166674
6/11/2025 16:00,43.1916666
6/11/2025 17:00,41.76666654
6/11/2025 18:00,44.19499976
6/11/2025 19:00,40.52499997
6/11/2025 20:00,35.12666651
6/11/2025 21:00,40.09999994
6/11/2025 22:00,40.51833312
6/11/2025 23:00,41.9516667
6/12/2025,41.3416666
6/12/2025 1:00,46.80500011
6/12/2025 2:00,46.48166669
6/12/2025 3:00,45.79833336
6/12/2025 4:00,47.52999999
6/12/2025 5:00,50.82833322
6/12/2025 6:00,51.95666656
6/12/2025 7:00,52.65666644
6/12/2025 8:00,41.84833355
6/12/2025 9:00,38.18333327
6/12/2025 10:00,35.94333334
6/12/2025 11:00,30.96166665
6/12/2025 12:00,31.95333341
6/12/2025 13:00,29.99666665
6/12/2025 14:00,34.98500001
6/12/2025 15:00,21.91833344
6/12/2025 16:00,30.37333326
6/12/2025 17:00,28.42833354
6/12/2025 18:00,48.15499999
6/12/2025 19:00,47.22166691
6/12/2025 20:00,46.41999982
6/12/2025 21:00,56.88333346
6/12/2025 22:00,58.28166663
6/12/2025 23:00,49.61333338
6/13/2025,47.9583334
6/13/2025 1:00,50.45500024
6/13/2025 2:00,47.29833317
6/13/2025 3:00,50.27166697
6/13/2025 4:00,52.12000014
6/13/2025 5:00,56.13333365
6/13/2025 6:00,52.43166695
6/13/2025 7:00,57.14833349
6/13/2025 8:00,49.80666644
6/13/2025 9:00,43.46833337
6/13/2025 10:00,40.08833351
6/13/2025 11:00,35.46000013
6/13/2025 12:00,30.31833331
6/13/2025 13:00,27.21499996
6/13/2025 14:00,30.85666676
6/13/2025 15:00,35.73499982
6/13/2025 16:00,20.60166663
6/13/2025 17:00,40.2822581
6/13/2025 18:00,56.42000058
6/13/2025 19:00,48.93333346
6/13/2025 20:00,60.59333337
6/13/2025 21:00,61.37333336
6/13/2025 22:00,53.14333331
6/13/2025 23:00,51.01833318
6/14/2025,47.38166663
6/14/2025 1:00,41.1733333
6/14/2025 2:00,39.54833355
6/14/2025 3:00,47.21833337
6/14/2025 4:00,44.91499996
6/14/2025 5:00,52.70000032
6/14/2025 6:00,48.89333344
6/14/2025 7:00,46.4233331
6/14/2025 8:00,49.86166674
6/14/2025 9:00,44.42666658
6/14/2025 10:00,25.1083333
6/14/2025 11:00,23.70999997
6/14/2025 12:00,21.5683334
6/14/2025 13:00,21.61833328
6/14/2025 14:00,21.3983332
6/14/2025 15:00,23.54500017
6/14/2025 16:00,23.30499996
6/14/2025 17:00,24.39166679
6/14/2025 18:00,28.15333335
6/14/2025 19:00,31.14166654
6/14/2025 20:00,27.64666656
6/14/2025 21:00,27.26499996
6/14/2025 22:00,20.55166664
6/14/2025 23:00,27.57333349
6/15/2025,27.66333345
6/15/2025 1:00,27.85500018
6/15/2025 2:00,26.01500006
6/15/2025 3:00,29.18833319
6/15/2025 4:00,25.34666662
6/15/2025 5:00,25.27833325
6/15/2025 6:00,22.55166651
6/15/2025 7:00,25.20833327
6/15/2025 8:00,34.34833326
6/15/2025 9:00,29.39999994
6/15/2025 10:00,39.0333334
6/15/2025 11:00,37.97666655
6/15/2025 12:00,40.41311474
6/15/2025 13:00,24.95166655
6/15/2025 14:00,27.08333327
6/15/2025 15:00,31.08833326
6/15/2025 16:00,33.30499983
6/15/2025 17:00,32.84999994
6/15/2025 18:00,32.62999996
6/15/2025 19:00,33.8999999
6/15/2025 20:00,28.22999989
6/15/2025 21:00,24.07833338
6/15/2025 22:00,21.26999995
6/15/2025 23:00,23.78666665
6/16/2025,21.89666669
6/16/2025 1:00,20.42833335
6/16/2025 2:00,20.81333332
6/16/2025 3:00,19.73166666
6/16/2025 4:00,21.60166664
6/16/2025 5:00,22.86833328
6/16/2025 6:00,23.9833333
6/16/2025 7:00,29.88833319
6/16/2025 8:00,33.94999994
6/16/2025 9:00,33.57500029
6/16/2025 10:00,30.29014072
6/16/2025 11:00,29.85405401
6/16/2025 12:00,22.17499997
6/16/2025 13:00,21.22741939
6/16/2025 14:00,20.72500002
6/16/2025 15:00,25.65833329
6/16/2025 16:00,57.76874992
6/16/2025 17:00,26.41666667
6/16/2025 18:00,30.83770492
6/16/2025 19:00,39.54833333
6/16/2025 20:00,37.44166676
6/16/2025 21:00,26.22500019
6/16/2025 22:00,18.43666662
6/16/2025 23:00,19.49833345
6/17/2025,15.77833331
6/17/2025 1:00,9.393333332
6/17/2025 2:00,7.678333346
6/17/2025 3:00,9.391666659
6/17/2025 4:00,8.863333344
6/17/2025 5:00,13.7533333
6/17/2025 6:00,15.17833335
6/17/2025 7:00,27.35333328
6/17/2025 8:00,27.03500001
6/17/2025 9:00,25.78499991
6/17/2025 10:00,21.83166666
6/17/2025 11:00,19.80483873
6/17/2025 12:00,15.46718746
6/17/2025 13:00,13.81967208
6/17/2025 14:00,11.3833333
6/17/2025 15:00,10.48666666
6/17/2025 16:00,10.98474581
6/17/2025 17:00,10.74354836
6/17/2025 18:00,10.00819673
6/17/2025 19:00,9.864999994
6/17/2025 20:00,11.59000003
6/17/2025 21:00,15.03499994
6/17/2025 22:00,13.7233333
6/17/2025 23:00,10.595
6/18/2025,12.21166671
6/18/2025 1:00,11.70666664
6/18/2025 2:00,9.983333341
6/18/2025 3:00,6.53166672
6/18/2025 4:00,8.781666692
6/18/2025 5:00,7.939999994
6/18/2025 6:00,11.11500002
6/18/2025 7:00,11.08000003
6/18/2025 8:00,10.52666665
6/18/2025 9:00,11.32666668
6/18/2025 10:00,9.766666683
6/18/2025 11:00,10.685
6/18/2025 12:00,8.968254006
6/18/2025 13:00,8.351666681
6/18/2025 14:00,8.398333367
6/18/2025 15:00,9.266666683
6/18/2025 16:00,11.37377048
6/18/2025 17:00,11.39499997
6/18/2025 18:00,14.41833328
6/18/2025 19:00,14.49666672
6/18/2025 20:00,12.98666666
6/18/2025 21:00,10.67666668
6/18/2025 22:00,11.77666664
6/18/2025 23:00,11.08833333
6/19/2025,7.390000025
6/19/2025 1:00,9.591666667
6/19/2025 2:00,9.443333371
6/19/2025 3:00,10.74166665
6/19/2025 4:00,10.19166669
6/19/2025 5:00,11.37500001
6/19/2025 6:00,14.46333335
6/19/2025 7:00,13.08666666
6/19/2025 8:00,14.18166668
6/19/2025 9:00,13.26000001
6/19/2025 10:00,13.10999997
6/19/2025 11:00,14.23934422
6/19/2025 12:00,10.1403226
6/19/2025 13:00,8.970491847
6/19/2025 14:00,9.563333313
6/19/2025 15:00,9.84666667
6/19/2025 16:00,12.17000003
6/19/2025 17:00,10.48000003
6/19/2025 18:00,10.16333341
6/19/2025 19:00,11.45999999
6/19/2025 20:00,9.250000079
6/19/2025 21:00,9.564999962
6/19/2025 22:00,7.589999962
6/19/2025 23:00,5.738333317
6/20/2025,6.103333362
6/20/2025 1:00,6.188333384
6/20/2025 2:00,8.018333371
6/20/2025 3:00,4.733333333
6/20/2025 4:00,6.063333297
6/20/2025 5:00,5.883333333
6/20/2025 6:00,8.668333324
6/20/2025 7:00,9.936666671
6/20/2025 8:00,13.0883333
6/20/2025 9:00,11.16666666
6/20/2025 10:00,11.18
6/20/2025 11:00,9.548333335
6/20/2025 12:00,6.908333329
6/20/2025 13:00,7.261666644
6/20/2025 14:00,7.883333302
6/20/2025 15:00,11.13500005
6/20/2025 16:00,14.23999996
6/20/2025 17:00,12.2633333
6/20/2025 18:00,12.90333338
6/20/2025 19:00,15.42295074
6/20/2025 20:00,14.44833335
6/20/2025 21:00,13.28333338
6/20/2025 22:00,19.675
6/20/2025 23:00,8.569999997
6/21/2025,6.795000001
6/21/2025 1:00,3.809999979
6/21/2025 2:00,6.725000048
6/21/2025 3:00,4.464999974
6/21/2025 4:00,3.094999997
6/21/2025 5:00,4.660000002
6/21/2025 6:00,12.38
6/21/2025 7:00,14.47666663
6/21/2025 8:00,18.96833342
6/21/2025 9:00,17.64500006
6/21/2025 10:00,12.27500002
6/21/2025 11:00,8.958333341
6/21/2025 12:00,11.61833331
6/21/2025 13:00,7.758333365
6/21/2025 14:00,7.061666671
6/21/2025 15:00,6.975000008
6/21/2025 16:00,9.190000073
6/21/2025 17:00,13.76499998
6/21/2025 18:00,19.46833332
6/21/2025 19:00,19.43278691
6/21/2025 20:00,19.13499999
6/21/2025 21:00,14.42833336
6/21/2025 22:00,12.76333332
6/21/2025 23:00,13.8566666
6/22/2025,14.87166672
6/22/2025 1:00,11.96000004
6/22/2025 2:00,14.63000007
6/22/2025 3:00,14.46333329
6/22/2025 4:00,13.19666661
6/22/2025 5:00,19.99166657
6/22/2025 6:00,27.43999985
6/22/2025 7:00,17.0883334
6/22/2025 8:00,13.87000001
6/22/2025 9:00,14.05833337
6/22/2025 10:00,15.21999998
6/22/2025 11:00,17.45333333
6/22/2025 12:00,14.15999999
6/22/2025 13:00,11.71803274
6/22/2025 14:00,14.0416667
6/22/2025 15:00,16.37000004
6/22/2025 16:00,18.14999997
6/22/2025 17:00,15.4866667
6/22/2025 18:00,28.0983333
6/22/2025 19:00,23.09666678
6/22/2025 20:00,25.36333342
6/22/2025 21:00,27.4933334
6/22/2025 22:00,11.75499997
6/22/2025 23:00,5.108333317
6/23/2025,6.311666632
6/23/2025 1:00,5.993333332
6/23/2025 2:00,7.800000016
6/23/2025 3:00,7.803333354
6/23/2025 4:00,11.76
6/23/2025 5:00,14.44500004
6/23/2025 6:00,18.41333334
6/23/2025 7:00,19.64333347
6/23/2025 8:00,19.57999992
6/23/2025 9:00,10.36666667
6/23/2025 10:00,9.758333254
6/23/2025 11:00,9.013114687
6/23/2025 12:00,11.18166672
6/23/2025 13:00,16.12333323
6/23/2025 14:00,16.74833322
6/23/2025 15:00,11.84666664
6/23/2025 16:00,12.09666672
6/23/2025 17:00,15.98999999
6/23/2025 18:00,15.3550001
6/23/2025 19:00,14.41833334
6/23/2025 20:00,12.15000005
6/23/2025 21:00,12.74666672
6/23/2025 22:00,12.3133333
6/23/2025 23:00,15.57333337
6/24/2025,11.61833332
6/24/2025 1:00,13.05166673
6/24/2025 2:00,12.81166668
6/24/2025 3:00,4.621666658
6/24/2025 4:00,5.863333352
6/24/2025 5:00,7.260000014
6/24/2025 6:00,21.44833333
6/24/2025 7:00,24.80545469
6/24/2025 9:00,8.059999983
6/24/2025 10:00,9.225000008
6/24/2025 11:00,11.92500001
6/24/2025 12:00,9.899999992
6/24/2025 13:00,11.45483871
6/24/2025 14:00,15.14500004
6/24/2025 15:00,15.72833331
6/24/2025 16:00,16.65499996
6/24/2025 17:00,12.33333326
6/24/2025 18:00,9.466666643
6/24/2025 19:00,19.59833325
6/24/2025 20:00,28.11500012
6/24/2025 21:00,19.4516667
6/24/2025 22:00,17.7583334
6/24/2025 23:00,8.795000005
6/25/2025,8.523333383
6/25/2025 1:00,6.089999986
6/25/2025 2:00,5.868333316
6/25/2025 3:00,5.905000019
6/25/2025 4:00,8.599999992
6/25/2025 5:00,15.405
6/25/2025 6:00,21.90833338
6/25/2025 7:00,18.35333339
6/25/2025 8:00,19.80166677
6/25/2025 9:00,12.82166666
6/25/2025 10:00,8.783333389
6/25/2025 11:00,11.61000003
6/25/2025 12:00,7.578688489
6/25/2025 13:00,11.89180329
6/25/2025 14:00,12.50166667
6/25/2025 15:00,11.10806454
6/25/2025 16:00,12.23500001
6/25/2025 17:00,11.48166668
6/25/2025 18:00,15.89833337
6/25/2025 19:00,18.23833334
6/25/2025 20:00,15.13500005
6/25/2025 21:00,10.67333333
6/25/2025 22:00,4.813333348
6/25/2025 23:00,6.215000014
6/26/2025,6.569999997
6/26/2025 1:00,5.076666677
6/26/2025 2:00,8.078333314
6/26/2025 3:00,8.886666671
6/26/2025 4:00,8.186666695
6/26/2025 5:00,11.40666669
6/26/2025 6:00,15.29500004
6/26/2025 7:00,15.575
6/26/2025 8:00,19.08000002
6/26/2025 9:00,14.58166658
6/26/2025 10:00,18.40000002
6/26/2025 11:00,18.38852456
6/26/2025 12:00,16.65238108
6/26/2025 13:00,12.83666666
6/26/2025 14:00,10.66500003
6/26/2025 15:00,11.1416667
6/26/2025 16:00,13.00333331
6/26/2025 17:00,13.65666662
6/26/2025 18:00,13.14833344
6/26/2025 19:00,21.33166663
6/26/2025 20:00,18.54500004
6/26/2025 21:00,14.99666667
6/26/2025 22:00,10.09333335
6/26/2025 23:00,6.391666691
6/27/2025,4.426666661
6/27/2025 1:00,5.624999984
6/27/2025 2:00,4.560000038
6/27/2025 3:00,5.691666667
6/27/2025 4:00,5.594999997
6/27/2025 5:00,9.973333335
6/27/2025 6:00,11.00833338
6/27/2025 7:00,16.84000004
6/27/2025 8:00,16.7283333
6/27/2025 9:00,15.70333339
6/27/2025 10:00,20.79666669
6/27/2025 11:00,18.2916667
6/27/2025 12:00,14.69666665
6/27/2025 13:00,9.948333335
6/27/2025 14:00,8.951666745
6/27/2025 15:00,9.148333327
6/27/2025 16:00,10.32333331
6/27/2025 17:00,10.96333334
6/27/2025 18:00,12.455
6/27/2025 19:00,14.25000002
6/27/2025 20:00,10.98000002
6/27/2025 21:00,11.24333329
6/27/2025 22:00,12.14499997
6/27/2025 23:00,12.56833331
6/28/2025,11.78666668
6/28/2025 1:00,9.795000013
6/28/2025 2:00,10.42999997
6/28/2025 3:00,10.32333336
6/28/2025 4:00,10.57333334
6/28/2025 5:00,17.17666664
6/28/2025 6:00,21.17000004
6/28/2025 7:00,17.96451599
6/28/2025 8:00,14.35499994
6/28/2025 9:00,9.829999979
6/28/2025 10:00,10.57333334
6/28/2025 11:00,10.35499996
6/28/2025 12:00,9.086666679
6/28/2025 13:00,7.941666667
6/28/2025 14:00,6.638333344
6/28/2025 15:00,7.441666698
6/28/2025 16:00,8.498333287
6/28/2025 17:00,10.40666667
6/28/2025 18:00,11.22000003
6/28/2025 19:00,13.71166663
6/28/2025 20:00,12.75901652
6/28/2025 21:00,11.03166662
6/28/2025 22:00,9.493333316
6/28/2025 23:00,9.836666632
6/29/2025,10.50999997
6/29/2025 1:00,11.4966667
6/29/2025 2:00,14.23333338
6/29/2025 3:00,12.83333335
6/29/2025 4:00,13.105
6/29/2025 5:00,18.16500007
6/29/2025 6:00,19.60666666
6/29/2025 7:00,20.10666663
6/29/2025 8:00,17.64999998
6/29/2025 9:00,14.83333332
6/29/2025 10:00,15.24666665
6/29/2025 11:00,14.67833335
6/29/2025 12:00,10.69333332
6/29/2025 13:00,9.750000016
6/29/2025 14:00,8.481666684
6/29/2025 15:00,7.589999994
6/29/2025 16:00,8.180000027
6/29/2025 17:00,9.050000016
6/29/2025 18:00,17.24999998
6/29/2025 19:00,15.51333329
6/29/2025 20:00,16.10666672
6/29/2025 21:00,15.03999993
6/29/2025 22:00,14.51333332
6/29/2025 23:00,11.2983333
6/30/2025,16.32666667
6/30/2025 1:00,12.78499997
6/30/2025 2:00,14.22166667
6/30/2025 3:00,15.52000004
6/30/2025 4:00,13.62333339
6/30/2025 5:00,15.84333329
6/30/2025 6:00,18.95000003
6/30/2025 7:00,18.0166666
6/30/2025 8:00,22.5266667
6/30/2025 9:00,21.86000004
6/30/2025 10:00,13.56166666
6/30/2025 11:00,15.00327873
6/30/2025 12:00,11.5066667
6/30/2025 13:00,8.006666676
6/30/2025 14:00,8.608333373
6/30/2025 15:00,9.095081923
6/30/2025 16:00,9.308333325
6/30/2025 17:00,14.21333332
6/30/2025 18:00,16.90333331
6/30/2025 19:00,32.47000001
6/30/2025 20:00,27.46833323
6/30/2025 21:00,25.3083334
6/30/2025 22:00,22.96333319
6/30/2025 23:00,17.66666671
7/1/2025,11.9316666
7/1/2025 1:00,8.886666663
7/1/2025 2:00,9.90999999
7/1/2025 3:00,9.630000035
7/1/2025 4:00,11.75500005
7/1/2025 5:00,18.45500008
7/1/2025 6:00,21.81499999
7/1/2025 7:00,25.81833321
7/1/2025 8:00,26.26333335
7/1/2025 9:00,24.31333338
7/1/2025 10:00,20.40833337
7/1/2025 11:00,20.76333345
7/1/2025 12:00,14.3557377
7/1/2025 13:00,11.56
7/1/2025 14:00,13.45166674
7/1/2025 15:00,12.41639348
7/1/2025 16:00,14.21000001
7/1/2025 17:00,9.311666663
7/1/2025 18:00,10.65666669
7/1/2025 19:00,13.34333337
7/1/2025 20:00,18.77833338
7/1/2025 21:00,19.35666664
7/1/2025 22:00,18.1433334
7/1/2025 23:00,17.76166663
7/2/2025,13.74333334
7/2/2025 1:00,12.40645164
7/2/2025 2:00,11.47666669
7/2/2025 3:00,14.50166666
7/2/2025 4:00,14.03499999
7/2/2025 5:00,17.71333327
7/2/2025 6:00,20.85333331
7/2/2025 7:00,22.39500001
7/2/2025 8:00,18.49166657
7/2/2025 9:00,17.46499998
7/2/2025 10:00,21.74558823
7/2/2025 11:00,20.19076922
7/2/2025 12:00,14.49999996
7/2/2025 13:00,7.773437485
7/2/2025 14:00,7.108333365
7/2/2025 15:00,6.495081964
7/2/2025 16:00,8.425000008
7/2/2025 17:00,12.26666663
7/2/2025 18:00,14.23166667
7/2/2025 19:00,16.29499995
7/2/2025 20:00,16.11499996
7/2/2025 21:00,11.07666669
7/2/2025 22:00,8.323333359
7/2/2025 23:00,9.263333313
7/3/2025,8.001666633
7/3/2025 1:00,9.984999935
7/3/2025 2:00,10.55333336
7/3/2025 3:00,8.660000006
7/3/2025 4:00,9.595000045
7/3/2025 5:00,12.35333333
7/3/2025 6:00,12.94000003
7/3/2025 7:00,11.34833334
7/3/2025 8:00,8.22166667
7/3/2025 9:00,12.06034483
7/3/2025 10:00,14.07666672
7/3/2025 11:00,11.67868853
7/3/2025 12:00,8.990163959
7/3/2025 13:00,8.454999955
7/3/2025 14:00,7.796721326
7/3/2025 15:00,8.211475404
7/3/2025 16:00,10.61666658
7/3/2025 17:00,8.091666714
7/3/2025 18:00,54.85833287
7/3/2025 19:00,24.07500003
7/3/2025 20:00,38.66166674
7/3/2025 21:00,74.62500024
7/3/2025 22:00,16.30333325
7/3/2025 23:00,16.045
7/4/2025,10.14666662
7/4/2025 1:00,6.468333344
7/4/2025 2:00,5.018333352
7/4/2025 3:00,4.649999988
7/4/2025 4:00,4.145000017
7/4/2025 5:00,8.488333305
7/4/2025 6:00,16.105
7/4/2025 7:00,16.15166672
7/4/2025 8:00,14.71166673
7/4/2025 9:00,17.2883333
7/4/2025 10:00,17.49333342
7/4/2025 11:00,17.66500004
7/4/2025 12:00,11.82666661
7/4/2025 13:00,12.57499998
7/4/2025 14:00,10.42166668
7/4/2025 15:00,8.77166667
7/4/2025 16:00,8.623333351
7/4/2025 17:00,10.33166665
7/4/2025 18:00,11.38
7/4/2025 19:00,11.40166672
7/4/2025 20:00,11.02499998
7/4/2025 21:00,11.10166672
7/4/2025 22:00,12.31833331
7/4/2025 23:00,10.22166668
7/5/2025,8.92833333
7/5/2025 1:00,7.386666687
7/5/2025 2:00,6.675
7/5/2025 3:00,6.904999987
7/5/2025 4:00,5.566666691
7/5/2025 5:00,8.011666663
7/5/2025 6:00,11.52500003
7/5/2025 7:00,19.00500005
7/5/2025 8:00,22.0899999
7/5/2025 9:00,21.86999995
7/5/2025 10:00,19.91166662
7/5/2025 11:00,21.68833329
7/5/2025 12:00,15.36166671
7/5/2025 13:00,10.77833339
7/5/2025 14:00,8.183333317
7/5/2025 15:00,9.424999944
7/5/2025 16:00,10.11333332
7/5/2025 17:00,11.4983333
7/5/2025 18:00,13.51833336
7/5/2025 19:00,13.78500004
7/5/2025 20:00,11.3716667
7/5/2025 21:00,13.2866667
7/5/2025 22:00,10.85833338
7/5/2025 23:00,11.71000007
7/6/2025,14.40666666
7/6/2025 1:00,9.081666716
7/6/2025 2:00,8.961666656
7/6/2025 3:00,7.091666659
7/6/2025 4:00,12.22833333
7/6/2025 5:00,11.29333334
7/6/2025 6:00,15.59499998
7/6/2025 7:00,20.32833335
7/6/2025 8:00,18.66499995
7/6/2025 9:00,11.37000006
7/6/2025 10:00,9.761666687
7/6/2025 11:00,10.08064518
7/6/2025 12:00,9.963333384
7/6/2025 13:00,10.37333328
7/6/2025 14:00,9.336666727
7/6/2025 15:00,8.901666657
7/6/2025 16:00,9.041666714
7/6/2025 17:00,10.03000001
7/6/2025 18:00,11.67833333
7/6/2025 19:00,13.43166669
7/6/2025 20:00,10.74333332
7/6/2025 21:00,10.3650001
7/6/2025 22:00,5.67833335
7/6/2025 23:00,7.298333343
7/7/2025,8.720000021
7/7/2025 1:00,8.603333346
7/7/2025 2:00,8.744999997
7/7/2025 3:00,7.221666678
7/7/2025 4:00,7.028333354
7/7/2025 5:00,7.958333373
7/7/2025 6:00,8.860000006
7/7/2025 7:00,15.87833327
7/7/2025 8:00,12.275
7/7/2025 9:00,11.46000007
7/7/2025 10:00,10.46500002
7/7/2025 11:00,8.558730171
7/7/2025 12:00,6.913333352
7/7/2025 13:00,7.15
7/7/2025 14:00,7.15000004
7/7/2025 15:00,7.666666675
7/7/2025 16:00,8.173333335
7/7/2025 17:00,8.370000021
7/7/2025 18:00,9.674999976
7/7/2025 19:00,13.94999997
7/7/2025 20:00,12.98666671
7/7/2025 21:00,15.97333334
7/7/2025 22:00,13.1633333
7/7/2025 23:00,15.7866666
7/8/2025,16.05333331
7/8/2025 1:00,12.73833327
7/8/2025 2:00,9.956666629
7/8/2025 3:00,9.491666619
7/8/2025 4:00,9.881666708
7/8/2025 5:00,11.55000002
7/8/2025 6:00,15.8116667
7/8/2025 7:00,15.95666666
7/8/2025 8:00,15.43333337
7/8/2025 9:00,15.05999997
7/8/2025 10:00,12.84666672
7/8/2025 11:00,9.545000021
7/8/2025 12:00,9.206666629
7/8/2025 13:00,8.771666718
7/8/2025 14:00,9.550000008
7/8/2025 15:00,10.25666663
7/8/2025 16:00,10.47833337
7/8/2025 17:00,12.32999999
7/8/2025 18:00,12.45833332
7/8/2025 19:00,13.67499997
7/8/2025 20:00,11.15333332
7/8/2025 21:00,11.57868862
7/8/2025 22:00,10.49333331
7/8/2025 23:00,10.97833327
7/9/2025,8.833333349
7/9/2025 1:00,3.651724145
7/9/2025 2:00,3.006666678
7/9/2025 3:00,2.74333334
7/9/2025 4:00,3.754999979
7/9/2025 5:00,7.081666636
7/9/2025 6:00,9.278333322
7/9/2025 7:00,10.09666665
7/9/2025 8:00,11.29333339
7/9/2025 9:00,10.78833335
7/9/2025 10:00,11.82500002
7/9/2025 11:00,6.804918035
7/9/2025 12:00,7.145000068
7/9/2025 13:00,6.813333305
7/9/2025 14:00,6.288333305
7/9/2025 15:00,6.194999997
7/9/2025 16:00,7.040000002
7/9/2025 17:00,8.059999998
7/9/2025 18:00,9.545000045
7/9/2025 19:00,10.80500007
7/9/2025 20:00,8.353333354
7/9/2025 21:00,6.651666681
7/9/2025 22:00,6.043333356
7/9/2025 23:00,5.438333313
7/10/2025,6.546666686
7/10/2025 1:00,5.564999986
7/10/2025 2:00,4.390000002
7/10/2025 3:00,3.693333336
7/10/2025 4:00,5.454999987
7/10/2025 5:00,7.826666689
7/10/2025 6:00,17.48166661
7/10/2025 7:00,20.10166661
7/10/2025 8:00,14.16333326
7/10/2025 9:00,11.67333326
7/10/2025 10:00,16.12666677
7/10/2025 11:00,16.44666667
7/10/2025 12:00,20.85999993
7/10/2025 13:00,14.06999995
7/10/2025 14:00,11.7633334
7/10/2025 15:00,9.690000065
7/10/2025 16:00,9.365000002
7/10/2025 17:00,9.88166674
7/10/2025 18:00,8.145000005
7/10/2025 19:00,13.88833334
7/10/2025 20:00,28.0733333
7/10/2025 21:00,24.80333319
7/10/2025 22:00,16.64166665
7/10/2025 23:00,16.09333331
7/11/2025,13.41833337
7/11/2025 1:00,11.005
7/11/2025 2:00,9.583333365
7/11/2025 3:00,9.223333367
7/11/2025 4:00,12.12500003
7/11/2025 5:00,13.28333335
7/11/2025 6:00,19.2
7/11/2025 7:00,23.80333325
7/11/2025 8:00,22.61666663
7/11/2025 9:00,21.88666665
7/11/2025 10:00,17.02000017
7/11/2025 11:00,15.77166671
7/11/2025 12:00,11.9393443
7/11/2025 13:00,10.74499998
7/11/2025 14:00,11.66500001
7/11/2025 15:00,10.94000003
7/11/2025 16:00,12.46833339
7/11/2025 17:00,14.30166667
7/11/2025 18:00,14.29500004
7/11/2025 19:00,17.43999999
7/11/2025 20:00,19.88666658
7/11/2025 21:00,23.26499987
7/11/2025 22:00,19.61666676
7/11/2025 23:00,20.71666673
7/12/2025,16.73833334
7/12/2025 1:00,15.67500003
7/12/2025 2:00,15.54500001
7/12/2025 3:00,15.08166671
7/12/2025 4:00,16.2083334
7/12/2025 5:00,18.20999993
7/12/2025 6:00,24.44833345
7/12/2025 7:00,23.18666674
7/12/2025 8:00,24.92000017
7/12/2025 9:00,18.48166664
7/12/2025 10:00,18.97796605
7/12/2025 11:00,17.49999995
7/12/2025 12:00,15.67833331
7/12/2025 13:00,14.02666667
7/12/2025 14:00,10.38333332
7/12/2025 15:00,11.48833338
7/12/2025 16:00,11.13500002
7/12/2025 17:00,11.09000002
7/12/2025 18:00,14.85833338
7/12/2025 19:00,28.56166662
7/12/2025 20:00,30.16166662
7/12/2025 21:00,22.09193559
7/12/2025 22:00,24.16666673
7/12/2025 23:00,23.96333335
7/13/2025,22.76833337
7/13/2025 1:00,14.03166668
7/13/2025 2:00,16.90333322
7/13/2025 3:00,18.01166668
7/13/2025 4:00,19.65166672
7/13/2025 5:00,23.35333335
7/13/2025 6:00,29.8483333
7/13/2025 7:00,18.67999988
7/13/2025 8:00,18.51500014
7/13/2025 9:00,18.6833334
7/13/2025 10:00,20.0649999
7/13/2025 11:00,19.92666677
7/13/2025 12:00,18.21666665
7/13/2025 13:00,12.03333337
7/13/2025 14:00,14.13666668
7/13/2025 15:00,14.34000003
7/13/2025 16:00,13.1666667
7/13/2025 17:00,14.21333334
7/13/2025 18:00,31.50166675
7/13/2025 19:00,22.40333345
7/13/2025 20:00,10.42333335
7/13/2025 21:00,11.16333334
7/13/2025 22:00,14.41166666
7/13/2025 23:00,14.43500002
7/14/2025,15.75666664
7/14/2025 1:00,14.79166673
7/14/2025 2:00,12.89499998
7/14/2025 3:00,10.14999997
7/14/2025 4:00,12.7366667
7/14/2025 5:00,14.41666662
7/14/2025 6:00,20.32166656
7/14/2025 7:00,28.53000015
7/14/2025 8:00,27.3333333
7/14/2025 9:00,20.52666666
7/14/2025 10:00,15.32950819
7/14/2025 11:00,10.76166664
7/14/2025 12:00,10.31639349
7/14/2025 13:00,11.82500004
7/14/2025 14:00,11.83333335
7/14/2025 15:00,10.52166669
7/14/2025 16:00,12.63166663
7/14/2025 17:00,13.90333331
7/14/2025 18:00,16.68166672
7/14/2025 19:00,12.23999995
7/14/2025 20:00,20.58833342
7/14/2025 21:00,20.02833331
7/14/2025 22:00,13.17833331
7/14/2025 23:00,9.461666671
7/15/2025,7.13499999
7/15/2025 1:00,7.043333348
7/15/2025 2:00,7.960000046
7/15/2025 3:00,9.080000003
7/15/2025 4:00,9.055000043
7/15/2025 5:00,10.99500001
7/15/2025 6:00,12.72333331
7/15/2025 7:00,15.96500006
7/15/2025 8:00,17.62499989
7/15/2025 9:00,20.05499994
7/15/2025 10:00,15.88666668
7/15/2025 11:00,7.136507943
7/15/2025 12:00,8.673333367
7/15/2025 13:00,8.163492089
7/15/2025 14:00,8.496666654
7/15/2025 15:00,10.05333327
7/15/2025 16:00,9.959999943
7/15/2025 17:00,12.42000004
7/15/2025 18:00,7.645000029
7/15/2025 19:00,16.74333334
7/15/2025 20:00,14.42666669
7/15/2025 21:00,15.39333331
7/15/2025 22:00,15.60333336
7/15/2025 23:00,13.86166662
7/16/2025,13.21333332
7/16/2025 1:00,8.830000051
7/16/2025 2:00,11.25000003
7/16/2025 3:00,10.81833329
7/16/2025 4:00,10.64166663
7/16/2025 5:00,14.20333335
7/16/2025 6:00,16.92166667
7/16/2025 7:00,12.27288139
7/16/2025 8:00,13.61000005
7/16/2025 9:00,8.643333356
7/16/2025 10:00,8.993442598
7/16/2025 11:00,10.1183334
7/16/2025 12:00,8.134999975
7/16/2025 13:00,7.825806456
7/16/2025 14:00,8.576666681
7/16/2025 15:00,9.513333305
7/16/2025 16:00,6.709999998
7/16/2025 17:00,9.963333305
7/16/2025 18:00,11.11166671
7/16/2025 19:00,16.76833339
7/16/2025 20:00,13.81355927
7/16/2025 21:00,16.59666678
7/16/2025 22:00,17.32833331
7/16/2025 23:00,14.75499988
7/17/2025,26.66833332
7/17/2025 1:00,17.36499998
7/17/2025 2:00,10.37000006
7/17/2025 3:00,10.76333334
7/17/2025 4:00,10.03166664
7/17/2025 5:00,14.62333333
7/17/2025 6:00,21.69833336
7/17/2025 7:00,18.03999999
7/17/2025 8:00,10.865
7/17/2025 9:00,11.77833329
7/17/2025 10:00,9.895000005
7/17/2025 11:00,13.91000001
7/17/2025 12:00,15.78333335
7/17/2025 13:00,12.10166663
7/17/2025 14:00,12.07166672
7/17/2025 15:00,13.16500003
7/17/2025 16:00,14.22833333
7/17/2025 17:00,12.94833337
7/17/2025 18:00,21.01666668
7/17/2025 19:00,31.56499993
7/17/2025 20:00,29.39482751
7/17/2025 21:00,22.51833324
7/17/2025 22:00,22.01999998
7/17/2025 23:00,18.9766667
7/18/2025,17.03666662
7/18/2025 1:00,16.80666664
7/18/2025 2:00,13.88500002
7/18/2025 3:00,14.40833333
7/18/2025 4:00,16.75166666
7/18/2025 5:00,20.68833335
7/18/2025 6:00,22.84666665
7/18/2025 7:00,17.10166669
7/18/2025 8:00,18.82166661
7/18/2025 9:00,21.8833333
7/18/2025 10:00,16.99516129
7/18/2025 11:00,15.9566666
7/18/2025 12:00,12.33999996
7/18/2025 13:00,12.23666673
7/18/2025 14:00,12.24603181
7/18/2025 15:00,12.655
7/18/2025 16:00,13.39500004
7/18/2025 17:00,14.97833336
7/18/2025 18:00,18.1416666
7/18/2025 19:00,21.00833337
7/18/2025 20:00,19.91666657
7/18/2025 21:00,18.83166679
7/18/2025 22:00,18.33999995
7/18/2025 23:00,19.47333333
7/19/2025,18.55833333
7/19/2025 1:00,19.47166659
7/19/2025 2:00,18.03833326
7/19/2025 3:00,17.3983333
7/19/2025 4:00,17.76500006
7/19/2025 5:00,18.53999993
7/19/2025 6:00,24.82333326
7/19/2025 7:00,25.1433334
7/19/2025 8:00,23.39166667
7/19/2025 9:00,21.20166651
7/19/2025 10:00,18.57166667
7/19/2025 11:00,12.56333327
7/19/2025 12:00,12.705
7/19/2025 13:00,11.70999997
7/19/2025 14:00,12.89333337
7/19/2025 15:00,13.0916667
7/19/2025 16:00,13.24918037
7/19/2025 17:00,14.71166673
7/19/2025 18:00,18.85499999
7/19/2025 19:00,21.11833328
7/19/2025 20:00,19.59166676
7/19/2025 21:00,20.23500001
7/19/2025 22:00,22.27833328
7/19/2025 23:00,18.25499999
7/20/2025,17.66166655
7/20/2025 1:00,18.89000015
7/20/2025 2:00,17.78000002
7/20/2025 3:00,15.74999994
7/20/2025 4:00,14.5016667
7/20/2025 5:00,16.41000001
7/20/2025 6:00,22.29999997
7/20/2025 7:00,25.70333335
7/20/2025 8:00,23.73499999
7/20/2025 9:00,18.72881367
7/20/2025 10:00,19.36129038
7/20/2025 11:00,23.0869563
7/20/2025 12:00,17.02968751
7/20/2025 13:00,16.79166676
7/20/2025 14:00,18.15409824
7/20/2025 15:00,16.89833333
7/20/2025 16:00,18.08999999
7/20/2025 17:00,18.91833324
7/20/2025 18:00,20.34833349
7/20/2025 19:00,21.67833325
7/20/2025 20:00,17.85000002
7/20/2025 21:00,18.24666657
7/20/2025 22:00,18.95500005
7/20/2025 23:00,18.73499991
7/21/2025,19.13499994
7/21/2025 1:00,19.93000002
7/21/2025 2:00,18.05000002
7/21/2025 3:00,17.38
7/21/2025 4:00,16.27999994
7/21/2025 5:00,18.84000004
7/21/2025 6:00,26.4916666
7/21/2025 7:00,27.41166677
7/21/2025 8:00,31.89999997
7/21/2025 9:00,31.84500011
7/21/2025 10:00,21.8557378
7/21/2025 11:00,20.58571422
7/21/2025 12:00,19.71475412
7/21/2025 13:00,15.12063496
7/21/2025 14:00,14.17500002
7/21/2025 15:00,11.97166669
7/21/2025 16:00,12.82000004
7/21/2025 17:00,14.305
7/21/2025 18:00,26.94333332
7/21/2025 19:00,25.05333335
7/21/2025 20:00,35.44655185
7/21/2025 21:00,25.90833333
7/21/2025 22:00,22.76999989
7/21/2025 23:00,22.13499997
7/22/2025,21.94666662
7/22/2025 1:00,20.58333327
7/22/2025 2:00,11.66666668
7/22/2025 3:00,7.658333317
7/22/2025 4:00,7.563333281
7/22/2025 5:00,8.068333308
7/22/2025 6:00,9.601666697
7/22/2025 7:00,13.59666667
7/22/2025 8:00,18.09333328
7/22/2025 9:00,19.84333345
7/22/2025 10:00,15.9983607
7/22/2025 11:00,17.19999995
7/22/2025 12:00,13.58253962
7/22/2025 13:00,7.076666633
7/22/2025 14:00,8.681666652
7/22/2025 15:00,9.18833336
7/22/2025 16:00,12.92666666
7/22/2025 17:00,13.48666671
7/22/2025 18:00,16.00000002
7/22/2025 19:00,19.07833336
7/22/2025 20:00,16.84499997
7/22/2025 21:00,14.39333336
7/22/2025 22:00,17.03166666
7/22/2025 23:00,14.58499993
7/23/2025,10.36833336
7/23/2025 1:00,9.601666721
7/23/2025 2:00,12.36166668
7/23/2025 3:00,12.46833334
7/23/2025 4:00,13.76166673
7/23/2025 5:00,14.85000006
7/23/2025 6:00,19.32833335
7/23/2025 7:00,19.67000003
7/23/2025 8:00,19.58166658
7/23/2025 9:00,16.86666662
7/23/2025 10:00,12.65076923
7/23/2025 11:00,12.34531248
7/23/2025 12:00,12.34999998
7/23/2025 13:00,11.54666669
7/23/2025 14:00,10.06393444
7/23/2025 15:00,13.54754099
7/23/2025 16:00,17.84166656
7/23/2025 17:00,17.98833326
7/23/2025 18:00,20.04000009
7/23/2025 19:00,25.77333339
7/23/2025 20:00,27.13166653
7/23/2025 21:00,27.69333334
7/23/2025 22:00,27.83499997
7/23/2025 23:00,26.38166672
7/24/2025,21.03666677
7/24/2025 1:00,17.17833335
7/24/2025 2:00,16.77499997
7/24/2025 3:00,19.62666661
7/24/2025 4:00,21.27666667
7/24/2025 5:00,21.98166672
7/24/2025 6:00,26.17333333
7/24/2025 7:00,22.54333337
7/24/2025 8:00,18.29499998
7/24/2025 9:00,13.7883333
7/24/2025 10:00,12.84000003
7/24/2025 11:00,12.13166666
7/24/2025 12:00,11.55833337
7/24/2025 13:00,10.99666665
7/24/2025 14:00,10.08813558
7/24/2025 15:00,10.80833335
7/24/2025 16:00,10.78666666
7/24/2025 17:00,11.11500003
7/24/2025 18:00,16.33000003
7/24/2025 19:00,26.38500001
7/24/2025 20:00,24.77166675
7/24/2025 21:00,20.36499996
7/24/2025 22:00,22.02833328
7/24/2025 23:00,22.23833332
7/25/2025,19.12000004
7/25/2025 1:00,13.88666663
7/25/2025 2:00,14.39666667
7/25/2025 3:00,15.79833333
7/25/2025 4:00,20.27333336
7/25/2025 5:00,17.33166658
7/25/2025 6:00,25.64000009
7/25/2025 7:00,29.29000015
7/25/2025 8:00,29.70166674
7/25/2025 9:00,26.39833339
7/25/2025 10:00,9.957377074
7/25/2025 11:00,12.37868853
7/25/2025 12:00,12.91000001
7/25/2025 13:00,11.25500002
7/25/2025 14:00,12.36000001
7/25/2025 15:00,10.92500003
7/25/2025 16:00,13.78999996
7/25/2025 17:00,11.19000001
7/25/2025 18:00,9.045000013
7/25/2025 19:00,8.336666616
7/25/2025 20:00,9.921666654
7/25/2025 21:00,10.43166664
7/25/2025 22:00,10.5866667
7/25/2025 23:00,10.98666667
7/26/2025,8.540000041
7/26/2025 1:00,7.286666663
7/26/2025 2:00,7.13166666
7/26/2025 3:00,7.66333336
7/26/2025 4:00,12.29166668
7/26/2025 5:00,15.25166656
7/26/2025 6:00,17.1583333
7/26/2025 7:00,20.35166664
7/26/2025 8:00,24.43833335
7/26/2025 9:00,27.30166674
7/26/2025 10:00,22.71166676
7/26/2025 11:00,13.4166667
7/26/2025 12:00,13.71000001
7/26/2025 13:00,14.68666671
7/26/2025 14:00,14.8166667
7/26/2025 15:00,10.43333333
7/26/2025 16:00,11.95999997
7/26/2025 17:00,10.07166664
7/26/2025 18:00,12.62333336
7/26/2025 19:00,14.20166664
7/26/2025 20:00,15.1383333
7/26/2025 21:00,12.18666667
7/26/2025 22:00,8.876666721
7/26/2025 23:00,8.326666689
7/27/2025,7.233333317
7/27/2025 1:00,5.200000016
7/27/2025 2:00,4.916666659
7/27/2025 3:00,5.313333305
7/27/2025 4:00,8.416666675
7/27/2025 5:00,12.90833337
7/27/2025 6:00,19.19666664
7/27/2025 7:00,17.21166668
7/27/2025 8:00,21.63166666
7/27/2025 9:00,17.76333335
7/27/2025 10:00,17.11333323
7/27/2025 11:00,17.12333336
7/27/2025 12:00,10.51999998
7/27/2025 13:00,8.808333317
7/27/2025 14:00,9.699999968
7/27/2025 15:00,9.136666695
7/27/2025 16:00,7.578333298
7/27/2025 17:00,11.96166668
7/27/2025 18:00,14.32833335
7/27/2025 19:00,12.35500002
7/27/2025 20:00,14.70833335
7/27/2025 21:00,15.77666664
7/27/2025 22:00,13.0098361
7/27/2025 23:00,11.64833336
7/28/2025,7.865000002
7/28/2025 1:00,6.158333341
7/28/2025 2:00,5.571666638
7/28/2025 3:00,4.10666668
7/28/2025 4:00,5.864406763
7/28/2025 5:00,7.023333327
7/28/2025 6:00,8.768333364
7/28/2025 7:00,10.21833334
7/28/2025 8:00,12.5533333
7/28/2025 9:00,16.47833339
7/28/2025 10:00,13.89016397
7/28/2025 11:00,14.43432822
7/28/2025 12:00,5.881818164
7/28/2025 13:00,9.03015877
7/28/2025 14:00,12.07333327
7/28/2025 15:00,12.41000004
7/28/2025 16:00,13.69333326
7/28/2025 17:00,19.37500011
7/28/2025 18:00,17.10333328
7/28/2025 19:00,12.69833331
7/28/2025 20:00,23.22499994
7/28/2025 21:00,20.01166668
7/28/2025 22:00,10.07666671
7/28/2025 23:00,7.675
7/29/2025,8.34333334
7/29/2025 1:00,6.790000033
7/29/2025 2:00,4.468333332
7/29/2025 3:00,4.811666671
7/29/2025 4:00,7.886666667
7/29/2025 5:00,9.449999984
7/29/2025 6:00,19.77333334
7/29/2025 7:00,15.37666667
7/29/2025 8:00,16.70500002
7/29/2025 9:00,16.18666668
7/29/2025 10:00,17.94833334
7/29/2025 11:00,17.52622956
7/29/2025 12:00,15.13064512
7/29/2025 13:00,10.04166671
7/29/2025 14:00,8.879999948
7/29/2025 15:00,10.79166671
7/29/2025 16:00,11.87833339
7/29/2025 17:00,11.21499994
7/29/2025 18:00,9.126666689
7/29/2025 19:00,14.21833332
7/29/2025 20:00,20.54499987
7/29/2025 21:00,16.4283333
7/29/2025 22:00,15.60500002
7/29/2025 23:00,15.29500011
7/30/2025,17.79833342
7/30/2025 1:00,14.67499998
7/30/2025 2:00,10.51666665
7/30/2025 3:00,12.06666663
7/30/2025 4:00,11.58333332
7/30/2025 5:00,16.55833337
7/30/2025 6:00,22.27333328
7/30/2025 7:00,15.8233333
7/30/2025 8:00,21.36499999
7/30/2025 9:00,19.14333334
7/30/2025 10:00,19.29333326
7/30/2025 11:00,15.73076911
7/30/2025 12:00,9.366666706
7/30/2025 13:00,9.698360654
7/30/2025 14:00,8.513333352
7/30/2025 15:00,10.64333329
7/30/2025 16:00,9.828333346
7/30/2025 17:00,11.92500003
7/30/2025 18:00,16.14166671
7/30/2025 19:00,12.37500006
7/30/2025 20:00,9.623333351
7/30/2025 21:00,11.17833331
7/30/2025 22:00,10.54500003
7/30/2025 23:00,13.51500007
7/31/2025,14.54166673
7/31/2025 1:00,13.10999996
7/31/2025 2:00,11.92500002
7/31/2025 3:00,7.585000006
7/31/2025 4:00,9.97833333
7/31/2025 5:00,15.08166664
7/31/2025 6:00,16.28833326
7/31/2025 7:00,12.82999997
7/31/2025 8:00,18.53499991
7/31/2025 9:00,16.75500013
7/31/2025 10:00,9.611666671
7/31/2025 11:00,9.490322505
7/31/2025 12:00,7.932258098
7/31/2025 13:00,7.553333298
7/31/2025 14:00,10.14166672
7/31/2025 15:00,9.198360693
7/31/2025 16:00,10.19333333
7/31/2025 17:00,9.41833334
7/31/2025 18:00,12.325
7/31/2025 19:00,16.69166662
7/31/2025 20:00,14.83833337
7/31/2025 21:00,10.16999996
7/31/2025 22:00,7.064999994
7/31/2025 23:00,8.233333333
8/1/2025,8.361666671
8/1/2025 1:00,8.120000005
8/1/2025 2:00,9.159999951
8/1/2025 3:00,11.48999993
8/1/2025 4:00,10.77333342
8/1/2025 5:00,12.78500004
8/1/2025 6:00,16.96333337
8/1/2025 7:00,16.63833338
8/1/2025 8:00,18.35666663
8/1/2025 9:00,13.2466667
8/1/2025 10:00,11.20833338
8/1/2025 11:00,10.73548385
8/1/2025 12:00,8.544999981
8/1/2025 13:00,9.553333354
8/1/2025 14:00,9.543333284
8/1/2025 15:00,10.53166668
8/1/2025 16:00,10.67333336
8/1/2025 17:00,11.51833337
8/1/2025 18:00,12.94333339
8/1/2025 19:00,11.00491801
8/1/2025 20:00,12.56999993
8/1/2025 21:00,9.636666656
8/1/2025 22:00,7.701666681
8/1/2025 23:00,8.578688551
8/2/2025,9.993333332
8/2/2025 1:00,10.1516667
8/2/2025 2:00,9.010000014
8/2/2025 3:00,10.31166668
8/2/2025 4:00,13.15666672
8/2/2025 5:00,15.2250001
8/2/2025 6:00,19.09166675
8/2/2025 7:00,18.47333337
8/2/2025 8:00,15.70500007
8/2/2025 9:00,13.69333331
8/2/2025 10:00,15.72833331
8/2/2025 11:00,16.05500003
8/2/2025 12:00,11.1163934
8/2/2025 13:00,9.886666656
8/2/2025 14:00,8.719999981
8/2/2025 15:00,8.378333282
8/2/2025 16:00,10.53999999
8/2/2025 17:00,11.43333335
8/2/2025 18:00,12.24666665
8/2/2025 19:00,16.22333349
8/2/2025 20:00,17.30166675
8/2/2025 21:00,11.41499995
8/2/2025 22:00,9.820000021
8/2/2025 23:00,7.713333329
8/3/2025,8.923333279
8/3/2025 1:00,5.555000019
8/3/2025 2:00,4.589999962
8/3/2025 3:00,5.384999967
8/3/2025 4:00,7.148333343
8/3/2025 5:00,9.908333309
8/3/2025 6:00,12.9733333
8/3/2025 7:00,14.71999998
8/3/2025 8:00,11.3949999
8/3/2025 9:00,15.70499995
8/3/2025 10:00,9.816666651
8/3/2025 11:00,8.390322578
8/3/2025 12:00,4.950000002
8/3/2025 13:00,8.406666724
8/3/2025 14:00,7.134920658
8/3/2025 15:00,9.525000024
8/3/2025 16:00,11.29333335
8/3/2025 17:00,11.22333333
8/3/2025 18:00,14.31833339
8/3/2025 19:00,28.02166664
8/3/2025 20:00,14.96440681
8/3/2025 21:00,13.195
8/3/2025 22:00,12.33333333
8/3/2025 23:00,12.65666663
8/4/2025,13.26166666
8/4/2025 1:00,14.43500001
8/4/2025 2:00,13.10833335
8/4/2025 3:00,11.83499999
8/4/2025 4:00,14.74833328
8/4/2025 5:00,21.34666665
8/4/2025 6:00,27.27666664
8/4/2025 7:00,16.95166666
8/4/2025 8:00,12.87166664
8/4/2025 9:00,12.03166664
8/4/2025 10:00,11.59500004
8/4/2025 11:00,6.028571447
8/4/2025 12:00,6.607462705
8/4/2025 13:00,6.295081983
8/4/2025 14:00,7.408064519
8/4/2025 15:00,8.377049188
8/4/2025 16:00,8.085483866
8/4/2025 17:00,6.603333354
8/4/2025 18:00,8.840000033
8/4/2025 19:00,18.41166673
8/4/2025 20:00,18.62166657
8/4/2025 21:00,13.27166664
8/4/2025 22:00,12.58166666
8/4/2025 23:00,8.145000045
8/5/2025,6.101666657
8/5/2025 1:00,8.013333376
8/5/2025 2:00,8.561666687
8/5/2025 3:00,7.233333365
8/5/2025 4:00,7.468333371
8/5/2025 5:00,8.672131187
8/5/2025 6:00,15.96500007
8/5/2025 7:00,11.96333337
8/5/2025 8:00,16.11666665
8/5/2025 9:00,15.72000008
8/5/2025 10:00,12.43333328
8/5/2025 11:00,6.779687539
8/5/2025 12:00,4.774193527
8/5/2025 13:00,8.07166667
8/5/2025 14:00,5.846666662
8/5/2025 15:00,4.448333311
8/5/2025 16:00,9.685000038
8/5/2025 17:00,11.13333335
8/5/2025 18:00,19.75500002
8/5/2025 19:00,26.62999996
8/5/2025 20:00,23.85166655
8/5/2025 21:00,28.41666676
8/5/2025 22:00,26.26333332
8/5/2025 23:00,28.30499996
8/6/2025,27.47666661
8/6/2025 1:00,27.01666667
8/6/2025 2:00,22.60666674
8/6/2025 3:00,18.43833338
8/6/2025 4:00,21.76333332
8/6/2025 5:00,30.4816666
8/6/2025 6:00,30.80333335
8/6/2025 7:00,27.31999998
8/6/2025 8:00,21.46666667
8/6/2025 9:00,16.58666662
8/6/2025 10:00,14.07301591
8/6/2025 11:00,17.80333339
8/6/2025 12:00,16.43593749
8/6/2025 13:00,12.8870968
8/6/2025 14:00,12.22999996
8/6/2025 15:00,12.12166659
8/6/2025 16:00,12.70166667
8/6/2025 17:00,14.45166663
8/6/2025 18:00,16.64999995
8/6/2025 19:00,17.49499997
8/6/2025 20:00,15.90166664
8/6/2025 21:00,16.10666666
8/6/2025 22:00,18.10333341
8/6/2025 23:00,17.64500003
8/7/2025,17.05833333
8/7/2025 1:00,16.46333332
8/7/2025 2:00,14.54000004
8/7/2025 3:00,14.11000004
8/7/2025 4:00,14.6066666
8/7/2025 5:00,20.16666663
8/7/2025 6:00,26.54000022
8/7/2025 7:00,24.24166676
8/7/2025 8:00,27.65666663
8/7/2025 9:00,30.91666683
8/7/2025 10:00,26.87096771
8/7/2025 11:00,21.30327874
8/7/2025 12:00,10.95333332
8/7/2025 13:00,8.966666635
8/7/2025 14:00,17.1683334
8/7/2025 15:00,14.70333339
8/7/2025 16:00,16.8916667
8/7/2025 17:00,17.12499992
8/7/2025 18:00,17.38999993
8/7/2025 19:00,16.59666662
8/7/2025 20:00,16.75166666
8/7/2025 21:00,14.86333329
8/7/2025 22:00,14.31500001
8/7/2025 23:00,12.75499997
8/8/2025,12.38833335
8/8/2025 1:00,6.729999995
8/8/2025 2:00,8.783333309
8/8/2025 3:00,12.06499996
8/8/2025 4:00,12.12666661
8/8/2025 5:00,10.86833339
8/8/2025 6:00,14.62333336
8/8/2025 7:00,14.60333335
8/8/2025 8:00,10.42666668
8/8/2025 9:00,9.373333359
8/8/2025 10:00,11.94833336
8/8/2025 11:00,12.35081963
8/8/2025 12:00,9.916666675
8/8/2025 13:00,9.336666632
8/8/2025 14:00,7.305000023
8/8/2025 15:00,7.155000011
8/8/2025 16:00,6.825000008
8/8/2025 17:00,9.224999936
8/8/2025 18:00,13.01833336
8/8/2025 19:00,16.15833329
8/8/2025 20:00,11.675
8/8/2025 21:00,12.99999998
8/8/2025 22:00,13.27166674
8/8/2025 23:00,9.343333356
8/9/2025,12.53999999
8/9/2025 1:00,8.784999975
8/9/2025 2:00,7.99666671
8/9/2025 3:00,9.725000048
8/9/2025 4:00,10.56499999
8/9/2025 5:00,16.71333334
8/9/2025 6:00,19.56666665
8/9/2025 7:00,21.51166658
8/9/2025 8:00,19.48500004
8/9/2025 9:00,15.00000002
8/9/2025 10:00,11.42
8/9/2025 11:00,8.575000012
8/9/2025 12:00,4.746666666
8/9/2025 13:00,7.861666739
8/9/2025 14:00,9.871666686
8/9/2025 15:00,10.3983333
8/9/2025 16:00,10.74833333
8/9/2025 17:00,8.546666646
8/9/2025 18:00,16.4666667
8/9/2025 19:00,15.5333334
8/9/2025 20:00,18.55000006
8/9/2025 21:00,18.23999999
8/9/2025 22:00,16.7283333
8/9/2025 23:00,16.91000007
8/10/2025,17.36666668
8/10/2025 1:00,16.52333333
8/10/2025 2:00,15.995
8/10/2025 3:00,15.06999993
8/10/2025 4:00,17.56499993
8/10/2025 5:00,10.97500005
8/10/2025 6:00,13.30000003
8/10/2025 7:00,17.46666665
8/10/2025 8:00,17.94333336
8/10/2025 9:00,19.53666662
8/10/2025 10:00,13.33166671
8/10/2025 11:00,18.06999993
8/10/2025 12:00,13.23833337
8/10/2025 13:00,10.60166674
8/10/2025 14:00,11.42000004
8/10/2025 15:00,13.38666676
8/10/2025 16:00,14.3483333
8/10/2025 17:00,16.88999995
8/10/2025 18:00,17.05999997
8/10/2025 19:00,18.3283333
8/10/2025 20:00,17.85000003
8/10/2025 21:00,17.17833325
8/10/2025 22:00,15.2216667
8/10/2025 23:00,16.12000004
8/11/2025,14.19999998
8/11/2025 1:00,14.63166672
8/11/2025 2:00,14.53166671
8/11/2025 3:00,13.15833335
8/11/2025 4:00,13.22166662
8/11/2025 5:00,13.9883333
8/11/2025 6:00,17.84833336
8/11/2025 7:00,22.62000008
8/11/2025 8:00,24.64833336
8/11/2025 9:00,28.41333326
8/11/2025 10:00,25.32500014
8/11/2025 11:00,16.04583334
8/11/2025 12:00,14.9646154
8/11/2025 13:00,16.72950827
8/11/2025 14:00,15.0016667
8/11/2025 15:00,13.13833332
8/11/2025 16:00,12.31833332
8/11/2025 17:00,15.48333325
8/11/2025 18:00,17.86333343
8/11/2025 19:00,20.96999998
8/11/2025 20:00,17.89166663
8/11/2025 21:00,16.02
8/11/2025 22:00,11.90166666
8/11/2025 23:00,13.08
8/12/2025,13.71500003
8/12/2025 1:00,12.23666662
8/12/2025 2:00,10.98500002
8/12/2025 3:00,10.93666673
8/12/2025 4:00,11.66333334
8/12/2025 5:00,14.7333333
8/12/2025 6:00,15.57166662
8/12/2025 7:00,17.30500005
8/12/2025 8:00,18.42000004
8/12/2025 9:00,22.64500004
8/12/2025 10:00,18.61666666
8/12/2025 11:00,7.604411756
8/12/2025 12:00,9.224242384
8/12/2025 13:00,8.132876703
8/12/2025 14:00,9.903278742
8/12/2025 15:00,12.79999997
8/12/2025 16:00,12.31666665
8/12/2025 17:00,13.97833327
8/12/2025 18:00,14.59500001
8/12/2025 19:00,17.12333339
8/12/2025 20:00,18.12166669
8/12/2025 21:00,12.64333331
8/12/2025 22:00,12.06833332
8/12/2025 23:00,12.3333333
8/13/2025,11.53000002
8/13/2025 1:00,11.06333338
8/13/2025 2:00,6.958333333
8/13/2025 3:00,5.771666678
8/13/2025 4:00,6.438333337
8/13/2025 5:00,9.958333333
8/13/2025 6:00,12.63833335
8/13/2025 7:00,15.24833323
8/13/2025 8:00,20.8533333
8/13/2025 9:00,12.85833332
8/13/2025 10:00,16.78787884
8/13/2025 11:00,14.29365075
8/13/2025 12:00,8.317741894
8/13/2025 13:00,5.009677429
8/13/2025 14:00,7.232258116
8/13/2025 15:00,8.925000064
8/13/2025 16:00,12.18166669
8/13/2025 17:00,13.17166665
8/13/2025 18:00,15.09666667
8/13/2025 19:00,16.36999989
8/13/2025 20:00,17.31000002
8/13/2025 21:00,13.90666664
8/13/2025 22:00,12.68833332
8/13/2025 23:00,12.08666666
8/14/2025,17.11333335
8/14/2025 1:00,21.02333326
8/14/2025 2:00,21.48333324
8/14/2025 3:00,14.9916666
8/14/2025 4:00,19.3683334
8/14/2025 5:00,21.61333348
8/14/2025 6:00,22.24999997
8/14/2025 7:00,23.62666674
8/14/2025 8:00,24.42166659
8/14/2025 9:00,21.24333326
8/14/2025 10:00,15.45166661
8/14/2025 11:00,13.58281249
8/14/2025 12:00,8.257142869
8/14/2025 13:00,9.549180398
8/14/2025 14:00,8.788333376
8/14/2025 15:00,11.39333334
8/14/2025 16:00,15.03833334
8/14/2025 17:00,15.88999999
8/14/2025 18:00,12.16999997
8/14/2025 19:00,12.80333341
8/14/2025 20:00,16.82666672
8/14/2025 21:00,15.00999997
8/14/2025 22:00,12.78333341
8/14/2025 23:00,15.02500005
8/15/2025,15.75499996
8/15/2025 1:00,12.12786879
8/15/2025 2:00,13.39833333
8/15/2025 3:00,11.97166662
8/15/2025 4:00,14.22666666
8/15/2025 5:00,17.27166664
8/15/2025 6:00,20.83500007
8/15/2025 7:00,21.83000015
8/15/2025 8:00,16.54499989
8/15/2025 9:00,17.86000005
8/15/2025 10:00,12.52166665
8/15/2025 11:00,9.262295113
8/15/2025 12:00,9.055000003
8/15/2025 13:00,9.830000011
8/15/2025 14:00,11.64000002
8/15/2025 15:00,8.411666624
8/15/2025 16:00,9.96833334
8/15/2025 17:00,15.0637931
8/15/2025 18:00,15.00666664
8/15/2025 19:00,17.32333322
8/15/2025 20:00,16.42500006
8/15/2025 21:00,16.20666666
8/15/2025 22:00,12.63166669
8/15/2025 23:00,10.34833334
8/16/2025,9.865000002
8/16/2025 1:00,10.28499997
8/16/2025 2:00,11.03166671
8/16/2025 3:00,11.82833336
8/16/2025 4:00,12.42666663
8/16/2025 5:00,11.73999999
8/16/2025 6:00,11.47833327
8/16/2025 7:00,15.13000011
8/16/2025 8:00,13.39666661
8/16/2025 9:00,10.81499996
8/16/2025 10:00,10.625
8/16/2025 11:00,10.69666669
8/16/2025 12:00,10.66999997
8/16/2025 13:00,11.78666668
8/16/2025 14:00,9.884999998
8/16/2025 15:00,6.958333341
8/16/2025 16:00,9.233333365
8/16/2025 17:00,19.45166672
8/16/2025 18:00,23.99152544
8/16/2025 19:00,23.83333327
8/16/2025 20:00,23.31500003
8/16/2025 21:00,24.06499993
8/16/2025 22:00,23.42833338
8/16/2025 23:00,16.03999991
8/17/2025,17.99833334
8/17/2025 1:00,14.13499999
8/17/2025 2:00,14.3883333
8/17/2025 3:00,13.18983055
8/17/2025 4:00,14.38333338
8/17/2025 5:00,14.89166651
8/17/2025 6:00,20.23499994
8/17/2025 7:00,24.37833328
8/17/2025 8:00,26.76166662
8/17/2025 9:00,20.60333335
8/17/2025 10:00,14.17499997
8/17/2025 11:00,11.75833335
8/17/2025 12:00,9.023333406
8/17/2025 13:00,10.72166667
8/17/2025 14:00,9.178333394
8/17/2025 15:00,9.591666619
8/17/2025 16:00,5.861666691
8/17/2025 17:00,7.425000008
8/17/2025 18:00,10.48000006
8/17/2025 19:00,11.96499999
8/17/2025 20:00,16.91499999
8/17/2025 21:00,15.65000002
8/17/2025 22:00,15.9083333
8/17/2025 23:00,11.25666674
8/18/2025,11.43999993
8/18/2025 1:00,10.94333336
8/18/2025 2:00,10.29666664
8/18/2025 3:00,9.111666648
8/18/2025 4:00,12.58499994
8/18/2025 5:00,14.63333332
8/18/2025 6:00,20.30333338
8/18/2025 7:00,24.36500012
8/18/2025 8:00,33.21833344
8/18/2025 9:00,22.96666662
8/18/2025 10:00,17.31874999
8/18/2025 11:00,15.42985078
8/18/2025 12:00,15.87968752
8/18/2025 13:00,11.22622953
8/18/2025 14:00,9.071666606
8/18/2025 15:00,9.809836122
8/18/2025 16:00,12.7266667
8/18/2025 17:00,14.05833328
8/18/2025 18:00,23.39833336
8/18/2025 19:00,14.66666665
8/18/2025 20:00,11.21499999
8/18/2025 21:00,9.695000013
8/18/2025 22:00,7.040000049
8/18/2025 23:00,10.7383333
8/19/2025,10.73499999
8/19/2025 1:00,8.566666683
8/19/2025 2:00,7.848333311
8/19/2025 3:00,9.125000032
8/19/2025 4:00,13.93166663
8/19/2025 5:00,14.60333339
8/19/2025 6:00,15.85000005
8/19/2025 7:00,23.59333334
8/19/2025 8:00,24.61999992
8/19/2025 9:00,19.52166665
8/19/2025 10:00,10.71000001
8/19/2025 11:00,7.471875019
8/19/2025 12:00,7.115873042
8/19/2025 13:00,11.845
8/19/2025 14:00,12.89193552
8/19/2025 15:00,11.16833328
8/19/2025 16:00,9.944999981
8/19/2025 17:00,9.29666671
8/19/2025 18:00,17.31499991
8/19/2025 19:00,20.61333327
8/19/2025 20:00,18.68305079
8/19/2025 21:00,29.33333317
8/19/2025 22:00,16.54666667
8/19/2025 23:00,20.73500009
8/20/2025,10.94166671
8/20/2025 1:00,7.588333376
8/20/2025 2:00,13.15666668
8/20/2025 3:00,13.51499998
8/20/2025 4:00,16.8616667
8/20/2025 5:00,22.82166664
8/20/2025 6:00,25.47666686
8/20/2025 7:00,22.71499996
8/20/2025 8:00,23.31666667
8/20/2025 9:00,17.25500007
8/20/2025 10:00,12.78333332
8/20/2025 11:00,12.32459021
8/20/2025 12:00,11.41500001
8/20/2025 13:00,8.534426259
8/20/2025 14:00,9.777049174
8/20/2025 15:00,9.263333313
8/20/2025 16:00,8.79000001
8/20/2025 17:00,11.49666667
8/20/2025 18:00,16.51499996
8/20/2025 19:00,18.55000003
8/20/2025 20:00,18.06949142
8/20/2025 21:00,12.1083333
8/20/2025 22:00,8.000000008
8/20/2025 23:00,7.971666678
8/21/2025,7.905000035
8/21/2025 1:00,8.200000016
8/21/2025 2:00,7.841666651
8/21/2025 3:00,6.601666681
8/21/2025 4:00,7.633333302
8/21/2025 5:00,10.61499998
8/21/2025 6:00,16.66500001
8/21/2025 7:00,17.14333337
8/21/2025 8:00,15.68852457
8/21/2025 9:00,18.14833339
8/21/2025 10:00,15.70153842
8/21/2025 11:00,14.89365081
8/21/2025 12:00,14.30149251
8/21/2025 13:00,8.569999989
8/21/2025 14:00,8.600000008
8/21/2025 15:00,8.386666711
8/21/2025 16:00,12.39333333
8/21/2025 17:00,13.1616667
8/21/2025 18:00,14.72
8/21/2025 19:00,11.34166669
8/21/2025 20:00,10.93166668
8/21/2025 21:00,7.438333368
8/21/2025 22:00,7.423333319
8/21/2025 23:00,7.625000032
8/22/2025,7.365000033
8/22/2025 1:00,5.985000038
8/22/2025 2:00,6.818333356
8/22/2025 3:00,4.79000001
8/22/2025 4:00,8.595000037
8/22/2025 5:00,10.79666668
8/22/2025 6:00,11.09666668
8/22/2025 7:00,14.18499999
8/22/2025 8:00,15.02833331
8/22/2025 9:00,14.9616667
8/22/2025 10:00,12.24098363
8/22/2025 11:00,9.700000017
8/22/2025 12:00,7.968333324
8/22/2025 13:00,8.248333359
8/22/2025 14:00,9.718333332
8/22/2025 15:00,9.359999975
8/22/2025 16:00,12.89666669
8/22/2025 17:00,14.5983333
8/22/2025 18:00,17.60000011
8/22/2025 19:00,7.559999975
8/22/2025 20:00,7.753333346
8/22/2025 21:00,4.699999968
8/22/2025 22:00,6.538333392
8/22/2025 23:00,5.193333308
8/23/2025,3.181666666
8/23/2025 1:00,2.608333337
8/23/2025 2:00,3.996666684
8/23/2025 3:00,5.215000017
8/23/2025 4:00,6.66166666
8/23/2025 5:00,7.231666668
8/23/2025 6:00,8.86666673
8/23/2025 7:00,8.915000017
8/23/2025 8:00,7.576666649
8/23/2025 9:00,4.476666653
8/23/2025 10:00,7.551666649
8/23/2025 11:00,7.716666675
8/23/2025 12:00,6.186666648
8/23/2025 13:00,5.620000001
8/23/2025 14:00,6.039999986
8/23/2025 15:00,6.135000022
8/23/2025 16:00,6.083333337
8/23/2025 17:00,8.859999951
8/23/2025 18:00,8.9116666
8/23/2025 19:00,11.53333335
8/23/2025 20:00,9.655000003
8/23/2025 21:00,8.995000084
8/23/2025 22:00,10.19166667
8/23/2025 23:00,8.948333319
8/24/2025,8.163333313
8/24/2025 1:00,8.966666651
8/24/2025 2:00,8.398333319
8/24/2025 3:00,8.858333341
8/24/2025 4:00,7.561666663
8/24/2025 5:00,11.98500004
8/24/2025 6:00,18.75666669
8/24/2025 7:00,17.79166663
8/24/2025 8:00,16.14000003
8/24/2025 9:00,13.37833331
8/24/2025 10:00,16.13333329
8/24/2025 11:00,10.21000001
8/24/2025 12:00,6.707936522
8/24/2025 13:00,5.306666688
8/24/2025 14:00,5.366666663
8/24/2025 15:00,5.416666647
8/24/2025 16:00,6.299999972
8/24/2025 17:00,6.581666684
8/24/2025 18:00,10.33166666
8/24/2025 19:00,18.475
8/24/2025 20:00,19.56833334
8/24/2025 21:00,17.80166672
8/24/2025 22:00,14.98166666
8/24/2025 23:00,10.25833334
8/25/2025,11.22500003
8/25/2025 1:00,10.23000003
8/25/2025 2:00,10.53833329
8/25/2025 3:00,10.87666669
8/25/2025 4:00,13.345
8/25/2025 5:00,12.15000005
8/25/2025 6:00,18.26999995
8/25/2025 7:00,17.95500005
8/25/2025 8:00,14.01166663
8/25/2025 9:00,14.57833325
8/25/2025 10:00,10.96984134
8/25/2025 11:00,11.03906254
8/25/2025 12:00,7.949206337
8/25/2025 13:00,6.28666664
8/25/2025 14:00,5.941666635
8/25/2025 15:00,5.253333334
8/25/2025 16:00,6.766666675
8/25/2025 17:00,9.593333316
8/25/2025 18:00,13.295
8/25/2025 19:00,11.11967213
8/25/2025 20:00,11.19833337
8/25/2025 21:00,10.7783333
8/25/2025 22:00,11.67833331
8/25/2025 23:00,12.87166665
8/26/2025,12.55833332
8/26/2025 1:00,11.90000005
8/26/2025 2:00,11.25499999
8/26/2025 3:00,11.65901633
8/26/2025 4:00,10.60833335
8/26/2025 5:00,13.05999999
8/26/2025 6:00,17.15666677
8/26/2025 7:00,16.15833329
8/26/2025 8:00,14.40666666
8/26/2025 9:00,16.35666672
8/26/2025 10:00,17.67499984
8/26/2025 11:00,19.10833333
8/26/2025 12:00,19.48166679
8/26/2025 13:00,12.67333334
8/26/2025 14:00,13.72833327
8/26/2025 15:00,10.31000002
8/26/2025 16:00,12.8622951
8/26/2025 17:00,14.97166651
8/26/2025 18:00,13.69833334
8/26/2025 19:00,9.33999997
8/26/2025 20:00,9.201666665
8/26/2025 21:00,9.243333411
8/26/2025 22:00,9.891666651
8/26/2025 23:00,9.261666711
8/27/2025,9.056666668
8/27/2025 1:00,8.855000003
8/27/2025 2:00,10.86333329
8/27/2025 3:00,12.62000003
8/27/2025 4:00,14.26999993
8/27/2025 5:00,15.88000003
8/27/2025 6:00,17.10333339
8/27/2025 7:00,21.36666648
8/27/2025 8:00,16.85500003
8/27/2025 9:00,22.00999997
8/27/2025 10:00,18.49032268
8/27/2025 11:00,20.42950821
8/27/2025 12:00,13.89552236
8/27/2025 13:00,12.79682538
8/27/2025 14:00,10.94833336
8/27/2025 15:00,11.25161283
8/27/2025 16:00,12.24918029
8/27/2025 17:00,13.39500003
8/27/2025 18:00,13.27833335
8/27/2025 19:00,13.51833331
8/27/2025 20:00,11.79166673
8/27/2025 21:00,11.39333334
8/27/2025 22:00,10.68
8/27/2025 23:00,12.49666665
8/28/2025,12.35666668
8/28/2025 1:00,7.83999997
8/28/2025 2:00,5.66833334
8/28/2025 3:00,5.856666652
8/28/2025 4:00,4.90333333
8/28/2025 5:00,5.248333343
8/28/2025 6:00,6.763333344
8/28/2025 7:00,7.23666664
8/28/2025 8:00,10.23333338
8/28/2025 9:00,40.71000034
8/28/2025 10:00,13.90322579
8/28/2025 11:00,17.6460318
8/28/2025 12:00,14.29333333
8/28/2025 13:00,8.053333354
8/28/2025 14:00,13.05166668
8/28/2025 15:00,13.9766667
8/28/2025 16:00,10.54166665
8/28/2025 17:00,13.19166665
8/28/2025 18:00,13.85333327
8/28/2025 19:00,15.98166666
8/28/2025 20:00,15.99166678
8/28/2025 21:00,11.06666665
8/28/2025 22:00,11.51333334
8/28/2025 23:00,11.58666673
8/29/2025,10.67333333
8/29/2025 1:00,9.05
8/29/2025 2:00,7.580000043
8/29/2025 3:00,6.911666671
8/29/2025 4:00,8.334999983
8/29/2025 5:00,9.071666702
8/29/2025 6:00,18.4683334
8/29/2025 7:00,24.71166674
8/29/2025 8:00,26.22166653
8/29/2025 9:00,18.00499994
8/29/2025 10:00,17.07540983
8/29/2025 11:00,16.50500008
8/29/2025 12:00,16.36093751
8/29/2025 13:00,17.59833336
8/29/2025 14:00,14.19166671
8/29/2025 15:00,13.56500001
8/29/2025 16:00,14.51967211
8/29/2025 17:00,15.09000001
8/29/2025 18:00,14.7833333
8/29/2025 19:00,14.34666672
8/29/2025 20:00,11.61166666
8/29/2025 21:00,13.70166669
8/29/2025 22:00,12.83166666
8/29/2025 23:00,15.28999996
8/30/2025,14.52666669
8/30/2025 1:00,10.69333336
8/30/2025 2:00,4.758333313
8/30/2025 3:00,5.938333321
8/30/2025 4:00,8.058333309
8/30/2025 5:00,10.52999996
8/30/2025 6:00,11.20833335
8/30/2025 7:00,14.10333336
8/30/2025 8:00,12.33999999
8/30/2025 9:00,17.56500007
8/30/2025 10:00,14.81000007
8/30/2025 11:00,15.67333334
8/30/2025 12:00,13.02333337
8/30/2025 13:00,9.268333324
8/30/2025 14:00,9.174999992
8/30/2025 15:00,7.991666659
8/30/2025 16:00,9.859999935
8/30/2025 17:00,10.59333334
8/30/2025 18:00,12.8283333
8/30/2025 19:00,9.126666665
8/30/2025 20:00,10.48000002
8/30/2025 21:00,9.768333364
8/30/2025 22:00,10.63
8/30/2025 23:00,9.028333338
8/31/2025,11.15666663
8/31/2025 1:00,9.633333357
8/31/2025 2:00,10.02166665
8/31/2025 3:00,9.008333333
8/31/2025 4:00,8.800000072
8/31/2025 5:00,10.44666667
8/31/2025 6:00,10.53666666
8/31/2025 7:00,15.74333332
8/31/2025 8:00,15.6683334
8/31/2025 9:00,17.33333329
8/31/2025 10:00,15.25833335
8/31/2025 11:00,17.32031256
8/31/2025 12:00,12.37794123
8/31/2025 13:00,9.032786885
8/31/2025 14:00,11.37936508
8/31/2025 15:00,16.92000006
8/31/2025 16:00,12.81290322
8/31/2025 17:00,13.06393445
8/31/2025 18:00,17.28499999
8/31/2025 19:00,20.92166672
8/31/2025 20:00,23.81833331
8/31/2025 21:00,17.55666674
8/31/2025 22:00,11.01500005
8/31/2025 23:00,9.619999997
9/1/2025,10.19666664
9/1/2025 1:00,11.88666662
9/1/2025 2:00,14.24166668
9/1/2025 3:00,13.44166671
9/1/2025 4:00,13.35166669
9/1/2025 5:00,16.995
9/1/2025 6:00,20.57500006
9/1/2025 7:00,19.83333337
9/1/2025 8:00,21.8166666
9/1/2025 9:00,16.46999998
9/1/2025 10:00,11.86376811
9/1/2025 11:00,13.18088236
9/1/2025 12:00,14.16231891
9/1/2025 13:00,10.33529412
9/1/2025 14:00,9.403333298
9/1/2025 15:00,12.61333337
9/1/2025 16:00,11.8133333
9/1/2025 17:00,14.07031247
9/1/2025 18:00,14.45000005
9/1/2025 19:00,17.64354837
9/1/2025 20:00,12.68245604
9/1/2025 21:00,10.67758622
9/1/2025 22:00,16.51166668
9/1/2025 23:00,17.85245909
9/2/2025,10.61694912
9/2/2025 1:00,12.20317459
9/2/2025 2:00,9.972881358
9/2/2025 3:00,9.283606514
9/2/2025 4:00,9.598333311
9/2/2025 5:00,12.13448276
9/2/2025 6:00,14.71666667
9/2/2025 7:00,15.05483864
9/2/2025 8:00,17.07741933
9/2/2025 9:00,25.43499997
9/2/2025 10:00,12.44032256
9/2/2025 11:00,7.10819672
9/2/2025 12:00,5.086885257
9/2/2025 13:00,9.738983082
9/2/2025 14:00,11.47894737
9/2/2025 15:00,12.75689661
9/2/2025 16:00,11.07166667
9/2/2025 17:00,11.29333332
9/2/2025 18:00,11.57258063
9/2/2025 19:00,14.50806459
9/2/2025 20:00,11.40517243
9/2/2025 21:00,8.274603155
9/2/2025 22:00,7.796610129
9/2/2025 23:00,8.074576281
9/3/2025,6.701666665
9/3/2025 1:00,5.716393424
9/3/2025 2:00,5.432786879
9/3/2025 3:00,6.600000005
9/3/2025 4:00,8.377419349
9/3/2025 5:00,9.263333352
9/3/2025 6:00,16.31999993
9/3/2025 7:00,17.775
9/3/2025 8:00,15.21774194
9/3/2025 9:00,11.8133333
9/3/2025 10:00,9.554098372
9/3/2025 11:00,9.754237288
9/3/2025 12:00,10.47540984
9/3/2025 13:00,16.81333324
9/3/2025 14:00,10.58000003
9/3/2025 15:00,8.447540995
9/3/2025 16:00,9.261666671
9/3/2025 17:00,9.570000029
9/3/2025 18:00,10.92999997
9/3/2025 19:00,9.826666705
9/3/2025 20:00,6.92166667
9/3/2025 21:00,9.27833329
9/3/2025 22:00,11.36333327
9/3/2025 23:00,12.16499998
9/4/2025,10.22333336
9/4/2025 1:00,10.41999998
9/4/2025 2:00,8.559999998
9/4/2025 3:00,8.818333332
9/4/2025 4:00,9.114999938
9/4/2025 5:00,9.004917997
9/4/2025 6:00,12.99333339
9/4/2025 7:00,18.90333333
9/4/2025 8:00,14.33833338
9/4/2025 9:00,8.783333325
9/4/2025 10:00,9.718333268
9/4/2025 11:00,10.79499997
9/4/2025 12:00,8.851666713
9/4/2025 13:00,9.440000017
9/4/2025 14:00,8.618333348
9/4/2025 15:00,7.97833333
9/4/2025 16:00,8.806666652
9/4/2025 17:00,11.56333331
9/4/2025 18:00,17.76393443
9/4/2025 19:00,18.26949154
9/4/2025 20:00,20.24918031
9/4/2025 21:00,18.88666666
9/4/2025 22:00,17.90333333
9/4/2025 23:00,16.13499994
9/5/2025,14.12666661
9/5/2025 1:00,11.46393434
9/5/2025 2:00,9.569999981
9/5/2025 3:00,11.13166669
9/5/2025 4:00,10.0083333
9/5/2025 5:00,14.30508473
9/5/2025 6:00,21.20983596
9/5/2025 7:00,17.39999997
9/5/2025 8:00,15.38500001
9/5/2025 9:00,13.88166671
9/5/2025 10:00,16.3866667
9/5/2025 11:00,15.90833333
9/5/2025 12:00,11.62500007
9/5/2025 13:00,9.813333281
9/5/2025 14:00,11.04166668
9/5/2025 15:00,11.38
9/5/2025 16:00,10.07666667
9/5/2025 17:00,16.21833328
9/5/2025 18:00,20.17166662
9/5/2025 19:00,18.04237283
9/5/2025 20:00,16.01999995
9/5/2025 21:00,10.88999999
9/5/2025 22:00,14.87666667
9/5/2025 23:00,15.89333328
9/6/2025,12.9666666
9/6/2025 1:00,13.32833335
9/6/2025 2:00,8.681967196
9/6/2025 3:00,7.461666695
9/6/2025 4:00,9.836666719
9/6/2025 5:00,10.42000004
9/6/2025 6:00,13.37833331
9/6/2025 7:00,19.27118641
9/6/2025 8:00,15.02000004
9/6/2025 9:00,14.23166663
9/6/2025 10:00,16.46000009
9/6/2025 11:00,11.9966667
9/6/2025 12:00,12.45833335
9/6/2025 13:00,13.76666668
9/6/2025 14:00,11.27666666
9/6/2025 15:00,10.89666668
9/6/2025 16:00,9.685000014
9/6/2025 17:00,10.95499996
9/6/2025 18:00,15.07000001
9/6/2025 19:00,15.28666668
9/6/2025 20:00,14.75166666
9/6/2025 21:00,17.22499997
9/6/2025 22:00,17.77000009
9/6/2025 23:00,13.70166674
9/7/2025,9.721666694
9/7/2025 1:00,14.12000001
9/7/2025 2:00,12.04333332
9/7/2025 3:00,11.00666669
9/7/2025 4:00,11.23166663
9/7/2025 5:00,16.89999995
9/7/2025 6:00,21.85999994
9/7/2025 7:00,26.45666663
9/7/2025 8:00,26.41000004
9/7/2025 9:00,15.62166664
9/7/2025 10:00,14.3116667
9/7/2025 11:00,15.86833328
9/7/2025 12:00,16.65499997
9/7/2025 13:00,13.30166666
9/7/2025 14:00,16.78999998
9/7/2025 15:00,16.92166667
9/7/2025 16:00,14.92666675
9/7/2025 17:00,15.28166677
9/7/2025 18:00,18.89666678
9/7/2025 19:00,19.73166656
9/7/2025 20:00,18.04426237
9/7/2025 21:00,19.07666677
9/7/2025 22:00,18.26500003
9/7/2025 23:00,19.15333335
9/8/2025,18.31166665
9/8/2025 1:00,16.73166666
9/8/2025 2:00,15.08833337
9/8/2025 3:00,16.3850001
9/8/2025 4:00,18.56166655
9/8/2025 5:00,22.44666665
9/8/2025 6:00,29.67166669
9/8/2025 7:00,24.15166661
9/8/2025 8:00,27.35499996
9/8/2025 9:00,22.96000004
9/8/2025 10:00,22.74520545
9/8/2025 11:00,23.274026
9/8/2025 12:00,16.63333326
9/8/2025 13:00,14.08906254
9/8/2025 14:00,15.5
9/8/2025 15:00,15.67096782
9/8/2025 16:00,17.67333347
9/8/2025 17:00,20.41666667
9/8/2025 18:00,20.27666664
9/8/2025 19:00,21.81000007
9/8/2025 20:00,22.90333341
9/8/2025 21:00,22.23333337
9/8/2025 22:00,19.66499993
9/8/2025 23:00,20.90333331
9/9/2025,21.86000007
9/9/2025 1:00,20.975
9/9/2025 2:00,20.81166665
9/9/2025 3:00,19.73666668
9/9/2025 4:00,21.24333337
9/9/2025 5:00,24.42833328
9/9/2025 6:00,26.3333334
9/9/2025 7:00,29.47333326
9/9/2025 8:00,26.34500001
9/9/2025 9:00,25.78333343
9/9/2025 10:00,22.52666661
9/9/2025 11:00,25.25500005
9/9/2025 12:00,19.34999987
9/9/2025 13:00,17.51500004
9/9/2025 14:00,17.27000004
9/9/2025 15:00,24.40666666
9/9/2025 16:00,27.2983332
9/9/2025 17:00,41.36833312
9/9/2025 18:00,30.31666673
9/9/2025 19:00,30.75833343
9/9/2025 20:00,26.56000007
9/9/2025 21:00,27.16666683
9/9/2025 22:00,23.4166667
9/9/2025 23:00,48.11499983
9/10/2025,33.88833335
9/10/2025 1:00,43.23666687
9/10/2025 2:00,54.4683335
9/10/2025 3:00,60.59000003
9/10/2025 4:00,53.46833318
9/10/2025 5:00,45.79499995
9/10/2025 6:00,28.87000011
9/10/2025 7:00,27.13333343
9/10/2025 8:00,21.52000008
9/10/2025 9:00,39.81999973
9/10/2025 10:00,47.17499987
9/10/2025 11:00,48.17166678
9/10/2025 12:00,57.11666654
9/10/2025 13:00,53.44333344
9/10/2025 14:00,38.46500012
9/10/2025 15:00,14.11333335
9/10/2025 16:00,12.25666669
9/10/2025 17:00,13.92666664
9/10/2025 18:00,14.18474585
9/10/2025 19:00,15.12500003
9/10/2025 20:00,14.30655744
9/10/2025 21:00,15.72666663
9/10/2025 22:00,18.28166664
9/10/2025 23:00,19.80833333
9/11/2025,15.38333332
9/11/2025 1:00,12.21166674
9/11/2025 2:00,12.28166661
9/11/2025 3:00,14.44166667
9/11/2025 4:00,13.73166671
9/11/2025 5:00,13.96000007
9/11/2025 6:00,13.93666662
9/11/2025 7:00,6.938333356
9/11/2025 8:00,11.5533333
9/11/2025 9:00,15.74166667
9/11/2025 10:00,23.8649999
9/11/2025 11:00,24.13499986
9/11/2025 12:00,17.57666658
9/11/2025 13:00,15.84833341
9/11/2025 14:00,6.891666667
9/11/2025 15:00,4.314999954
9/11/2025 16:00,4.599999976
9/11/2025 17:00,8.864999994
9/11/2025 18:00,10.58500005
9/11/2025 19:00,11.12166664
9/11/2025 20:00,14.775
9/11/2025 21:00,13.7
9/11/2025 22:00,17.26500009
9/11/2025 23:00,18.89666669
9/12/2025,14.70000003
9/12/2025 1:00,14.00166664
9/12/2025 2:00,13.63833335
9/12/2025 3:00,13.88000002
9/12/2025 4:00,12.88666666
9/12/2025 5:00,11.70833335
9/12/2025 6:00,12.1666667
9/12/2025 7:00,23.02333337
9/12/2025 8:00,26.10000003
9/12/2025 9:00,21.27333337
9/12/2025 10:00,13.13999994
9/12/2025 11:00,9.376666713
9/12/2025 12:00,11.78333334
9/12/2025 13:00,10.77999998
9/12/2025 14:00,10.23000005
9/12/2025 15:00,9.608333389
9/12/2025 16:00,9.135000022
9/12/2025 17:00,7.921666654
9/12/2025 18:00,12.955
9/12/2025 19:00,23.31639337
9/12/2025 20:00,29.66166662
9/12/2025 21:00,20.36833324
9/12/2025 22:00,15.56333334
9/12/2025 23:00,13.92333337
9/13/2025,14.01833334
9/13/2025 1:00,14.32333333
9/13/2025 2:00,14.54833333
9/13/2025 3:00,15.38500002
9/13/2025 4:00,15.71333342
9/13/2025 5:00,15.08000007
9/13/2025 6:00,17.01333329
9/13/2025 7:00,17.99016387
9/13/2025 8:00,23.89344262
9/13/2025 9:00,20.12999999
9/13/2025 10:00,15.82499997
9/13/2025 11:00,14.21833334
9/13/2025 12:00,12.32833331
9/13/2025 13:00,9.658333381
9/13/2025 14:00,7.815000017
9/13/2025 15:00,5.388333352
9/13/2025 16:00,6.400000032
9/13/2025 17:00,7.646666662
9/13/2025 18:00,10.30833341
9/13/2025 19:00,11.99666661
9/13/2025 20:00,10.43333329
9/13/2025 21:00,10.09166663
9/13/2025 22:00,10.69333337
9/13/2025 23:00,11.81499999
9/14/2025,13.13666666
9/14/2025 1:00,12.06000002
9/14/2025 2:00,12.61999989
9/14/2025 3:00,17.18500015
9/14/2025 4:00,16.91666665
9/14/2025 5:00,16.99666664
9/14/2025 6:00,21.78833332
9/14/2025 7:00,23.98500001
9/14/2025 8:00,26.32833338
9/14/2025 9:00,23.28166676
9/14/2025 10:00,18.69666673
9/14/2025 11:00,14.49000006
9/14/2025 12:00,15.09193542
9/14/2025 13:00,13.48333341
9/14/2025 14:00,14.66666663
9/14/2025 15:00,17.10833332
9/14/2025 16:00,20.21166668
9/14/2025 17:00,19.57833333
9/14/2025 18:00,23.86999998
9/14/2025 19:00,25.63333314
9/14/2025 20:00,24.17666661
9/14/2025 21:00,21.23666662
9/14/2025 22:00,17.64166671
9/14/2025 23:00,9.911666735
9/15/2025,4.599999984
9/15/2025 1:00,4.883333345
9/15/2025 2:00,6.038333364
9/15/2025 3:00,5.481666696
9/15/2025 4:00,3.765000006
9/15/2025 5:00,4.71333334
9/15/2025 6:00,7.566666651
9/15/2025 7:00,13.98666655
9/15/2025 8:00,15.67166665
9/15/2025 9:00,17.41666668
9/15/2025 10:00,20.39333337
9/15/2025 11:00,15.59333336
9/15/2025 12:00,19.67333328
9/15/2025 13:00,10.05666664
9/15/2025 14:00,10.36833337
9/15/2025 15:00,12.74333331
9/15/2025 16:00,12.57333336
9/15/2025 17:00,12.24999995
9/15/2025 18:00,12.22666663
9/15/2025 19:00,12.73
9/15/2025 20:00,12.92666669
9/15/2025 21:00,14.22500003
9/15/2025 22:00,10.05999997
9/15/2025 23:00,11.87333331
9/16/2025,13.48499996
9/16/2025 1:00,9.508333309
9/16/2025 2:00,10.43833335
9/16/2025 3:00,9.593333292
9/16/2025 4:00,10.92833336
9/16/2025 5:00,15.64833339
9/16/2025 6:00,27.10166674
9/16/2025 7:00,22.01499999
9/16/2025 8:00,26.21500006
9/16/2025 9:00,13.1733333
9/16/2025 10:00,11.02333337
9/16/2025 11:00,14.49833332
9/16/2025 12:00,7.858333361
9/16/2025 13:00,7.541666659
9/16/2025 14:00,7.533333333
9/16/2025 15:00,9.11639341
9/16/2025 16:00,10.08333332
9/16/2025 17:00,9.59666667
9/16/2025 18:00,19.19166667
9/16/2025 19:00,22.2783333
9/16/2025 20:00,27.70666647
9/16/2025 21:00,27.81499996
9/16/2025 22:00,20.01166674
9/16/2025 23:00,18.22666666
9/17/2025,11.88833334
9/17/2025 1:00,9.713333352
9/17/2025 2:00,8.053333378
11/12/2025 16:00,35.12678596
11/12/2025 17:00,45.80666656
11/12/2025 18:00,55.45333328
11/12/2025 19:00,85.6
11/12/2025 20:00,114.4083338
11/12/2025 21:00,143.6433336
11/12/2025 22:00,94.81333351
11/12/2025 23:00,76.60666669
11/13/2025,73.4516667
11/13/2025 1:00,54.15666656
11/13/2025 2:00,45.90000006
11/13/2025 3:00,39.73666687
11/13/2025 4:00,37.36166706
11/13/2025 5:00,40.28666668
11/13/2025 6:00,83.01166674
11/13/2025 7:00,69.44666659
11/13/2025 8:00,64.99833374
11/13/2025 9:00,47.09333347
11/13/2025 10:00,26.70333335
11/13/2025 11:00,28.2
11/13/2025 12:00,18.47333333
11/13/2025 13:00,17.80333327
11/13/2025 14:00,17.35833332
11/13/2025 15:00,26.37333333
11/13/2025 16:00,46.80000019
11/13/2025 17:00,57.36500003
11/13/2025 18:00,46.41833331
11/13/2025 19:00,46.38499991
11/13/2025 20:00,51.62166659
11/13/2025 21:00,49.22000008
11/13/2025 22:00,44.16833331
11/13/2025 23:00,33.89999975
11/14/2025,34.13833345
11/14/2025 1:00,34.39666675
11/14/2025 2:00,31.31999995
11/14/2025 3:00,34.21833359
11/14/2025 4:00,35.5016667
11/14/2025 5:00,35.35666688
11/14/2025 6:00,41.99666672
11/14/2025 7:00,49.03500023
11/14/2025 8:00,58.4083334
11/14/2025 9:00,60.27166691
11/14/2025 10:00,31.8983332
11/14/2025 11:00,28.64833333
11/14/2025 12:00,25.95500005
11/14/2025 13:00,26.93000002
11/14/2025 14:00,30.89833349
11/14/2025 15:00,27.83333346
11/14/2025 16:00,31.74666675
11/14/2025 17:00,35.26500018
11/14/2025 18:00,42.68666674
11/14/2025 19:00,38.02333336
11/14/2025 20:00,51.31666667
11/14/2025 21:00,51.81166674
11/14/2025 22:00,55.85666682
11/14/2025 23:00,42.83000005
11/15/2025,41.77999999
11/15/2025 1:00,40.33833326
11/15/2025 2:00,39.59166673
11/15/2025 3:00,39.04833349
11/15/2025 4:00,38.15999985
11/15/2025 5:00,45.57166691
11/15/2025 6:00,54.00166683
11/15/2025 7:00,63.17666639
11/15/2025 8:00,62.31000023
11/15/2025 9:00,71.9
11/15/2025 10:00,45.06000017
11/15/2025 11:00,25.05833317
11/15/2025 12:00,18.35333331
11/15/2025 13:00,20.61999989
11/15/2025 14:00,22.1083333
11/15/2025 15:00,32.10833324
11/15/2025 16:00,37.23499982
11/15/2025 17:00,39.4600001
11/15/2025 18:00,39.84333331
11/15/2025 19:00,43.93666662
11/15/2025 20:00,47.79833342
11/15/2025 21:00,56.26333338
11/15/2025 22:00,49.23499997
11/15/2025 23:00,40.58166663
11/16/2025,43.55409816
11/16/2025 1:00,37.81166662
11/16/2025 2:00,38.69666672
11/16/2025 3:00,40.14999962
11/16/2025 4:00,37.9316665
11/16/2025 5:00,45.79499989
11/16/2025 6:00,52.31833331
11/16/2025 7:00,51.58666693
11/16/2025 8:00,65.61500009
11/16/2025 9:00,53.71333332
11/16/2025 10:00,48.78333333
11/16/2025 11:00,30.3016394
11/16/2025 12:00,27.89672136
11/16/2025 13:00,21.80333338
11/16/2025 14:00,34.66166633
11/16/2025 15:00,30.74166663
11/16/2025 16:00,34.41666679
11/16/2025 17:00,38.93500001
11/16/2025 18:00,38.16999976
11/16/2025 19:00,40.99833345
11/16/2025 20:00,53.5316665
11/16/2025 21:00,47.4700002
11/16/2025 22:00,35.03999977
11/16/2025 23:00,34.79000003
11/17/2025,33.36999989
11/17/2025 1:00,34.88999971
11/17/2025 2:00,38.92666677
11/17/2025 3:00,35.29666659
11/17/2025 4:00,32.68999996
11/17/2025 5:00,37.66833328
11/17/2025 6:00,50.87333342
11/17/2025 7:00,65.33166676
11/17/2025 8:00,75.51000004
11/17/2025 9:00,66.19166686
11/17/2025 10:00,42.90333338
11/17/2025 11:00,27.90333335
11/17/2025 12:00,22.7540983
11/17/2025 13:00,21.84666656
11/17/2025 14:00,33.35999997
11/17/2025 15:00,27.88500001
11/17/2025 16:00,29.61499993
11/17/2025 17:00,33.71333342
11/17/2025 18:00,34.98833335
11/17/2025 19:00,44.02000027
11/17/2025 20:00,59.50166645
11/17/2025 21:00,58.30666676
11/17/2025 22:00,52.17166691
11/17/2025 23:00,55.69166667
11/18/2025,53.94193563
11/18/2025 1:00,47.65166651
11/18/2025 2:00,44.20499999
11/18/2025 3:00,43.43934431
11/18/2025 4:00,40.47833296
11/18/2025 5:00,43.83666662
11/18/2025 6:00,54.87666677
11/18/2025 7:00,63.8649999
11/18/2025 8:00,79.69000003
11/18/2025 9:00,73.18666611
11/18/2025 10:00,55.20333322
11/18/2025 11:00,51.94833336
11/18/2025 12:00,46.16499974
11/18/2025 13:00,31.51666676
11/18/2025 14:00,21.91166668
11/18/2025 15:00,20.79333337
11/18/2025 16:00,34.20833346
11/18/2025 17:00,54.7149999
11/18/2025 18:00,44.87166665
11/18/2025 19:00,42.83833342
11/18/2025 20:00,51.34499995
11/18/2025 21:00,54.74166654
11/18/2025 22:00,55.11333319
11/18/2025 23:00,47.5216664
11/19/2025,45.52459016
11/19/2025 1:00,44.92166672
11/19/2025 2:00,39.25500011
11/19/2025 3:00,33.29166673
11/19/2025 4:00,39.82999967
11/19/2025 5:00,44.82833322
11/19/2025 6:00,51.98333321
11/19/2025 7:00,66.0649999
11/19/2025 8:00,62.05999978
11/19/2025 9:00,50.39500008
11/19/2025 10:00,43.10500005
11/19/2025 11:00,31.85833324
11/19/2025 12:00,26.80500011
11/19/2025 13:00,35.60500021
11/19/2025 14:00,29.44833339
11/19/2025 15:00,27.13999993
11/19/2025 16:00,31.39666678
11/19/2025 17:00,32.72999992
11/19/2025 18:00,30.70833333
11/19/2025 19:00,35.92333314
11/19/2025 20:00,45.72666651
11/19/2025 21:00,54.6816665
11/19/2025 22:00,51.2245903
11/19/2025 23:00,38.41666673
11/20/2025,41.32166672
11/20/2025 1:00,43.16333307
11/20/2025 2:00,38.83666674
11/20/2025 3:00,34.66999995
11/20/2025 4:00,29.96833334
11/20/2025 5:00,41.33833323
11/20/2025 6:00,51.88000011
11/20/2025 7:00,55.52333317
11/20/2025 8:00,59.16333338
11/20/2025 9:00,61.70500018
11/20/2025 10:00,33.25000008
11/20/2025 11:00,22.85166667
11/20/2025 12:00,20.12666664
11/20/2025 13:00,20.77500003
11/20/2025 14:00,20.07666677
11/20/2025 15:00,23.31333342
11/20/2025 16:00,30.58166666
11/20/2025 17:00,33.8083333
11/20/2025 18:00,31.65166677
11/20/2025 19:00,35.13166666
11/20/2025 20:00,43.67833341
11/20/2025 21:00,48.49499982
11/20/2025 22:00,51.2399999
11/20/2025 23:00,32.74333309
11/21/2025,33.29499998
11/21/2025 1:00,39.90999991
11/21/2025 2:00,30.9250001
11/21/2025 3:00,30.87166672
11/21/2025 4:00,26.87333336
11/21/2025 5:00,33.95000013
11/21/2025 6:00,46.39000003
11/21/2025 7:00,55.66166681
11/21/2025 8:00,44.59999987
11/21/2025 9:00,56.00833333
11/21/2025 10:00,50.64333331
11/21/2025 11:00,32.42500013
11/21/2025 12:00,23.92166672
11/21/2025 13:00,18.88833329
11/21/2025 14:00,20.5483332
11/21/2025 15:00,22.09333337
11/21/2025 16:00,26.38833332
11/21/2025 17:00,28.85166661
11/21/2025 18:00,31.60666672
11/21/2025 19:00,31.92833347
11/21/2025 20:00,41.79666669
11/21/2025 21:00,49.39000003
11/21/2025 22:00,51.68166669
11/21/2025 23:00,48.04166698
11/22/2025,43.66166674
11/22/2025 1:00,39.7766667
11/22/2025 2:00,38.45666676
11/22/2025 3:00,37.76666673
11/22/2025 4:00,34.94833349
11/22/2025 5:00,39.27166684
11/22/2025 6:00,49.85000025
11/22/2025 7:00,50.38499997
11/22/2025 8:00,50.17166672
11/22/2025 9:00,58.87666632
11/22/2025 10:00,54.84166641
11/22/2025 11:00,34.18166669
11/22/2025 12:00,34.55333341
11/22/2025 13:00,27.18333337
11/22/2025 14:00,23.59833336
11/22/2025 15:00,26.45333341
11/22/2025 16:00,30.75666656
11/22/2025 17:00,35.72500013
11/22/2025 18:00,33.57999976
11/22/2025 19:00,32.67833312
11/22/2025 20:00,32.70166651
11/22/2025 21:00,54.4100001
11/22/2025 22:00,59.67166672
11/22/2025 23:00,39.13166656
11/23/2025,39.92666664
11/23/2025 1:00,40.47166678
11/23/2025 2:00,33.89166676
11/23/2025 3:00,38.06333357
11/23/2025 4:00,37.64999987
11/23/2025 5:00,45.3600001
11/23/2025 6:00,54.49666665
11/23/2025 7:00,58.77999992
11/23/2025 8:00,71.88166682
11/23/2025 9:00,80.18000094
11/23/2025 10:00,69.5716671
11/23/2025 11:00,62.81500009
11/23/2025 12:00,32.3
11/23/2025 13:00,17.6166667
11/23/2025 14:00,21.99672127
11/23/2025 15:00,26.60333344
11/23/2025 16:00,34.73333333
11/23/2025 17:00,43.89499989
11/23/2025 18:00,53.80666669
11/23/2025 19:00,64.66333357
11/23/2025 20:00,77.95500018
11/23/2025 21:00,77.63833313
11/23/2025 22:00,75.33000005
11/23/2025 23:00,75.70333277
11/24/2025,70.58166726
11/24/2025 1:00,63.60666682
11/24/2025 2:00,62.97540977
11/24/2025 3:00,62.84166686
11/24/2025 4:00,53.86166662
11/24/2025 5:00,47.93500017
11/24/2025 6:00,52.22833354
11/24/2025 7:00,61.37166678
11/24/2025 8:00,70.66666629
11/24/2025 9:00,68.53666674
11/24/2025 10:00,48.15999985
11/24/2025 11:00,42.07833309
11/24/2025 12:00,41.01833337
11/24/2025 13:00,38.5266667
11/24/2025 14:00,46.23666693
11/24/2025 15:00,45.04833349
11/24/2025 16:00,44.17000014
11/24/2025 17:00,53.40500018
11/24/2025 18:00,59.28999996
11/24/2025 19:00,68.99499976
11/24/2025 20:00,82.11833344
11/24/2025 21:00,76.28833326
11/24/2025 22:00,79.89000015
11/24/2025 23:00,76.16166662
11/25/2025,74.99166641
11/25/2025 1:00,61.70333341
11/25/2025 2:00,64.27166672
11/25/2025 3:00,65.38666687
11/25/2025 4:00,64.82166653
11/25/2025 5:00,59.45666701
11/25/2025 6:00,64.51500003
11/25/2025 7:00,74.386667
11/25/2025 8:00,83.71166623
11/25/2025 9:00,84.30666669
11/25/2025 10:00,72.75666631
11/25/2025 11:00,42.39666678
11/25/2025 12:00,30.93499991
11/25/2025 13:00,20.67166669
11/25/2025 14:00,20.97833347
11/25/2025 15:00,43.32166665
11/25/2025 16:00,42.19666653
11/25/2025 17:00,38.50166683
11/25/2025 18:00,42.19500008
11/25/2025 19:00,67.11000023
11/25/2025 20:00,75.15
11/25/2025 21:00,77.94166705
11/25/2025 22:00,61.35499999
11/25/2025 23:00,61.02000014
11/26/2025,57.58833294
11/26/2025 1:00,54.41499983
11/26/2025 2:00,49.93333321
11/26/2025 3:00,44.12166672
11/26/2025 4:00,42.84333318
11/26/2025 5:00,45.73666687
11/26/2025 6:00,59.08833319
11/26/2025 7:00,67.0049998
11/26/2025 8:00,78.91166687
11/26/2025 9:00,90.67000033
11/26/2025 10:00,68.20333316
11/26/2025 11:00,49.47333352
11/26/2025 12:00,23.99833331
11/26/2025 13:00,15.07333337
11/26/2025 14:00,26.28333325
11/26/2025 15:00,29.32666667
11/26/2025 16:00,29.48166669
11/26/2025 17:00,38.59000006
11/26/2025 18:00,41.7483333
11/26/2025 19:00,46.81166649
11/26/2025 20:00,79.67833322
11/26/2025 21:00,88.01166662
11/26/2025 22:00,73.91333345
11/26/2025 23:00,71.90833276
11/27/2025,65.44833361
11/27/2025 1:00,63.51499996
11/27/2025 2:00,54.25666663
11/27/2025 3:00,51.77000008
11/27/2025 4:00,54.44000022
11/27/2025 5:00,56.81500009
11/27/2025 6:00,72.34833349
11/27/2025 7:00,76.04666659
11/27/2025 8:00,86.14499982
11/27/2025 9:00,95.52500013
11/27/2025 10:00,97.94500008
11/27/2025 11:00,99.12500038
11/27/2025 12:00,98.45833321
11/27/2025 13:00,68.02000008
11/27/2025 14:00,40.36166649
11/27/2025 15:00,24.75333335
11/27/2025 16:00,35.08500007
11/27/2025 17:00,50.39666659
11/27/2025 18:00,76.95000006
11/27/2025 19:00,94.35000038
11/27/2025 20:00,103.8583332
11/27/2025 21:00,101.1733332
11/27/2025 22:00,104.0449994
11/27/2025 23:00,91.95666682
11/28/2025,87.24666735
11/28/2025 1:00,77.53999964
11/28/2025 2:00,66.21333319
11/28/2025 3:00,60.02166646
11/28/2025 4:00,53.32666658
11/28/2025 5:00,51.20499999
11/28/2025 6:00,65.90999997
11/28/2025 7:00,75.79333356
11/28/2025 8:00,90.79166654
11/28/2025 9:00,90.73833313
11/28/2025 10:00,76.2450002
11/28/2025 11:00,58.37500025
11/28/2025 12:00,41.26166677
11/28/2025 13:00,21.44166683
11/28/2025 14:00,21.78833329
11/28/2025 15:00,21.99333347
11/28/2025 16:00,23.76166674
11/28/2025 17:00,34.87166659
11/28/2025 18:00,76.63000018
11/28/2025 19:00,87.55166658
11/28/2025 20:00,82.88166701
11/28/2025 21:00,69.59333299
11/28/2025 22:00,45.24333324
11/28/2025 23:00,48.20833327
11/29/2025,53.76833324
11/29/2025 1:00,45.24499982
11/29/2025 2:00,43.11333351
11/29/2025 3:00,42.0666666
11/29/2025 4:00,53.64166705
11/29/2025 5:00,71.25500011
11/29/2025 6:00,68.12333355
11/29/2025 7:00,80.25000025
11/29/2025 8:00,75.94666684
11/29/2025 9:00,77.4266669
11/29/2025 10:00,62.43166644
11/29/2025 11:00,59.89833345
11/29/2025 12:00,12.42333337
11/29/2025 13:00,10.93166663
11/29/2025 14:00,12.35499999
11/29/2025 15:00,15.55499997
11/29/2025 16:00,20.7583334
11/29/2025 17:00,26.45166677
11/29/2025 18:00,32.94499985
11/29/2025 19:00,51.9266667
11/29/2025 20:00,75.62666626
11/29/2025 21:00,53.9799998
11/29/2025 22:00,47.78499991
11/29/2025 23:00,39.48166663
11/30/2025,44.48166656
11/30/2025 1:00,40.775
11/30/2025 2:00,34.0600002
11/30/2025 3:00,28.37666664
11/30/2025 4:00,29.07666655
11/30/2025 5:00,38.04499989
11/30/2025 6:00,47.13999971
11/30/2025 7:00,61.47333323
11/30/2025 8:00,65.13833326
11/30/2025 9:00,75.1799998
11/30/2025 10:00,68.08499991
11/30/2025 11:00,50.57000027
11/30/2025 12:00,33.10500011
11/30/2025 13:00,23.82000012
11/30/2025 14:00,30.21166668
11/30/2025 15:00,26.3399999
11/30/2025 16:00,29.94833317
11/30/2025 17:00,33.52333349
11/30/2025 18:00,48.40666656
11/30/2025 19:00,58.78499985
11/30/2025 20:00,60.65333341
11/30/2025 21:00,59.47999967
11/30/2025 22:00,48.3
11/30/2025 23:00,41.51500003
12/1/2025,44.0649999
12/1/2025 1:00,45.16499983
12/1/2025 2:00,48.35333347
12/1/2025 3:00,46.44000003
12/1/2025 4:00,45.42166653
12/1/2025 5:00,47.30499986
12/1/2025 6:00,59.89666659
12/1/2025 7:00,67.22999942
12/1/2025 8:00,77.90166702
12/1/2025 9:00,87.37666677
12/1/2025 10:00,73.2950002
12/1/2025 11:00,75.25000019
12/1/2025 12:00,49.95499996
12/1/2025 13:00,34.92166669
12/1/2025 14:00,33.72833325
12/1/2025 15:00,39.44833355
12/1/2025 16:00,39.65166683
12/1/2025 17:00,41.08166682
12/1/2025 18:00,58.08499978
12/1/2025 19:00,73.96666629
12/1/2025 20:00,78.85333341
12/1/2025 21:00,87.08166669
12/1/2025 22:00,82.47666664
12/1/2025 23:00,80.54833349
12/2/2025,71.66166623
12/2/2025 1:00,71.71666667
12/2/2025 2:00,69.47000008
12/2/2025 3:00,69.75666656
12/2/2025 4:00,68.90166613
12/2/2025 5:00,65.88166669
12/2/2025 6:00,77.80833321
12/2/2025 7:00,95.69666621
12/2/2025 8:00,105.0633336
12/2/2025 9:00,85.63000018
12/2/2025 10:00,95.20666656
12/2/2025 11:00,82.23499959
12/2/2025 12:00,67.15666688
12/2/2025 13:00,45.80333316
12/2/2025 14:00,43.68333333
12/2/2025 15:00,42.53000005
12/2/2025 16:00,50.85333335
12/2/2025 17:00,58.89333318
12/2/2025 18:00,67.64333337
12/2/2025 19:00,82.54999975
12/2/2025 20:00,79.44833298
12/2/2025 21:00,96.0450002
12/2/2025 22:00,99.68000005
12/2/2025 23:00,90.64333318
12/3/2025,81.9316672
12/3/2025 1:00,77.85000038
12/3/2025 2:00,72.83166695
12/3/2025 3:00,58.96333332
12/3/2025 4:00,54.14666659
12/3/2025 5:00,58.00166677
12/3/2025 6:00,70.69333344
12/3/2025 7:00,74.08666585
12/3/2025 8:00,66.96166674
12/3/2025 9:00,78.41499977
12/3/2025 10:00,83.90666656
12/3/2025 11:00,80.73666636
12/3/2025 12:00,80.50666656
12/3/2025 13:00,61.9816665
12/3/2025 14:00,49.45499986
12/3/2025 15:00,47.44333331
12/3/2025 16:00,52.86065568
12/3/2025 17:00,58.75166664
12/3/2025 18:00,63.05666676
12/3/2025 19:00,69.79166622
12/3/2025 20:00,74.74166698
12/3/2025 21:00,88.03220355
12/3/2025 22:00,87.39833349
12/3/2025 23:00,76.84500008
12/4/2025,72.99666646
12/4/2025 1:00,65.14166641
12/4/2025 2:00,53.12500006
12/4/2025 3:00,50.72666651
12/4/2025 4:00,49.25666663
12/4/2025 5:00,51.06833312
12/4/2025 6:00,56.68666655
12/4/2025 7:00,59.42166665
12/4/2025 8:00,63.7299998
12/4/2025 9:00,63.13500017
12/4/2025 10:00,64.69333344
12/4/2025 11:00,58.6916666
12/4/2025 12:00,52.14333324
12/4/2025 13:00,46.63499997
12/4/2025 14:00,35.0316666
12/4/2025 15:00,39.38833338
12/4/2025 16:00,44.79672135
12/4/2025 17:00,49.27833354
12/4/2025 18:00,55.2333334
12/4/2025 19:00,54.3
12/4/2025 20:00,59.60999991
12/4/2025 21:00,69.86333307
12/4/2025 22:00,74.8950002
12/4/2025 23:00,62.17999999
12/5/2025,52.19666659
12/5/2025 1:00,46.68166656
12/5/2025 2:00,41.02166672
12/5/2025 3:00,57.59999987
12/5/2025 4:00,62.29499969
12/5/2025 5:00,61.1549998
12/5/2025 6:00,64.17166646
12/5/2025 7:00,63.13166644
12/5/2025 8:00,68.67166684
12/5/2025 9:00,66.16833356
12/5/2025 10:00,65.46666667
12/5/2025 11:00,49.7600001
12/5/2025 12:00,37.94333369
12/5/2025 13:00,34.10833324
12/5/2025 14:00,37.84833333
12/5/2025 15:00,35.74000006
12/5/2025 16:00,42.92166672
12/5/2025 17:00,46.81999995
12/5/2025 18:00,52.53166676
12/5/2025 19:00,48.27166659
12/5/2025 20:00,67.90333335
12/5/2025 21:00,64.99999981
12/5/2025 22:00,56.20999991
12/5/2025 23:00,61.5416666
12/6/2025,57.59666665
12/6/2025 1:00,49.47500013
12/6/2025 2:00,53.74166698
12/6/2025 3:00,52.20333354
12/6/2025 4:00,47.42166659
12/6/2025 5:00,50.97666651
12/6/2025 6:00,57.29000022
12/6/2025 7:00,67.65333303
12/6/2025 8:00,90.61639329
12/6/2025 9:00,83.16833356
12/6/2025 10:00,65.74666665
12/6/2025 11:00,57.44999994
12/6/2025 12:00,37.51166662
12/6/2025 13:00,31.32500003
12/6/2025 14:00,24.70500005
12/6/2025 15:00,37.52295091
12/6/2025 16:00,37.87499994
12/6/2025 17:00,43.04499976
12/6/2025 18:00,58.08833332
12/6/2025 19:00,68.95333328
12/6/2025 20:00,70.89000028
12/6/2025 21:00,90.65666631
12/6/2025 22:00,74.06290337
12/6/2025 23:00,59.72999999
12/7/2025,62.97833347
12/7/2025 1:00,46.01999995
12/7/2025 2:00,49.29999975
12/7/2025 3:00,43.78852463
12/7/2025 4:00,49.61833324
12/7/2025 5:00,59.72833347
12/7/2025 6:00,66.3666666
12/7/2025 7:00,73.18333333
12/7/2025 8:00,79.00999959
12/7/2025 9:00,75.15999985
12/7/2025 10:00,77.72833316
12/7/2025 11:00,68.61166681
12/7/2025 12:00,55.23666674
12/7/2025 13:00,45.04166648
12/7/2025 14:00,40.75499976
12/7/2025 15:00,56.65666637
12/7/2025 16:00,66.2516669
12/7/2025 17:00,71.65666644
12/7/2025 18:00,74.39500008
12/7/2025 19:00,82.38000005
12/7/2025 20:00,78.97540984
12/7/2025 21:00,74.66666654
12/7/2025 22:00,77.34262248
12/7/2025 23:00,75.23500023
12/8/2025,62.1916666
12/8/2025 1:00,53.71000023
12/8/2025 2:00,59.96000004
12/8/2025 3:00,58.40500024
12/8/2025 4:00,63.9833334
12/8/2025 5:00,68.75833308
12/8/2025 6:00,72.01333364
12/8/2025 7:00,79.56333313
12/8/2025 8:00,97.71500003
12/8/2025 9:00,99.17999954
12/8/2025 10:00,97.3149999
12/8/2025 11:00,66.89999981
12/8/2025 12:00,39.23000002
12/8/2025 13:00,33.23666655
12/8/2025 14:00,31.51166671
12/8/2025 15:00,31.71166665
12/8/2025 16:00,36.2833333
12/8/2025 17:00,41.7850001
12/8/2025 18:00,47.11333332
12/8/2025 19:00,62.86333357
12/8/2025 20:00,69.96666718
12/8/2025 21:00,67.01166674
12/8/2025 22:00,66.47333349
12/8/2025 23:00,65.41666692
12/9/2025,50.8233333
12/9/2025 1:00,50.94166673
12/9/2025 2:00,49.10833333
12/9/2025 3:00,48.55166664
12/9/2025 4:00,45.29500014
12/9/2025 5:00,54.87213097
12/9/2025 6:00,63.8266667
12/9/2025 7:00,89.59499995
12/9/2025 8:00,99.50999985
12/9/2025 9:00,93.86333338
12/9/2025 10:00,96.39166654
12/9/2025 11:00,104.4966666
12/9/2025 12:00,76.38833332
12/9/2025 13:00,31.5833333
12/9/2025 14:00,30.00499983
12/9/2025 15:00,30.84500001
12/9/2025 16:00,34.22833357
12/9/2025 17:00,36.5833334
12/9/2025 18:00,42.11475397
12/9/2025 19:00,66.2516667
12/9/2025 20:00,59.53333327
12/9/2025 21:00,65.13000018
12/9/2025 22:00,62.63833338
12/9/2025 23:00,64.99666665
12/10/2025,53.92333336
12/10/2025 1:00,41.44333337
12/10/2025 2:00,37.26000004
12/10/2025 3:00,38.98833326
12/10/2025 4:00,37.00000006
12/10/2025 5:00,41.5333334
12/10/2025 6:00,61.55645192
12/10/2025 7:00,71.51166662
12/10/2025 8:00,87.95666682
12/10/2025 9:00,86.95166728
12/10/2025 10:00,63.0066665
12/10/2025 11:00,56.53833351
12/10/2025 12:00,44.34000003
12/10/2025 13:00,36.8733331
12/10/2025 14:00,33.62500025
12/10/2025 15:00,32.31166674
12/10/2025 16:00,35.72333352
12/10/2025 17:00,37.64500008
12/10/2025 18:00,48.89999987
12/10/2025 19:00,70.31833344
12/10/2025 20:00,84.51666654
12/10/2025 21:00,85.47499949
12/10/2025 22:00,76.6716671
12/10/2025 23:00,66.4850001
12/11/2025,51.96166693
12/11/2025 1:00,48.025
12/11/2025 2:00,51.90000013
12/11/2025 3:00,54.29000003
12/11/2025 4:00,47.06166655
12/11/2025 5:00,50.17999992
12/11/2025 6:00,70.55666637
12/11/2025 7:00,88.20666656
12/11/2025 8:00,99.09166654
12/11/2025 9:00,100.2833332
12/11/2025 10:00,95.99666621
12/11/2025 11:00,89.24999981
12/11/2025 12:00,69.70666669
12/11/2025 13:00,40.28499962
12/11/2025 14:00,22.54500008
12/11/2025 15:00,24.62333336
12/11/2025 16:00,29.21666673
12/11/2025 17:00,37.8666666
12/11/2025 18:00,43.8333334
12/11/2025 19:00,67.63666643
12/11/2025 20:00,89.95166664
12/11/2025 21:00,86.61833318
12/11/2025 22:00,81.37333349
12/11/2025 23:00,66.74333299
12/12/2025,63.33999983
12/12/2025 1:00,62.93833319
12/12/2025 2:00,60.89166635
12/12/2025 3:00,44.83499985
12/12/2025 4:00,42.92166691
12/12/2025 5:00,52.76333351
12/12/2025 6:00,64.37333349
12/12/2025 7:00,81.68166707
12/12/2025 8:00,88.19500033
12/12/2025 9:00,89.43666687
12/12/2025 10:00,93.00666695
12/12/2025 11:00,73.80666644
12/12/2025 12:00,43.77333361
12/12/2025 13:00,39.163333
12/12/2025 14:00,29.8399999
12/12/2025 15:00,29.14499995
12/12/2025 16:00,33.64833323
12/12/2025 17:00,37.17999996
12/12/2025 18:00,44.78833307
12/12/2025 19:00,71.86999995
12/12/2025 20:00,182.3819676
12/12/2025 21:00,260.8633347
12/12/2025 22:00,201.4399996
12/12/2025 23:00,186.4966652
12/13/2025,114.8850005
12/13/2025 1:00,74.48166707
12/13/2025 2:00,61.16666654
12/13/2025 3:00,52.94999987
12/13/2025 4:00,57.7516669
12/13/2025 5:00,51.13999983
12/13/2025 6:00,90.38000024
12/13/2025 7:00,188.063334
12/13/2025 8:00,147.3016663
12/13/2025 9:00,102.3566667
12/13/2025 13:00,36.15333331
12/13/2025 14:00,37.08333317
12/13/2025 15:00,33.74500024
12/13/2025 16:00,38.62166665
12/13/2025 17:00,45.09166673
12/13/2025 18:00,67.34666691
12/13/2025 19:00,76.25333328
12/13/2025 20:00,106.6786884
12/13/2025 21:00,109.5333335
12/13/2025 22:00,102.2300004
12/13/2025 23:00,96.17833341
12/14/2025,87.01500028
12/14/2025 1:00,73.51999982
12/14/2025 2:00,63.48666668
12/14/2025 3:00,55.69499989
12/14/2025 4:00,55.46499996
12/14/2025 5:00,62.59666691
12/14/2025 6:00,71.40333354
12/14/2025 7:00,90.38852454
12/14/2025 8:00,96.4766669
12/14/2025 9:00,100.7516668
12/14/2025 10:00,92.6350001
12/14/2025 11:00,83.53833351
12/14/2025 12:00,72.71833356
12/14/2025 13:00,45.60000016
12/14/2025 14:00,23.68666668
12/14/2025 15:00,29.93499994
12/14/2025 16:00,33.09000009
12/14/2025 17:00,41.51833318
12/14/2025 18:00,42.15000006
12/14/2025 19:00,72.9016669
12/14/2025 20:00,94.24166679
12/14/2025 21:00,82.45333316
12/14/2025 22:00,78.00666669
12/14/2025 23:00,66.09666627
12/15/2025,64.28333308
12/15/2025 1:00,65.36666667
12/15/2025 2:00,56.8233333
12/15/2025 3:00,53.45499986
12/15/2025 4:00,49.02833328
12/15/2025 5:00,53.05833314
12/15/2025 6:00,73.91666616
12/15/2025 7:00,86.91666705
12/15/2025 8:00,86.89833361
12/15/2025 9:00,107.3213117
12/15/2025 10:00,88.35901654
12/15/2025 11:00,93.4450002
12/15/2025 12:00,61.36666632
12/15/2025 13:00,23.74333344
12/15/2025 14:00,24.1733333
12/15/2025 15:00,24.50500005
12/15/2025 16:00,26.96166671
12/15/2025 17:00,32.87333326
12/15/2025 18:00,34.62166662
12/15/2025 19:00,65.52950818
12/15/2025 20:00,83.22666562
12/15/2025 21:00,89.78833415
12/15/2025 22:00,80.83500036
12/15/2025 23:00,74.00666606
12/16/2025,62.69833342
12/16/2025 1:00,59.03500017
12/16/2025 2:00,50.78166663
12/16/2025 3:00,46.64333337
12/16/2025 4:00,42.94262283
12/16/2025 5:00,48.64098358
12/16/2025 6:00,66.64833349
12/16/2025 7:00,79.27499994
12/16/2025 8:00,85.78833351
12/16/2025 9:00,95.56833305
12/16/2025 10:00,70.36833312
12/16/2025 11:00,56.97666664
12/16/2025 12:00,42.36499999
12/16/2025 13:00,32.75333335
12/16/2025 14:00,33.82295064
12/16/2025 15:00,27.94000006
12/16/2025 16:00,32.06166665
12/16/2025 17:00,38.79666659
12/16/2025 18:00,51.2649999
12/16/2025 19:00,70.81666679
12/16/2025 20:00,85.04166667
12/16/2025 21:00,96.99166641
12/16/2025 22:00,81.51833344
12/16/2025 23:00,76.65166677
12/17/2025,68.38666674
12/17/2025 1:00,62.72459018
12/17/2025 2:00,62.52786905
12/17/2025 3:00,51.21147525
12/17/2025 4:00,51.72950845
12/17/2025 5:00,53.08666681
12/17/2025 6:00,66.78166682
12/17/2025 7:00,81.43833338
12/17/2025 8:00,83.66833331
12/17/2025 9:00,86.65000025
12/17/2025 10:00,68.99999962
12/17/2025 11:00,58.89999987
12/17/2025 12:00,51.61333313
12/17/2025 13:00,32.03833326
12/17/2025 14:00,30.30999985
12/17/2025 15:00,50.23000011
12/17/2025 16:00,54.53999977
12/17/2025 17:00,53.82000001
12/17/2025 18:00,56.9483333
12/17/2025 19:00,80.17999992
12/17/2025 20:00,88.01833318
12/17/2025 21:00,89.70333354
12/17/2025 22:00,101.061666
12/17/2025 23:00,87.19333356
12/18/2025,68.19999962
12/18/2025 1:00,67.01333288
12/18/2025 2:00,57.95000006
12/18/2025 3:00,58.38166669
12/18/2025 4:00,64.85833308
12/18/2025 5:00,62.87999986
12/18/2025 6:00,71.4183335
12/18/2025 7:00,93.99500008
12/18/2025 8:00,107.0283329
12/18/2025 9:00,104.5333335
12/18/2025 10:00,101.6183333
12/18/2025 11:00,96.21666641
12/18/2025 12:00,61.96779684
12/18/2025 13:00,55.03833332
12/18/2025 14:00,37.15500008
12/18/2025 15:00,32.70833327
12/18/2025 16:00,35.89000006
12/18/2025 17:00,50.99999987
12/18/2025 18:00,67.3383337
12/18/2025 19:00,93.42999942
12/18/2025 20:00,122.0633334
12/18/2025 21:00,110.1233334
12/18/2025 22:00,110.6650005
12/18/2025 23:00,101.4649998
12/19/2025,86.96500028
12/19/2025 1:00,72.51499964
12/19/2025 2:00,65.29499982
12/19/2025 3:00,58.38360664
12/19/2025 4:00,57.11666673
12/19/2025 5:00,53.75833333
12/19/2025 6:00,64.15500005
12/19/2025 7:00,86.58500023
12/19/2025 8:00,93.60166664
12/19/2025 9:00,112.375
12/19/2025 10:00,118.6966667
12/19/2025 11:00,113.8383338
12/19/2025 12:00,49.80166674
12/19/2025 13:00,28.49836062
12/19/2025 14:00,29.80499989
12/19/2025 15:00,28.53499994
12/19/2025 16:00,31.42833328
12/19/2025 17:00,37.11166649
12/19/2025 18:00,43.16333345
12/19/2025 19:00,63.43666649
12/19/2025 20:00,81.25833346
12/19/2025 21:00,90.79833349
12/19/2025 22:00,77.45166626
12/19/2025 23:00,70.78833338
12/20/2025,55.3966664
12/20/2025 1:00,63.69166686
12/20/2025 2:00,54.89666659
12/20/2025 3:00,46.87499981
12/20/2025 4:00,42.68666662
12/20/2025 5:00,49.39666665
12/20/2025 6:00,55.73333359
12/20/2025 7:00,68.95999997
12/20/2025 8:00,72.24000009
12/20/2025 9:00,68.14754061
12/20/2025 10:00,70.4016667
12/20/2025 11:00,42.4933335
12/20/2025 12:00,31.74166673
12/20/2025 13:00,29.75666672
12/20/2025 14:00,36.71333332
12/20/2025 15:00,44.46499983
12/20/2025 16:00,50.41833324
12/20/2025 17:00,46.40333354
12/20/2025 18:00,49.15500024
12/20/2025 19:00,59.87666696
12/20/2025 20:00,80.55666631
12/20/2025 21:00,87.56500003
12/20/2025 22:00,86.87000008
12/20/2025 23:00,78.14333305
12/21/2025,74.28833351
12/21/2025 1:00,71.38333333
12/21/2025 2:00,68.9833334
12/21/2025 3:00,58.23666668
12/21/2025 4:00,55.88333327
12/21/2025 5:00,66.99000003
12/21/2025 6:00,70.82999999
12/21/2025 7:00,89.8466671
12/21/2025 8:00,98.99666672
12/21/2025 9:00,100.223333
12/21/2025 10:00,91.56333389
12/21/2025 11:00,86.27500038
12/21/2025 12:00,55.04000022
12/21/2025 13:00,49.33166669
12/21/2025 14:00,40.45500005
12/21/2025 15:00,38.38499966
12/21/2025 16:00,42.11333345
12/21/2025 17:00,46.82833328
12/21/2025 18:00,70.98166682
12/21/2025 19:00,87.18666649
12/21/2025 20:00,71.65666656
12/21/2025 21:00,73.91666705
12/21/2025 22:00,78.8983868
12/21/2025 23:00,69.44166692
12/22/2025,62.59500052
12/22/2025 1:00,60.66500009
12/22/2025 2:00,57.34999987
12/22/2025 3:00,54.38833319
12/22/2025 4:00,53.78333352
12/22/2025 5:00,58.86666686
12/22/2025 6:00,72.32833316
12/22/2025 7:00,84.40333354
12/22/2025 8:00,99.00500018
12/22/2025 9:00,111.3983334
12/22/2025 10:00,104.6899998
12/22/2025 11:00,78.17833385
12/22/2025 12:00,49.69499989
12/22/2025 13:00,30.18166666
12/22/2025 14:00,30.04833333
12/22/2025 15:00,32.76166677
12/22/2025 16:00,34.21666667
12/22/2025 17:00,38.91666683
12/22/2025 18:00,61.92000008
12/22/2025 19:00,73.0283329
12/22/2025 20:00,79.17166659
12/22/2025 21:00,100.003333
12/22/2025 22:00,91.4649999
12/22/2025 23:00,81.09666672
12/23/2025,76.10000013
12/23/2025 1:00,71.25500031
12/23/2025 2:00,62.49499995
12/23/2025 3:00,52.73166656
12/23/2025 4:00,57.94590184
12/23/2025 5:00,55.66721313
12/23/2025 6:00,69.07903216
12/23/2025 7:00,82.9216671
12/23/2025 8:00,90.03833326
12/23/2025 9:00,91.80166728
12/23/2025 10:00,103.1416664
12/23/2025 11:00,88.59666634
12/23/2025 12:00,66.34500017
12/23/2025 13:00,41.8799998
12/23/2025 14:00,31.06666663
12/23/2025 15:00,31.21333342
12/23/2025 16:00,33.44499989
12/23/2025 17:00,44.64666665
12/23/2025 18:00,71.94666665
12/23/2025 19:00,82.02833392
12/23/2025 20:00,79.89500008
12/23/2025 21:00,88.85833365
12/23/2025 22:00,105.5016663
12/23/2025 23:00,91.05333341
12/24/2025,64.81666616
12/24/2025 1:00,56.97833341
12/24/2025 2:00,52.06166655
12/24/2025 3:00,50.38833326
12/24/2025 4:00,41.97333336
12/24/2025 5:00,45.99666678
12/24/2025 6:00,50.52499987
12/24/2025 7:00,70.79166622
12/24/2025 8:00,65.06999976
12/24/2025 9:00,72.14666691
12/24/2025 10:00,49.0249999
12/24/2025 11:00,34.40166651
12/24/2025 12:00,34.5700002
12/24/2025 13:00,37.44833342
12/24/2025 14:00,35.44666659
12/24/2025 15:00,42.60333347
12/24/2025 16:00,54.83166682
12/24/2025 17:00,56.99833336
12/24/2025 18:00,63.95833346
12/24/2025 19:00,65.23666662
12/24/2025 20:00,65.37833366
12/24/2025 21:00,63.83999996
12/24/2025 22:00,52.27499994
12/24/2025 23:00,48.83166682
12/25/2025,41.45500018
12/25/2025 1:00,42.17666683
12/25/2025 2:00,51.4733333
12/25/2025 3:00,50.21333345
12/25/2025 4:00,47.14499995
12/25/2025 5:00,47.93999977
12/25/2025 6:00,51.97000008
12/25/2025 7:00,63.79499982
12/25/2025 8:00,77.37833316
12/25/2025 9:00,72.02499962
12/25/2025 10:00,39.09166667
12/25/2025 11:00,33.30166693
12/25/2025 12:00,34.59499973
12/25/2025 13:00,44.61499996
12/25/2025 14:00,50.79999987
12/25/2025 15:00,43.73999977
12/25/2025 16:00,48.88166656
12/25/2025 17:00,60.50333335
12/25/2025 18:00,68.97166665
12/25/2025 19:00,72.65833333
12/25/2025 20:00,80.66666679
12/25/2025 21:00,80.79166654
12/25/2025 22:00,74.58166656
12/25/2025 23:00,59.87166678
12/26/2025,62.24833342
12/26/2025 1:00,64.03000011
12/26/2025 2:00,62.62333342
12/26/2025 3:00,52.45000013
12/26/2025 4:00,49.60833308
12/26/2025 5:00,55.17166678
12/26/2025 6:00,66.18000011
12/26/2025 7:00,156.4299993
12/26/2025 8:00,91.28833326
12/26/2025 9:00,103.9133333
12/26/2025 10:00,99.35833295
12/26/2025 11:00,86.13833338
12/26/2025 12:00,49.49499982
12/26/2025 13:00,34.04999997
12/26/2025 14:00,34.12833319
12/26/2025 15:00,55.48666662
12/26/2025 16:00,46.06999976
12/26/2025 17:00,52.73999964
12/26/2025 18:00,61.13833357
12/26/2025 19:00,70.98833338
12/26/2025 20:00,88.07666677
12/26/2025 21:00,94.15833321
12/26/2025 22:00,97.138333
12/26/2025 23:00,94.95
12/27/2025,71.94500027
12/27/2025 1:00,76.62499987
12/27/2025 2:00,74.50999985
12/27/2025 3:00,71.21333313
12/27/2025 4:00,64.74666684
12/27/2025 5:00,57.11333307
12/27/2025 6:00,97.37666639
12/27/2025 7:00,136.6133338
12/27/2025 8:00,77.06999982
12/27/2025 9:00,78.48666636
12/27/2025 10:00,90.48833338
12/27/2025 11:00,93.29166705
12/27/2025 12:00,64.08333327
12/27/2025 13:00,49.25499999
12/27/2025 14:00,45.0016667
12/27/2025 15:00,43.35499967
12/27/2025 16:00,51.05166626
12/27/2025 17:00,57.4483331
12/27/2025 18:00,57.2233333
12/27/2025 19:00,80.95666676
12/27/2025 20:00,92.1233331
12/27/2025 21:00,83.04666646
12/27/2025 22:00,80.3283329
12/27/2025 23:00,72.66833331
12/28/2025,63.93833345
12/28/2025 1:00,66.51166655
12/28/2025 2:00,63.45333335
12/28/2025 3:00,58.92666658
12/28/2025 4:00,66.36999995
12/28/2025 5:00,71.85333436
12/28/2025 6:00,74.77166697
12/28/2025 7:00,101.385
12/28/2025 8:00,95.48833313
12/28/2025 9:00,104.0133338
12/28/2025 10:00,96.32166672
12/28/2025 11:00,82.4049998
12/28/2025 12:00,78.99166641
12/28/2025 13:00,54.00166664
12/28/2025 14:00,44.94666691
12/28/2025 15:00,44.39666684
12/28/2025 16:00,44.42166659
12/28/2025 17:00,52.91833344
12/28/2025 18:00,49.5
12/28/2025 19:00,52.53333321
12/28/2025 20:00,97.4733333
12/28/2025 21:00,79.77833341
12/28/2025 22:00,82.9983326
12/28/2025 23:00,66.04333305
12/29/2025,60.92166653
12/29/2025 1:00,56.33833345
12/29/2025 2:00,73.95666631
12/29/2025 3:00,82.95666644
12/29/2025 4:00,60.15999985
12/29/2025 5:00,66.95833308
12/29/2025 6:00,70.31166681
12/29/2025 7:00,84.37333374
12/29/2025 8:00,108.653333
12/29/2025 9:00,93.838333
12/29/2025 10:00,90.27333323
12/29/2025 11:00,67.86666654
12/29/2025 12:00,63.16666705
12/29/2025 13:00,57.09499982
12/29/2025 14:00,46.99500001
12/29/2025 15:00,38.4933335
12/29/2025 16:00,39.79166673
12/29/2025 17:00,47.83000005
12/29/2025 18:00,51.40999997
12/29/2025 19:00,70.40833333
12/29/2025 20:00,80.69666697
12/29/2025 21:00,88.54137921
12/29/2025 22:00,93.26499977
12/29/2025 23:00,103.386886
12/30/2025,88.88000031
12/30/2025 1:00,83.10819695
12/30/2025 2:00,83.63166669
12/30/2025 3:00,67.10999991
12/30/2025 4:00,74.78500017
12/30/2025 5:00,70.69499944
12/30/2025 6:00,83.6916673
12/30/2025 7:00,139.8066669
12/30/2025 8:00,135.2716668
12/30/2025 9:00,106.7933334
12/30/2025 10:00,99.59999962
12/30/2025 11:00,75.51499977
12/30/2025 12:00,68.57333317
12/30/2025 13:00,54.07666626
12/30/2025 14:00,45.3083334
12/30/2025 15:00,43.13000018
12/30/2025 16:00,43.9266667
12/30/2025 17:00,52.13000011
12/30/2025 18:00,62.30000013
12/30/2025 19:00,77.59000003
12/30/2025 20:00,65.25833321
12/30/2025 21:00,58.09333356
12/30/2025 22:00,59.30666688
12/30/2025 23:00,77.38666662
12/31/2025,78.55333271
12/31/2025 1:00,92.98833377
12/31/2025 2:00,64.47500025
12/31/2025 3:00,62.47666639
12/31/2025 4:00,58.81166662
12/31/2025 5:00,60.59333356
12/31/2025 6:00,76.53833364
12/31/2025 7:00,82.78333333
12/31/2025 8:00,86.83000031
12/31/2025 9:00,84.09999975
12/31/2025 10:00,91.1466671
12/31/2025 11:00,69.4433335
12/31/2025 12:00,53.08666662
12/31/2025 13:00,47.7416666
12/31/2025 14:00,39.23833332
12/31/2025 15:00,45.97833347
12/31/2025 16:00,48.65161324
12/31/2025 17:00,49.77166672
12/31/2025 18:00,77.47833335
12/31/2025 19:00,86.99333293
12/31/2025 20:00,86.69499982
12/31/2025 21:00,101.7133334
12/31/2025 22:00,94.84166629
12/31/2025 23:00,115.5850002
