Date,PM2.5
1/13/2025 17:00,42.41333338
1/13/2025 18:00,50.15499992
1/13/2025 19:00,54.56333326
1/13/2025 20:00,77.42500013
1/13/2025 21:00,118.4766664
1/13/2025 22:00,92.66333313
1/13/2025 23:00,84.9
1/14/2025,92.12999992
1/14/2025 1:00,70.97000008
1/14/2025 2:00,76.01999976
1/14/2025 3:00,72.48999964
1/14/2025 4:00,74.45999978
1/14/2025 5:00,87.19166679
1/14/2025 6:00,95.45999972
1/14/2025 7:00,109.248333
1/14/2025 8:00,126.5866662
1/14/2025 9:00,103.1516668
1/14/2025 10:00,85.65166632
1/14/2025 11:00,66.67000027
1/14/2025 12:00,54.1583334
1/14/2025 13:00,55.50333373
1/14/2025 14:00,42.11833337
1/14/2025 15:00,35.27166659
1/14/2025 16:00,36.3416666
1/14/2025 17:00,41.96166649
1/14/2025 18:00,44.50666656
1/14/2025 19:00,79.79000003
1/14/2025 20:00,111.4866667
1/14/2025 21:00,137.5416665
1/14/2025 22:00,96.7899999
1/14/2025 23:00,92.42833405
1/15/2025,83.68333333
1/15/2025 1:00,70.92500013
1/15/2025 2:00,69.48499991
1/15/2025 3:00,70.98666636
1/15/2025 4:00,65.90999997
1/15/2025 5:00,69.37666664
1/15/2025 6:00,88.30333328
1/15/2025 7:00,93.42333285
1/15/2025 8:00,110.0633329
1/15/2025 9:00,98.95833327
1/15/2025 10:00,79.92666677
1/15/2025 11:00,70.14333331
1/15/2025 12:00,58.81833388
1/15/2025 13:00,50.85999997
1/15/2025 14:00,56.73333333
1/15/2025 15:00,51.32500013
1/15/2025 16:00,45.6933335
1/15/2025 17:00,50.7916666
1/15/2025 18:00,77.43000024
1/15/2025 19:00,78.02499975
1/15/2025 20:00,99.72833341
1/15/2025 21:00,105.6916669
1/15/2025 22:00,95.66500028
1/15/2025 23:00,108.7350006
1/16/2025,92.06833394
1/16/2025 1:00,74.66999969
1/16/2025 2:00,76.57166684
1/16/2025 3:00,94.34333344
1/16/2025 4:00,81.50333341
1/16/2025 5:00,81.76166662
1/16/2025 6:00,101.5016669
1/16/2025 7:00,110.8366667
1/16/2025 8:00,118.6049994
1/16/2025 9:00,111.8333333
1/16/2025 10:00,103.8683334
1/16/2025 11:00,102.0316672
1/16/2025 12:00,80.8666666
1/16/2025 13:00,68.62500006
1/16/2025 14:00,60.06166662
1/16/2025 15:00,56.51333357
1/16/2025 16:00,45.70166696
1/16/2025 17:00,53.58833319
1/16/2025 18:00,49.85500005
1/16/2025 19:00,78.90666644
1/16/2025 20:00,90.01999976
1/16/2025 21:00,101.8566659
1/16/2025 22:00,96.45333366
1/16/2025 23:00,89.30333316
1/17/2025,87.30666695
1/17/2025 1:00,65.73166676
1/17/2025 2:00,66.275
1/17/2025 3:00,65.49333305
1/17/2025 4:00,67.14999987
1/17/2025 5:00,83.98333308
1/17/2025 6:00,89.73999964
1/17/2025 7:00,111.1316669
1/17/2025 8:00,118.7199999
1/17/2025 9:00,165.4566666
1/17/2025 10:00,122.9583333
1/17/2025 11:00,104.7816664
1/17/2025 12:00,86.19833304
1/17/2025 13:00,25.4383331
1/17/2025 14:00,23.95000006
1/17/2025 15:00,28.31000013
1/17/2025 16:00,34.8749999
1/17/2025 17:00,46.64500001
1/17/2025 18:00,48.24333305
1/17/2025 19:00,69.0350001
1/17/2025 20:00,110.5249999
1/17/2025 21:00,126.1550003
1/17/2025 22:00,124.3499996
1/17/2025 23:00,87.41499952
1/18/2025,78.83833332
1/18/2025 1:00,83.36666673
1/18/2025 2:00,64.66666673
1/18/2025 3:00,60.90666663
1/18/2025 4:00,64.47500006
1/18/2025 5:00,74.78833338
1/18/2025 6:00,84.22500019
1/18/2025 7:00,104.6316669
1/18/2025 8:00,121.3166668
1/18/2025 9:00,103.6166663
1/18/2025 10:00,92.82166697
1/18/2025 11:00,64.82166659
1/18/2025 12:00,50.10000016
1/18/2025 13:00,47.98499997
1/18/2025 14:00,35.38666658
1/18/2025 15:00,36.56999966
1/18/2025 16:00,31.93166669
1/18/2025 17:00,41.27666677
1/18/2025 18:00,60.94666621
1/18/2025 19:00,101.8333335
1/18/2025 20:00,94.97666677
1/18/2025 21:00,117.5966663
1/18/2025 22:00,122.39
1/18/2025 23:00,93.24500008
1/19/2025,76.07833354
1/19/2025 1:00,70.4799998
1/19/2025 2:00,70.30833327
1/19/2025 3:00,79.21833344
1/19/2025 4:00,74.20999997
1/19/2025 5:00,87.88833338
1/19/2025 6:00,109.6216663
1/19/2025 7:00,119.3966666
1/19/2025 8:00,121.4466677
1/19/2025 9:00,109.9200001
1/19/2025 10:00,122.1899998
1/19/2025 11:00,99.22833303
1/19/2025 12:00,75.76333326
1/19/2025 13:00,62.01666667
1/19/2025 14:00,44.79166673
1/19/2025 15:00,37.94333305
1/19/2025 16:00,36.33499997
1/19/2025 17:00,48.86000029
1/19/2025 18:00,91.85333354
1/19/2025 19:00,108.7783328
1/19/2025 20:00,117.7833337
1/19/2025 21:00,115.9366664
1/19/2025 22:00,115.8783335
1/19/2025 23:00,111.1966658
1/20/2025,98.325
1/20/2025 1:00,92.38666649
1/20/2025 2:00,83.93166707
1/20/2025 3:00,82.95166651
1/20/2025 4:00,96.24666646
1/20/2025 5:00,109.2316664
1/20/2025 6:00,111.0400002
1/20/2025 7:00,126.6133335
1/20/2025 8:00,132.1299999
1/20/2025 9:00,102.3583332
1/20/2025 10:00,105.985
1/20/2025 11:00,106.353333
1/20/2025 12:00,88.12333361
1/20/2025 13:00,65.82666651
1/20/2025 14:00,48.69333331
1/20/2025 15:00,40.87833338
1/20/2025 16:00,53.28333333
1/20/2025 17:00,82.50500037
1/20/2025 18:00,77.10500011
1/20/2025 19:00,124.0933329
1/20/2025 20:00,137.2616669
1/20/2025 21:00,151.9066662
1/20/2025 22:00,121.8149996
1/20/2025 23:00,108.1366667
1/21/2025,98.636667
1/21/2025 1:00,82.94166679
1/21/2025 2:00,83.20000013
1/21/2025 3:00,72.56666673
1/21/2025 4:00,80.88500048
1/21/2025 5:00,97.51833318
1/21/2025 6:00,147.0316672
1/21/2025 7:00,170.4366667
1/21/2025 8:00,164.1550007
1/21/2025 9:00,171.6633329
1/21/2025 10:00,138.1950003
1/21/2025 11:00,112.9400004
1/21/2025 12:00,97.17833354
1/21/2025 13:00,29.33833332
1/21/2025 14:00,31.66833337
1/21/2025 15:00,29.83666671
1/21/2025 16:00,41.83000008
1/21/2025 17:00,61.40999991
1/21/2025 18:00,66.60666695
1/21/2025 19:00,110.5516663
1/21/2025 20:00,127.5499996
1/21/2025 21:00,125.003279
1/21/2025 22:00,124.4316661
1/21/2025 23:00,106.8749996
1/22/2025,101.558334
1/22/2025 1:00,109.45
1/22/2025 2:00,93.44666659
1/22/2025 3:00,75.89833336
1/22/2025 4:00,82.91833344
1/22/2025 5:00,99.77666664
1/22/2025 6:00,152.3700008
1/22/2025 7:00,146.6250006
1/22/2025 8:00,144.4033325
1/22/2025 9:00,169.8383331
1/22/2025 10:00,173.9766665
1/22/2025 11:00,210.2610178
1/22/2025 12:00,94.85344828
1/22/2025 13:00,67.77500025
1/22/2025 14:00,12.95333341
1/22/2025 15:00,16.64833334
1/22/2025 16:00,26.66166666
1/22/2025 17:00,53.07666693
1/22/2025 18:00,68.31000023
1/22/2025 19:00,106.2050004
1/22/2025 20:00,142.133334
1/22/2025 21:00,115.2250001
1/22/2025 22:00,132.5433325
1/22/2025 23:00,100.6249992
1/23/2025,56.35666637
1/23/2025 1:00,68.47166646
1/23/2025 2:00,75.15333303
1/23/2025 3:00,56.04333324
1/23/2025 4:00,69.53500004
1/23/2025 5:00,100.1950001
1/23/2025 6:00,135.1983326
1/23/2025 7:00,164.3983331
1/23/2025 8:00,136.8616662
1/23/2025 9:00,135.688333
1/23/2025 10:00,113.7500003
1/23/2025 11:00,103.8933337
1/23/2025 12:00,43.10166661
1/23/2025 13:00,39.09500008
1/23/2025 14:00,27.39166648
1/23/2025 15:00,25.875
1/23/2025 16:00,28.63999999
1/23/2025 17:00,46.44666656
1/23/2025 18:00,52.22000001
1/23/2025 19:00,54.67500006
1/23/2025 20:00,94.13833319
1/23/2025 21:00,118.8799998
1/23/2025 22:00,115.1833332
1/23/2025 23:00,91.25333335
1/24/2025,69.03833326
1/24/2025 1:00,58.96500015
1/24/2025 2:00,68.26999976
1/24/2025 3:00,65.96166693
1/24/2025 4:00,70.63166669
1/24/2025 5:00,95.82666677
1/24/2025 6:00,120.3016669
1/24/2025 7:00,132.3449996
1/24/2025 8:00,140.3966666
1/24/2025 9:00,141.5616678
1/24/2025 10:00,111.2627113
1/24/2025 11:00,52.06500009
1/24/2025 12:00,33.80333319
1/24/2025 13:00,31.21999979
1/24/2025 14:00,27.51333316
1/24/2025 15:00,30.19000006
1/24/2025 16:00,34.27666674
1/24/2025 17:00,38.82666661
1/24/2025 18:00,40.56499996
1/24/2025 19:00,46.58333333
1/24/2025 20:00,54.61499983
1/24/2025 21:00,93.99500039
1/24/2025 22:00,86.98333308
1/24/2025 23:00,65.98666674
1/25/2025,71.06935501
1/25/2025 1:00,69.04666672
1/25/2025 2:00,60.4100001
1/25/2025 3:00,68.85999997
1/25/2025 4:00,70.8683328
1/25/2025 5:00,80.25499986
1/25/2025 6:00,84.12999992
1/25/2025 7:00,121.3349993
1/25/2025 8:00,125.5433327
1/25/2025 9:00,113.9850007
1/25/2025 10:00,103.3583333
1/25/2025 11:00,89.55833282
1/25/2025 12:00,77.00833308
1/25/2025 13:00,45.71499983
1/25/2025 14:00,45.33500023
1/25/2025 15:00,37.28999993
1/25/2025 16:00,42.91000004
1/25/2025 17:00,52.69999968
1/25/2025 18:00,73.77166678
1/25/2025 19:00,77.89499995
1/25/2025 20:00,87.82500025
1/25/2025 21:00,93.11000023
1/25/2025 22:00,89.41999982
1/25/2025 23:00,77.38000005
1/26/2025,78.64166654
1/26/2025 1:00,70.67500013
1/26/2025 2:00,72.70499992
1/26/2025 3:00,73.38833364
1/26/2025 4:00,74.01333338
1/26/2025 5:00,68.60666631
1/26/2025 6:00,70.60333379
1/26/2025 7:00,90.97833303
1/26/2025 8:00,84.7516669
1/26/2025 9:00,75.62499987
1/26/2025 10:00,63.76666622
1/26/2025 11:00,60.43064505
1/26/2025 12:00,60.46166649
1/26/2025 13:00,61.7583334
1/26/2025 14:00,58.9350001
1/26/2025 15:00,63.71833312
1/26/2025 16:00,55.6483333
1/26/2025 17:00,73.70333341
1/26/2025 18:00,76.01500015
1/26/2025 19:00,77.45833333
1/26/2025 20:00,89.5433328
1/26/2025 21:00,94.32499975
1/26/2025 22:00,102.875
1/26/2025 23:00,101.0183332
1/27/2025,97.08499985
1/27/2025 1:00,91.02999967
1/27/2025 2:00,82.73166669
1/27/2025 3:00,84.14666697
1/27/2025 4:00,84.99833298
1/27/2025 5:00,100.948333
1/27/2025 6:00,113.6250003
1/27/2025 7:00,128.7050007
1/27/2025 8:00,137.8216672
1/27/2025 9:00,158.0116671
1/27/2025 10:00,150.9616655
1/27/2025 11:00,136.2316667
1/27/2025 12:00,86.85166626
1/27/2025 13:00,56.22666683
1/27/2025 14:00,57.85333341
1/27/2025 15:00,63.5683335
1/27/2025 16:00,58.7166666
1/27/2025 17:00,60.37999999
1/27/2025 18:00,65.65333322
1/27/2025 19:00,70.07666651
1/27/2025 20:00,99.03333308
1/27/2025 21:00,105.6200006
1/27/2025 22:00,101.7900003
1/27/2025 23:00,90.17833328
1/28/2025,96.02666702
1/28/2025 1:00,89.61166649
1/28/2025 2:00,94.03500023
1/28/2025 3:00,79.66935508
1/28/2025 4:00,103.338333
1/28/2025 5:00,113.7549997
1/28/2025 6:00,104.865
1/28/2025 7:00,120.4500004
1/28/2025 8:00,142.3783334
1/28/2025 9:00,146.3950015
1/28/2025 10:00,124.9766665
1/28/2025 11:00,82.29166679
1/28/2025 12:00,58.17258103
1/28/2025 13:00,49.30500011
1/28/2025 14:00,59.64833368
1/28/2025 15:00,57.31166655
1/28/2025 16:00,53.01499996
1/28/2025 17:00,60.46999989
1/28/2025 18:00,64.33833307
1/28/2025 19:00,71.53500004
1/28/2025 20:00,72.8600001
1/28/2025 21:00,82.03333359
1/28/2025 22:00,83.56999982
1/28/2025 23:00,82.2966671
1/29/2025,85.24999987
1/29/2025 1:00,67.54666665
1/29/2025 2:00,65.61333338
1/29/2025 3:00,64.68000037
1/29/2025 4:00,65.93333308
1/29/2025 5:00,80.10999953
1/29/2025 6:00,79.8233331
1/29/2025 7:00,80.50666707
1/29/2025 8:00,107.2783333
1/29/2025 9:00,88.99666672
1/29/2025 10:00,89.13833326
1/29/2025 11:00,80.76999982
1/29/2025 12:00,75.14166686
1/29/2025 13:00,63.14833336
1/29/2025 14:00,69.02999999
1/29/2025 15:00,60.82333304
1/29/2025 16:00,57.81166674
1/29/2025 17:00,65.4933335
1/29/2025 18:00,67.54333324
1/29/2025 19:00,67.67000058
1/29/2025 20:00,84.25499942
1/29/2025 21:00,98.12333298
1/29/2025 22:00,99.30500018
1/29/2025 23:00,87.33166695
1/30/2025,84.27833328
1/30/2025 1:00,75.461667
1/30/2025 2:00,67.59000015
1/30/2025 3:00,77.60833333
1/30/2025 4:00,81.09500033
1/30/2025 5:00,95.50666669
1/30/2025 6:00,86.23499997
1/30/2025 7:00,97.08166644
1/30/2025 8:00,122.151666
1/30/2025 9:00,99.92666651
1/30/2025 10:00,95.17333336
1/30/2025 11:00,79.93166656
1/30/2025 12:00,59.60666663
1/30/2025 13:00,50.8316665
1/30/2025 14:00,53.40999985
1/30/2025 15:00,52.92166729
1/30/2025 16:00,53.788333
1/30/2025 17:00,62.63499997
1/30/2025 18:00,66.62333336
1/30/2025 19:00,63.83499985
1/30/2025 20:00,65.2916666
1/30/2025 21:00,78.55999997
1/30/2025 22:00,79.06666641
1/30/2025 23:00,70.52333361
1/31/2025,78.43499997
1/31/2025 1:00,75.32500051
1/31/2025 2:00,75.55333284
1/31/2025 3:00,61.76833356
1/31/2025 4:00,63.33499978
1/31/2025 5:00,102.7783335
1/31/2025 6:00,91.37666639
1/31/2025 7:00,112.2633335
1/31/2025 8:00,104.3
1/31/2025 9:00,94.93166682
1/31/2025 10:00,88.65499992
1/31/2025 11:00,75.5733338
1/31/2025 12:00,61.55833317
1/31/2025 13:00,41.13499991
1/31/2025 14:00,42.7149999
1/31/2025 15:00,44.88833338
1/31/2025 16:00,49.10666656
1/31/2025 17:00,54.53999977
1/31/2025 18:00,55.15166658
1/31/2025 19:00,70.7233333
1/31/2025 20:00,82.25666682
1/31/2025 21:00,99.71333338
1/31/2025 22:00,83.45666644
1/31/2025 23:00,88.20666695
2/1/2025,76.37999967
2/1/2025 1:00,77.89166679
2/1/2025 2:00,82.05000025
2/1/2025 3:00,77.66833331
2/1/2025 4:00,82.311667
2/1/2025 5:00,89.23666681
2/1/2025 6:00,90.10999997
2/1/2025 7:00,117.6383333
2/1/2025 8:00,117.9483334
2/1/2025 9:00,136.2649998
2/1/2025 10:00,126.3900002
2/1/2025 11:00,112.3661017
2/1/2025 12:00,64.63166682
2/1/2025 13:00,50.14166673
2/1/2025 14:00,49.22333364
2/1/2025 15:00,41.98999996
2/1/2025 16:00,51.6833334
2/1/2025 17:00,59.5700002
2/1/2025 18:00,62.40333366
2/1/2025 19:00,71.08333314
2/1/2025 20:00,85.93166669
2/1/2025 21:00,90.01166687
2/1/2025 22:00,92.26499964
2/1/2025 23:00,100.0199998
2/2/2025,84.29666678
2/2/2025 1:00,67.85666695
2/2/2025 2:00,62.51500034
2/2/2025 3:00,61.12999992
2/2/2025 4:00,63.79166667
2/2/2025 5:00,90.01833331
2/2/2025 6:00,121.1850001
2/2/2025 7:00,124.0800001
2/2/2025 8:00,145.4500011
2/2/2025 9:00,136.4533339
2/2/2025 10:00,117.66
2/2/2025 11:00,81.33166656
2/2/2025 12:00,22.75999996
2/2/2025 13:00,30.4666667
2/2/2025 14:00,27.92666664
2/2/2025 15:00,28.62166653
2/2/2025 16:00,33.31166662
2/2/2025 17:00,39.26999989
2/2/2025 18:00,42.06166662
2/2/2025 19:00,39.02333317
2/2/2025 20:00,78.19833291
2/2/2025 21:00,84.32999992
2/2/2025 22:00,87.70833397
2/2/2025 23:00,83.74666659
2/3/2025,70.18500017
2/3/2025 1:00,58.09666704
2/3/2025 2:00,57.62166659
2/3/2025 3:00,58.15333322
2/3/2025 4:00,64.74499989
2/3/2025 5:00,84.2399999
2/3/2025 6:00,98.84166641
2/3/2025 7:00,106.7133335
2/3/2025 8:00,120.7766664
2/3/2025 9:00,119.3016661
2/3/2025 10:00,106.2883338
2/3/2025 11:00,78.73833364
2/3/2025 12:00,57.47833354
2/3/2025 13:00,45.25666669
2/3/2025 14:00,40.58333308
2/3/2025 15:00,39.46666654
2/3/2025 16:00,41.3850002
2/3/2025 17:00,51.30333354
2/3/2025 18:00,59.55833321
2/3/2025 19:00,93.29499931
2/3/2025 20:00,135.3266674
2/3/2025 21:00,149.0416667
2/3/2025 22:00,121.9166665
2/3/2025 23:00,108.3433329
2/4/2025,74.42999986
2/4/2025 1:00,80.56999995
2/4/2025 2:00,77.97666702
2/4/2025 3:00,86.82833354
2/4/2025 4:00,75.63666662
2/4/2025 5:00,89.38166618
2/4/2025 6:00,116.6233337
2/4/2025 7:00,103.4183336
2/4/2025 8:00,87.18833313
2/4/2025 9:00,92.18499997
2/4/2025 10:00,101.6483327
2/4/2025 11:00,113.6898303
2/4/2025 12:00,83.47666626
2/4/2025 13:00,71.44166686
2/4/2025 14:00,48.33333302
2/4/2025 15:00,47.60166683
2/4/2025 16:00,45.66833331
2/4/2025 17:00,53.35833321
2/4/2025 18:00,69.71333332
2/4/2025 19:00,79.57166704
2/4/2025 20:00,93.43333308
2/4/2025 21:00,120.5983329
2/4/2025 22:00,121.5466665
2/4/2025 23:00,94.48333321
2/5/2025,85.68333346
2/5/2025 1:00,79.88333321
2/5/2025 2:00,101.8616666
2/5/2025 3:00,84.30833333
2/5/2025 4:00,75.67166653
2/5/2025 5:00,91.94166641
2/5/2025 6:00,107.5483335
2/5/2025 7:00,125.0800007
2/5/2025 8:00,141.688333
2/5/2025 9:00,165.6266661
2/5/2025 10:00,105.1566664
2/5/2025 11:00,57.26999985
2/5/2025 12:00,48.75333363
2/5/2025 13:00,29.91500025
2/5/2025 14:00,26.52166675
2/5/2025 15:00,31.35833317
2/5/2025 16:00,28.49999994
2/5/2025 17:00,34.12499994
2/5/2025 18:00,55.51000061
2/5/2025 19:00,45.48333346
2/5/2025 20:00,46.54500027
2/5/2025 21:00,77.97000046
2/5/2025 22:00,103.7616664
2/5/2025 23:00,55.38999977
2/6/2025,116.773333
2/6/2025 1:00,55.70666644
2/6/2025 2:00,93.36999982
2/6/2025 3:00,61.2883337
2/6/2025 4:00,63.67166672
2/6/2025 5:00,95.81833331
2/6/2025 6:00,103.1016664
2/6/2025 7:00,120.3033334
2/6/2025 8:00,116.0533326
2/6/2025 9:00,121.0033333
2/6/2025 10:00,112.1183333
2/6/2025 11:00,70.75666663
2/6/2025 12:00,35.74000003
2/6/2025 13:00,27.59833347
2/6/2025 14:00,24.43333333
2/6/2025 15:00,34.30333328
2/6/2025 16:00,36.30500005
2/6/2025 17:00,39.07166662
2/6/2025 18:00,51.82999999
2/6/2025 19:00,75.27500025
2/6/2025 20:00,106.4416663
2/6/2025 21:00,103.2666669
2/6/2025 22:00,121.5433337
2/6/2025 23:00,75.16833318
2/7/2025,73.26166693
2/7/2025 1:00,66.15999966
2/7/2025 2:00,60.34666659
2/7/2025 3:00,57.72833354
2/7/2025 4:00,68.00833346
2/7/2025 5:00,75.76166623
2/7/2025 6:00,101.3350004
2/7/2025 7:00,119.4200003
2/7/2025 8:00,132.3716658
2/7/2025 9:00,124.3933329
2/7/2025 10:00,120.4100002
2/7/2025 11:00,79.175
2/7/2025 12:00,34.59166663
2/7/2025 13:00,50.90000041
2/7/2025 15:00,45.02166669
2/7/2025 16:00,18.96166666
2/7/2025 17:00,22.34000003
2/7/2025 18:00,56.16666702
2/7/2025 19:00,101.9433339
2/7/2025 20:00,107.825
2/7/2025 21:00,96.77500025
2/7/2025 22:00,101.8333335
2/7/2025 23:00,94.39666697
2/8/2025,84.6983331
2/8/2025 1:00,87.86666629
2/8/2025 2:00,71.8016667
2/8/2025 3:00,80.2766669
2/8/2025 4:00,67.70333328
2/8/2025 5:00,82.63166707
2/8/2025 6:00,110.4716668
2/8/2025 7:00,96.98333346
2/8/2025 8:00,117.6450005
2/8/2025 9:00,116.3350002
2/8/2025 10:00,77.45499954
2/8/2025 11:00,66.27833354
2/8/2025 12:00,69.55833352
2/8/2025 13:00,51.95333341
2/8/2025 14:00,42.80333338
2/8/2025 15:00,52.05000006
2/8/2025 16:00,59.54833336
2/8/2025 17:00,73.05333316
2/8/2025 18:00,93.15000064
2/8/2025 19:00,82.361667
2/8/2025 20:00,81.75500018
2/8/2025 21:00,84.62499975
2/8/2025 22:00,88.86166725
2/8/2025 23:00,88.40983644
2/9/2025,85.31333326
2/9/2025 1:00,83.21666679
2/9/2025 2:00,77.42999954
2/9/2025 3:00,81.67333336
2/9/2025 4:00,105.4316662
2/9/2025 5:00,126.3633327
2/9/2025 6:00,111.6316669
2/9/2025 7:00,131.8049999
2/9/2025 8:00,139.0949998
2/9/2025 9:00,129.6733337
2/9/2025 10:00,94.67666664
2/9/2025 11:00,82.11999969
2/9/2025 12:00,82.47999992
2/9/2025 13:00,75.56166693
2/9/2025 14:00,52.19666672
2/9/2025 15:00,51.8783336
2/9/2025 16:00,71.37666664
2/9/2025 17:00,69.47333342
2/9/2025 18:00,76.91166662
2/9/2025 19:00,78.93333308
2/9/2025 20:00,87.08833288
2/9/2025 21:00,92.52666613
2/9/2025 22:00,93.85999959
2/9/2025 23:00,83.73833313
2/10/2025,78.99666646
2/10/2025 1:00,80.07166659
2/10/2025 2:00,87.39333369
2/10/2025 3:00,102.515
2/10/2025 4:00,89.76999982
2/10/2025 5:00,127.2066666
2/10/2025 6:00,122.875
2/10/2025 7:00,127.1349996
2/10/2025 8:00,126.0550004
2/10/2025 9:00,136.0266668
2/10/2025 10:00,100.2333331
2/10/2025 11:00,93.72666664
2/10/2025 12:00,85.52166672
2/10/2025 13:00,59.33499985
2/10/2025 14:00,67.94500001
2/10/2025 15:00,49.34166667
2/10/2025 16:00,54.26333338
2/10/2025 17:00,70.89500039
2/10/2025 18:00,79.13166644
2/10/2025 19:00,85.1533329
2/10/2025 20:00,88.51500053
2/10/2025 21:00,95.13000018
2/10/2025 22:00,103.6616666
2/10/2025 23:00,95.9200002
2/11/2025,84.61500028
2/11/2025 1:00,78.09166679
2/11/2025 2:00,75.78448276
2/11/2025 3:00,77.99000041
2/11/2025 4:00,80.96166649
2/11/2025 5:00,92.7600001
2/11/2025 6:00,108.1383334
2/11/2025 7:00,143.2266671
2/11/2025 8:00,144.0433327
2/11/2025 9:00,128.4366674
2/11/2025 10:00,108.7300001
2/11/2025 11:00,73.77666664
2/11/2025 13:00,34.84999998
2/11/2025 15:00,23.64499995
2/11/2025 16:00,27.24499992
2/11/2025 17:00,34.66166681
2/11/2025 18:00,58.2016667
2/11/2025 19:00,65.30833352
2/11/2025 20:00,70.18999996
2/11/2025 21:00,81.02499987
2/11/2025 22:00,82.89666646
2/11/2025 23:00,77.89166654
2/12/2025,74.05833295
2/12/2025 1:00,60.26833318
2/12/2025 2:00,65.47666639
2/12/2025 3:00,71.27333317
2/12/2025 4:00,74.00333316
2/12/2025 5:00,80.97000008
2/12/2025 6:00,99.72333323
2/12/2025 7:00,130.0783334
2/12/2025 8:00,128.763333
2/12/2025 9:00,110.4566667
2/12/2025 10:00,99.0799998
2/12/2025 11:00,50.5766667
2/12/2025 12:00,45.02499994
2/12/2025 13:00,50.49833349
2/12/2025 14:00,47.1266667
2/12/2025 15:00,48.76333332
2/12/2025 16:00,56.70500011
2/12/2025 17:00,61.32333355
2/12/2025 18:00,73.30499986
2/12/2025 19:00,70.94499963
2/12/2025 20:00,78.66166674
2/12/2025 21:00,82.69333318
2/12/2025 22:00,88.37666664
2/12/2025 23:00,88.09333344
2/13/2025,74.20333303
2/13/2025 1:00,76.57166621
2/13/2025 2:00,66.17166672
2/13/2025 3:00,64.26499971
2/13/2025 4:00,76.75166702
2/13/2025 5:00,97.06999995
2/13/2025 6:00,107.2533333
2/13/2025 7:00,118.2550004
2/13/2025 8:00,138.7627113
2/13/2025 9:00,117.7216663
2/13/2025 10:00,88.96666654
2/13/2025 11:00,54.57499987
2/13/2025 12:00,47.26499996
2/13/2025 13:00,50.15500005
2/13/2025 14:00,43.26833334
2/13/2025 15:00,53.54166679
2/13/2025 16:00,58.66333313
2/13/2025 17:00,67.99666704
2/13/2025 18:00,79.5450002
2/13/2025 19:00,87.58333359
2/13/2025 20:00,88.19666684
2/13/2025 21:00,91.54833361
2/13/2025 22:00,99.25666695
2/13/2025 23:00,96.93499959
2/14/2025,82.01833344
2/14/2025 1:00,81.28833326
2/14/2025 2:00,86.43333295
2/14/2025 3:00,95.23166695
2/14/2025 4:00,88.16166662
2/14/2025 5:00,108.4450003
2/14/2025 6:00,130.5150003
2/14/2025 7:00,125.975
2/14/2025 8:00,138.6850004
2/14/2025 9:00,136.4950002
2/14/2025 10:00,118.6800004
2/14/2025 11:00,105.1416664
2/14/2025 12:00,73.66333364
2/14/2025 13:00,67.81166674
2/14/2025 14:00,70.58333359
2/14/2025 15:00,70.57000046
2/14/2025 16:00,72.44000041
2/14/2025 17:00,81.20499973
2/14/2025 18:00,82.52666639
2/14/2025 19:00,90.77166684
2/14/2025 20:00,94.13333308
2/14/2025 21:00,102.9500001
2/14/2025 22:00,112.4200002
2/14/2025 23:00,106.3266668
2/15/2025,103.5933338
2/15/2025 1:00,102.8416667
2/15/2025 2:00,114.1666663
2/15/2025 3:00,96.68500036
2/15/2025 4:00,86.74666672
2/15/2025 5:00,92.23166669
2/15/2025 6:00,101.2533329
2/15/2025 7:00,115.7700002
2/15/2025 8:00,101.6416665
2/15/2025 9:00,87.35166639
2/15/2025 10:00,92.40666656
2/15/2025 11:00,92.59499957
2/15/2025 12:00,87.21833344
2/15/2025 13:00,86.55166664
2/15/2025 14:00,85.58666649
2/15/2025 15:00,96.67333323
2/15/2025 16:00,97.2
2/15/2025 17:00,94.15499954
2/15/2025 18:00,87.95999985
2/15/2025 19:00,83.64500033
2/15/2025 20:00,88.87499975
2/15/2025 21:00,95.3733326
2/15/2025 22:00,115.7166667
2/15/2025 23:00,109.4833333
2/16/2025,104.9616664
2/16/2025 1:00,102.1866667
2/16/2025 2:00,99.51833293
2/16/2025 3:00,93.82333336
2/16/2025 4:00,96.36333326
2/16/2025 5:00,106.5749999
2/16/2025 6:00,110.533333
2/16/2025 7:00,126.0799998
2/16/2025 8:00,155.2949994
2/16/2025 9:00,149.4550001
2/16/2025 10:00,116.3233335
2/16/2025 11:00,102.1050002
2/16/2025 12:00,80.72666658
2/16/2025 13:00,49.51666654
2/16/2025 14:00,53.24000041
2/16/2025 15:00,53.00999997
2/16/2025 16:00,65.37499994
2/16/2025 17:00,69.18000011
2/16/2025 18:00,70.23333314
2/16/2025 19:00,76.99333331
2/16/2025 20:00,77.77166646
2/16/2025 21:00,90.65833371
2/16/2025 22:00,92.7450002
2/16/2025 23:00,80.66666692
2/17/2025,81.67333323
2/17/2025 1:00,74.6549998
2/17/2025 2:00,87.09499969
2/17/2025 3:00,92.77666677
2/17/2025 4:00,89.75333316
2/17/2025 5:00,89.39500008
2/17/2025 6:00,116.7650003
2/17/2025 7:00,119.4866666
2/17/2025 8:00,137.0500004
2/17/2025 9:00,141.8183329
2/17/2025 10:00,129.6099997
2/17/2025 11:00,99.70333341
2/17/2025 12:00,98.2283329
2/17/2025 13:00,74.25500018
2/17/2025 14:00,64.58999971
2/17/2025 15:00,64.69999975
2/17/2025 16:00,76.04166654
2/17/2025 17:00,79.43500074
2/17/2025 18:00,76.69000066
2/17/2025 19:00,77.8933328
2/17/2025 20:00,75.486667
2/17/2025 21:00,81.84499995
2/17/2025 22:00,77.14166679
2/17/2025 23:00,81.35333341
2/18/2025,86.87166684
2/18/2025 1:00,85.58666674
2/18/2025 2:00,82.05833359
2/18/2025 3:00,81.81166674
2/18/2025 4:00,85.88166669
2/18/2025 5:00,97.68666776
2/18/2025 6:00,106.6566667
2/18/2025 7:00,110.4900008
2/18/2025 8:00,114.9266663
2/18/2025 9:00,113.9766671
2/18/2025 10:00,117.7883331
2/18/2025 11:00,91.48833262
2/18/2025 12:00,75.27333387
2/18/2025 13:00,73.40999985
2/18/2025 14:00,69.43333352
2/18/2025 15:00,67.72000001
2/18/2025 16:00,70.99500014
2/18/2025 17:00,72.46666711
2/18/2025 18:00,76.95833397
2/18/2025 19:00,77.03666712
2/18/2025 20:00,83.51666679
2/18/2025 21:00,84.23833326
2/18/2025 22:00,95.73499997
2/18/2025 23:00,101.4483332
2/19/2025,92.6399999
2/19/2025 1:00,84.9816672
2/19/2025 2:00,87.23833313
2/19/2025 3:00,89.98166631
2/19/2025 4:00,87.65000013
2/19/2025 5:00,101.7716668
2/19/2025 6:00,112.6750003
2/19/2025 7:00,120.2766663
2/19/2025 8:00,131.9266666
2/19/2025 9:00,133.6050009
2/19/2025 10:00,99.39833349
2/19/2025 11:00,67.52666696
2/19/2025 12:00,61.44833323
2/19/2025 13:00,77.69666659
2/19/2025 14:00,66.04666646
2/19/2025 15:00,60.13833319
2/19/2025 16:00,56.97499975
2/19/2025 17:00,67.65000013
2/19/2025 18:00,67.24000009
2/19/2025 19:00,67.80833333
2/19/2025 20:00,72.3216664
2/19/2025 21:00,97.7950002
2/19/2025 22:00,84.46333351
2/19/2025 23:00,71.75333335
2/20/2025,66.19333312
2/20/2025 1:00,69.00000025
2/20/2025 2:00,64.19999994
2/20/2025 3:00,78.19833361
2/20/2025 4:00,73.24333331
2/20/2025 5:00,98.99000015
2/20/2025 6:00,109.5000001
2/20/2025 7:00,113.9299995
2/20/2025 8:00,129.7016664
2/20/2025 9:00,111.8016666
2/20/2025 10:00,93.80666656
2/20/2025 11:00,74.05833359
2/20/2025 12:00,72.95666612
2/20/2025 13:00,55.19999975
2/20/2025 14:00,57.3333334
2/20/2025 15:00,67.5933335
2/20/2025 16:00,76.75500005
2/20/2025 17:00,74.09499969
2/20/2025 18:00,79.1266669
2/20/2025 19:00,85.46166623
2/20/2025 20:00,84.91333338
2/20/2025 21:00,89.82500013
2/20/2025 22:00,103.678333
2/20/2025 23:00,103.2883336
2/21/2025,84.57333336
2/21/2025 1:00,91.05333277
2/21/2025 2:00,88.26166662
2/21/2025 3:00,94.34500033
2/21/2025 4:00,83.38833326
2/21/2025 5:00,98.88000018
2/21/2025 6:00,112.0316666
2/21/2025 7:00,118.7533332
2/21/2025 8:00,128.761667
2/21/2025 9:00,126.8016663
2/21/2025 10:00,102.2166664
2/21/2025 11:00,90.19166698
2/21/2025 12:00,48.22500006
2/21/2025 14:00,45.84333337
2/21/2025 15:00,48.13333324
2/21/2025 16:00,43.4316665
2/21/2025 17:00,52.85333347
2/21/2025 18:00,60.97166684
2/21/2025 19:00,70.27666651
2/21/2025 20:00,76.43833288
2/21/2025 21:00,69.60333322
2/21/2025 22:00,83.51333338
2/21/2025 23:00,94.33666636
2/22/2025,67.36833337
2/22/2025 1:00,55.7649999
2/22/2025 2:00,67.27166653
2/22/2025 3:00,69.31166636
2/22/2025 4:00,69.55666695
2/22/2025 5:00,80.4766667
2/22/2025 6:00,121.5216667
2/22/2025 7:00,107.3816666
2/22/2025 8:00,94.91833356
2/22/2025 9:00,105.3199994
2/22/2025 10:00,69.16000023
2/22/2025 11:00,49.69499989
2/22/2025 12:00,41.52999989
2/22/2025 13:00,42.88833303
2/22/2025 14:00,37.12833293
2/22/2025 15:00,42.4666667
2/22/2025 16:00,36.82166653
2/22/2025 17:00,44.04000015
2/22/2025 18:00,53.37999992
2/22/2025 19:00,57.60500024
2/22/2025 20:00,53.8483331
2/22/2025 21:00,57.29000028
2/22/2025 22:00,63.713333
2/22/2025 23:00,65.62999973
2/23/2025,68.64666691
2/23/2025 1:00,59.82833309
2/23/2025 2:00,50.27666677
2/23/2025 3:00,44.91833324
2/23/2025 4:00,47.78333314
2/23/2025 5:00,56.89999987
2/23/2025 6:00,76.63499953
2/23/2025 7:00,84.06833344
2/23/2025 8:00,125.7733331
2/23/2025 9:00,98.45666676
2/23/2025 10:00,66.20666637
2/23/2025 11:00,56.40666656
2/23/2025 12:00,50.74666659
2/23/2025 13:00,43.2499999
2/23/2025 14:00,42.88666674
2/23/2025 15:00,48.77833316
2/23/2025 16:00,56.08666662
2/23/2025 17:00,60.02333336
2/23/2025 18:00,66.14833336
2/23/2025 19:00,67.23166625
2/23/2025 20:00,73.16833305
2/23/2025 21:00,83.87166659
2/23/2025 22:00,87.99666684
2/23/2025 23:00,76.88166663
2/24/2025,70.4566665
2/24/2025 1:00,68.01833305
2/24/2025 2:00,69.40333296
2/24/2025 3:00,76.85666644
2/24/2025 4:00,74.01000004
2/24/2025 5:00,83.09333356
2/24/2025 6:00,122.4916676
2/24/2025 7:00,121.5466671
2/24/2025 8:00,112.5450003
2/24/2025 9:00,118.2833335
2/24/2025 10:00,92.09833323
2/24/2025 11:00,77.26500015
2/24/2025 12:00,64.22500032
2/24/2025 13:00,70.22000039
2/24/2025 14:00,59.42000027
2/24/2025 15:00,66.16500022
2/24/2025 16:00,67.02833322
2/24/2025 17:00,69.58666687
2/24/2025 18:00,67.73333295
2/24/2025 19:00,72.9733331
2/24/2025 20:00,73.65666644
2/24/2025 21:00,77.62500013
2/24/2025 22:00,75.68000018
2/24/2025 23:00,82.28333333
2/25/2025,83.65166601
2/25/2025 1:00,78.36833331
2/25/2025 2:00,72.3633337
2/25/2025 3:00,72.30166677
2/25/2025 4:00,61.89137932
2/25/2025 5:00,80.90000006
2/25/2025 6:00,94.9100001
2/25/2025 7:00,138.9083333
2/25/2025 8:00,122.8966668
2/25/2025 9:00,97.4450002
2/25/2025 10:00,90.09166698
2/25/2025 11:00,59.2
2/25/2025 12:00,64.80833321
2/25/2025 13:00,59.54500001
2/25/2025 14:00,57.09499995
2/25/2025 15:00,58.50833327
2/25/2025 16:00,60.76666679
2/25/2025 17:00,60.8833334
2/25/2025 18:00,68.87166659
2/25/2025 19:00,62.45500037
2/25/2025 20:00,78.22499968
2/25/2025 21:00,98.43499985
2/25/2025 22:00,91.98833338
2/25/2025 23:00,88.47166595
2/26/2025,73.01333338
2/26/2025 1:00,74.20499992
2/26/2025 2:00,80.91833293
2/26/2025 3:00,81.56000036
2/26/2025 4:00,94.41833356
2/26/2025 5:00,90.16333351
2/26/2025 6:00,128.7166672
2/26/2025 7:00,121.1600001
2/26/2025 8:00,154.4633336
2/26/2025 9:00,138.9683338
2/26/2025 10:00,104.5849998
2/26/2025 11:00,86.64333382
2/26/2025 12:00,76.18999983
2/26/2025 13:00,69.84999962
2/26/2025 14:00,62.52499994
2/26/2025 15:00,61.10333328
2/26/2025 16:00,61.97000008
2/26/2025 17:00,63.63833345
2/26/2025 18:00,75.56166662
2/26/2025 19:00,82.77499975
2/26/2025 20:00,81.23499985
2/26/2025 21:00,80.21833331
2/26/2025 22:00,84.69500008
2/26/2025 23:00,87.05166728
2/27/2025,95.35166715
2/27/2025 1:00,96.15000025
2/27/2025 2:00,92.85499992
2/27/2025 3:00,93.22833341
2/27/2025 4:00,100.4266666
2/27/2025 5:00,87.18166682
2/27/2025 6:00,103.0066664
2/27/2025 7:00,125.1583326
2/27/2025 8:00,123.7733339
2/27/2025 9:00,128.2449998
2/27/2025 10:00,115.4333333
2/27/2025 11:00,101.9366666
2/27/2025 12:00,80.9816672
2/27/2025 13:00,77.1783336
2/27/2025 14:00,67.75833327
2/27/2025 15:00,66.41833312
2/27/2025 16:00,68.96333275
2/27/2025 17:00,68.42833316
2/27/2025 18:00,79.16500041
2/27/2025 19:00,78.87166697
2/27/2025 20:00,78.76833293
2/27/2025 21:00,87.57166684
2/27/2025 22:00,91.82166684
2/27/2025 23:00,91.04333293
2/28/2025,90.63166631
2/28/2025 1:00,91.64666684
2/28/2025 2:00,82.69666672
2/28/2025 3:00,86.85166651
2/28/2025 4:00,85.90166664
2/28/2025 5:00,87.61000074
2/28/2025 6:00,91.86833344
2/28/2025 7:00,102.7016669
2/28/2025 8:00,109.1516665
2/28/2025 9:00,114.8400005
2/28/2025 10:00,133.6133327
2/28/2025 11:00,140.1450002
2/28/2025 12:00,102.4350002
2/28/2025 13:00,47.84915252
2/28/2025 14:00,39.81333307
2/28/2025 15:00,43.07500006
2/28/2025 16:00,44.05000006
2/28/2025 17:00,44.875
2/28/2025 18:00,49.09833336
2/28/2025 19:00,43.46333326
2/28/2025 20:00,37.83166656
2/28/2025 21:00,44.63999996
2/28/2025 22:00,70.57499987
2/28/2025 23:00,76.86499977
3/1/2025,63.76166643
3/1/2025 1:00,46.81166668
3/1/2025 2:00,32.28500004
3/1/2025 3:00,40.90000006
3/1/2025 4:00,37.85499989
3/1/2025 5:00,31.75833346
3/1/2025 6:00,44.85166677
3/1/2025 7:00,46.97999999
3/1/2025 8:00,44.16999995
3/1/2025 9:00,38.0750001
3/1/2025 10:00,44.57166672
3/1/2025 11:00,33.81333329
3/1/2025 12:00,28.49666667
3/1/2025 13:00,17.41666673
3/1/2025 14:00,18.96666663
3/1/2025 15:00,21.53500002
3/1/2025 16:00,22.63833332
3/1/2025 17:00,19.9133333
3/1/2025 18:00,74.67166697
3/1/2025 19:00,77.75333373
3/1/2025 20:00,73.36499971
3/1/2025 21:00,70.97333323
3/1/2025 22:00,50.00166664
3/1/2025 23:00,78.42166704
3/2/2025,54.15500008
3/2/2025 1:00,44.42333323
3/2/2025 2:00,46.7816666
3/2/2025 3:00,48.50333354
3/2/2025 4:00,43.68833338
3/2/2025 5:00,45.03000005
3/2/2025 6:00,55.63666668
3/2/2025 7:00,83.96166643
3/2/2025 8:00,98.73333384
3/2/2025 9:00,88.64000015
3/2/2025 10:00,66.58000018
3/2/2025 11:00,38.69499985
3/2/2025 12:00,18.68333337
3/2/2025 13:00,18.45500002
3/2/2025 14:00,18.85499992
3/2/2025 15:00,17.8949999
3/2/2025 16:00,20.53499994
3/2/2025 17:00,24.01166668
3/2/2025 18:00,25.03166676
3/2/2025 19:00,30.86333326
3/2/2025 20:00,30.35833327
3/2/2025 21:00,30.60500015
3/2/2025 22:00,54.17166646
3/2/2025 23:00,47.83333333
3/3/2025,42.5450002
3/3/2025 1:00,36.72499987
3/3/2025 2:00,44.00999991
3/3/2025 3:00,41.9950002
3/3/2025 4:00,42.60500011
3/3/2025 5:00,62.46666692
3/3/2025 6:00,70.74666678
3/3/2025 7:00,92.32166634
3/3/2025 8:00,74.09666691
3/3/2025 9:00,82.6516662
3/3/2025 10:00,62.62333291
3/3/2025 11:00,50.66129045
3/3/2025 12:00,37.58166672
3/3/2025 13:00,23.79833326
3/3/2025 14:00,18.99000006
3/3/2025 15:00,18.96666675
3/3/2025 16:00,22.13166679
3/3/2025 17:00,34.60166664
3/3/2025 18:00,33.33666662
3/3/2025 19:00,36.63999987
3/3/2025 20:00,42.80499992
3/3/2025 21:00,49.84000015
3/3/2025 22:00,63.95166696
3/3/2025 23:00,61.06666629
3/4/2025,48.85666669
3/4/2025 1:00,50.13500017
3/4/2025 2:00,52.51666686
3/4/2025 3:00,46.1266667
3/4/2025 4:00,41.35833327
3/4/2025 5:00,84.8483333
3/4/2025 6:00,89.18666662
3/4/2025 7:00,104.6250005
3/4/2025 8:00,94.55999985
3/4/2025 9:00,83.18000005
3/4/2025 10:00,79.5483331
3/4/2025 11:00,32.61000001
3/4/2025 12:00,26.59499979
3/4/2025 13:00,30.54499989
3/4/2025 14:00,27.85
3/4/2025 15:00,28.72499981
3/4/2025 16:00,29.48500007
3/4/2025 17:00,33.35666672
3/4/2025 18:00,42.89666684
3/4/2025 19:00,54.13500004
3/4/2025 20:00,53.66999995
3/4/2025 21:00,53.87000001
3/4/2025 22:00,54.23333333
3/4/2025 23:00,60.18666662
3/5/2025,61.08499985
3/5/2025 1:00,56.82833335
3/5/2025 2:00,53.32333342
3/5/2025 3:00,51.06666698
3/5/2025 4:00,56.20666663
3/5/2025 5:00,71.73666662
3/5/2025 6:00,94.11999982
3/5/2025 7:00,93.19166603
3/5/2025 8:00,84.96833254
3/5/2025 9:00,86.27666677
3/5/2025 10:00,68.55000045
3/5/2025 11:00,63.69166686
3/5/2025 12:00,48.71166668
3/5/2025 13:00,32.73166682
3/5/2025 14:00,39.04666662
3/5/2025 15:00,45.50499992
3/5/2025 16:00,49.91500009
3/5/2025 17:00,67.28499997
3/5/2025 18:00,61.06833363
3/5/2025 19:00,66.25166683
3/5/2025 20:00,61.82166659
3/5/2025 21:00,62.69500001
3/5/2025 22:00,65.34833361
3/5/2025 23:00,70.12999986
3/6/2025,71.37333342
3/6/2025 1:00,69.88000018
3/6/2025 2:00,68.3433335
3/6/2025 3:00,69.98999952
3/6/2025 4:00,77.39000015
3/6/2025 5:00,78.77833303
3/6/2025 6:00,84.27666664
3/6/2025 7:00,100.5866664
3/6/2025 8:00,137.4749985
3/6/2025 9:00,88.48666649
3/6/2025 10:00,73.35000025
3/6/2025 11:00,65.78666655
3/6/2025 12:00,67.18666719
3/6/2025 13:00,70.85166715
3/6/2025 14:00,64.01500015
3/6/2025 15:00,57.81666641
3/6/2025 16:00,63.79000015
3/6/2025 17:00,66.69333344
3/6/2025 18:00,72.56833293
3/6/2025 19:00,71.35666682
3/6/2025 20:00,69.17333285
3/6/2025 21:00,77.71333288
3/6/2025 22:00,71.26999982
3/6/2025 23:00,63.15999959
3/7/2025,68.25999972
3/7/2025 1:00,65.16999976
3/7/2025 2:00,64.59166692
3/7/2025 3:00,63.63666687
3/7/2025 4:00,67.0883337
3/7/2025 5:00,78.74166692
3/7/2025 6:00,90.22666626
3/7/2025 7:00,112.8849998
3/7/2025 8:00,108.5566666
3/7/2025 9:00,81.93833326
3/7/2025 10:00,68.39166679
3/7/2025 11:00,67.35333354
3/7/2025 12:00,84.13833313
3/7/2025 13:00,75.71833337
3/7/2025 14:00,65.99833342
3/7/2025 15:00,62.786667
3/7/2025 16:00,65.04999994
3/7/2025 17:00,68.79000034
3/7/2025 18:00,67.70833352
3/7/2025 19:00,68.08666662
3/7/2025 20:00,79.58666623
3/7/2025 21:00,73.94666608
3/7/2025 22:00,72.53666712
3/7/2025 23:00,74.06333338
3/8/2025,72.1533329
3/8/2025 1:00,72.08833351
3/8/2025 2:00,76.35166728
3/8/2025 3:00,79.04000041
3/8/2025 4:00,78.90666631
3/8/2025 5:00,102.0683332
3/8/2025 6:00,94.52333323
3/8/2025 7:00,106.4183333
3/8/2025 8:00,108.4683338
3/8/2025 9:00,90.77333285
3/8/2025 10:00,70.68999996
3/8/2025 11:00,66.94500014
3/8/2025 12:00,61.0200002
3/8/2025 13:00,60.28500029
3/8/2025 14:00,66.83499997
3/8/2025 15:00,71.67833328
3/8/2025 16:00,78.15500005
3/8/2025 17:00,90.0983331
3/8/2025 18:00,88.52333323
3/8/2025 19:00,85.14999987
3/8/2025 20:00,78.97666664
3/8/2025 21:00,75.63666662
3/8/2025 22:00,73.05
3/8/2025 23:00,94.85166626
3/9/2025,92.89333331
3/9/2025 1:00,89.436667
3/9/2025 2:00,81.42333361
3/9/2025 3:00,81.15333354
3/9/2025 4:00,87.22833316
3/9/2025 5:00,100.4716665
3/9/2025 6:00,99.48000031
3/9/2025 7:00,126.1850001
3/9/2025 8:00,122.1433334
3/9/2025 9:00,114.0866665
3/9/2025 10:00,91.04166667
3/9/2025 11:00,91.29333394
3/9/2025 12:00,75.42833303
3/9/2025 13:00,77.27666664
3/9/2025 14:00,73.65166696
3/9/2025 15:00,77.14000041
3/9/2025 16:00,76.45833295
3/9/2025 17:00,78.638333
3/9/2025 18:00,85.82999954
3/9/2025 19:00,91.1149999
3/9/2025 20:00,91.55666656
3/9/2025 21:00,83.2983331
3/9/2025 22:00,91.42833303
3/9/2025 23:00,88.55499992
3/10/2025,89.71333313
3/10/2025 1:00,92.16666667
3/10/2025 2:00,87.086667
3/10/2025 3:00,81.57166723
3/10/2025 4:00,98.51500015
3/10/2025 5:00,100.9133333
3/10/2025 6:00,113.7966668
3/10/2025 7:00,116.2916667
3/10/2025 8:00,121.8466667
3/10/2025 9:00,128.0650003
3/10/2025 10:00,125.2083333
3/10/2025 11:00,102.3716666
3/10/2025 12:00,92.18833377
3/10/2025 13:00,83.95833359
3/10/2025 14:00,78.28000018
3/10/2025 15:00,83.90500005
3/10/2025 16:00,76.49999987
3/10/2025 17:00,82.97666651
3/10/2025 18:00,85.76999957
3/10/2025 19:00,82.39166679
3/10/2025 20:00,82.10666644
3/10/2025 21:00,81.04833323
3/10/2025 22:00,79.60166651
3/10/2025 23:00,85.13500023
3/11/2025,86.00499992
3/11/2025 1:00,87.58166631
3/11/2025 2:00,83.94000015
3/11/2025 3:00,87.38833338
3/11/2025 4:00,93.16500003
3/11/2025 5:00,98.025
3/11/2025 6:00,110.3600005
3/11/2025 7:00,120.976667
3/11/2025 8:00,123.2533334
3/11/2025 9:00,112.4466665
3/11/2025 10:00,104.1183334
3/11/2025 11:00,90.6483331
3/11/2025 12:00,82.69365135
3/11/2025 13:00,72.37333291
3/11/2025 14:00,72.39166667
3/11/2025 15:00,73.10333309
3/11/2025 16:00,71.56333383
3/11/2025 17:00,86.77500127
3/11/2025 18:00,74.95666644
3/11/2025 19:00,73.45333366
3/11/2025 20:00,78.35499967
3/11/2025 21:00,79.113333
3/11/2025 22:00,80.07000058
3/11/2025 23:00,82.07833366
3/12/2025,84.16500015
3/12/2025 1:00,83.14406806
3/12/2025 2:00,84.39499969
3/12/2025 3:00,79.3149999
3/12/2025 4:00,80.46833305
3/12/2025 5:00,88.81833318
3/12/2025 6:00,105.446667
3/12/2025 7:00,114.8300002
3/12/2025 8:00,127.6550001
3/12/2025 9:00,111.4500003
3/12/2025 10:00,92.47500013
3/12/2025 11:00,71.10666676
3/12/2025 12:00,82.47833354
3/12/2025 13:00,85.43833364
3/12/2025 14:00,77.98000031
3/12/2025 15:00,80.35333354
3/12/2025 16:00,81.83499985
3/12/2025 17:00,82.36166687
3/12/2025 18:00,87.10833282
3/12/2025 19:00,88.87833354
3/12/2025 20:00,87.81166649
3/12/2025 21:00,77.31333377
3/12/2025 22:00,78.23000018
3/12/2025 23:00,79.99333318
3/13/2025,76.81333313
3/13/2025 1:00,81.98833364
3/13/2025 2:00,78.25666682
3/13/2025 3:00,73.163333
3/13/2025 4:00,83.28166644
3/13/2025 5:00,89.81500028
3/13/2025 6:00,98.82166672
3/13/2025 7:00,104.4300001
3/13/2025 8:00,109.838333
3/13/2025 9:00,109.6650003
3/13/2025 10:00,97.688333
3/13/2025 11:00,78.90666669
3/13/2025 12:00,56.15833321
3/13/2025 13:00,54.09499976
3/13/2025 14:00,45.33833332
3/13/2025 15:00,49.35333322
3/13/2025 16:00,54.23999983
3/13/2025 17:00,49.2399999
3/13/2025 18:00,52.18000024
3/13/2025 19:00,48.97166646
3/13/2025 20:00,43.59500001
3/13/2025 21:00,54.69000003
3/13/2025 22:00,55.34666678
3/13/2025 23:00,44.40333335
3/14/2025,43.10000019
3/14/2025 1:00,52.15666676
3/14/2025 2:00,50.6483333
3/14/2025 3:00,47.41333332
3/14/2025 4:00,51.07166646
3/14/2025 5:00,57.14333324
3/14/2025 6:00,69.46999995
3/14/2025 7:00,73.68666687
3/14/2025 8:00,65.91500028
3/14/2025 9:00,68.90666656
3/14/2025 10:00,42.35166661
3/14/2025 11:00,32.84333334
3/14/2025 12:00,17.60500005
3/14/2025 13:00,18.4650001
3/14/2025 14:00,15.24833339
3/14/2025 15:00,24.90000003
3/14/2025 16:00,28.11166662
3/14/2025 17:00,37.28166669
3/14/2025 18:00,43.4733333
3/14/2025 19:00,51.75333328
3/14/2025 20:00,55.47333323
3/14/2025 21:00,60.25166677
3/14/2025 22:00,63.61333294
3/14/2025 23:00,67.47333342
3/15/2025,66.13666687
3/15/2025 1:00,55.68833351
3/15/2025 2:00,63.50999985
3/15/2025 3:00,64.15166721
3/15/2025 4:00,64.54666691
3/15/2025 5:00,79.4966671
3/15/2025 6:00,91.24333293
3/15/2025 7:00,97.24333293
3/15/2025 8:00,99.98666598
3/15/2025 9:00,79.86000023
3/15/2025 10:00,68.97833373
3/15/2025 11:00,43.49166646
3/15/2025 12:00,31.36999969
3/15/2025 13:00,29.55999994
3/15/2025 14:00,30.12166665
3/15/2025 15:00,36.81833318
3/15/2025 16:00,41.39333312
3/15/2025 17:00,37.70000003
3/15/2025 18:00,37.70666656
3/15/2025 19:00,39.79000015
3/15/2025 20:00,68.75000032
3/15/2025 21:00,74.05999959
3/15/2025 22:00,73.14499995
3/15/2025 23:00,62.41166674
3/16/2025,58.82666632
3/16/2025 1:00,54.48833332
3/16/2025 2:00,53.17666683
3/16/2025 3:00,46.43999983
3/16/2025 4:00,57.1583334
3/16/2025 5:00,70.55666663
3/16/2025 6:00,92.40333366
3/16/2025 7:00,86.63000005
3/16/2025 8:00,93.89333331
3/16/2025 9:00,92.79166667
3/16/2025 10:00,100.8566667
3/16/2025 11:00,65.83833335
3/16/2025 12:00,34.34666646
3/16/2025 13:00,26.23666655
3/16/2025 14:00,26.44500011
3/16/2025 15:00,29.69333321
3/16/2025 16:00,28.66166668
3/16/2025 17:00,26.63833326
3/16/2025 18:00,31.10000003
3/16/2025 19:00,41.17833335
3/16/2025 20:00,57.11833331
3/16/2025 21:00,64.54833342
3/16/2025 22:00,48.49833323
3/16/2025 23:00,53.61166687
3/17/2025,52.82499981
3/17/2025 1:00,44.98166656
3/17/2025 2:00,40.00666647
3/17/2025 3:00,39.26666657
3/17/2025 4:00,45.71166674
3/17/2025 5:00,63.375
3/17/2025 6:00,71.3799998
3/17/2025 7:00,75.27500032
3/17/2025 8:00,97.07833366
3/17/2025 9:00,73.77499943
3/17/2025 10:00,60.8366662
3/17/2025 11:00,20.74000009
3/17/2025 12:00,29.24166663
3/17/2025 13:00,31.86000001
3/17/2025 14:00,36.13499997
3/17/2025 15:00,26.87903232
3/17/2025 16:00,31.67333336
3/17/2025 17:00,40.92166678
3/17/2025 18:00,35.31833356
3/17/2025 19:00,38.28666662
3/17/2025 20:00,45.15499999
3/17/2025 21:00,39.42666674
3/17/2025 22:00,36.81666695
3/17/2025 23:00,43.5399999
3/18/2025,41.02333326
3/18/2025 1:00,38.38499994
3/18/2025 2:00,39.38333321
3/18/2025 3:00,33.86499996
3/18/2025 4:00,35.64166654
3/18/2025 5:00,57.73166656
3/18/2025 6:00,79.32833335
3/18/2025 7:00,67.81666667
3/18/2025 8:00,99.00000013
3/18/2025 9:00,90.62166697
3/18/2025 10:00,63.38666674
3/18/2025 11:00,39.41833331
3/18/2025 12:00,43.87333314
3/18/2025 13:00,26.15499992
3/18/2025 14:00,33.70499992
3/18/2025 15:00,31.72833331
3/18/2025 16:00,44.81500009
3/18/2025 17:00,47.31833312
3/18/2025 18:00,44.80833346
3/18/2025 19:00,51.80833346
3/18/2025 20:00,51.27499994
3/18/2025 21:00,52.33833351
3/18/2025 22:00,51.42333342
3/18/2025 23:00,60.66999969
3/19/2025,55.09166667
3/19/2025 1:00,53.47499981
3/19/2025 2:00,52.34333344
3/19/2025 3:00,51
3/19/2025 4:00,57.20999978
3/19/2025 5:00,75.25833346
3/19/2025 6:00,88.7816665
3/19/2025 7:00,91.95
3/19/2025 8:00,115.4183331
3/19/2025 9:00,68.36500022
3/19/2025 10:00,65.34499969
3/19/2025 11:00,49.27999999
3/19/2025 12:00,47.71166687
3/19/2025 13:00,47.02500022
3/19/2025 14:00,32.48666665
3/19/2025 15:00,27.99166644
3/19/2025 16:00,39.27666674
3/19/2025 17:00,42.05000016
3/19/2025 18:00,42.80999991
3/19/2025 19:00,57.18166656
3/19/2025 20:00,56.74500001
3/19/2025 21:00,57.09666659
3/19/2025 22:00,71.09000028
3/19/2025 23:00,68.54000009
3/20/2025,56.55499992
3/20/2025 1:00,64.08333302
3/20/2025 2:00,60.29500014
3/20/2025 3:00,59.63499997
3/20/2025 4:00,73.62666645
3/20/2025 5:00,85.21166674
3/20/2025 6:00,109.9850004
3/20/2025 7:00,100.5900002
3/20/2025 8:00,98.59333344
3/20/2025 9:00,96.78333308
3/20/2025 10:00,84.13000018
3/20/2025 11:00,66.19833336
3/20/2025 12:00,39.12000008
3/20/2025 13:00,34.02666677
3/20/2025 14:00,25.84500019
3/20/2025 15:00,27.52000012
3/20/2025 16:00,41.39833326
3/20/2025 17:00,52.69500014
3/20/2025 18:00,46.99000003
3/20/2025 19:00,56.02833385
3/20/2025 20:00,55.06166649
3/20/2025 21:00,60.22166634
3/20/2025 22:00,62.30500011
3/20/2025 23:00,65.14833285
3/21/2025,59.77000033
3/21/2025 1:00,53.51333326
3/21/2025 2:00,84.11333357
3/21/2025 3:00,63.93333308
3/21/2025 4:00,64.40333366
3/21/2025 5:00,99.39666735
3/21/2025 6:00,90.71166636
3/21/2025 7:00,109.2283333
3/21/2025 8:00,111.1166667
3/21/2025 9:00,96.90333341
3/21/2025 10:00,76.93999977
3/21/2025 11:00,61.88166695
3/21/2025 12:00,38.61666657
3/21/2025 13:00,37.09500001
3/21/2025 14:00,41.99333334
3/21/2025 15:00,51.27500025
3/21/2025 16:00,60.01333307
3/21/2025 17:00,78.35666695
3/21/2025 18:00,82.20833359
3/21/2025 19:00,83.33833364
3/21/2025 20:00,80.64499982
3/21/2025 21:00,83.50666707
3/21/2025 22:00,79.40166645
3/21/2025 23:00,42.73000021
3/22/2025,26.94000003
3/22/2025 1:00,24.62166672
3/22/2025 2:00,20.68999999
3/22/2025 3:00,22.91166665
3/22/2025 4:00,29.84166676
3/22/2025 5:00,43.00499989
3/22/2025 6:00,51.85000006
3/22/2025 7:00,45.44500014
3/22/2025 8:00,50.74999987
3/22/2025 9:00,45.89999978
3/22/2025 10:00,35.93333337
3/22/2025 11:00,31.6283335
3/22/2025 12:00,42.73333343
3/22/2025 13:00,32.13499985
3/22/2025 14:00,34.97333352
3/22/2025 15:00,34.12000011
3/22/2025 16:00,45.43333327
3/22/2025 17:00,40.33999993
3/22/2025 18:00,18.08
3/22/2025 19:00,36.85499996
3/22/2025 20:00,31.7899999
3/22/2025 21:00,28.03499994
3/22/2025 22:00,21.55833337
3/22/2025 23:00,19.97666674
3/23/2025,23.5266668
3/23/2025 1:00,24.3733333
3/23/2025 2:00,20.68166672
3/23/2025 3:00,21.49333334
3/23/2025 4:00,31.04333334
3/23/2025 5:00,41.70166658
3/23/2025 6:00,49.24999984
3/23/2025 7:00,37.44166657
3/23/2025 8:00,33.57666664
3/23/2025 9:00,36.89833326
3/23/2025 10:00,36.40500002
3/23/2025 11:00,34.94499976
3/23/2025 12:00,30.35833333
3/23/2025 13:00,30.91833328
3/23/2025 14:00,27.86721323
3/23/2025 15:00,28.46833331
3/23/2025 16:00,29.38166672
3/23/2025 17:00,29.93666671
3/23/2025 18:00,38.65166664
3/23/2025 19:00,43.21666654
3/23/2025 20:00,42.05166702
3/23/2025 21:00,40.61500041
3/23/2025 22:00,41.78999987
3/23/2025 23:00,49.4566665
3/24/2025,47.6466664
3/24/2025 1:00,40.8166667
3/24/2025 2:00,38.88333337
3/24/2025 3:00,43.2833334
3/24/2025 4:00,61.35999985
3/24/2025 5:00,69.21833344
3/24/2025 6:00,74.48499972
3/24/2025 7:00,66.00500005
3/24/2025 8:00,75.02166646
3/24/2025 9:00,73.55666695
3/24/2025 10:00,56.42166672
3/24/2025 11:00,36.95245896
3/24/2025 12:00,32.1733332
3/24/2025 13:00,31.01499974
3/24/2025 14:00,29.88000002
3/24/2025 15:00,37.1766668
3/24/2025 16:00,38.68499988
3/24/2025 17:00,44.71666648
3/24/2025 18:00,50.68500017
3/24/2025 19:00,54.56833337
3/24/2025 20:00,53.65166658
3/24/2025 21:00,56.19500027
3/24/2025 22:00,59.64166673
3/24/2025 23:00,65.76666686
3/25/2025,54.23333333
3/25/2025 1:00,71.96500015
3/25/2025 2:00,61.31666667
3/25/2025 3:00,53.80166639
3/25/2025 4:00,81.94166629
3/25/2025 5:00,110.641666
3/25/2025 6:00,108.6183333
3/25/2025 7:00,104.6466662
3/25/2025 8:00,104.7416667
3/25/2025 9:00,89.76500003
3/25/2025 10:00,64.11499964
3/25/2025 11:00,57.87833366
3/25/2025 12:00,66.86166636
3/25/2025 13:00,39.78833329
3/25/2025 14:00,41.20166683
3/25/2025 15:00,48.4416666
3/25/2025 16:00,51.85333328
3/25/2025 17:00,59.16166662
3/25/2025 18:00,69.70166645
3/25/2025 19:00,72.48999996
3/25/2025 20:00,68.04166718
3/25/2025 21:00,67.32166678
3/25/2025 22:00,98.43666662
3/25/2025 23:00,85.88166656
3/26/2025,80.80333316
3/26/2025 1:00,79.59000041
3/26/2025 2:00,87.27333336
3/26/2025 3:00,83.3516669
3/26/2025 4:00,88.39333305
3/26/2025 5:00,109.1216671
3/26/2025 6:00,109.5350001
3/26/2025 7:00,113.7016669
3/26/2025 8:00,115.0483337
3/26/2025 9:00,114.16
3/26/2025 10:00,91.17666677
3/26/2025 11:00,84.58499997
3/26/2025 12:00,79.99666627
3/26/2025 13:00,59.35499986
3/26/2025 14:00,64.66999976
3/26/2025 15:00,56.95333341
3/26/2025 16:00,72.58500004
3/26/2025 17:00,89.60999972
3/26/2025 18:00,100.2733334
3/26/2025 19:00,104.7799997
3/26/2025 20:00,107.9883333
3/26/2025 21:00,110.8149999
3/26/2025 22:00,123.9933328
3/26/2025 23:00,117.1316667
3/27/2025,105.4433336
3/27/2025 1:00,108.3316663
3/27/2025 2:00,105.8633334
3/27/2025 3:00,111.7416662
3/27/2025 4:00,108.09
3/27/2025 5:00,120.4416668
3/27/2025 6:00,150.1216662
3/27/2025 7:00,159.9850006
3/27/2025 8:00,155.4866674
3/27/2025 9:00,130.5183334
3/27/2025 10:00,117.0200001
3/27/2025 11:00,85.3049998
3/27/2025 12:00,78.90166651
3/27/2025 13:00,82.95999972
3/27/2025 14:00,75.91833337
3/27/2025 15:00,76.66666686
3/27/2025 16:00,86.71166611
3/27/2025 17:00,103.5333335
3/27/2025 18:00,132.0150004
3/27/2025 19:00,134.3566662
3/27/2025 20:00,146.2083338
3/27/2025 21:00,147.2249992
3/27/2025 22:00,154.4883339
3/27/2025 23:00,139.2833337
3/28/2025,141.0299998
3/28/2025 1:00,130.6633338
3/28/2025 2:00,136.2866664
3/28/2025 3:00,130.7849998
3/28/2025 4:00,140.4783346
3/28/2025 5:00,153.1566668
3/28/2025 6:00,164.5716672
3/28/2025 7:00,167.8800011
3/28/2025 8:00,175.2066673
3/28/2025 9:00,159.5199999
3/28/2025 10:00,161.6083345
3/28/2025 11:00,87.34500046
3/28/2025 12:00,67.46000004
3/28/2025 13:00,55.30999991
3/28/2025 14:00,63.85833371
3/28/2025 15:00,69.52166634
3/28/2025 16:00,79.10500018
3/28/2025 17:00,70.94333318
3/28/2025 18:00,81.02500025
3/28/2025 19:00,82.93166682
3/28/2025 20:00,99.33166682
3/28/2025 21:00,99.28666636
3/28/2025 22:00,99.56166649
3/28/2025 23:00,88.45999997
3/29/2025,84.94666646
3/29/2025 1:00,87.92500013
3/29/2025 2:00,84.10500018
3/29/2025 3:00,80.96833369
3/29/2025 4:00,92.19499969
3/29/2025 5:00,121.086666
3/29/2025 6:00,128.3850001
3/29/2025 7:00,131.6300004
3/29/2025 8:00,132.1666662
3/29/2025 9:00,118.4683336
3/29/2025 10:00,99.975
3/29/2025 11:00,75.62833284
3/29/2025 12:00,45.48666677
3/29/2025 13:00,44.08166672
3/29/2025 14:00,57.30833352
3/29/2025 15:00,96.07666677
3/29/2025 16:00,107.9466668
3/29/2025 17:00,121.0433339
3/29/2025 18:00,131.1483337
3/29/2025 19:00,146.6416672
3/29/2025 20:00,147.7083331
3/29/2025 21:00,143.5783328
3/29/2025 22:00,131.9000005
3/29/2025 23:00,134.6883334
3/30/2025,132.636667
3/30/2025 1:00,130.9166668
3/30/2025 2:00,125.4766669
3/30/2025 3:00,131.2916669
3/30/2025 4:00,145.6150005
3/30/2025 5:00,145.4983329
3/30/2025 6:00,170.6516663
3/30/2025 7:00,174.6866671
3/30/2025 8:00,172.6716667
3/30/2025 9:00,159.4333333
3/30/2025 10:00,128.4699999
3/30/2025 11:00,118.1999999
3/30/2025 12:00,94.3483331
3/30/2025 13:00,90.76833318
3/30/2025 14:00,98.44666621
3/30/2025 15:00,95.28166631
3/30/2025 16:00,119.9750006
3/30/2025 17:00,136.4999997
3/30/2025 18:00,155.2700002
3/30/2025 19:00,172.2716665
3/30/2025 20:00,175.148334
3/30/2025 21:00,154.8716662
3/30/2025 22:00,155.9100009
3/30/2025 23:00,152.3766663
3/31/2025,164.0033333
3/31/2025 1:00,154.3033333
3/31/2025 2:00,158.4349996
3/31/2025 3:00,156.8433342
3/31/2025 4:00,161.5166659
3/31/2025 5:00,181.5383331
3/31/2025 6:00,173.3849996
3/31/2025 7:00,178.6583336
3/31/2025 8:00,176.4433332
3/31/2025 9:00,181.4800003
3/31/2025 10:00,162.825001
3/31/2025 11:00,176.4983335
3/31/2025 12:00,138.6983329
3/31/2025 13:00,102.6216663
3/31/2025 14:00,95.28166695
3/31/2025 15:00,113.9716667
3/31/2025 16:00,133.9466666
3/31/2025 17:00,139.7466661
3/31/2025 18:00,164.4766658
3/31/2025 19:00,158.9933334
3/31/2025 20:00,172.3450005
3/31/2025 21:00,179.378333
3/31/2025 22:00,192.1433337
3/31/2025 23:00,158.8237287
4/1/2025,163.7066663
4/1/2025 1:00,161.9683342
4/1/2025 2:00,158.1899999
4/1/2025 3:00,149.9266678
4/1/2025 4:00,159.0166659
4/1/2025 5:00,191.0733345
4/1/2025 6:00,188.8649996
4/1/2025 7:00,208.1733335
4/1/2025 8:00,211.7783343
4/1/2025 9:00,226.0699999
4/1/2025 10:00,158.6233321
4/1/2025 11:00,130.4533335
4/1/2025 12:00,71.82500006
4/1/2025 13:00,55.62333336
4/1/2025 14:00,48.03833332
4/1/2025 15:00,66.71333377
4/1/2025 16:00,128.2349998
4/1/2025 17:00,147.2050003
4/1/2025 18:00,152.5000008
4/1/2025 19:00,156.9633331
4/1/2025 20:00,161.7800001
4/1/2025 21:00,174.4066661
4/1/2025 22:00,178.3416672
4/1/2025 23:00,163.4449994
4/2/2025,169.1149996
4/2/2025 1:00,158.4266663
4/2/2025 2:00,165.4583323
4/2/2025 3:00,162.2433329
4/2/2025 4:00,159.2949997
4/2/2025 5:00,182.6866669
4/2/2025 6:00,193.1666659
4/2/2025 7:00,193.3466667
4/2/2025 8:00,212.8049995
4/2/2025 9:00,183.8700012
4/2/2025 10:00,162.9183324
4/2/2025 11:00,136.6750011
4/2/2025 12:00,114.5783339
4/2/2025 13:00,128.5733334
4/2/2025 14:00,142.5213115
4/2/2025 15:00,142.9450011
4/2/2025 16:00,168.5733332
4/2/2025 17:00,172.2583338
4/2/2025 18:00,174.6716662
4/2/2025 19:00,196.8533335
4/2/2025 20:00,202.8916669
4/2/2025 21:00,215.6081963
4/2/2025 22:00,227.1083331
4/2/2025 23:00,222.8266668
4/3/2025,176.6950002
4/3/2025 1:00,188.1833326
4/3/2025 2:00,188.1683339
4/3/2025 3:00,186.503334
4/3/2025 4:00,188.5999992
4/3/2025 5:00,217.6633329
4/3/2025 6:00,220.8033335
4/3/2025 7:00,220.7833333
4/3/2025 8:00,235.6199989
4/3/2025 9:00,229.7783333
4/3/2025 10:00,177.8400002
4/3/2025 11:00,142.5366667
4/3/2025 12:00,103.8533333
4/3/2025 13:00,107.3316666
4/3/2025 14:00,134.6666664
4/3/2025 15:00,168.2366664
4/3/2025 16:00,165.4499997
4/3/2025 17:00,177.3066676
4/3/2025 18:00,155.2233322
4/3/2025 19:00,144.9200006
4/3/2025 20:00,127.9333336
4/3/2025 21:00,162.8833338
4/3/2025 22:00,159.7133329
4/3/2025 23:00,168.7050003
4/4/2025,155.6183329
4/4/2025 1:00,143.2516663
4/4/2025 2:00,152.1966665
4/4/2025 3:00,140.5499996
4/4/2025 4:00,148.4800001
4/4/2025 5:00,168.0416672
4/4/2025 6:00,180.9766668
4/4/2025 7:00,196.5800006
4/4/2025 8:00,194.3533335
4/4/2025 9:00,197.7299993
4/4/2025 10:00,160.5083333
4/4/2025 11:00,116.621667
4/4/2025 12:00,64.78999977
4/4/2025 13:00,81.19833387
4/4/2025 14:00,79.82333361
4/4/2025 15:00,96.17833341
4/4/2025 16:00,96.79166654
4/4/2025 17:00,106.158333
4/4/2025 18:00,127.7733337
4/4/2025 19:00,142.7866671
4/4/2025 20:00,149.8033338
4/4/2025 21:00,143.3266666
4/4/2025 22:00,125.6549994
4/4/2025 23:00,110.008333
4/5/2025,126.2233335
4/5/2025 1:00,114.8066664
4/5/2025 2:00,108.4516668
4/5/2025 3:00,114.29
4/5/2025 4:00,125.4116665
4/5/2025 5:00,140.801667
4/5/2025 6:00,147.8866667
4/5/2025 7:00,158.3433332
4/5/2025 8:00,157.6550001
4/5/2025 9:00,150.8533334
4/5/2025 10:00,140.515
4/5/2025 11:00,107.6033335
4/5/2025 12:00,92.88000018
4/5/2025 13:00,92.48499966
4/5/2025 14:00,115.7466668
4/5/2025 15:00,116.0237287
4/5/2025 16:00,176.5149994
4/5/2025 17:00,175.7583328
4/5/2025 18:00,184.3183329
4/5/2025 19:00,190.1799998
4/5/2025 20:00,176.4716662
4/5/2025 21:00,159.9166662
4/5/2025 22:00,177.0216667
4/5/2025 23:00,159.4800006
4/6/2025,138.1816658
4/6/2025 1:00,130.1916669
4/6/2025 2:00,127.8716661
4/6/2025 3:00,120.0066664
4/6/2025 4:00,127.7516666
4/6/2025 5:00,140.0900002
4/6/2025 6:00,147.5299995
4/6/2025 7:00,173.6449999
4/6/2025 8:00,158.8083328
4/6/2025 9:00,153.353334
4/6/2025 10:00,137.753334
4/6/2025 11:00,90.66333338
4/6/2025 12:00,93.67166646
4/6/2025 13:00,114.1316669
4/6/2025 14:00,104.3683334
4/6/2025 15:00,112.0066667
4/6/2025 16:00,114.4450001
4/6/2025 17:00,131.403333
4/6/2025 18:00,143.0183338
4/6/2025 19:00,158.7783335
4/6/2025 20:00,137.2200005
4/6/2025 21:00,167.0949992
4/6/2025 22:00,165.7116664
4/6/2025 23:00,153.4783338
4/7/2025,144.6133327
4/7/2025 1:00,145.0350004
4/7/2025 2:00,140.5083336
4/7/2025 3:00,140.7016663
4/7/2025 4:00,142.6783346
4/7/2025 5:00,165.675
4/7/2025 6:00,171.4616664
4/7/2025 7:00,201.6883334
4/7/2025 8:00,185.171667
4/7/2025 9:00,172.9166662
4/7/2025 10:00,154.5333336
4/7/2025 11:00,155.4883349
4/7/2025 12:00,148.9516665
4/7/2025 13:00,168.7639355
4/7/2025 14:00,179.6183339
4/7/2025 15:00,171.6666674
4/7/2025 16:00,175.6449989
4/7/2025 17:00,191.6566661
4/7/2025 18:00,173.6283328
4/7/2025 19:00,170.7300006
4/7/2025 20:00,175.0500003
4/7/2025 21:00,191.2266668
4/7/2025 22:00,180.9416672
4/7/2025 23:00,169.7116669
4/8/2025,158.1266663
4/8/2025 1:00,176.703333
4/8/2025 2:00,156.7700005
4/8/2025 3:00,159.9933329
4/8/2025 4:00,167.1699999
4/8/2025 5:00,181.428333
4/8/2025 6:00,196.1883339
4/8/2025 7:00,181.0033325
4/8/2025 8:00,171.8200005
4/8/2025 9:00,148.2033343
4/8/2025 10:00,119.7300001
4/8/2025 11:00,110.7032255
4/8/2025 12:00,113.9183332
4/8/2025 14:00,123.6600004
4/8/2025 15:00,138.8333333
4/8/2025 16:00,148.0816673
4/8/2025 17:00,167.6316666
4/8/2025 18:00,172.6499997
4/8/2025 19:00,132.3766665
4/8/2025 20:00,103.1749999
4/8/2025 21:00,97.89333305
4/8/2025 22:00,115.0866667
4/8/2025 23:00,115.0416662
4/9/2025,96.17333374
4/9/2025 1:00,118.938333
4/9/2025 2:00,106.6866667
4/9/2025 3:00,105.2500001
4/9/2025 4:00,109.4466667
4/9/2025 5:00,125.5499995
4/9/2025 6:00,150.8000005
4/9/2025 7:00,151.3766673
4/9/2025 8:00,122.563333
4/9/2025 9:00,112.0466667
4/9/2025 10:00,99.73999964
4/9/2025 11:00,101.0933333
4/9/2025 12:00,88.57000008
4/9/2025 13:00,93.85666669
4/9/2025 14:00,111.8610167
4/9/2025 15:00,110.7066663
4/9/2025 16:00,104.7116669
4/9/2025 17:00,119.5649996
4/9/2025 18:00,116.6466671
4/9/2025 19:00,136.1950007
4/9/2025 20:00,125.5600001
4/9/2025 21:00,134.1499996
4/9/2025 22:00,130.3199997
4/9/2025 23:00,120.9700001
4/10/2025,115.1600005
4/10/2025 1:00,111.5799997
4/10/2025 2:00,111.8400004
4/10/2025 3:00,102.2583335
4/10/2025 4:00,108.2700002
4/10/2025 5:00,56.30333322
4/10/2025 6:00,39.14166654
4/10/2025 7:00,41.74666678
4/10/2025 8:00,45.2933335
4/10/2025 9:00,55.22333323
4/10/2025 10:00,53.16333345
4/10/2025 11:00,65.10000032
4/10/2025 12:00,67.10833378
4/10/2025 13:00,64.42333323
4/10/2025 14:00,64.4766667
4/10/2025 15:00,46.66500012
4/10/2025 16:00,29.76999992
4/10/2025 17:00,44.88499994
4/10/2025 18:00,57.5
4/10/2025 19:00,70.01166662
4/10/2025 20:00,66.04500001
4/10/2025 21:00,50.38166669
4/10/2025 22:00,56.56666654
4/10/2025 23:00,55.80500011
4/11/2025,46.74000034
4/11/2025 1:00,57.2833334
4/11/2025 2:00,57.33666649
4/11/2025 3:00,46.06333338
4/11/2025 4:00,47.13333321
4/11/2025 5:00,69.61999976
4/11/2025 6:00,78.44166679
4/11/2025 7:00,69.26666622
4/11/2025 8:00,65.50833308
4/11/2025 9:00,55.23166676
4/11/2025 10:00,39.14499998
4/11/2025 11:00,32.62833335
4/11/2025 12:00,33.83500001
4/11/2025 13:00,27.28833323
4/11/2025 14:00,30.96500006
4/11/2025 15:00,29.45666669
4/11/2025 16:00,29.49666665
4/11/2025 17:00,54.38166676
4/11/2025 18:00,45.13166663
4/11/2025 19:00,50.7416666
4/11/2025 20:00,55.75166632
4/11/2025 21:00,57.50666682
4/11/2025 22:00,43.78333321
4/11/2025 23:00,56.64000003
4/12/2025,45.04833323
4/12/2025 1:00,47.52333336
4/12/2025 2:00,56.03666662
4/12/2025 3:00,53.8466664
4/12/2025 4:00,53.96833331
4/12/2025 5:00,66.99166641
4/12/2025 6:00,92.37333361
4/12/2025 7:00,75.54666659
4/12/2025 8:00,61.50333363
4/12/2025 9:00,20.30666661
4/12/2025 10:00,18.53499999
4/12/2025 11:00,28.21999992
4/12/2025 12:00,23.74000003
4/12/2025 13:00,20.73166664
4/12/2025 14:00,15.80666663
4/12/2025 15:00,19.89499998
4/12/2025 16:00,23.775
4/12/2025 17:00,23.77333342
4/12/2025 18:00,30.69833342
4/12/2025 19:00,54.01333319
4/12/2025 20:00,50.61500022
4/12/2025 21:00,74.88166637
4/12/2025 22:00,78.19000003
4/12/2025 23:00,74.84333305
4/13/2025,67.48833338
4/13/2025 1:00,59.52833322
4/13/2025 2:00,42.93333337
4/13/2025 3:00,48.16666663
4/13/2025 4:00,64.15999978
4/13/2025 5:00,77.8283336
4/13/2025 6:00,99.71333319
4/13/2025 7:00,70.89000009
4/13/2025 8:00,62.66333357
4/13/2025 9:00,52.59499989
4/13/2025 10:00,42.40333354
4/13/2025 11:00,39.3149999
4/13/2025 12:00,33.05666647
4/13/2025 13:00,43.97833338
4/13/2025 14:00,36.8833334
4/13/2025 15:00,52.84999987
4/13/2025 16:00,34.33833326
4/13/2025 17:00,33.89333334
4/13/2025 18:00,36.8149998
4/13/2025 19:00,50.23666662
4/13/2025 20:00,45.04333331
4/13/2025 21:00,45.58500026
4/13/2025 22:00,52.95666625
4/13/2025 23:00,50.01333307
4/14/2025,57.60166658
4/14/2025 1:00,49.70166683
4/14/2025 2:00,44.21666679
4/14/2025 3:00,37.24166654
4/14/2025 4:00,38.50000006
4/14/2025 5:00,56.13833351
4/14/2025 6:00,58.85500005
4/14/2025 7:00,63.62333323
4/14/2025 8:00,62.28333321
4/14/2025 9:00,48.55833346
4/14/2025 10:00,42.01999995
4/14/2025 11:00,28.8983333
4/14/2025 12:00,34.61833321
4/14/2025 13:00,34.85666704
4/14/2025 14:00,34.13999993
4/14/2025 15:00,41.73499975
4/14/2025 16:00,43.59333337
4/14/2025 17:00,56.27166672
4/14/2025 18:00,57.27833347
4/14/2025 19:00,55.88500029
4/14/2025 20:00,50.19333318
4/14/2025 21:00,40.62333342
4/14/2025 22:00,42.85499983
4/14/2025 23:00,26.12166656
4/15/2025,33.45166683
4/15/2025 1:00,28.65499989
4/15/2025 2:00,30.7733331
4/15/2025 3:00,27.22666661
4/15/2025 4:00,33.45500002
4/15/2025 5:00,60.95333354
4/15/2025 6:00,63.8399999
4/15/2025 7:00,71.25833314
4/15/2025 8:00,53.56500028
4/15/2025 9:00,52.49499995
4/15/2025 10:00,41.95833327
4/15/2025 11:00,34.22166659
4/15/2025 12:00,40.57142846
4/15/2025 13:00,33.1671051
4/15/2025 14:00,33.07397257
4/15/2025 15:00,36.80806443
4/15/2025 16:00,35.32833331
4/15/2025 17:00,64.30000025
4/15/2025 18:00,55.26500003
4/15/2025 19:00,45.52333336
4/15/2025 20:00,47.81166662
4/15/2025 21:00,43.64833336
4/15/2025 22:00,40.88499997
4/15/2025 23:00,51.04666665
4/16/2025,44.02500013
4/16/2025 1:00,39.78000005
4/16/2025 2:00,38.76666686
4/16/2025 3:00,40.24333324
4/16/2025 4:00,40.84499989
4/16/2025 5:00,50.03000005
4/16/2025 6:00,60.91666654
4/16/2025 7:00,59.21833318
4/16/2025 8:00,73.69666659
4/16/2025 9:00,71.5516667
4/16/2025 10:00,71.53387064
4/16/2025 11:00,59.54833317
4/16/2025 12:00,49.37333317
4/16/2025 13:00,44.06166674
4/16/2025 14:00,43.75666656
4/16/2025 15:00,44.23333346
4/16/2025 16:00,46.46500009
4/16/2025 17:00,56.16166655
4/16/2025 18:00,57.36999963
4/16/2025 19:00,80.64833399
4/16/2025 20:00,111.288333
4/16/2025 21:00,93.30000025
4/16/2025 22:00,82.87166646
4/16/2025 23:00,77.02666683
4/17/2025,74.53499997
4/17/2025 1:00,69.2433335
4/17/2025 2:00,60.67166672
4/17/2025 3:00,72.11166655
4/17/2025 4:00,86.83000031
4/17/2025 5:00,113.4316668
4/17/2025 6:00,104.7833333
4/17/2025 7:00,122.3799998
4/17/2025 8:00,113.6799998
4/17/2025 9:00,85.15999985
4/17/2025 10:00,68.61666622
4/17/2025 11:00,54.18833351
4/17/2025 12:00,58.83666674
4/17/2025 13:00,51.69166667
4/17/2025 14:00,52.83666668
4/17/2025 15:00,60.8450002
4/17/2025 16:00,55.23166656
4/17/2025 17:00,38.66666663
4/17/2025 18:00,32.03499985
4/17/2025 19:00,30.16333342
4/17/2025 20:00,29.0350001
4/17/2025 21:00,29.72666667
4/17/2025 22:00,25.72333326
4/17/2025 23:00,27.27166675
4/18/2025,20.20833337
4/18/2025 1:00,31.94354848
4/18/2025 2:00,34.89677429
4/18/2025 3:00,33.7421875
4/18/2025 4:00,27.45833333
4/18/2025 5:00,24.56333338
4/18/2025 6:00,31.01833334
4/18/2025 7:00,32.37586209
4/18/2025 8:00,31.85833346
4/18/2025 9:00,29.6233333
4/18/2025 10:00,28.56129046
4/18/2025 11:00,21.38666663
4/18/2025 12:00,30.26666644
4/18/2025 13:00,31.74499995
4/18/2025 14:00,29.99482763
4/18/2025 15:00,32.93666665
4/18/2025 16:00,36.41333345
4/18/2025 17:00,40.16610181
4/18/2025 18:00,43.56999995
4/18/2025 19:00,42.35166658
4/18/2025 20:00,49.22741945
4/18/2025 21:00,52.79499963
4/18/2025 22:00,50.17500032
4/18/2025 23:00,55.00000025
4/19/2025,52.31694929
4/19/2025 1:00,46.10344828
4/19/2025 2:00,46.46166668
4/19/2025 3:00,45.9016667
4/19/2025 4:00,49.17500006
4/19/2025 5:00,52.16129045
4/19/2025 6:00,48.58524582
4/19/2025 7:00,19.4699999
4/19/2025 8:00,31.71833318
4/19/2025 9:00,36.5566666
4/19/2025 10:00,40.36500031
4/19/2025 11:00,43.33166676
4/19/2025 12:00,37.68870963
4/19/2025 13:00,31.14838726
4/19/2025 14:00,33.48620698
4/19/2025 15:00,31.76500006
4/19/2025 16:00,41.91333332
4/19/2025 17:00,40.46999982
4/19/2025 18:00,42.31666667
4/19/2025 19:00,47.22333323
4/19/2025 20:00,47.72166672
4/19/2025 21:00,58.62833322
4/19/2025 22:00,61.8870969
4/19/2025 23:00,52.88333333
4/20/2025,56.5016667
4/20/2025 1:00,52.69166641
4/20/2025 2:00,49.3383337
4/20/2025 3:00,50.74833317
4/20/2025 4:00,57.68833332
4/20/2025 5:00,58.83499991
4/20/2025 6:00,70.27000014
4/20/2025 7:00,81.81833318
4/20/2025 8:00,69.98666649
4/20/2025 9:00,59.95000013
4/20/2025 10:00,56.94333305
4/20/2025 11:00,33.61833321
4/20/2025 12:00,31.41166665
4/20/2025 13:00,30.17999996
4/20/2025 14:00,32.00833311
4/20/2025 15:00,36.55084752
4/20/2025 16:00,36.70999991
4/20/2025 17:00,39.99166692
4/20/2025 18:00,47.15833346
4/20/2025 19:00,59.22833341
4/20/2025 20:00,56.21000017
4/20/2025 21:00,56.27903243
4/20/2025 22:00,75.5166666
4/20/2025 23:00,60.02166672
4/21/2025,58.49000022
4/21/2025 1:00,57.40833308
4/21/2025 2:00,50.48166663
4/21/2025 3:00,55.1516667
4/21/2025 4:00,49.7583334
4/21/2025 5:00,81.22166672
4/21/2025 6:00,69.91333288
4/21/2025 7:00,86.89166692
4/21/2025 8:00,88.54999962
4/21/2025 9:00,77.23166631
4/21/2025 10:00,53.50344796
4/21/2025 11:00,50.10666701
4/21/2025 12:00,37.91333342
4/21/2025 13:00,42.83499991
4/21/2025 14:00,39.47500019
4/21/2025 15:00,43.81551723
4/21/2025 16:00,43.40967751
4/21/2025 17:00,48.60499986
4/21/2025 18:00,51.56666673
4/21/2025 19:00,70.02500019
4/21/2025 20:00,73.88666706
4/21/2025 21:00,69.69000022
4/21/2025 22:00,72.0766667
4/21/2025 23:00,86.94333375
4/22/2025,74.21166662
4/22/2025 1:00,75.64499976
4/22/2025 2:00,67.83666712
4/22/2025 3:00,66.23999958
4/22/2025 4:00,75.62499994
4/22/2025 5:00,91.15833333
4/22/2025 6:00,96.4677423
4/22/2025 7:00,105.2249999
4/22/2025 8:00,91.28166669
4/22/2025 9:00,84.68333333
4/22/2025 10:00,55.60499986
4/22/2025 11:00,53.99499982
4/22/2025 12:00,54.51666673
4/22/2025 13:00,47.4766667
4/22/2025 14:00,50.26999995
4/22/2025 15:00,51.29655167
4/22/2025 16:00,53.78666674
4/22/2025 17:00,56.28666687
4/22/2025 18:00,60.04500014
4/22/2025 19:00,61.56833318
4/22/2025 20:00,82.47166672
4/22/2025 21:00,71.62903226
4/22/2025 22:00,80.8683335
4/22/2025 23:00,73.82666607
4/23/2025,72.42833347
4/23/2025 1:00,70.54499938
4/23/2025 2:00,64.59166654
4/23/2025 3:00,58.95517257
4/23/2025 4:00,74.8883337
4/23/2025 5:00,93.99166679
4/23/2025 6:00,93.4423735
4/23/2025 7:00,86.83653861
4/23/2025 8:00,89.3716671
4/23/2025 9:00,87.84426179
4/23/2025 10:00,69.09999968
4/23/2025 11:00,48.57166659
4/23/2025 12:00,47.67999999
4/23/2025 13:00,45.8166667
4/23/2025 14:00,48.15500011
4/23/2025 15:00,51.33833332
4/23/2025 16:00,54.80333354
4/23/2025 17:00,60.46500009
4/23/2025 18:00,76.35333316
4/23/2025 19:00,87.87500025
4/23/2025 20:00,96.7216671
4/23/2025 21:00,95.0200002
4/23/2025 22:00,90.30166715
4/23/2025 23:00,85.80500005
4/24/2025,81.26166712
4/24/2025 1:00,76.28333333
4/24/2025 2:00,73.0649999
4/24/2025 3:00,76.86833293
4/24/2025 4:00,75.74666691
4/24/2025 5:00,107.1933341
4/24/2025 6:00,101.4799995
4/24/2025 7:00,101.953334
4/24/2025 8:00,108.6516663
4/24/2025 9:00,87.85833321
4/24/2025 10:00,78.0583334
4/24/2025 11:00,70.37666696
4/24/2025 12:00,41.58548387
4/24/2025 13:00,44.56666679
4/24/2025 14:00,42.25500002
4/24/2025 15:00,58.80000013
4/24/2025 16:00,64.77166634
4/24/2025 17:00,65.89333312
4/24/2025 18:00,84.711667
4/24/2025 19:00,100.6833331
4/24/2025 20:00,100.6709677
4/24/2025 21:00,92.61666629
4/24/2025 22:00,94.14333318
4/24/2025 23:00,91.11666641
4/25/2025,90.59166667
4/25/2025 1:00,81.58000043
4/25/2025 2:00,81.05499992
4/25/2025 3:00,85.4233331
4/25/2025 4:00,87.61666641
4/25/2025 5:00,100.9566662
4/25/2025 6:00,109.1966665
4/25/2025 7:00,105.0099997
4/25/2025 8:00,104.6233335
4/25/2025 9:00,93.70999959
4/25/2025 10:00,81.3716671
4/25/2025 11:00,41.94500004
4/25/2025 12:00,26.10499988
4/25/2025 13:00,33.16000004
4/25/2025 14:00,54.93666668
4/25/2025 15:00,49.10666644
4/25/2025 16:00,51.61166662
4/25/2025 17:00,58.86333338
4/25/2025 18:00,63.36166649
4/25/2025 19:00,84.85333341
4/25/2025 20:00,93.20666682
4/25/2025 21:00,94.73666674
4/25/2025 22:00,89.89166654
4/25/2025 23:00,77.85000019
4/26/2025,72.78500055
4/26/2025 1:00,77.22333342
4/26/2025 2:00,75.51499977
4/26/2025 3:00,80.54333324
4/26/2025 4:00,90.14333331
4/26/2025 5:00,97.01333326
4/26/2025 6:00,104.8566664
4/26/2025 7:00,105.5816663
4/26/2025 8:00,101.3133333
4/26/2025 9:00,86.87166672
4/26/2025 10:00,72.58833332
4/26/2025 11:00,52.20833327
4/26/2025 12:00,46.65
4/26/2025 13:00,57.63333333
4/26/2025 14:00,59.63499978
4/26/2025 15:00,63.29000009
4/26/2025 16:00,63.92666696
4/26/2025 17:00,58.9049998
4/26/2025 18:00,58.5100001
4/26/2025 19:00,71.04500001
4/26/2025 20:00,90.35833371
4/26/2025 21:00,90.76333338
4/26/2025 22:00,88.99833361
4/26/2025 23:00,83.25333328
4/27/2025,82.40500005
4/27/2025 1:00,78.87499949
4/27/2025 2:00,88.40833308
4/27/2025 3:00,84.77666639
4/27/2025 4:00,91.45999997
4/27/2025 5:00,113.9383334
4/27/2025 6:00,107.1699998
4/27/2025 7:00,110.0266668
4/27/2025 8:00,104.7200002
4/27/2025 9:00,88.47419394
4/27/2025 10:00,83.06166674
4/27/2025 11:00,81.77666594
4/27/2025 12:00,66.25333322
4/27/2025 13:00,54.95833333
4/27/2025 14:00,64.5483333
4/27/2025 15:00,66.51666667
4/27/2025 16:00,61.80833302
4/27/2025 17:00,49.00999985
4/27/2025 18:00,45.22500013
4/27/2025 19:00,57.63166669
4/27/2025 20:00,58.96499983
4/27/2025 21:00,46.54166673
4/27/2025 22:00,43.01499983
4/27/2025 23:00,41.02666677
4/28/2025,35.79166673
4/28/2025 1:00,31.23499988
4/28/2025 2:00,29.64833336
4/28/2025 3:00,30.83833335
4/28/2025 4:00,33.98333356
4/28/2025 5:00,42.51166668
4/28/2025 6:00,49.53666668
4/28/2025 7:00,52.41499996
4/28/2025 8:00,56.6616663
4/28/2025 9:00,41.61500009
4/28/2025 10:00,45.68333314
4/28/2025 11:00,53.41666698
4/28/2025 12:00,53.00666669
4/28/2025 13:00,37.85833343
4/28/2025 14:00,31.81166668
4/28/2025 15:00,33.54000009
4/28/2025 16:00,35.6149998
4/28/2025 17:00,39.29666694
4/28/2025 18:00,54.79166641
4/28/2025 19:00,31.44499989
4/28/2025 20:00,23.56499996
4/28/2025 21:00,30.38833332
4/28/2025 22:00,27.71500009
4/28/2025 23:00,27.69499992
4/29/2025,28.87666664
4/29/2025 1:00,37.82499994
4/29/2025 2:00,31.03333317
4/29/2025 3:00,29.15166667
4/29/2025 4:00,30.59500001
4/29/2025 5:00,34.38333321
4/29/2025 6:00,42.84166657
4/29/2025 7:00,44.97500006
4/29/2025 8:00,50.80999997
4/29/2025 9:00,54.66166681
4/29/2025 10:00,43.10333328
4/29/2025 11:00,35.84833361
4/29/2025 12:00,36.08225807
4/29/2025 13:00,36.2166666
4/29/2025 14:00,39.48666674
4/29/2025 15:00,37.15166677
4/29/2025 16:00,37.69999987
4/29/2025 17:00,36.83000008
4/29/2025 18:00,43.35833321
4/29/2025 19:00,46.82166665
4/29/2025 20:00,74.2016662
4/29/2025 21:00,54.12333336
4/29/2025 22:00,35.87666658
4/29/2025 23:00,37.78833342
4/30/2025,42.8766669
4/30/2025 1:00,38.21833277
4/30/2025 2:00,27.88833329
4/30/2025 3:00,27.71999998
4/30/2025 4:00,30.94833317
4/30/2025 5:00,38.51500009
4/30/2025 6:00,49.536667
4/30/2025 7:00,46.7549998
4/30/2025 8:00,54.22333323
4/30/2025 9:00,49.25333322
4/30/2025 10:00,44.05999972
4/30/2025 11:00,39.06166662
4/30/2025 12:00,36.42666696
4/30/2025 13:00,38.57833328
4/30/2025 14:00,43.41500015
4/30/2025 15:00,51.66166662
4/30/2025 16:00,52.63999983
4/30/2025 17:00,57.37666658
4/30/2025 18:00,48.64666665
4/30/2025 19:00,47.18499997
4/30/2025 20:00,48.3683335
4/30/2025 21:00,47.05333341
4/30/2025 22:00,41.84666665
4/30/2025 23:00,39.57833341
5/1/2025,42.3983333
5/1/2025 1:00,38.89166641
5/1/2025 2:00,35.48333346
5/1/2025 3:00,40.31500003
5/1/2025 4:00,40.29833361
5/1/2025 5:00,35.92580641
5/1/2025 6:00,38.41999989
5/1/2025 7:00,46.15333357
5/1/2025 8:00,20.71499991
5/1/2025 9:00,19.52166659
5/1/2025 10:00,19.70499997
5/1/2025 11:00,28.0416667
5/1/2025 12:00,25.37166662
5/1/2025 13:00,19.93999998
5/1/2025 14:00,21.02333334
5/1/2025 15:00,21.6966667
5/1/2025 16:00,20.02499994
5/1/2025 17:00,20.77833325
5/1/2025 18:00,39.65666672
5/1/2025 19:00,50.55333335
5/1/2025 20:00,36.16166674
5/1/2025 21:00,37.57666651
5/1/2025 22:00,43.76333357
5/1/2025 23:00,40.61499987
5/2/2025,56.67666705
5/2/2025 1:00,31.73333333
5/2/2025 2:00,29.07500006
5/2/2025 3:00,28.72833328
5/2/2025 4:00,35.98499978
5/2/2025 5:00,42.46166662
5/2/2025 6:00,42.62499975
5/2/2025 7:00,51.31166681
5/2/2025 8:00,54.64166635
5/2/2025 9:00,45.46000004
5/2/2025 10:00,35.44333347
5/2/2025 11:00,31.32500003
5/2/2025 12:00,33.8799997
5/2/2025 13:00,35.70500018
5/2/2025 14:00,27.02166662
5/2/2025 15:00,34.63999987
5/2/2025 16:00,32.08000011
5/2/2025 17:00,34.10500005
5/2/2025 18:00,49.68499991
5/2/2025 19:00,62.16499958
5/2/2025 20:00,50.2350001
5/2/2025 21:00,54.5700002
5/2/2025 22:00,50.9583334
5/2/2025 23:00,39.95833327
5/3/2025,47.0100001
5/3/2025 1:00,57.52166672
5/3/2025 2:00,46.69500008
5/3/2025 3:00,40.44999994
5/3/2025 4:00,42.43666662
5/3/2025 5:00,50.98833326
5/3/2025 6:00,46.27999992
5/3/2025 7:00,48.43166669
5/3/2025 8:00,56.4700002
5/3/2025 9:00,47.1266667
5/3/2025 10:00,53.17333355
5/3/2025 11:00,49.65166683
5/3/2025 12:00,43.52166672
5/3/2025 13:00,34.97833328
5/3/2025 14:00,34.00666672
5/3/2025 15:00,37.76833328
5/3/2025 16:00,36.41999989
5/3/2025 17:00,36.18166653
5/3/2025 18:00,44.68499991
5/3/2025 19:00,46.71500003
5/3/2025 20:00,45.4149999
5/3/2025 21:00,62.82666664
5/3/2025 22:00,53.19499989
5/3/2025 23:00,60.83499991
5/4/2025,40.41999982
5/4/2025 1:00,41.11896554
5/4/2025 2:00,40.45666676
5/4/2025 3:00,30.45166683
5/4/2025 4:00,22.64666662
5/4/2025 5:00,24.28333343
5/4/2025 6:00,22.2616666
5/4/2025 7:00,19.81166668
5/4/2025 8:00,23.24666681
5/4/2025 9:00,22.54838722
5/4/2025 10:00,25.14999998
5/4/2025 11:00,24.70666669
5/4/2025 12:00,34.36999992
5/4/2025 13:00,33.50666669
5/4/2025 14:00,33.10500002
5/4/2025 15:00,30.275
5/4/2025 16:00,28.87166665
5/4/2025 17:00,32.05
5/4/2025 18:00,25.79333328
5/4/2025 19:00,31.58999999
5/4/2025 20:00,41.20499999
5/4/2025 21:00,38.08833338
5/4/2025 22:00,40.71166681
5/4/2025 23:00,32.58333327
5/5/2025,35.80500021
5/5/2025 1:00,41.35499983
5/5/2025 2:00,29.40833321
5/5/2025 3:00,34.01499993
5/5/2025 4:00,35.7333333
5/5/2025 5:00,32.07999992
5/5/2025 6:00,45.78000024
5/5/2025 7:00,41.35833333
5/5/2025 8:00,49.16166681
5/5/2025 9:00,38.80166648
5/5/2025 10:00,29.23333321
5/5/2025 11:00,33.94833323
5/5/2025 12:00,26.30833337
5/5/2025 13:00,29.15500018
5/5/2025 14:00,29.07999999
5/5/2025 15:00,27.64333328
5/5/2025 16:00,38.04500008
5/5/2025 17:00,50.17166662
5/5/2025 18:00,49.32833331
5/5/2025 19:00,47.26166655
5/5/2025 20:00,47.25833321
5/5/2025 21:00,31.22333349
5/5/2025 22:00,34.01833337
5/5/2025 23:00,31.71833328
5/6/2025,33.52833347
5/6/2025 1:00,32.5583334
5/6/2025 2:00,26.9183334
5/6/2025 3:00,30.45833333
5/6/2025 4:00,34.15833324
5/6/2025 5:00,37.11500003
5/6/2025 6:00,45.24666684
5/6/2025 7:00,46.6733333
5/6/2025 8:00,46.40499999
5/6/2025 9:00,48.53666681
5/6/2025 10:00,48.40333322
5/6/2025 11:00,43.38833348
5/6/2025 12:00,26.77666658
5/6/2025 13:00,27.66000017
5/6/2025 14:00,26.89032259
5/6/2025 15:00,30.30666663
5/6/2025 16:00,32.57666655
5/6/2025 17:00,40.8499999
5/6/2025 18:00,46.20499996
5/6/2025 19:00,58.26999995
5/6/2025 20:00,51.3483333
5/6/2025 21:00,45.77833303
5/6/2025 22:00,46.07666664
5/6/2025 23:00,43.3916666
5/7/2025,41.32333336
5/7/2025 1:00,33.1516668
5/7/2025 2:00,36.87666661
5/7/2025 3:00,39.77666661
5/7/2025 4:00,37.62000011
5/7/2025 5:00,42.77000008
5/7/2025 6:00,45.39666672
5/7/2025 7:00,55.88999983
5/7/2025 8:00,69.98833313
5/7/2025 9:00,69.63166637
5/7/2025 10:00,67.23833332
5/7/2025 11:00,29.53500007
5/7/2025 12:00,22.61999997
5/7/2025 13:00,26.02833335
5/7/2025 14:00,25.71333335
5/7/2025 15:00,25.5083333
5/7/2025 16:00,25.50666666
5/7/2025 17:00,28.91499999
5/7/2025 18:00,31.71000017
5/7/2025 19:00,35.50166655
5/7/2025 20:00,49.61333319
5/7/2025 21:00,48.15833343
5/7/2025 22:00,49.17166665
5/7/2025 23:00,46.76500003
5/8/2025,45.3999999
5/8/2025 1:00,39.02833303
5/8/2025 2:00,36.57000014
5/8/2025 3:00,35.3066666
5/8/2025 4:00,41.04333324
5/8/2025 5:00,59.10166645
5/8/2025 6:00,68.36500028
5/8/2025 7:00,58.37666645
5/8/2025 8:00,44.8745765
5/8/2025 9:00,40.76333342
5/8/2025 10:00,34.25000025
5/8/2025 11:00,25.43166653
5/8/2025 12:00,29.36666648
5/8/2025 13:00,27.54666669
5/8/2025 14:00,31.07000001
5/8/2025 15:00,31.59166676
5/8/2025 16:00,31.16499996
5/8/2025 17:00,36.39833307
5/8/2025 18:00,39.81833359
5/8/2025 19:00,39.28666662
5/8/2025 20:00,46.01500015
5/8/2025 21:00,50.44000022
5/8/2025 22:00,56.63833319
5/8/2025 23:00,60.41999976
5/9/2025,53.42166646
5/9/2025 1:00,45.85666676
5/9/2025 2:00,43.0266667
5/9/2025 3:00,44.79999987
5/9/2025 4:00,52.40500005
5/9/2025 5:00,67.8983333
5/9/2025 6:00,74.12666721
5/9/2025 7:00,77.19666634
5/9/2025 8:00,87.82499962
5/9/2025 9:00,80.40666682
5/9/2025 10:00,52.37166678
5/9/2025 11:00,28.38166676
5/9/2025 12:00,29.13166676
5/9/2025 13:00,30.99333337
5/9/2025 14:00,32.08666674
5/9/2025 15:00,31.99499998
5/9/2025 16:00,33.8233332
5/9/2025 17:00,31.80833333
5/9/2025 18:00,37.62333342
5/9/2025 19:00,49.56166674
5/9/2025 20:00,58.63499985
5/9/2025 21:00,63.36166662
5/9/2025 22:00,72.12500013
5/9/2025 23:00,61.11500015
5/10/2025,57.87333349
5/10/2025 1:00,49.60499999
5/10/2025 2:00,56.27166646
5/10/2025 3:00,51.40333335
5/10/2025 4:00,46.1266667
5/10/2025 5:00,51.77666632
5/10/2025 6:00,60.62666632
5/10/2025 7:00,75.36333307
5/10/2025 8:00,71.39500014
5/10/2025 9:00,49.3899999
5/10/2025 10:00,45.56166655
5/10/2025 11:00,33.60333325
5/10/2025 12:00,28.33833342
5/10/2025 13:00,30.8316666
5/10/2025 14:00,33.71500006
5/10/2025 15:00,27.5816666
5/10/2025 16:00,24.23166668
5/10/2025 17:00,25.34666665
5/10/2025 18:00,29.30666663
5/10/2025 19:00,36.12833347
5/10/2025 20:00,47.33666655
5/10/2025 21:00,42.7766667
5/10/2025 22:00,41.4483331
5/10/2025 23:00,39.74166641
5/11/2025,38.44499992
5/11/2025 1:00,37.1799997
5/11/2025 2:00,31.07000011
5/11/2025 3:00,30.11333329
5/11/2025 4:00,39.16833347
5/11/2025 5:00,48.4416666
5/11/2025 6:00,55.84166679
5/11/2025 7:00,57.97333317
5/11/2025 8:00,58.49166679
5/11/2025 9:00,46.24166679
5/11/2025 10:00,38.68833348
5/11/2025 11:00,34.43333337
5/11/2025 12:00,34.35666669
5/11/2025 13:00,30.89999997
5/11/2025 14:00,28.95666656
5/11/2025 15:00,29.37000008
5/11/2025 16:00,30.84999987
5/11/2025 17:00,32.53500004
5/11/2025 18:00,34.20166664
5/11/2025 19:00,32.6016668
5/11/2025 20:00,31.77833335
5/11/2025 21:00,33.14833317
5/11/2025 22:00,38.16833331
5/11/2025 23:00,27.34833345
5/12/2025,24.26500006
5/12/2025 1:00,27.99166663
5/12/2025 2:00,25.75333338
5/12/2025 3:00,26.65999991
5/12/2025 4:00,38.02999999
5/12/2025 5:00,51.00833359
5/12/2025 6:00,52.50166645
5/12/2025 7:00,84.16333351
5/12/2025 8:00,57.3016667
5/12/2025 9:00,40.76833324
5/12/2025 10:00,42.83833316
5/12/2025 11:00,39.28499966
5/12/2025 12:00,33.85166667
5/12/2025 13:00,31.75833333
5/12/2025 14:00,35.84833326
5/12/2025 15:00,40.69833326
5/12/2025 16:00,39.98499997
5/12/2025 17:00,40.3666666
5/12/2025 18:00,43.21833331
5/12/2025 19:00,39.11499999
5/12/2025 20:00,41.54666672
5/12/2025 21:00,32.04499992
5/12/2025 22:00,26.44333334
5/12/2025 23:00,25.1
5/13/2025,25.01500015
5/13/2025 1:00,26.37166656
5/13/2025 2:00,29.51499999
5/13/2025 3:00,30.97666667
5/13/2025 4:00,27.6733333
5/13/2025 5:00,33.03333327
5/13/2025 6:00,48.52499994
5/13/2025 7:00,70.33000024
5/13/2025 8:00,46.35166664
5/13/2025 9:00,40.74333344
5/13/2025 10:00,50.26333351
5/13/2025 11:00,47.6149999
5/13/2025 12:00,45.7096773
5/13/2025 13:00,39.85666672
5/13/2025 14:00,41.22333336
5/13/2025 15:00,36.49166667
5/13/2025 16:00,39.11499996
5/13/2025 17:00,40.89166673
5/13/2025 18:00,50.52999986
5/13/2025 19:00,42.01666648
5/13/2025 20:00,43.17500019
5/13/2025 21:00,43.85166709
5/13/2025 22:00,46.14333337
5/13/2025 23:00,44.05166658
5/14/2025,42.27500006
5/14/2025 1:00,42.81999982
5/14/2025 2:00,43.41166668
5/14/2025 3:00,46.78666668
5/14/2025 4:00,44.48833332
5/14/2025 5:00,58.28166669
5/14/2025 6:00,62.50666669
5/14/2025 7:00,55.50833327
5/14/2025 8:00,57.47500013
5/14/2025 9:00,61.09838726
5/14/2025 10:00,46.59500014
5/14/2025 11:00,44.38833338
5/14/2025 12:00,49.46666667
5/14/2025 13:00,46.35166664
5/14/2025 14:00,38.90999969
5/14/2025 15:00,40.73166672
5/14/2025 16:00,43.25500002
5/14/2025 17:00,48.35500011
5/14/2025 18:00,51.19333318
5/14/2025 19:00,39.21833344
5/14/2025 20:00,41.61166668
5/14/2025 21:00,38.87500019
5/14/2025 22:00,36.39499985
5/14/2025 23:00,38.88666665
5/15/2025,37.41833324
5/15/2025 1:00,33.34666675
5/15/2025 2:00,30.56333348
5/15/2025 3:00,35.26333319
5/15/2025 4:00,41.35666663
5/15/2025 5:00,42.16500012
5/15/2025 6:00,50.58833288
5/15/2025 7:00,50.93166688
5/15/2025 8:00,55.06500009
5/15/2025 9:00,63.18333321
5/15/2025 10:00,56.80166677
5/15/2025 11:00,34.26129046
5/15/2025 12:00,39.07230785
5/15/2025 13:00,39.48225784
5/15/2025 14:00,41.17166672
5/15/2025 15:00,41.038333
5/15/2025 16:00,42.32166678
5/15/2025 17:00,44.0350001
5/15/2025 18:00,49.38833332
5/15/2025 19:00,52.84333318
5/15/2025 20:00,51.78333314
5/15/2025 21:00,51.79166673
5/15/2025 22:00,49.34499995
5/15/2025 23:00,53.23000018
5/16/2025,44.98166672
5/16/2025 1:00,29.29833345
5/16/2025 2:00,35.43500013
5/16/2025 3:00,30.9883331
5/16/2025 4:00,35.78166679
5/16/2025 5:00,37.83833348
5/16/2025 6:00,47.04166679
5/16/2025 7:00,49.4433335
5/16/2025 8:00,42.78833332
5/16/2025 9:00,46.13666655
5/16/2025 10:00,58.1399999
5/16/2025 11:00,65.20151485
5/16/2025 12:00,68.95806485
5/16/2025 13:00,68.58833338
5/16/2025 14:00,64.87333342
5/16/2025 15:00,65.08333352
5/16/2025 16:00,67.49999987
5/16/2025 17:00,69.41999995
5/16/2025 18:00,38.18666676
5/16/2025 19:00,24.6466667
5/16/2025 20:00,21.65666664
5/16/2025 21:00,33.00166651
5/16/2025 22:00,37.80333341
5/16/2025 23:00,38.36833305
5/17/2025,34.06666657
5/17/2025 1:00,33.11000001
5/17/2025 2:00,40.97833328
5/17/2025 3:00,43.08166676
5/17/2025 4:00,44.12666664
5/17/2025 5:00,49.26500003
5/17/2025 6:00,52.93333352
5/17/2025 7:00,58.69500027
5/17/2025 8:00,56.72833341
5/17/2025 9:00,58.08000005
5/17/2025 10:00,64.43499972
5/17/2025 11:00,57.37833354
5/17/2025 12:00,51.81333351
5/17/2025 13:00,65.60999991
5/17/2025 14:00,45.66166674
5/17/2025 15:00,39.26166674
5/17/2025 16:00,42.51666654
5/17/2025 17:00,47.15666656
5/17/2025 18:00,55.61166662
5/17/2025 19:00,49.35999966
5/17/2025 20:00,68.66999976
5/17/2025 21:00,55.98000024
5/17/2025 22:00,51.26333351
5/17/2025 23:00,51.6149999
5/18/2025,57.39166686
5/18/2025 1:00,42.77333355
5/18/2025 2:00,41.36833334
5/18/2025 3:00,36.35499983
5/18/2025 4:00,37.82500019
5/18/2025 5:00,37.64833336
5/18/2025 6:00,53.40833333
5/18/2025 7:00,59.55666656
5/18/2025 8:00,51.90166639
5/18/2025 9:00,48.83333327
5/18/2025 10:00,52.61000004
5/18/2025 11:00,50.07833328
5/18/2025 12:00,43.53870952
5/18/2025 13:00,39.72950835
5/18/2025 14:00,28.50483873
5/18/2025 15:00,30.47500003
5/18/2025 16:00,29.00499986
5/18/2025 17:00,40.57000027
5/18/2025 18:00,44.53333356
5/18/2025 19:00,50.79166663
5/18/2025 20:00,41.32500029
5/18/2025 21:00,53.58333321
5/18/2025 22:00,51.49166673
5/18/2025 23:00,51.59999968
5/19/2025,45.51500009
5/19/2025 1:00,40.36666667
5/19/2025 2:00,37.85500011
5/19/2025 3:00,34.0516669
5/19/2025 4:00,37.61000023
5/19/2025 5:00,43.22833309
5/19/2025 6:00,50.82999986
5/19/2025 7:00,49.28833319
5/19/2025 8:00,42.58833338
5/19/2025 9:00,38.85166686
5/19/2025 10:00,37.73225806
5/19/2025 11:00,32.56290322
5/19/2025 12:00,35.56935492
5/19/2025 13:00,34.63387102
5/19/2025 14:00,43.06000004
5/19/2025 15:00,48.26000013
5/19/2025 16:00,35.26666651
5/19/2025 17:00,43.43666655
5/19/2025 18:00,48.9083334
5/19/2025 19:00,50.73499991
5/19/2025 20:00,59.30500031
5/19/2025 21:00,51.26833337
5/19/2025 22:00,46.27166684
5/19/2025 23:00,33.41833328
5/20/2025,22.30166664
5/20/2025 1:00,23.73000011
5/20/2025 2:00,14.86666667
5/20/2025 3:00,5.868333336
5/20/2025 4:00,5.588333344
5/20/2025 5:00,6.261666667
5/20/2025 6:00,9.833333309
5/20/2025 7:00,17.76333324
5/20/2025 8:00,27.52666674
5/20/2025 9:00,24.7016667
5/20/2025 10:00,19.03333341
5/20/2025 11:00,22.50833343
5/20/2025 12:00,33.41166674
5/20/2025 13:00,38.88833342
5/20/2025 14:00,39.44000003
5/20/2025 15:00,33.86666667
5/20/2025 16:00,35.44499992
5/20/2025 17:00,38.84499982
5/20/2025 18:00,38.7850001
5/20/2025 19:00,35.80833333
5/20/2025 20:00,40.45999991
5/20/2025 21:00,34.13833348
5/20/2025 22:00,37.1983331
5/20/2025 23:00,33.64999981
5/21/2025,31.53666652
5/21/2025 1:00,31.625
5/21/2025 2:00,33.16000001
5/21/2025 3:00,31.0499999
5/21/2025 4:00,33.73499997
5/21/2025 5:00,33.94833336
5/21/2025 6:00,45.67166662
5/21/2025 7:00,46.01333364
5/21/2025 8:00,34.45000016
5/21/2025 9:00,33.08833326
5/21/2025 10:00,38.93499972
5/21/2025 11:00,39.76666654
5/21/2025 12:00,32.08166653
5/21/2025 13:00,27.99333324
5/21/2025 14:00,27.35645159
5/21/2025 15:00,30.61666679
5/21/2025 16:00,20.7883333
5/21/2025 17:00,24.02000003
5/21/2025 18:00,40.43833335
5/21/2025 19:00,44.21147531
5/21/2025 20:00,48.20999994
5/21/2025 21:00,41.26451606
5/21/2025 22:00,30.69333344
5/21/2025 23:00,35.09833317
5/22/2025,25.22333331
5/22/2025 1:00,24.33666643
5/22/2025 2:00,23.77833335
5/22/2025 3:00,32.49833349
5/22/2025 4:00,27.41333319
5/22/2025 5:00,34.06999998
5/22/2025 6:00,33.0416667
5/22/2025 7:00,50.93999983
5/22/2025 8:00,43.45166664
5/22/2025 9:00,32.35666685
5/22/2025 10:00,25.26999985
5/22/2025 11:00,28.07666661
5/22/2025 12:00,26.21499996
5/22/2025 13:00,30.45999997
5/22/2025 14:00,26.62666674
5/22/2025 15:00,26.91999995
5/22/2025 16:00,25.66666673
5/22/2025 17:00,28.0416667
5/22/2025 18:00,36.60999985
5/22/2025 19:00,37.30166674
5/22/2025 20:00,45.42166669
5/22/2025 21:00,38.74333331
5/22/2025 22:00,31.83833351
5/22/2025 23:00,44.78833316
5/23/2025,45.04166657
5/23/2025 1:00,23.45500002
5/23/2025 2:00,24.95166667
5/23/2025 3:00,25.95499996
5/23/2025 4:00,21.61166658
5/23/2025 5:00,24.97166672
5/23/2025 6:00,38.63500001
5/23/2025 7:00,40.70333325
5/23/2025 8:00,37.09000006
5/23/2025 9:00,49.01666679
5/23/2025 10:00,41.04999981
5/23/2025 11:00,42.20666656
5/23/2025 12:00,28.5833334
5/23/2025 13:00,24.03833337
5/23/2025 14:00,27.02333326
5/23/2025 15:00,26.08500007
5/23/2025 16:00,25.41000007
5/23/2025 17:00,26.43833332
5/23/2025 18:00,25.15333319
5/23/2025 19:00,35.35333347
5/23/2025 20:00,26.10666656
5/23/2025 21:00,27.95833337
5/23/2025 22:00,25.84500008
5/23/2025 23:00,21.34666659
5/24/2025,18.54833323
5/24/2025 1:00,17.0866667
5/24/2025 2:00,11.75999997
5/24/2025 3:00,13.02500005
5/24/2025 4:00,17.55333325
5/24/2025 5:00,22.54833328
5/24/2025 6:00,34.88666671
5/24/2025 7:00,33.40666663
5/24/2025 8:00,38.62333333
5/24/2025 9:00,47.41499993
5/24/2025 10:00,32.64500017
5/24/2025 11:00,36.14833355
5/24/2025 12:00,32.70666676
5/24/2025 13:00,32.30499996
5/24/2025 14:00,33.1316666
5/24/2025 15:00,22.58333341
5/24/2025 16:00,23.8916667
5/24/2025 17:00,20.09833336
5/24/2025 18:00,35.07999986
5/24/2025 19:00,33.69833326
5/24/2025 20:00,43.60499996
5/24/2025 21:00,49.88999977
5/24/2025 22:00,45.90833346
5/24/2025 23:00,43.71666648
5/25/2025,35.70666666
5/25/2025 1:00,37.12166672
5/25/2025 2:00,37.65666676
5/25/2025 3:00,37.24500008
5/25/2025 4:00,39.73166672
5/25/2025 5:00,61.10499986
5/25/2025 6:00,50.72499994
5/25/2025 7:00,51.5883337
5/25/2025 8:00,53.77999986
5/25/2025 9:00,59.66500009
5/25/2025 10:00,41.02666667
5/25/2025 11:00,31.99333337
5/25/2025 12:00,29.87741947
5/25/2025 13:00,43.34666659
5/25/2025 14:00,36.58666687
5/25/2025 15:00,33.53114763
5/25/2025 16:00,31.91999992
5/25/2025 17:00,26.65500005
5/25/2025 18:00,23.26885242
5/25/2025 19:00,28.18500004
5/25/2025 20:00,31.5100002
5/25/2025 21:00,26.78666652
5/25/2025 22:00,27.96166649
5/25/2025 23:00,26.18499994
5/26/2025,26.9583333
5/26/2025 1:00,22.66999995
5/26/2025 2:00,21.70499999
5/26/2025 3:00,24.3183334
5/26/2025 4:00,27.64500008
5/26/2025 5:00,27.23166666
5/26/2025 6:00,41.58333333
5/26/2025 7:00,45.89333324
5/26/2025 8:00,40.68833313
5/26/2025 9:00,32.84499995
5/26/2025 10:00,23.37968752
5/26/2025 11:00,18.53437501
5/26/2025 12:00,16.55666668
5/26/2025 13:00,17.88833342
5/26/2025 14:00,16.65303042
5/26/2025 15:00,16.02833339
5/26/2025 16:00,11.26500003
5/26/2025 17:00,13.35666663
5/26/2025 18:00,15.22
5/26/2025 19:00,15.4949999
5/26/2025 20:00,11.62499995
5/26/2025 21:00,13.81999998
5/26/2025 22:00,17.69499997
5/26/2025 23:00,17.23166666
5/27/2025,11.65666665
5/27/2025 1:00,14.46499999
5/27/2025 2:00,24.41833321
5/27/2025 3:00,16.30666674
5/27/2025 4:00,22.04500012
5/27/2025 5:00,19.03000005
5/27/2025 6:00,17.90166656
5/27/2025 7:00,18.99833326
5/27/2025 8:00,15.25500005
5/27/2025 9:00,13.23833335
5/27/2025 10:00,11.71499999
5/27/2025 11:00,12.54166659
5/27/2025 12:00,14.67500002
5/27/2025 13:00,11.98833334
5/27/2025 14:00,11.07833335
5/27/2025 15:00,10.71500001
5/27/2025 16:00,11.56500002
5/27/2025 17:00,12.0833333
5/27/2025 18:00,14.62741947
5/27/2025 19:00,15.12000001
5/27/2025 20:00,14.73666665
5/27/2025 21:00,16.52999999
5/27/2025 22:00,27.63000008
5/27/2025 23:00,24.45666669
5/28/2025,24.64333324
5/28/2025 1:00,19.28166656
5/28/2025 2:00,20.53166661
5/28/2025 3:00,22.26833336
5/28/2025 4:00,23.86166668
5/28/2025 5:00,28.30333341
5/28/2025 6:00,32.57500013
5/28/2025 7:00,41.79999971
5/28/2025 8:00,32.71166671
5/28/2025 9:00,20.92833322
5/28/2025 10:00,14.26666675
5/28/2025 11:00,15.62666669
5/28/2025 12:00,16.62500008
5/28/2025 13:00,16.1333334
5/28/2025 14:00,16.6000001
5/28/2025 15:00,15.70166666
5/28/2025 16:00,17.50666668
5/28/2025 17:00,25.43499996
5/28/2025 18:00,21.64333342
5/28/2025 19:00,49.58999993
5/28/2025 20:00,20.45166666
5/28/2025 21:00,30.60333325
5/28/2025 22:00,20.24000001
5/28/2025 23:00,7.766666683
5/29/2025,6.491666627
5/29/2025 1:00,7.98499999
5/29/2025 2:00,7.863333344
5/29/2025 3:00,10.82333337
5/29/2025 4:00,11.43833342
5/29/2025 5:00,14.18500005
5/29/2025 6:00,41.70833314
5/29/2025 7:00,18.10833329
5/29/2025 8:00,23.45333331
5/29/2025 9:00,18.25999997
5/29/2025 10:00,9.318333324
5/29/2025 11:00,8.706666676
5/29/2025 12:00,8.011666671
5/29/2025 13:00,7.543333332
5/29/2025 14:00,7.648333319
5/29/2025 15:00,9.379999995
5/29/2025 16:00,10.67333334
5/29/2025 17:00,13.13500002
5/29/2025 18:00,15.8016667
5/29/2025 19:00,13.3733333
5/29/2025 20:00,17.72166672
5/29/2025 21:00,13.89499995
5/29/2025 22:00,19.88833338
5/29/2025 23:00,17.1533333
5/30/2025,7.208333321
5/30/2025 1:00,5.92833333
5/30/2025 2:00,8.056666732
5/30/2025 3:00,7.578333354
5/30/2025 4:00,6.638333352
5/30/2025 5:00,9.119999997
5/30/2025 6:00,13.4483333
5/30/2025 7:00,15.72333325
5/30/2025 8:00,9.908333309
5/30/2025 9:00,10.36666664
5/30/2025 10:00,13.53666665
5/30/2025 11:00,11.66885252
5/30/2025 12:00,14.88999998
5/30/2025 13:00,12.15555556
5/30/2025 14:00,12.68833334
5/30/2025 15:00,13.15500003
5/30/2025 16:00,18.31333334
5/30/2025 17:00,20.81999993
5/30/2025 18:00,19.48499991
5/30/2025 19:00,20.32
5/30/2025 20:00,17.23166676
5/30/2025 21:00,19.27666675
5/30/2025 22:00,18.0133333
5/30/2025 23:00,29.73500004
5/31/2025,26.38666668
5/31/2025 1:00,15.85499996
5/31/2025 2:00,20.745
5/31/2025 3:00,19.83166666
5/31/2025 4:00,21.36000001
5/31/2025 5:00,24.08666658
5/31/2025 6:00,34.37166643
5/31/2025 7:00,33.27833312
5/31/2025 8:00,44.48999996
5/31/2025 9:00,52.89666646
5/31/2025 10:00,50.43666662
5/31/2025 11:00,46.86166655
5/31/2025 12:00,48.05333341
5/31/2025 13:00,49.43999977
5/31/2025 14:00,42.86666686
5/31/2025 15:00,41.04166667
5/31/2025 16:00,39.3816666
5/31/2025 17:00,38.06166662
5/31/2025 18:00,47.15999994
5/31/2025 19:00,41.24166686
5/31/2025 20:00,41.46833356
5/31/2025 21:00,38.73833351
5/31/2025 22:00,24.66666676
5/31/2025 23:00,15.91500004
6/1/2025,24.6816666
6/1/2025 1:00,22.78999993
6/1/2025 2:00,23.89499998
6/1/2025 3:00,25.83499985
6/1/2025 4:00,32.5816666
6/1/2025 5:00,36.93833335
6/1/2025 6:00,44.10333354
6/1/2025 7:00,55.97333355
6/1/2025 8:00,45.92833347
6/1/2025 9:00,47.42333336
6/1/2025 10:00,44.72499987
6/1/2025 11:00,42.33166695
6/1/2025 12:00,41.9600001
6/1/2025 13:00,41.41999976
6/1/2025 14:00,41.20999997
6/1/2025 15:00,40.90499986
6/1/2025 16:00,41.34333324
6/1/2025 17:00,45.04499989
6/1/2025 18:00,47.17833366
6/1/2025 19:00,40.4266667
6/1/2025 20:00,28.95666672
6/1/2025 21:00,31.34499998
6/1/2025 22:00,36.13333324
6/1/2025 23:00,40.27999989
6/2/2025,38.06166668
6/2/2025 1:00,35.46166639
6/2/2025 2:00,32.88833348
6/2/2025 3:00,35.17833325
6/2/2025 4:00,35.11333326
6/2/2025 5:00,45.01499993
6/2/2025 6:00,47.39999994
6/2/2025 7:00,50.93499997
6/2/2025 8:00,50.41333338
6/2/2025 9:00,51.55666663
6/2/2025 10:00,52.41451596
6/2/2025 11:00,39.68571451
6/2/2025 12:00,41.1193548
6/2/2025 13:00,44.45645163
6/2/2025 14:00,41.72333323
6/2/2025 15:00,45.1483333
6/2/2025 16:00,45.06666692
6/2/2025 17:00,48.33166676
6/2/2025 18:00,48.73333308
6/2/2025 19:00,41.04500008
6/2/2025 20:00,41.0766667
6/2/2025 21:00,43.90999991
6/2/2025 22:00,43.22666677
6/2/2025 23:00,45.79166679
6/3/2025,46.26499996
6/3/2025 1:00,48.94499989
6/3/2025 2:00,40.40333347
6/3/2025 3:00,41.54333324
6/3/2025 4:00,42.80999991
6/3/2025 5:00,49.68833313
6/3/2025 6:00,58.00833327
6/3/2025 7:00,60.80166683
6/3/2025 8:00,66.8083334
6/3/2025 9:00,55.64576269
6/3/2025 10:00,51.24833317
6/3/2025 11:00,43.30156249
6/3/2025 12:00,48.08000018
6/3/2025 13:00,46.275
6/3/2025 14:00,46.93833326
6/3/2025 15:00,47.63000005
6/3/2025 16:00,43.91666679
6/3/2025 17:00,49.56333326
6/3/2025 18:00,53.25833352
6/3/2025 19:00,51.11333332
6/3/2025 20:00,54.13666668
6/3/2025 21:00,63.32166621
6/3/2025 22:00,54.63666668
6/3/2025 23:00,52.04166686
6/4/2025,42.5049998
6/4/2025 1:00,31.97000011
6/4/2025 2:00,30.97666683
6/4/2025 3:00,33.89666672
6/4/2025 4:00,36.75666669
6/4/2025 5:00,46.29999987
6/4/2025 6:00,60.41147551
6/4/2025 7:00,51.42166653
6/4/2025 8:00,46.94499963
6/4/2025 9:00,47.58999996
6/4/2025 10:00,52.98000011
6/4/2025 11:00,43.26666662
6/4/2025 12:00,39.12166662
6/4/2025 13:00,28.45999994
6/4/2025 14:00,31.50999997
6/4/2025 15:00,32.47999983
6/4/2025 16:00,33.57333336
6/4/2025 17:00,29.59666659
6/4/2025 18:00,29.22499994
6/4/2025 19:00,32.3833333
6/4/2025 20:00,34.50166658
6/4/2025 21:00,36.03833323
6/4/2025 22:00,39.47166678
6/4/2025 23:00,30.68500004
6/5/2025,33.46999982
6/5/2025 1:00,35.87000011
6/5/2025 2:00,32.3933334
6/5/2025 3:00,31.78333324
6/5/2025 4:00,38.24333318
6/5/2025 5:00,42.01833347
6/5/2025 6:00,42.69000006
6/5/2025 7:00,57.13500029
6/5/2025 8:00,51.81666667
6/5/2025 9:00,43.04333331
6/5/2025 10:00,32.85
6/5/2025 11:00,41.375
6/5/2025 12:00,31.5600001
6/5/2025 13:00,22.55000003
6/5/2025 14:00,23.40333328
6/5/2025 15:00,23.03666681
6/5/2025 16:00,22.69333334
6/5/2025 17:00,23.9083333
6/5/2025 18:00,29.42499987
6/5/2025 19:00,28.82833335
6/5/2025 20:00,33.88333343
6/5/2025 21:00,35.03999983
6/5/2025 22:00,15.78666666
6/5/2025 23:00,14.92833338
6/6/2025,21.76999992
6/6/2025 1:00,19.79833347
6/6/2025 2:00,19.31166674
6/6/2025 3:00,20.83666655
6/6/2025 4:00,28.13000002
6/6/2025 5:00,30.27333333
6/6/2025 6:00,46.46999992
6/6/2025 7:00,42.61999973
6/6/2025 8:00,38.01500009
6/6/2025 9:00,44.54333324
6/6/2025 10:00,23.80666656
6/6/2025 11:00,27.90491801
6/6/2025 12:00,22.61666681
6/6/2025 13:00,23.0133333
6/6/2025 14:00,21.41166668
6/6/2025 15:00,22.01333342
6/6/2025 16:00,32.77499989
6/6/2025 17:00,28.99666665
6/6/2025 18:00,33.82666683
6/6/2025 19:00,38.07333342
6/6/2025 20:00,66.85666663
6/6/2025 21:00,47.81000004
6/6/2025 22:00,41.58166672
6/6/2025 23:00,31.11333329
6/7/2025,37.57999999
6/7/2025 1:00,37.89166676
6/7/2025 2:00,43.85000006
6/7/2025 3:00,35.675
6/7/2025 4:00,36.45833349
6/7/2025 5:00,47.18499997
6/7/2025 6:00,44.62000008
6/7/2025 7:00,51.01166643
6/7/2025 8:00,42.75499973
6/7/2025 9:00,37.21499999
6/7/2025 10:00,33.42000008
6/7/2025 11:00,34.60000003
6/7/2025 12:00,28.48833326
6/7/2025 13:00,27.99166663
6/7/2025 14:00,26.70499999
6/7/2025 15:00,28.16000004
6/7/2025 16:00,27.96000007
6/7/2025 17:00,29.84000003
6/7/2025 18:00,42.26666654
6/7/2025 19:00,33.22333326
6/7/2025 20:00,33.95333347
6/7/2025 21:00,35.36333335
6/7/2025 22:00,40.24333347
6/7/2025 23:00,44.25833308
6/8/2025,34.93833335
6/8/2025 1:00,32.94499976
6/8/2025 2:00,36.37666664
6/8/2025 3:00,42.31499983
6/8/2025 4:00,41.91999995
6/8/2025 5:00,44.09000009
6/8/2025 6:00,53.74666672
6/8/2025 7:00,49.13166688
6/8/2025 8:00,52.95499986
6/8/2025 9:00,45.45500015
6/8/2025 10:00,36.06612892
6/8/2025 11:00,31.72999996
6/8/2025 12:00,30.07500013
6/8/2025 13:00,30.67833335
6/8/2025 14:00,28.93833332
6/8/2025 15:00,31.09666675
6/8/2025 16:00,41.80000022
6/8/2025 17:00,40.63666671
6/8/2025 18:00,41.87833354
6/8/2025 19:00,42.28000011
6/8/2025 20:00,42.1899999
6/8/2025 21:00,42.13333346
6/8/2025 22:00,42.39833336
6/8/2025 23:00,42.53000005
6/9/2025,41.09500001
6/9/2025 1:00,40.74166673
6/9/2025 2:00,38.93833345
6/9/2025 3:00,39.56166693
6/9/2025 4:00,41.85000025
6/9/2025 5:00,52.90333328
6/9/2025 6:00,59.78833326
6/9/2025 7:00,65.24999981
6/9/2025 8:00,62.78333308
6/9/2025 9:00,59.35
6/9/2025 10:00,56.36833344
6/9/2025 11:00,43.9360653
6/9/2025 12:00,39.54516122
6/9/2025 13:00,39.50166651
6/9/2025 14:00,38.64000003
6/9/2025 15:00,36.16935472
6/9/2025 16:00,37.63833329
6/9/2025 17:00,42.85166674
6/9/2025 18:00,48.8016669
6/9/2025 19:00,50.32666664
6/9/2025 20:00,51.25333335
6/9/2025 21:00,50.13499991
6/9/2025 22:00,54.88000005
6/9/2025 23:00,58.04666697
6/10/2025,58.6700002
6/10/2025 1:00,50.69666678
6/10/2025 2:00,50.46000023
6/10/2025 3:00,50.30999985
6/10/2025 4:00,53.04833336
6/10/2025 5:00,63.07500006
6/10/2025 6:00,65.54666627
6/10/2025 7:00,65.36166687
6/10/2025 8:00,59.17333323
6/10/2025 9:00,58.16333319
6/10/2025 10:00,58.10333341
6/10/2025 11:00,52.78688537
6/10/2025 12:00,50.82166678
6/10/2025 13:00,54.95333322
6/10/2025 14:00,46.21000004
6/10/2025 15:00,47.52999999
6/10/2025 16:00,59.38500004
6/10/2025 17:00,52.68833326
6/10/2025 18:00,43.00666653
6/10/2025 19:00,59.75833333
6/10/2025 20:00,24.89500001
6/10/2025 21:00,33.12499984
6/10/2025 22:00,30.34333334
6/10/2025 23:00,33.04666669
6/11/2025,32.91999995
6/11/2025 1:00,36.17666677
6/11/2025 2:00,36.56499996
6/11/2025 3:00,38.72333323
6/11/2025 4:00,41.33666655
6/11/2025 5:00,45.69166667
6/11/2025 6:00,52.92166672
6/11/2025 7:00,56.06333357
6/11/2025 8:00,64.52333298
6/11/2025 9:00,58.14333337
6/11/2025 10:00,53.21000004
6/11/2025 11:00,49.90483862
6/11/2025 12:00,51.04833317
6/11/2025 13:00,46.71500022
6/11/2025 14:00,49.29999994
6/11/2025 15:00,50.86500003
6/11/2025 16:00,49.21500009
6/11/2025 17:00,51.95333335
6/11/2025 18:00,53.94000009
6/11/2025 19:00,51.72166684
6/11/2025 20:00,36.42833344
6/11/2025 21:00,49.34333318
6/11/2025 22:00,46.55333347
6/11/2025 23:00,43.60833333
6/12/2025,44.72833322
6/12/2025 1:00,46.7149999
6/12/2025 2:00,45.07999999
6/12/2025 3:00,50.78833332
6/12/2025 4:00,47.83833319
6/12/2025 5:00,51.70166664
6/12/2025 6:00,58.37333336
6/12/2025 7:00,55.27499981
6/12/2025 8:00,58.23000031
6/12/2025 9:00,45.90166664
6/12/2025 10:00,41.54000015
6/12/2025 11:00,36.10333341
6/12/2025 12:00,43.78666658
6/12/2025 13:00,80.89000009
6/12/2025 14:00,68.67999999
6/12/2025 15:00,28.04666672
6/12/2025 16:00,27.72333333
6/12/2025 17:00,36.26166649
6/12/2025 18:00,41.09666678
6/12/2025 19:00,44.62999992
6/12/2025 20:00,62.63666681
6/12/2025 21:00,52.02166684
6/12/2025 22:00,48.71833344
6/12/2025 23:00,42.73000005
6/13/2025,40.21999995
6/13/2025 1:00,45.78166682
6/13/2025 2:00,43.95333328
6/13/2025 3:00,43.53333333
6/13/2025 4:00,45.99000003
6/13/2025 5:00,54.01499983
6/13/2025 6:00,53.79499963
6/13/2025 7:00,58.02500025
6/13/2025 8:00,77.03999996
6/13/2025 9:00,46.10166677
6/13/2025 10:00,60.58000043
6/13/2025 11:00,39.86500015
6/13/2025 12:00,36.7316666
6/13/2025 13:00,30.83500007
6/13/2025 14:00,36.91999985
6/13/2025 15:00,43.30833317
6/13/2025 16:00,144.0050001
6/13/2025 17:00,30.89999978
6/13/2025 18:00,55.95999991
6/13/2025 19:00,37.89333312
6/13/2025 20:00,49.24166683
6/13/2025 21:00,48.56833353
6/13/2025 22:00,44.93387087
6/13/2025 23:00,35.36499999
6/14/2025,33.24666665
6/14/2025 1:00,33.62166665
6/14/2025 2:00,35.03166656
6/14/2025 3:00,35.62000024
6/14/2025 4:00,39.49499989
6/14/2025 5:00,44.5183335
6/14/2025 6:00,48.2733333
6/14/2025 7:00,52.21166668
6/14/2025 8:00,55.55999985
6/14/2025 9:00,50.26500034
6/14/2025 10:00,40.19999997
6/14/2025 11:00,30.87833331
6/14/2025 12:00,28.28333324
6/14/2025 13:00,28.95166648
6/14/2025 14:00,28.62833325
6/14/2025 15:00,31.20499983
6/14/2025 16:00,31.71333335
6/14/2025 17:00,33.83333349
6/14/2025 18:00,36.30333335
6/14/2025 19:00,35.4499999
6/14/2025 20:00,32.85333341
6/14/2025 21:00,29.38499997
6/14/2025 22:00,20.25
6/14/2025 23:00,25.45666669
6/15/2025,26.38499994
6/15/2025 1:00,29.20000003
6/15/2025 2:00,25.50666653
6/15/2025 3:00,27.67666677
6/15/2025 4:00,32.69833336
6/15/2025 5:00,27.81500003
6/15/2025 6:00,18.73833337
6/15/2025 7:00,24.92500002
6/15/2025 8:00,33.15999988
6/15/2025 9:00,28.3016667
6/15/2025 10:00,29.41166658
6/15/2025 11:00,30.56499987
6/15/2025 12:00,36.56129025
6/15/2025 13:00,37.77833328
6/15/2025 14:00,37.1183335
6/15/2025 15:00,35.42666661
6/15/2025 16:00,31.06666679
6/15/2025 17:00,32.88500013
6/15/2025 18:00,29.4733333
6/15/2025 19:00,33.92499978
6/15/2025 20:00,34.56000004
6/15/2025 21:00,22.11833334
6/15/2025 22:00,22.94500008
6/15/2025 23:00,23.51333338
6/16/2025,22.98833332
6/16/2025 1:00,21.43166676
6/16/2025 2:00,20.58000005
6/16/2025 3:00,24.67666667
6/16/2025 4:00,23.89999997
6/16/2025 5:00,28.34500004
6/16/2025 6:00,30.45500005
6/16/2025 7:00,33.28166676
6/16/2025 8:00,32.10999975
6/16/2025 9:00,52.71666679
6/16/2025 10:00,31.52499989
6/16/2025 11:00,28.85522398
6/16/2025 12:00,27.42727277
6/16/2025 13:00,32.60000004
6/16/2025 14:00,24.19499992
6/16/2025 15:00,21.11833328
6/16/2025 16:00,27.16557368
6/16/2025 17:00,27.76833334
6/16/2025 18:00,31.13333327
6/16/2025 19:00,52.16333329
6/16/2025 20:00,38.51999995
6/16/2025 21:00,27.86166674
6/16/2025 22:00,20.78999999
6/16/2025 23:00,15.41833332
6/17/2025,11.4366667
6/17/2025 1:00,13.83833337
6/17/2025 2:00,9.124999944
6/17/2025 3:00,5.746666678
6/17/2025 4:00,7.561666663
6/17/2025 5:00,10.43000002
6/17/2025 6:00,12.37833331
6/17/2025 7:00,21.17833339
6/17/2025 8:00,21.02999992
6/17/2025 9:00,27.39333331
6/17/2025 10:00,25.53166663
6/17/2025 11:00,22.03437507
6/17/2025 12:00,20.5584615
6/17/2025 13:00,15.43000002
6/17/2025 14:00,11.63999999
6/17/2025 15:00,11.03666671
6/17/2025 16:00,10.06333326
6/17/2025 17:00,6.777586246
6/17/2025 18:00,22.40500002
6/17/2025 19:00,20.62741939
6/17/2025 20:00,13.34333321
6/17/2025 21:00,23.41333331
6/17/2025 22:00,13.04166662
6/17/2025 23:00,10.97333333
6/18/2025,14.4366667
6/18/2025 1:00,12.39500004
6/18/2025 2:00,9.605000027
6/18/2025 3:00,6.643333308
6/18/2025 4:00,5.645000001
6/18/2025 5:00,10.03833338
6/18/2025 6:00,11.92833335
6/18/2025 7:00,11.00500001
6/18/2025 8:00,15.15833327
6/18/2025 9:00,17.63333327
6/18/2025 10:00,9.486666679
6/18/2025 11:00,15.01333331
6/18/2025 12:00,7.208333333
6/18/2025 13:00,8.804999987
6/18/2025 14:00,9.179999987
6/18/2025 15:00,12.12499996
6/18/2025 16:00,10.25833332
6/18/2025 17:00,13.14666667
6/18/2025 18:00,15.0616667
6/18/2025 19:00,15.58666666
6/18/2025 20:00,17.32833333
6/18/2025 21:00,16.24500003
6/18/2025 22:00,10.76666665
6/18/2025 23:00,11.47500005
6/19/2025,9.911666711
6/19/2025 1:00,8.751666713
6/19/2025 2:00,10.16500001
6/19/2025 3:00,11.35333333
6/19/2025 4:00,11.32166665
6/19/2025 5:00,14.61166666
6/19/2025 6:00,16.50499994
6/19/2025 7:00,13.49000004
6/19/2025 8:00,14.92666663
6/19/2025 9:00,19.22666669
6/19/2025 10:00,11.75161296
6/19/2025 11:00,14.08870964
6/19/2025 12:00,10.32999999
6/19/2025 13:00,10.18166673
6/19/2025 14:00,11.75
6/19/2025 15:00,13.63499997
6/19/2025 16:00,15.01499996
6/19/2025 17:00,12.43999997
6/19/2025 18:00,14.99666667
6/19/2025 19:00,17.07000003
6/19/2025 20:00,11.81166672
6/19/2025 21:00,8.723333339
6/19/2025 22:00,6.531666668
6/19/2025 23:00,4.213333309
6/20/2025,4.711666656
6/20/2025 1:00,4.249999984
6/20/2025 2:00,4.323333295
6/20/2025 3:00,4.478333318
6/20/2025 4:00,5.93166666
6/20/2025 5:00,5.653333354
6/20/2025 6:00,6.536666703
6/20/2025 7:00,11.28999998
6/20/2025 8:00,12.3283334
6/20/2025 9:00,13.3883334
6/20/2025 10:00,9.993333356
6/20/2025 11:00,8.166666655
6/20/2025 12:00,9.248333311
6/20/2025 13:00,6.176666649
6/20/2025 14:00,7.02833333
6/20/2025 15:00,7.939999994
6/20/2025 16:00,12.21666672
6/20/2025 17:00,11.8666666
6/20/2025 18:00,12.71333334
6/20/2025 19:00,15.25499996
6/20/2025 20:00,15.60499994
6/20/2025 21:00,14.56999998
6/20/2025 22:00,15.1516668
6/20/2025 23:00,21.15166664
6/21/2025,16.24500004
6/21/2025 1:00,10.29333331
6/21/2025 2:00,8.41000003
6/21/2025 3:00,7.359999986
6/21/2025 4:00,3.871428579
6/21/2025 5:00,6.321666662
6/21/2025 6:00,10.67166669
6/21/2025 7:00,16.72622951
6/21/2025 8:00,24.46166668
6/21/2025 9:00,20.31499991
6/21/2025 10:00,14.97833338
6/21/2025 11:00,9.911666703
6/21/2025 12:00,12.42166675
6/21/2025 13:00,9.236666624
6/21/2025 14:00,6.093333324
6/21/2025 15:00,5.74666671
6/21/2025 16:00,7.481666644
6/21/2025 18:00,19.02166659
6/21/2025 19:00,27.69333344
6/21/2025 20:00,14.95333333
6/21/2025 21:00,19.65166669
6/21/2025 22:00,14.21500003
6/21/2025 23:00,11.74666673
6/22/2025,8.921666678
6/22/2025 1:00,9.155000083
6/22/2025 2:00,9.431666676
6/22/2025 3:00,12.87499997
6/22/2025 4:00,10.71166677
6/22/2025 5:00,13.99333334
6/22/2025 6:00,26.51833332
6/22/2025 7:00,21.73333341
6/22/2025 8:00,17.00833343
6/22/2025 9:00,14.10166664
6/22/2025 10:00,19.33000003
6/22/2025 11:00,18.08000003
6/22/2025 12:00,17.33333329
6/22/2025 13:00,17.38500002
6/22/2025 14:00,15.76833339
6/22/2025 15:00,10.46499994
6/22/2025 16:00,15.01166673
6/22/2025 17:00,19.48166663
6/22/2025 18:00,22.93500001
6/22/2025 19:00,28.40689641
6/22/2025 20:00,24.96111107
6/22/2025 21:00,29.52666661
6/22/2025 22:00,13.72999996
6/22/2025 23:00,4.433333325
6/23/2025,3.535000008
6/23/2025 1:00,4.439999998
6/23/2025 2:00,5.785000026
6/23/2025 3:00,8.134999983
6/23/2025 4:00,8.298333319
6/23/2025 5:00,10.04833337
6/23/2025 6:00,13.24833341
6/23/2025 7:00,16.12833327
6/23/2025 8:00,23.80333327
6/23/2025 9:00,13.32166666
6/23/2025 10:00,12.04500004
6/23/2025 11:00,12.76290317
6/23/2025 12:00,12.99333339
6/23/2025 13:00,16.86333332
6/23/2025 14:00,14.26557376
6/23/2025 15:00,10.20166667
6/23/2025 16:00,8.510000038
6/23/2025 17:00,15.68000004
6/23/2025 18:00,15.97166664
6/23/2025 19:00,20.46499999
6/23/2025 20:00,10.74000003
6/23/2025 21:00,10.75166663
6/23/2025 22:00,12.48833332
6/23/2025 23:00,9.216666714
6/24/2025,7.788333281
6/24/2025 1:00,7.338333352
6/24/2025 2:00,5.173333347
6/24/2025 3:00,6.931666668
6/24/2025 4:00,7.488333344
6/24/2025 5:00,8.351666641
6/24/2025 6:00,11.81666669
6/24/2025 7:00,19.31333329
6/24/2025 8:00,15.39666669
6/24/2025 9:00,13.21499998
6/24/2025 10:00,9.824999984
6/24/2025 11:00,11.55666663
6/24/2025 12:00,10.75645158
6/24/2025 13:00,14.89499992
6/24/2025 14:00,10.98166667
6/24/2025 15:00,12.57499998
6/24/2025 16:00,22.64500022
6/24/2025 17:00,11.45999998
6/24/2025 18:00,14.15500009
6/24/2025 19:00,28.17166669
6/24/2025 20:00,23.12666667
6/24/2025 21:00,22.87333317
6/24/2025 22:00,16.85333335
6/24/2025 23:00,7.936666687
6/25/2025,6.748333319
6/25/2025 1:00,6.779999975
6/25/2025 2:00,5.500000016
6/25/2025 3:00,4.913333333
6/25/2025 4:00,5.04666667
6/25/2025 5:00,8.634999967
6/25/2025 6:00,15.7166666
6/25/2025 7:00,20.72166665
6/25/2025 8:00,22.48999999
6/25/2025 9:00,18.68166663
6/25/2025 10:00,17.70370381
6/25/2025 11:00,14.56666676
6/25/2025 12:00,7.139999994
6/25/2025 13:00,12.895
6/25/2025 14:00,11.32000004
6/25/2025 15:00,10.67166664
6/25/2025 16:00,12.23999989
6/25/2025 17:00,13.25666669
6/25/2025 18:00,13.88499997
6/25/2025 19:00,15.70333331
6/25/2025 20:00,13.51333324
6/25/2025 21:00,10.07
6/25/2025 22:00,7.330000011
6/25/2025 23:00,4.129999999
6/26/2025,4.853333338
6/26/2025 1:00,8.015000017
6/26/2025 2:00,6.526666681
6/26/2025 3:00,6.642372859
6/26/2025 4:00,7.790000002
6/26/2025 5:00,13.73666676
6/26/2025 6:00,12.59000007
6/26/2025 7:00,15.27166665
6/26/2025 8:00,21.34666665
6/26/2025 9:00,20.20333331
6/26/2025 10:00,18.64262298
6/26/2025 11:00,25.8306451
6/26/2025 12:00,18.66065573
6/26/2025 13:00,14.76833331
6/26/2025 14:00,14.41166665
6/26/2025 15:00,9.371666638
6/26/2025 16:00,10.91499995
6/26/2025 17:00,16.32000001
6/26/2025 18:00,15.90833318
6/26/2025 19:00,25.36000007
6/26/2025 20:00,17.04333341
6/26/2025 21:00,8.055000043
6/26/2025 22:00,9.259999998
6/26/2025 23:00,6.211666652
6/27/2025,3.381666668
6/27/2025 1:00,3.881666664
6/27/2025 2:00,4.546666646
6/27/2025 3:00,4.568333308
6/27/2025 4:00,5.360000014
6/27/2025 5:00,8.213333337
6/27/2025 6:00,13.2733333
6/27/2025 7:00,18.0800001
6/27/2025 8:00,20.99833336
6/27/2025 9:00,20.95499992
6/27/2025 10:00,19.83499997
6/27/2025 11:00,21.26499987
6/27/2025 12:00,15.8533333
6/27/2025 13:00,11.72711865
6/27/2025 14:00,9.394999989
6/27/2025 15:00,9.84666667
6/27/2025 16:00,10.1616667
6/27/2025 17:00,11.25666666
6/27/2025 18:00,11.48333331
6/27/2025 19:00,12.2666667
6/27/2025 20:00,10.52499995
6/27/2025 21:00,18.6933333
6/27/2025 22:00,19.03666676
6/27/2025 23:00,12.99999994
6/28/2025,11.19166675
6/28/2025 1:00,9.55000004
6/28/2025 2:00,9.836666727
6/28/2025 3:00,10.29666665
6/28/2025 4:00,10.52500001
6/28/2025 5:00,12.89666673
6/28/2025 6:00,16.43833326
6/28/2025 7:00,17.07166664
6/28/2025 8:00,15.57166673
6/28/2025 9:00,13.92166668
6/28/2025 10:00,10.16333336
6/28/2025 11:00,10.4883333
6/28/2025 12:00,8.575000024
6/28/2025 13:00,8.711666719
6/28/2025 14:00,9.566666667
6/28/2025 15:00,9.308333349
6/28/2025 16:00,10.41999998
6/28/2025 17:00,10.49666662
6/28/2025 18:00,12.48500001
6/28/2025 19:00,12.68999999
6/28/2025 20:00,14.33666666
6/28/2025 21:00,11.59666665
6/28/2025 22:00,13.17499997
6/28/2025 23:00,10.95833322
6/29/2025,12.11500003
6/29/2025 1:00,10.67333333
6/29/2025 2:00,9.414999898
6/29/2025 3:00,9.875000016
6/29/2025 4:00,13.46499993
6/29/2025 5:00,16.12833341
6/29/2025 6:00,19.68499991
6/29/2025 7:00,18.19500001
6/29/2025 8:00,16.54833325
6/29/2025 9:00,15.0116667
6/29/2025 10:00,15.99661014
6/29/2025 11:00,13.21499996
6/29/2025 12:00,16.35999993
6/29/2025 13:00,8.861666663
6/29/2025 14:00,9.303333362
6/29/2025 15:00,11.91166665
6/29/2025 16:00,11.555
6/29/2025 17:00,13.75833329
6/29/2025 18:00,13.71333332
6/29/2025 19:00,14.50333327
6/29/2025 20:00,14.94000003
6/29/2025 21:00,12.48833333
6/29/2025 22:00,15.79833333
6/29/2025 23:00,15.88000015
6/30/2025,13.24499997
6/30/2025 1:00,12.0883333
6/30/2025 2:00,11.71000004
6/30/2025 3:00,10.02333333
6/30/2025 4:00,10.61666667
6/30/2025 5:00,14.14666659
6/30/2025 6:00,18.74833334
6/30/2025 7:00,17.28666668
6/30/2025 8:00,20.93833345
6/30/2025 9:00,28.82999994
6/30/2025 10:00,16.82000004
6/30/2025 11:00,12.04193546
6/30/2025 12:00,10.79333336
6/30/2025 13:00,10.52166671
6/30/2025 14:00,11.49833333
6/30/2025 15:00,12.05333336
6/30/2025 16:00,10.88333336
6/30/2025 17:00,16.97833323
6/30/2025 18:00,19.16999992
6/30/2025 19:00,26.08499999
6/30/2025 20:00,37.42999992
6/30/2025 21:00,35.02499987
6/30/2025 22:00,18.35666669
6/30/2025 23:00,11.36833342
7/1/2025,11.21000005
7/1/2025 1:00,10.14999994
7/1/2025 2:00,12.12833336
7/1/2025 3:00,11.65333336
7/1/2025 4:00,15.14166671
7/1/2025 5:00,15.69999997
7/1/2025 6:00,19.80333333
7/1/2025 7:00,18.99833341
7/1/2025 8:00,18.68723403
7/1/2025 9:00,21.64999997
7/1/2025 10:00,24.57166669
7/1/2025 11:00,22.68225811
7/1/2025 12:00,17.2114754
7/1/2025 13:00,14.8616667
7/1/2025 14:00,17.53833327
7/1/2025 15:00,17.69500012
7/1/2025 16:00,31.17333344
7/1/2025 17:00,12.92499997
7/1/2025 18:00,11.30999998
7/1/2025 20:00,16.15333327
7/1/2025 21:00,15.46499998
7/1/2025 22:00,19.13833332
7/1/2025 23:00,11.83500004
7/2/2025,12.36000001
7/2/2025 1:00,11.41499996
7/2/2025 2:00,11.67500002
7/2/2025 3:00,11.40500002
7/2/2025 4:00,9.653333346
7/2/2025 5:00,12.97333339
7/2/2025 6:00,15.40833333
7/2/2025 7:00,25.49000003
7/2/2025 8:00,23.69833333
7/2/2025 9:00,18.73833334
7/2/2025 10:00,19.15483875
7/2/2025 11:00,23.33636368
7/2/2025 12:00,22.90769222
7/2/2025 13:00,17.98709679
7/2/2025 14:00,6.632258038
7/2/2025 15:00,8.631666656
7/2/2025 16:00,20.01166679
7/2/2025 17:00,12.21166674
7/2/2025 18:00,21.67166673
7/2/2025 19:00,23.45238091
7/2/2025 20:00,19.15333335
7/2/2025 21:00,9.540000065
7/2/2025 22:00,13.03666673
7/2/2025 23:00,18.29833336
7/3/2025,8.306666708
7/3/2025 1:00,11.07166672
7/3/2025 2:00,12.44999996
7/3/2025 3:00,12.195
7/3/2025 4:00,12.63166668
7/3/2025 5:00,11.46499992
7/3/2025 6:00,12.90833339
7/3/2025 7:00,17.83833337
7/3/2025 8:00,17.93666663
7/3/2025 9:00,14.94166678
7/3/2025 10:00,12.2366667
7/3/2025 11:00,15.66833328
7/3/2025 12:00,12.98225809
7/3/2025 13:00,12.72500003
7/3/2025 14:00,13.31451616
7/3/2025 15:00,16.67619056
7/3/2025 16:00,18.0516666
7/3/2025 17:00,9.833333365
7/3/2025 18:00,10.20499996
7/3/2025 19:00,16.7133333
7/3/2025 20:00,13.18166668
7/3/2025 21:00,13.74499998
7/3/2025 22:00,8.90333333
7/3/2025 23:00,6.221666654
7/4/2025,5.588333321
7/4/2025 1:00,5.258333361
7/4/2025 2:00,3.465000006
7/4/2025 3:00,4.398333323
7/4/2025 4:00,3.551666677
7/4/2025 5:00,4.81499999
7/4/2025 6:00,9.344999981
7/4/2025 7:00,14.15333331
7/4/2025 8:00,13.90166674
7/4/2025 9:00,21.01166663
7/4/2025 10:00,22.71166671
7/4/2025 11:00,26.37666667
7/4/2025 12:00,19.72333345
7/4/2025 13:00,14.20666671
7/4/2025 14:00,9.00000004
7/4/2025 15:00,6.821666654
7/4/2025 16:00,9.626666665
7/4/2025 17:00,10.57500003
7/4/2025 18:00,9.041666651
7/4/2025 19:00,12.62333334
7/4/2025 20:00,10.66666669
7/4/2025 21:00,11.4866667
7/4/2025 22:00,12.3133333
7/4/2025 23:00,9.771666718
7/5/2025,5.983333333
7/5/2025 1:00,4.940000006
7/5/2025 2:00,4.406666672
7/5/2025 3:00,5.19333334
7/5/2025 4:00,7.033333357
7/5/2025 5:00,8.538333313
7/5/2025 6:00,15.09333326
7/5/2025 7:00,17.36333335
7/5/2025 8:00,19.17333344
7/5/2025 9:00,20.57666669
7/5/2025 10:00,22.85333335
7/5/2025 11:00,22.35666669
7/5/2025 12:00,12.55000001
7/5/2025 13:00,10.21666673
7/5/2025 14:00,9.181666676
7/5/2025 15:00,7.375000016
7/5/2025 16:00,10.35499998
7/5/2025 17:00,11.54166664
7/5/2025 18:00,12.97333333
7/5/2025 19:00,11.09666665
7/5/2025 20:00,14.97833333
7/5/2025 21:00,22.27333341
7/5/2025 22:00,14.82833325
7/5/2025 23:00,18.47500008
7/6/2025,10.95333333
7/6/2025 1:00,10.87000004
7/6/2025 2:00,12.72666679
7/6/2025 3:00,9.894999973
7/6/2025 4:00,12.70166665
7/6/2025 5:00,15.19166661
7/6/2025 6:00,21.32666656
7/6/2025 7:00,18.21000007
7/6/2025 8:00,23.64000012
7/6/2025 9:00,29.29499982
7/6/2025 10:00,14.05166658
7/6/2025 11:00,12.9290322
7/6/2025 12:00,21.28833337
7/6/2025 13:00,10.41803284
7/6/2025 14:00,11.91500009
7/6/2025 15:00,10.6233333
7/6/2025 16:00,11.28510637
7/6/2025 17:00,11.73333338
7/6/2025 18:00,12.375
7/6/2025 19:00,11.09166665
7/6/2025 20:00,12.30166668
7/6/2025 21:00,10.92333337
7/6/2025 22:00,5.238333376
7/6/2025 23:00,5.59999998
7/7/2025,6.553333322
7/7/2025 1:00,7.253333338
7/7/2025 2:00,7.711666679
7/7/2025 3:00,6.351666689
7/7/2025 4:00,6.178333354
7/7/2025 5:00,6.32903229
7/7/2025 6:00,8.604999995
7/7/2025 7:00,11.21166667
7/7/2025 8:00,11.8
7/7/2025 9:00,11.69666665
7/7/2025 10:00,10.9516667
7/7/2025 11:00,8.139344317
7/7/2025 12:00,6.19999998
7/7/2025 13:00,7.493333244
7/7/2025 14:00,6.099999984
7/7/2025 15:00,8.566666691
7/7/2025 16:00,7.869999965
7/7/2025 17:00,9.181666613
7/7/2025 18:00,11.86833336
7/7/2025 19:00,12.24333329
7/7/2025 20:00,16.99833337
7/7/2025 21:00,15.33333332
7/7/2025 22:00,15.80833338
7/7/2025 23:00,17.17000004
7/8/2025,13.52166659
7/8/2025 1:00,10.51000005
7/8/2025 2:00,11.71333339
7/8/2025 3:00,11.45333338
7/8/2025 4:00,10.98333337
7/8/2025 5:00,10.43666673
7/8/2025 6:00,11.24500008
7/8/2025 7:00,15.20500002
7/8/2025 8:00,17.16833328
7/8/2025 9:00,13.26166666
7/8/2025 10:00,10.87999997
7/8/2025 11:00,10.30666668
7/8/2025 12:00,13.58166663
7/8/2025 13:00,10.55333339
7/8/2025 14:00,11.38333329
7/8/2025 15:00,11.67
7/8/2025 16:00,16.13666668
7/8/2025 17:00,17.51999998
7/8/2025 18:00,13.95499999
7/8/2025 19:00,13.44000001
7/8/2025 20:00,15.40166674
7/8/2025 21:00,12.31666665
7/8/2025 22:00,14.89333329
7/8/2025 23:00,12.42166664
7/9/2025,7.646666666
7/9/2025 1:00,2.367796601
7/9/2025 2:00,2.743333352
7/9/2025 3:00,2.833333321
7/9/2025 4:00,3.94999998
7/9/2025 5:00,3.848333319
7/9/2025 6:00,5.415000017
7/9/2025 7:00,10.57666671
7/9/2025 8:00,14.64666665
7/9/2025 9:00,13.93499997
7/9/2025 10:00,13.38999994
7/9/2025 11:00,10.85000004
7/9/2025 12:00,8.671666694
7/9/2025 13:00,6.346666654
7/9/2025 14:00,6.361666652
7/9/2025 15:00,6.505000071
7/9/2025 16:00,6.223333331
7/9/2025 17:00,8.233333333
7/9/2025 18:00,9.615000002
7/9/2025 19:00,8.095000037
7/9/2025 20:00,6.401612939
7/9/2025 21:00,7.505000003
7/9/2025 22:00,7.128333338
7/9/2025 23:00,4.133333345
7/10/2025,5.430000039
7/10/2025 1:00,4.196666666
7/10/2025 2:00,3.516666679
7/10/2025 3:00,3.56166665
7/10/2025 4:00,4.595000005
7/10/2025 5:00,18.89166678
7/10/2025 6:00,11.62833335
7/10/2025 7:00,14.2783333
7/10/2025 8:00,18.93500015
7/10/2025 9:00,19.65666663
7/10/2025 10:00,18.74833326
7/10/2025 11:00,17.77499997
7/10/2025 12:00,20.53333317
7/10/2025 13:00,14.86666671
7/10/2025 14:00,13.1
7/10/2025 15:00,13.12580647
7/10/2025 16:00,10.69333328
7/10/2025 17:00,11.32500003
7/10/2025 18:00,9.645000021
7/10/2025 19:00,9.555000043
7/10/2025 20:00,18.5116666
7/10/2025 21:00,26.10166661
7/10/2025 22:00,16.25999997
7/10/2025 23:00,11.655
7/11/2025,10.32333337
7/11/2025 1:00,10.48000003
7/11/2025 2:00,8.488333329
7/11/2025 3:00,7.751666641
7/11/2025 4:00,9.986666695
7/11/2025 5:00,10.97333328
7/11/2025 6:00,15.9366666
7/11/2025 7:00,17.43499996
7/11/2025 8:00,26.56833324
7/11/2025 9:00,16.73333333
7/11/2025 10:00,15.91000004
7/11/2025 11:00,22.43666668
7/11/2025 12:00,15.2583333
7/11/2025 13:00,12.27666666
7/11/2025 14:00,13.80333335
7/11/2025 15:00,11.10999997
7/11/2025 16:00,17.51833326
7/11/2025 17:00,17.52500003
7/11/2025 18:00,20.15166663
7/11/2025 19:00,22.50666672
7/11/2025 20:00,23.39500011
7/11/2025 21:00,27.46999998
7/11/2025 22:00,22.86166684
7/11/2025 23:00,18.70166656
7/12/2025,18.64166673
7/12/2025 1:00,17.69166671
7/12/2025 2:00,16.87333336
7/12/2025 3:00,17.69833333
7/12/2025 4:00,18.05499988
7/12/2025 5:00,21.40499992
7/12/2025 6:00,27.32999986
7/12/2025 7:00,27.33999993
7/12/2025 8:00,20.71166665
7/12/2025 9:00,21.97000001
7/12/2025 10:00,18.42
7/12/2025 11:00,17.60666676
7/12/2025 12:00,19.78500004
7/12/2025 13:00,22.04999997
7/12/2025 14:00,13.67999996
7/12/2025 15:00,17.85500008
7/12/2025 16:00,19.88333321
7/12/2025 17:00,12.92999992
7/12/2025 18:00,13.52833332
7/12/2025 19:00,20.9703704
7/12/2025 20:00,25.17000017
7/12/2025 21:00,25.43833327
7/12/2025 22:00,25.06166649
7/12/2025 23:00,22.57666667
7/13/2025,21.89833336
7/13/2025 1:00,18.67833346
7/13/2025 2:00,17.80999994
7/13/2025 3:00,19.91833334
7/13/2025 4:00,19.21333334
7/13/2025 5:00,25.47833328
7/13/2025 6:00,23.88166666
7/13/2025 7:00,26.94000003
7/13/2025 8:00,22.46333335
7/13/2025 9:00,24.24666665
7/13/2025 10:00,21.17500002
7/13/2025 11:00,18.67500002
7/13/2025 12:00,16.30999993
7/13/2025 13:00,12.43548388
7/13/2025 14:00,12.17499998
7/13/2025 15:00,13.19499997
7/13/2025 16:00,13.73333332
7/13/2025 17:00,12.17833332
7/13/2025 18:00,12.80166671
7/13/2025 19:00,14.95166662
7/13/2025 20:00,9.191666659
7/13/2025 21:00,9.429310363
7/13/2025 22:00,13.15000002
7/13/2025 23:00,14.0883333
7/14/2025,10.77000002
7/14/2025 1:00,11.82666669
7/14/2025 2:00,10.84833333
7/14/2025 3:00,10.10166667
7/14/2025 4:00,10.84333337
7/14/2025 5:00,12.63166666
7/14/2025 6:00,14.93499999
7/14/2025 7:00,23.18166653
7/14/2025 8:00,24.24333337
7/14/2025 9:00,26.06166668
7/14/2025 10:00,18.24833323
7/14/2025 11:00,20.7761903
7/14/2025 12:00,16.32000012
7/14/2025 13:00,15.15000001
7/14/2025 14:00,20.36721309
7/14/2025 15:00,27.65833327
7/14/2025 16:00,24.13000003
7/14/2025 17:00,13.89833334
7/14/2025 18:00,15.82999988
7/14/2025 19:00,10.82
7/14/2025 20:00,10.79166668
7/14/2025 21:00,14.56499996
7/14/2025 22:00,14.8066666
7/14/2025 23:00,11.24666673
7/15/2025,9.003333322
7/15/2025 1:00,9.201666657
7/15/2025 2:00,7.261666663
7/15/2025 3:00,7.870000021
7/15/2025 4:00,8.256666676
7/15/2025 5:00,8.22833337
7/15/2025 6:00,9.418333324
7/15/2025 7:00,14.87000007
7/15/2025 8:00,28.54333355
7/15/2025 9:00,19.07833331
7/15/2025 10:00,9.158333373
7/15/2025 11:00,11.88688526
7/15/2025 12:00,8.531666692
7/15/2025 13:00,8.362499975
7/15/2025 14:00,8.801666657
7/15/2025 15:00,13.54333336
7/15/2025 16:00,13.04666666
7/15/2025 17:00,9.733333325
7/15/2025 18:00,6.143333336
7/15/2025 19:00,14.1266667
7/15/2025 20:00,19.56833339
7/15/2025 21:00,16.39166665
7/15/2025 22:00,12.29333337
7/15/2025 23:00,9.746666622
7/16/2025,9.798333343
7/16/2025 1:00,13.60833329
7/16/2025 2:00,8.808333341
7/16/2025 3:00,7.843333332
7/16/2025 4:00,14.11833337
7/16/2025 5:00,12.23999996
7/16/2025 6:00,13.46833329
7/16/2025 7:00,11.82666669
7/16/2025 8:00,16.89833339
7/16/2025 9:00,14.27666667
7/16/2025 10:00,12.30499995
7/16/2025 11:00,12.67580644
7/16/2025 12:00,9.056666716
7/16/2025 13:00,10.7133333
7/16/2025 14:00,9.715000002
7/16/2025 15:00,10.58166672
7/16/2025 16:00,9.598333291
7/16/2025 17:00,13.47833326
7/16/2025 18:00,12.80666672
7/16/2025 19:00,15.89166667
7/16/2025 20:00,16.9416667
7/16/2025 21:00,15.9750001
7/16/2025 22:00,15.14833334
7/16/2025 23:00,12.15833325
7/17/2025,8.103333306
7/17/2025 1:00,6.059999975
7/17/2025 2:00,6.448333311
7/17/2025 3:00,7.866666667
7/17/2025 4:00,10.245
7/17/2025 5:00,21.37166667
7/17/2025 6:00,23.92666667
7/17/2025 7:00,23.30999993
7/17/2025 8:00,13.43999995
7/17/2025 9:00,11.33666665
7/17/2025 10:00,11.08166669
7/17/2025 11:00,13.11333327
7/17/2025 12:00,12.42131146
7/17/2025 13:00,12.57166664
7/17/2025 14:00,12.56499999
7/17/2025 15:00,12.20499997
7/17/2025 16:00,12.97833333
7/17/2025 17:00,9.920000013
7/17/2025 18:00,16.82666664
7/17/2025 20:00,27.36000001
7/17/2025 21:00,24.92333339
7/17/2025 22:00,20.96499996
7/17/2025 23:00,20.81500012
7/18/2025,17.69166659
7/18/2025 1:00,16.97166665
7/18/2025 2:00,14.09333328
7/18/2025 3:00,15.47166665
7/18/2025 4:00,16.09166667
7/18/2025 5:00,21.94499995
7/18/2025 6:00,24.90999991
7/18/2025 7:00,20.28166669
7/18/2025 8:00,21.01166662
7/18/2025 9:00,21.06999995
7/18/2025 10:00,26.67166665
7/18/2025 11:00,20.3550001
7/18/2025 12:00,12.93333338
7/18/2025 13:00,17.07580639
7/18/2025 14:00,14.24687503
7/18/2025 15:00,16.44666654
7/18/2025 16:00,14.01166673
7/18/2025 17:00,18.41333337
7/18/2025 18:00,24.24666673
7/18/2025 19:00,23.24666662
7/18/2025 20:00,20.14666672
7/18/2025 21:00,18.82166667
7/18/2025 22:00,18.57833341
7/18/2025 23:00,21.62166678
7/19/2025,20.65333322
7/19/2025 1:00,20.00999997
7/19/2025 2:00,19.27000004
7/19/2025 3:00,18.01833324
7/19/2025 4:00,18.27833343
7/19/2025 5:00,25.89333342
7/19/2025 6:00,28.80333331
7/19/2025 7:00,29.81500015
7/19/2025 8:00,33.62166665
7/19/2025 9:00,28.96833337
7/19/2025 10:00,17.13999999
7/19/2025 11:00,14.89833334
7/19/2025 12:00,16.45166666
7/19/2025 13:00,14.88333335
7/19/2025 14:00,15.345
7/19/2025 15:00,20.09166659
7/19/2025 16:00,20.90499991
7/19/2025 17:00,28.86499995
7/19/2025 18:00,35.80499983
7/19/2025 19:00,24.61166668
7/19/2025 20:00,26.73166653
7/19/2025 21:00,21.82166675
7/19/2025 22:00,19.98499997
7/19/2025 23:00,19.00666669
7/20/2025,18.32833325
7/20/2025 1:00,19.63666674
7/20/2025 2:00,16.68833332
7/20/2025 3:00,14.90333336
7/20/2025 4:00,16.245
7/20/2025 5:00,15.77833335
7/20/2025 6:00,23.02833331
7/20/2025 7:00,21.825
7/20/2025 8:00,27.42166675
7/20/2025 9:00,24.11935489
7/20/2025 10:00,24.03166666
7/20/2025 11:00,21.43384617
7/20/2025 12:00,21.08225796
7/20/2025 13:00,15.25333336
7/20/2025 14:00,18.36290329
7/20/2025 15:00,16.27499992
7/20/2025 16:00,15.10500007
7/20/2025 17:00,17.03833334
7/20/2025 18:00,19.79500011
7/20/2025 19:00,24.15333336
7/20/2025 20:00,20.39666659
7/20/2025 21:00,19.95833332
7/20/2025 22:00,20.21333332
7/20/2025 23:00,25.30166658
7/21/2025,20.58499996
7/21/2025 1:00,17.86166665
7/21/2025 2:00,16.40666679
7/21/2025 3:00,16.90333322
7/21/2025 4:00,16.68499993
7/21/2025 5:00,19.13166666
7/21/2025 6:00,28.35999994
7/21/2025 7:00,22.94166663
7/21/2025 8:00,29.25666663
7/21/2025 9:00,28.87166672
7/21/2025 10:00,22.7453126
7/21/2025 11:00,23.95967736
7/21/2025 12:00,22.44333331
7/21/2025 13:00,19.80499986
7/21/2025 14:00,15.54833328
7/21/2025 15:00,15.5966667
7/21/2025 16:00,14.20833336
7/21/2025 17:00,17.31666671
7/21/2025 18:00,23.43833332
7/21/2025 19:00,27.19499992
7/21/2025 20:00,28.73833329
7/21/2025 21:00,32.25666669
7/21/2025 22:00,25.03166666
7/21/2025 23:00,26.33999996
7/22/2025,20.72666674
7/22/2025 1:00,24.51833337
7/22/2025 2:00,13.8533333
7/22/2025 3:00,6.936666632
7/22/2025 4:00,9.903333338
7/22/2025 5:00,6.946666694
7/22/2025 6:00,6.534999998
7/22/2025 7:00,12.78166673
7/22/2025 8:00,17.66500006
7/22/2025 9:00,26.28666681
7/22/2025 10:00,30.52131131
7/22/2025 11:00,26.27812511
7/22/2025 12:00,12.5709677
7/22/2025 13:00,10.21333332
7/22/2025 14:00,9.90000004
7/22/2025 15:00,8.861666695
7/22/2025 16:00,9.491666691
7/22/2025 17:00,10.25333337
7/22/2025 18:00,13.84666669
7/22/2025 19:00,16.19787222
7/22/2025 20:00,16.69137937
7/22/2025 21:00,12.45333336
7/22/2025 22:00,13.81333337
7/22/2025 23:00,13.02499995
7/23/2025,12.67166665
7/23/2025 1:00,11.14333339
7/23/2025 2:00,10.85666669
7/23/2025 3:00,11.81833331
7/23/2025 4:00,12.28666665
7/23/2025 5:00,16.01333329
7/23/2025 6:00,17.9916666
7/23/2025 7:00,19.30000005
7/23/2025 8:00,17.08499997
7/23/2025 9:00,16.09666667
7/23/2025 10:00,14.46470594
7/23/2025 11:00,14.88307699
7/23/2025 12:00,17.19032263
7/23/2025 13:00,11.17049182
7/23/2025 14:00,10.79166673
7/23/2025 15:00,12.19206351
7/23/2025 16:00,17.5333334
7/23/2025 17:00,13.82666672
7/23/2025 18:00,16.21333335
7/23/2025 19:00,22.80500008
7/23/2025 20:00,29.95166661
7/23/2025 21:00,35.52666677
7/23/2025 22:00,22.455
7/23/2025 23:00,21.28333333
7/24/2025,20.22999996
7/24/2025 1:00,27.53499985
7/24/2025 2:00,20.5333334
7/24/2025 3:00,17.40333338
7/24/2025 4:00,19.68166671
7/24/2025 5:00,20.82999986
7/24/2025 6:00,24.48000008
7/24/2025 7:00,28.21166671
7/24/2025 8:00,23.86666654
7/24/2025 9:00,18.16499998
7/24/2025 10:00,18.51166663
7/24/2025 11:00,14.29672134
7/24/2025 12:00,10.08166666
7/24/2025 13:00,16.51666668
7/24/2025 14:00,15.82000001
7/24/2025 15:00,15.72333341
7/24/2025 16:00,11.36499997
7/24/2025 17:00,9.7316667
7/24/2025 18:00,10.41666668
7/24/2025 19:00,19.11333332
7/24/2025 20:00,19.76166658
7/24/2025 21:00,21.38333337
7/24/2025 22:00,22.77833338
7/24/2025 23:00,20.74499995
7/25/2025,16.79166673
7/25/2025 1:00,17.26499998
7/25/2025 2:00,17.56166674
7/25/2025 3:00,15.75833329
7/25/2025 4:00,18.10166659
7/25/2025 5:00,21.19000003
7/25/2025 6:00,22.25833324
7/25/2025 7:00,23.0899999
7/25/2025 8:00,27.25333331
7/25/2025 9:00,29.42500003
7/25/2025 10:00,13.14499997
7/25/2025 11:00,11.57000003
7/25/2025 12:00,13.7116667
7/25/2025 13:00,13.88500013
7/25/2025 14:00,12.545
7/25/2025 15:00,13.65666671
7/25/2025 16:00,14.00999997
7/25/2025 17:00,15.06333329
7/25/2025 18:00,9.88666664
7/25/2025 19:00,6.683333357
7/25/2025 20:00,12.53666661
7/25/2025 21:00,6.719999965
7/25/2025 22:00,7.676666673
7/25/2025 23:00,9.071666694
7/26/2025,7.781666708
7/26/2025 1:00,5.466666675
7/26/2025 2:00,6.276666657
7/26/2025 3:00,7.791666659
7/26/2025 4:00,8.283333325
7/26/2025 5:00,14.41000004
7/26/2025 6:00,19.3283333
7/26/2025 7:00,20.78833338
7/26/2025 8:00,17.19500008
7/26/2025 9:00,22.06666681
7/26/2025 10:00,26.18500007
7/26/2025 11:00,11.16666666
7/26/2025 12:00,11.40333329
7/26/2025 13:00,13.555
7/26/2025 14:00,12.34499997
7/26/2025 15:00,14.0216667
7/26/2025 16:00,17.48833338
7/26/2025 17:00,12.91666663
7/26/2025 18:00,14.98666664
7/26/2025 19:00,15.9116667
7/26/2025 20:00,16.88666666
7/26/2025 21:00,14.33666668
7/26/2025 22:00,9.351666673
7/26/2025 23:00,7.376666673
7/27/2025,5.331666652
7/27/2025 1:00,6.590000002
7/27/2025 2:00,6.06500001
7/27/2025 3:00,5.635000006
7/27/2025 4:00,10.5083333
7/27/2025 5:00,8.671666702
7/27/2025 6:00,18.88500009
7/27/2025 7:00,18.85000003
7/27/2025 8:00,16.66666675
7/27/2025 9:00,17.98999987
7/27/2025 10:00,16.46500001
7/27/2025 11:00,16.8583333
7/27/2025 12:00,17.62666666
7/27/2025 13:00,12.92999999
7/27/2025 14:00,13.31499999
7/27/2025 15:00,12.35333335
7/27/2025 16:00,11.22166667
7/27/2025 17:00,10.92000004
7/27/2025 18:00,16.87499989
7/27/2025 19:00,12.23833337
7/27/2025 20:00,14.89166668
7/27/2025 21:00,11.88333338
7/27/2025 22:00,13.33333335
7/27/2025 23:00,11.56333334
7/28/2025,7.136666687
7/28/2025 1:00,5.503333298
7/28/2025 2:00,3.900000004
7/28/2025 3:00,3.546666658
7/28/2025 4:00,3.875000004
7/28/2025 5:00,5.349999968
7/28/2025 6:00,10.14333332
7/28/2025 7:00,13.43499993
7/28/2025 8:00,14.31000002
7/28/2025 9:00,13.36333337
7/28/2025 10:00,14.53333333
7/28/2025 11:00,10.8396825
7/28/2025 12:00,9.645454481
7/28/2025 13:00,8.319354803
7/28/2025 14:00,10.10967742
7/28/2025 15:00,11.86166662
7/28/2025 16:00,19.43500004
7/28/2025 17:00,20.9499999
7/28/2025 18:00,17.54500003
7/28/2025 19:00,18.64499997
7/28/2025 20:00,22.14999995
7/28/2025 21:00,17.1366667
7/28/2025 22:00,10.31
7/28/2025 23:00,6.755000027
7/29/2025,5.625000032
7/29/2025 1:00,4.930000015
7/29/2025 2:00,3.854999995
7/29/2025 3:00,3.451666693
7/29/2025 4:00,4.968333324
7/29/2025 5:00,10.50500002
7/29/2025 6:00,15.71500004
7/29/2025 7:00,16.38666659
7/29/2025 8:00,12.54833333
7/29/2025 9:00,17.28333337
7/29/2025 10:00,19.64333344
7/29/2025 11:00,14.93333329
7/29/2025 12:00,13.08225806
7/29/2025 13:00,12.36000004
7/29/2025 14:00,11.48833329
7/29/2025 15:00,11.81500001
7/29/2025 16:00,10.13833339
7/29/2025 17:00,12.50666664
7/29/2025 18:00,13.945
7/29/2025 19:00,15.90666663
7/29/2025 20:00,16.49833331
7/29/2025 21:00,19.73666668
7/29/2025 22:00,17.67333334
7/29/2025 23:00,13.46333329
7/30/2025,11.73333325
7/30/2025 1:00,12.28000003
7/30/2025 2:00,11.3199999
7/30/2025 3:00,11.98666663
7/30/2025 4:00,12.35500002
7/30/2025 5:00,11.55166672
7/30/2025 6:00,12.69166665
7/30/2025 7:00,19.72666667
7/30/2025 8:00,24.20333325
7/30/2025 9:00,23.8000001
7/30/2025 10:00,24.26166668
7/30/2025 11:00,17.86984126
7/30/2025 12:00,14.25500003
7/30/2025 13:00,15.41666659
7/30/2025 14:00,15.14833342
7/30/2025 15:00,12.03499998
7/30/2025 16:00,13.82000001
7/30/2025 17:00,8.761666608
7/30/2025 18:00,10.9716667
7/30/2025 19:00,14.03999998
7/30/2025 20:00,10.3066666
7/30/2025 21:00,9.61666673
7/30/2025 22:00,11.05999999
7/30/2025 23:00,11.305
7/31/2025,9.855000035
7/31/2025 1:00,10.45666671
7/31/2025 2:00,8.536666727
7/31/2025 3:00,9.054999987
7/31/2025 4:00,9.999999976
7/31/2025 5:00,12.14166663
7/31/2025 6:00,12.45666668
7/31/2025 7:00,14.00499994
7/31/2025 8:00,12.67333333
7/31/2025 9:00,20.50000011
7/31/2025 10:00,14.73999999
7/31/2025 11:00,11.92333331
7/31/2025 12:00,10.37580645
7/31/2025 13:00,8.296666662
7/31/2025 14:00,10.18
7/31/2025 15:00,8.321666654
7/31/2025 16:00,10.94833338
7/31/2025 17:00,14.58999995
7/31/2025 18:00,12.57499997
7/31/2025 19:00,11.74333329
7/31/2025 20:00,11.46333337
7/31/2025 21:00,8.116666675
7/31/2025 22:00,7.233333333
7/31/2025 23:00,5.838333321
8/1/2025,7.741666675
8/1/2025 1:00,6.961666663
8/1/2025 2:00,7.894999981
8/1/2025 3:00,9.698333375
8/1/2025 4:00,9.025
8/1/2025 5:00,12.68000003
8/1/2025 6:00,14.66333335
8/1/2025 7:00,16.58166656
8/1/2025 8:00,16.9383333
8/1/2025 9:00,12.4616667
8/1/2025 10:00,13.93333337
8/1/2025 11:00,14.07333334
8/1/2025 12:00,9.990163983
8/1/2025 13:00,9.141666746
8/1/2025 14:00,9.751666689
8/1/2025 15:00,10.4616667
8/1/2025 16:00,10.89166663
8/1/2025 17:00,12.68500001
8/1/2025 18:00,14.02500002
8/1/2025 19:00,13.42166661
8/1/2025 20:00,10.29666667
8/1/2025 21:00,8.829999963
8/1/2025 22:00,10.72333333
8/1/2025 23:00,9.959999967
8/2/2025,6.784999983
8/2/2025 1:00,7.268333332
8/2/2025 2:00,9.400000024
8/2/2025 3:00,8.2
8/2/2025 4:00,9.235000086
8/2/2025 5:00,12.57499999
8/2/2025 6:00,20.09833317
8/2/2025 7:00,24.55499999
8/2/2025 8:00,21.31333326
8/2/2025 9:00,25.6566666
8/2/2025 10:00,24.01666679
8/2/2025 11:00,16.7116666
8/2/2025 12:00,10.56833336
8/2/2025 13:00,9.92833329
8/2/2025 14:00,11.67666663
8/2/2025 15:00,13.59833334
8/2/2025 16:00,11.06333332
8/2/2025 17:00,10.10666667
8/2/2025 18:00,14.77000001
8/2/2025 19:00,12.33
8/2/2025 20:00,11.91500001
8/2/2025 21:00,10.79166668
8/2/2025 22:00,11.13166668
8/2/2025 23:00,6.823333351
8/3/2025,5.351666689
8/3/2025 1:00,5.798333351
8/3/2025 2:00,4.499999976
8/3/2025 3:00,4.561666652
8/3/2025 4:00,6.756666724
8/3/2025 5:00,9.326666681
8/3/2025 6:00,13.60833344
8/3/2025 7:00,14.26499996
8/3/2025 8:00,11.85
8/3/2025 9:00,11.40333334
8/3/2025 10:00,9.69000001
8/3/2025 11:00,6.453225813
8/3/2025 12:00,3.900000016
8/3/2025 13:00,3.716129026
8/3/2025 14:00,4.333333341
8/3/2025 15:00,6.276666689
8/3/2025 16:00,11.90999999
8/3/2025 17:00,8.413333281
8/3/2025 18:00,17.66499993
8/3/2025 19:00,17.59499989
8/3/2025 20:00,13.67833331
8/3/2025 21:00,12.18999999
8/3/2025 22:00,11.07666663
8/3/2025 23:00,12.36333337
8/4/2025,11.40500008
8/4/2025 1:00,10.00000003
8/4/2025 2:00,10.46166665
8/4/2025 3:00,11.2333334
8/4/2025 4:00,12.86333335
8/4/2025 5:00,13.97333336
8/4/2025 6:00,15.88500001
8/4/2025 7:00,15.64833333
8/4/2025 8:00,14.4
8/4/2025 9:00,13.35166672
8/4/2025 10:00,10.06000007
8/4/2025 11:00,8.281818188
8/4/2025 12:00,4.185937503
8/4/2025 13:00,8.711475392
8/4/2025 14:00,8.633333325
8/4/2025 15:00,9.670000037
8/4/2025 16:00,7.513333364
8/4/2025 17:00,9.103333267
8/4/2025 18:00,9.836666663
8/4/2025 19:00,17.58166663
8/4/2025 20:00,19.79499993
8/4/2025 21:00,20.2499999
8/4/2025 22:00,16.01379316
8/4/2025 23:00,10.75166667
8/5/2025,8.640000017
8/5/2025 1:00,9.531666668
8/5/2025 2:00,6.588333297
8/5/2025 3:00,8.206666676
8/5/2025 4:00,9.014999978
8/5/2025 5:00,5.73833336
8/5/2025 6:00,11.03166667
8/5/2025 7:00,16.88166669
8/5/2025 8:00,17.00166666
8/5/2025 9:00,17.75666671
8/5/2025 10:00,18.68666665
8/5/2025 11:00,10.60806451
8/5/2025 12:00,3.249999978
8/5/2025 13:00,7.301666689
8/5/2025 14:00,4.704999977
8/5/2025 15:00,5.044999989
8/5/2025 16:00,7.880327889
8/5/2025 17:00,7.558333357
8/5/2025 18:00,11.42333328
8/5/2025 19:00,18.05499999
8/5/2025 20:00,19.68833332
8/5/2025 21:00,19.19666662
8/5/2025 22:00,18.54166668
8/5/2025 23:00,17.01333332
8/6/2025,17.17833325
8/6/2025 1:00,13.2866667
8/6/2025 2:00,13.62000003
8/6/2025 3:00,13.36333334
8/6/2025 4:00,14.69333344
8/6/2025 5:00,18.5533333
8/6/2025 6:00,18.40500005
8/6/2025 7:00,23.76833334
8/6/2025 8:00,24.62499994
8/6/2025 9:00,16.32166667
8/6/2025 10:00,13.11833332
8/6/2025 11:00,15.07258068
8/6/2025 12:00,18.1682541
8/6/2025 13:00,13.12166669
8/6/2025 14:00,11.28166664
8/6/2025 15:00,11.29833335
8/6/2025 16:00,12.35666666
8/6/2025 17:00,12.88499999
8/6/2025 18:00,12.73333335
8/6/2025 19:00,12.85666669
8/6/2025 20:00,12.2783333
8/6/2025 21:00,11.75333333
8/6/2025 22:00,14.69500008
8/6/2025 23:00,16.69166665
8/7/2025,15.17666674
8/7/2025 1:00,14.41833334
8/7/2025 2:00,12.19000004
8/7/2025 3:00,12.43833329
8/7/2025 4:00,12.19333328
8/7/2025 5:00,17.53500005
8/7/2025 6:00,20.95500002
8/7/2025 7:00,22.35333328
8/7/2025 8:00,23.57833325
8/7/2025 9:00,21.47166659
8/7/2025 10:00,21.29499998
8/7/2025 11:00,19.63833338
8/7/2025 12:00,16.9883333
8/7/2025 13:00,10.68548387
8/7/2025 14:00,17.775
8/7/2025 15:00,18.26999987
8/7/2025 16:00,14.30999996
8/7/2025 17:00,17.03064509
8/7/2025 18:00,15.5866666
8/7/2025 19:00,18.28499994
8/7/2025 20:00,16.70166667
8/7/2025 21:00,17.43666673
8/7/2025 22:00,14.60500007
8/7/2025 23:00,13.57000001
8/8/2025,12.34333336
8/8/2025 1:00,7.415000025
8/8/2025 2:00,7.550000024
8/8/2025 3:00,8.710000046
8/8/2025 4:00,9.336666687
8/8/2025 5:00,11.62166667
8/8/2025 6:00,17.49333334
8/8/2025 7:00,14.49666662
8/8/2025 8:00,12.9383333
8/8/2025 9:00,12.85833334
8/8/2025 10:00,11.36666669
8/8/2025 11:00,10.65081964
8/8/2025 12:00,10.58196723
8/8/2025 13:00,7.473333359
8/8/2025 14:00,6.358333361
8/8/2025 15:00,6.464999982
8/8/2025 16:00,5.208333333
8/8/2025 17:00,5.96000003
8/8/2025 18:00,9.23499999
8/8/2025 19:00,12.005
8/8/2025 20:00,10.77166661
8/8/2025 21:00,13.9733333
8/8/2025 22:00,15.98666663
8/8/2025 23:00,14.54333334
8/9/2025,9.705000003
8/9/2025 1:00,9.416666659
8/9/2025 2:00,11.06999997
8/9/2025 3:00,10.57333333
8/9/2025 4:00,10.20333338
8/9/2025 5:00,14.35833333
8/9/2025 6:00,16.32833335
8/9/2025 7:00,20.1566666
8/9/2025 8:00,19.31333337
8/9/2025 9:00,21.97833331
8/9/2025 10:00,15.29000003
8/9/2025 11:00,13.63166665
8/9/2025 12:00,4.553333338
8/9/2025 13:00,12.885
8/9/2025 14:00,17.07166665
8/9/2025 15:00,9.916666619
8/9/2025 16:00,8.908333325
8/9/2025 17:00,11.10833337
8/9/2025 18:00,17.67166667
8/9/2025 19:00,18.21833332
8/9/2025 20:00,15.82500008
8/9/2025 21:00,14.06166665
8/9/2025 22:00,11.96333334
8/9/2025 23:00,12.47166661
8/10/2025,11.08333337
8/10/2025 1:00,12.1916667
8/10/2025 2:00,11.33833335
8/10/2025 3:00,11.39999998
8/10/2025 4:00,13.88499994
8/10/2025 5:00,11.45666667
8/10/2025 6:00,13.00500007
8/10/2025 7:00,14.84166668
8/10/2025 8:00,17.70666666
8/10/2025 9:00,16.88333337
8/10/2025 10:00,18.8699999
8/10/2025 11:00,15.72500006
8/10/2025 12:00,10.87333339
8/10/2025 13:00,9.86500001
8/10/2025 14:00,12.87333334
8/10/2025 15:00,12.74499995
8/10/2025 16:00,13.51500006
8/10/2025 17:00,19.9016665
8/10/2025 18:00,16.20500002
8/10/2025 19:00,16.60499994
8/10/2025 20:00,18.81833329
8/10/2025 21:00,12.72999992
8/10/2025 22:00,12.79499997
8/10/2025 23:00,15.01833331
8/11/2025,13.51833331
8/11/2025 1:00,11.91499995
8/11/2025 2:00,10.76833337
8/11/2025 3:00,10.60500002
8/11/2025 4:00,9.85333333
8/11/2025 5:00,13.90666668
8/11/2025 6:00,16.30999996
8/11/2025 7:00,16.99666669
8/11/2025 8:00,19.61333329
8/11/2025 9:00,16.64500017
8/11/2025 10:00,16.57611947
8/11/2025 11:00,11.85000004
8/11/2025 12:00,14.74477601
8/11/2025 13:00,19.78709676
8/11/2025 14:00,20.57166664
8/11/2025 15:00,16.69333329
8/11/2025 16:00,10.44000004
8/11/2025 17:00,11.99499997
8/11/2025 18:00,11.79333332
8/11/2025 19:00,15.82666664
8/11/2025 20:00,13.56833331
8/11/2025 21:00,16.73333327
8/11/2025 22:00,12.37333339
8/11/2025 23:00,9.28166666
8/12/2025,12.70499996
8/12/2025 1:00,11.31333332
8/12/2025 2:00,9.650000024
8/12/2025 3:00,10.23000003
8/12/2025 4:00,10.87333337
8/12/2025 5:00,14.04833341
8/12/2025 6:00,14.55166661
8/12/2025 7:00,15.35500002
8/12/2025 8:00,20.85833332
8/12/2025 9:00,20.31499999
8/12/2025 10:00,10.8671642
8/12/2025 11:00,11.14444443
8/12/2025 12:00,9.275384646
8/12/2025 13:00,9.065671622
8/12/2025 14:00,10.055
8/12/2025 15:00,11.91746021
8/12/2025 16:00,11.4316667
8/12/2025 17:00,13.74999992
8/12/2025 18:00,19.14499992
8/12/2025 19:00,15.48833334
8/12/2025 20:00,17.22166657
8/12/2025 21:00,16.86166666
8/12/2025 22:00,14.32166661
8/12/2025 23:00,13.09833333
8/13/2025,13.695
8/13/2025 1:00,8.976666665
8/13/2025 2:00,8.435000046
8/13/2025 3:00,7.416666706
8/13/2025 4:00,6.194999989
8/13/2025 5:00,7.023333391
8/13/2025 6:00,9.748333375
8/13/2025 7:00,14.24333336
8/13/2025 8:00,18.07333336
8/13/2025 9:00,18.43333338
8/13/2025 10:00,17.36093742
8/13/2025 11:00,17.69999996
8/13/2025 12:00,8.393650808
8/13/2025 13:00,2.909523805
8/13/2025 14:00,3.409999996
8/13/2025 15:00,4.990322578
8/13/2025 16:00,11.44000001
8/13/2025 17:00,11.39333332
8/13/2025 18:00,13.88000003
8/13/2025 19:00,16.58666677
8/13/2025 20:00,15.53333338
8/13/2025 21:00,12.40499996
8/13/2025 22:00,9.495000013
8/13/2025 23:00,8.476666689
8/14/2025,8.578333298
8/14/2025 1:00,9.145000005
8/14/2025 2:00,9.001666705
8/14/2025 3:00,8.803333298
8/14/2025 4:00,9.388333408
8/14/2025 5:00,13.32499998
8/14/2025 6:00,16.90833324
8/14/2025 7:00,23.47666664
8/14/2025 8:00,23.27166665
8/14/2025 9:00,27.54499998
8/14/2025 10:00,22.55166677
8/14/2025 11:00,12.02
8/14/2025 12:00,13.33230768
8/14/2025 13:00,10.86000003
8/14/2025 14:00,8.966666659
8/14/2025 15:00,7.653333338
8/14/2025 16:00,12.73166666
8/14/2025 17:00,13.70499996
8/14/2025 18:00,18.5016667
8/14/2025 19:00,14.37833331
8/14/2025 20:00,16.05500002
8/14/2025 21:00,11.83333333
8/14/2025 22:00,10.93166666
8/14/2025 23:00,11.63666668
8/15/2025,12.67666663
8/15/2025 1:00,8.903333338
8/15/2025 2:00,10.15666664
8/15/2025 3:00,11.19833333
8/15/2025 4:00,11.86166669
8/15/2025 5:00,15.12499999
8/15/2025 6:00,17.0533333
8/15/2025 7:00,14.68166671
8/15/2025 8:00,18.30833329
8/15/2025 9:00,20.28333332
8/15/2025 10:00,14.43499995
8/15/2025 11:00,7.824590198
8/15/2025 12:00,10.52258072
8/15/2025 13:00,9.579999987
8/15/2025 14:00,10.35499996
8/15/2025 15:00,8.568333356
8/15/2025 16:00,8.849180315
8/15/2025 17:00,9.656666644
8/15/2025 18:00,12.6366667
8/15/2025 19:00,13.84166663
8/15/2025 20:00,15.83666666
8/15/2025 21:00,12.28499994
8/15/2025 22:00,11.50166666
8/15/2025 23:00,14.64666667
8/16/2025,15.28833327
8/16/2025 1:00,14.01833331
8/16/2025 2:00,12.75333327
8/16/2025 3:00,11.72666667
8/16/2025 4:00,14.86333335
8/16/2025 5:00,14.28499994
8/16/2025 6:00,16.13166676
8/16/2025 7:00,18.16666673
8/16/2025 8:00,15.09166667
8/16/2025 9:00,14.27999997
8/16/2025 10:00,12.29666666
8/16/2025 11:00,15.83499999
8/16/2025 12:00,11.40000006
8/16/2025 13:00,12.39833337
8/16/2025 14:00,11.17333336
8/16/2025 15:00,7.455000027
8/16/2025 16:00,9.723333311
8/16/2025 17:00,12.03499996
8/16/2025 18:00,15.70166661
8/16/2025 19:00,20.47666658
8/16/2025 20:00,20.89298255
8/16/2025 21:00,19.85666671
8/16/2025 22:00,14.97166665
8/16/2025 23:00,11.61166671
8/17/2025,9.648333303
8/17/2025 1:00,8.228333322
8/17/2025 2:00,8.368333364
8/17/2025 3:00,8.156666684
8/17/2025 4:00,8.853333306
8/17/2025 5:00,12.58999995
8/17/2025 6:00,18.78499996
8/17/2025 7:00,24.32166662
8/17/2025 8:00,21.35666668
8/17/2025 9:00,18.86250007
8/17/2025 10:00,17.31166671
8/17/2025 11:00,10.3390625
8/17/2025 12:00,12.71967212
8/17/2025 13:00,12.21833332
8/17/2025 14:00,11.94000007
8/17/2025 15:00,17.22333336
8/17/2025 16:00,7.421666716
8/17/2025 17:00,10.39
8/17/2025 18:00,12.92833342
8/17/2025 19:00,11.88666668
8/17/2025 20:00,15.37000001
8/17/2025 21:00,14.49000006
8/17/2025 22:00,9.094999989
8/17/2025 23:00,9.306666629
8/18/2025,8.763333376
8/18/2025 1:00,8.030000019
8/18/2025 2:00,7.713333321
8/18/2025 3:00,9.236666679
8/18/2025 4:00,11.2716667
8/18/2025 5:00,12.95666661
8/18/2025 6:00,19.30166675
8/18/2025 7:00,23.89999994
8/18/2025 8:00,24.80200005
8/18/2025 9:00,23.79666659
8/18/2025 10:00,16.96461523
8/18/2025 11:00,16.49843752
8/18/2025 12:00,17.60923073
8/18/2025 13:00,13.74516133
8/18/2025 14:00,11.21166666
8/18/2025 15:00,11.31000006
8/18/2025 16:00,15.89666665
8/18/2025 17:00,6.549999956
8/18/2025 18:00,22.28666665
8/18/2025 19:00,17.45
8/18/2025 20:00,10.92999999
8/18/2025 21:00,9.014999922
8/18/2025 22:00,8.171666662
8/18/2025 23:00,6.951666697
8/19/2025,7.951666689
8/19/2025 1:00,8.216666667
8/19/2025 2:00,8.443333348
8/19/2025 3:00,6.855000019
8/19/2025 4:00,9.990000041
8/19/2025 5:00,14.46666657
8/19/2025 6:00,19.68166663
8/19/2025 7:00,24.88999996
8/19/2025 8:00,18.90166657
8/19/2025 9:00,15.43166668
8/19/2025 10:00,13.59833341
8/19/2025 11:00,9.766666675
8/19/2025 12:00,10.35333336
8/19/2025 13:00,12.01333329
8/19/2025 14:00,13.28499997
8/19/2025 15:00,13.51000005
8/19/2025 16:00,14.27166672
8/19/2025 17:00,12.8983333
8/19/2025 18:00,18.075
8/19/2025 19:00,23.82666658
8/19/2025 20:00,23.98999999
8/19/2025 21:00,21.30833333
8/19/2025 22:00,18.37499998
8/19/2025 23:00,10.1566667
8/20/2025,12.25666662
8/20/2025 1:00,13.31000007
8/20/2025 2:00,15.29166656
8/20/2025 3:00,16.89500001
8/20/2025 4:00,17.05833335
8/20/2025 5:00,21.97999989
8/20/2025 6:00,23.88666668
8/20/2025 7:00,21.6583334
8/20/2025 8:00,24.66000001
8/20/2025 9:00,22.89500003
8/20/2025 10:00,17.53333337
8/20/2025 11:00,12.71166665
8/20/2025 12:00,11.69500004
8/20/2025 13:00,8.819999973
8/20/2025 14:00,12.35666673
8/20/2025 15:00,14.58833338
8/20/2025 16:00,9.60333341
8/20/2025 17:00,14.65833335
8/20/2025 18:00,13.71833336
8/20/2025 19:00,19.10499993
8/20/2025 20:00,23.29500019
8/20/2025 21:00,15.86000001
8/20/2025 22:00,8.598333351
8/20/2025 23:00,8.763333329
8/21/2025,8.171666686
8/21/2025 1:00,7.823333319
8/21/2025 2:00,5.813333329
8/21/2025 3:00,5.725000016
8/21/2025 4:00,7.85999999
8/21/2025 5:00,12.39500004
8/21/2025 6:00,15.20500005
8/21/2025 7:00,18.17999996
8/21/2025 8:00,16.99333337
8/21/2025 9:00,21.14166681
8/21/2025 10:00,17.97968754
8/21/2025 11:00,16.67031249
8/21/2025 12:00,14.70606057
8/21/2025 13:00,11.14833334
8/21/2025 14:00,9.571666725
8/21/2025 15:00,14.51666674
8/21/2025 16:00,15.75166674
8/21/2025 17:00,15.34999998
8/21/2025 18:00,15.22500006
8/21/2025 19:00,10.0483333
8/21/2025 20:00,9.153333346
8/21/2025 21:00,8.480000051
8/21/2025 22:00,7.545000005
8/21/2025 23:00,6.263333344
8/22/2025,5.328333298
8/22/2025 1:00,5.110000006
8/22/2025 2:00,4.336666656
8/22/2025 3:00,4.519999993
8/22/2025 4:00,3.964999994
8/22/2025 5:00,6.263333344
8/22/2025 6:00,10.17666663
8/22/2025 7:00,8.838333305
8/22/2025 8:00,13.62499994
8/22/2025 9:00,18.84333344
8/22/2025 10:00,19.19166673
8/22/2025 11:00,11.09000003
8/22/2025 12:00,8.548333335
8/22/2025 13:00,7.915000017
8/22/2025 14:00,10.63333338
8/22/2025 15:00,9.256666668
8/22/2025 16:00,11.65000006
8/22/2025 17:00,18.38166682
8/22/2025 18:00,20.08833332
8/22/2025 19:00,9.373333375
8/22/2025 20:00,7.801666651
8/22/2025 21:00,3.694999995
8/22/2025 22:00,5.835000002
8/22/2025 23:00,4.521666656
8/23/2025,2.314814824
8/23/2025 1:00,1.696551716
8/23/2025 2:00,3.08666666
8/23/2025 3:00,2.9933333
8/23/2025 4:00,4.923333359
8/23/2025 5:00,5.289999982
8/23/2025 6:00,7.576666681
8/23/2025 7:00,7.755000003
8/23/2025 8:00,7.480000019
8/23/2025 9:00,9.574999968
8/23/2025 10:00,11.19833335
8/23/2025 11:00,8.233333329
8/23/2025 12:00,6.103333346
8/23/2025 13:00,5.15333333
8/23/2025 14:00,6.158333337
8/23/2025 15:00,6.889999994
8/23/2025 16:00,7.153333394
8/23/2025 17:00,7.033333349
8/23/2025 18:00,8.471666694
8/23/2025 19:00,10.36166661
8/23/2025 20:00,8.780000011
8/23/2025 21:00,10.75333335
8/23/2025 22:00,12.54000006
8/23/2025 23:00,9.116666643
8/24/2025,9.21500001
8/24/2025 1:00,8.018333324
8/24/2025 2:00,7.82000006
8/24/2025 3:00,7.436666695
8/24/2025 4:00,10.1233333
8/24/2025 5:00,12.61166665
8/24/2025 6:00,17.80833341
8/24/2025 7:00,16.33999999
8/24/2025 8:00,17.90499996
8/24/2025 9:00,19.6083333
8/24/2025 10:00,19.14677422
8/24/2025 11:00,16.5241935
8/24/2025 12:00,10.88906254
8/24/2025 13:00,5.904999987
8/24/2025 14:00,9.869999989
8/24/2025 15:00,9.195000013
8/24/2025 16:00,9.933333317
8/24/2025 17:00,6.703333322
8/24/2025 18:00,9.396666694
8/24/2025 19:00,26.28666668
8/24/2025 20:00,21.78333329
8/24/2025 21:00,13.00999999
8/24/2025 22:00,14.6983333
8/24/2025 23:00,16.34666672
8/25/2025,12.91499999
8/25/2025 1:00,10.99333334
8/25/2025 2:00,7.990000017
8/25/2025 3:00,9.623333375
8/25/2025 4:00,11.75166668
8/25/2025 5:00,12.9683334
8/25/2025 6:00,16.67166681
8/25/2025 7:00,23.44499998
8/25/2025 8:00,21.27166669
8/25/2025 9:00,17.26333332
8/25/2025 10:00,14.25873012
8/25/2025 11:00,11.06885243
8/25/2025 12:00,9.416666659
8/25/2025 13:00,6.29666667
8/25/2025 14:00,32.2166665
8/25/2025 15:00,22.01147555
8/25/2025 19:00,12.90000002
8/25/2025 20:00,13.51166664
8/25/2025 21:00,15.03666677
8/25/2025 22:00,16.91666671
8/25/2025 23:00,12.69833336
8/26/2025,13.27333331
8/26/2025 1:00,13.27333331
8/26/2025 2:00,14.17999996
8/26/2025 3:00,12.13
8/26/2025 4:00,12.59333334
8/26/2025 5:00,16.55999997
8/26/2025 6:00,22.47333328
8/26/2025 7:00,20.80333347
8/26/2025 8:00,22.2
8/26/2025 9:00,23.15333335
8/26/2025 10:00,19.20983605
8/26/2025 11:00,22.79833339
8/26/2025 12:00,23.88999996
8/26/2025 13:00,15.84833333
8/26/2025 14:00,37.00166677
8/26/2025 15:00,30.28000011
8/26/2025 16:00,33.07166643
8/26/2025 17:00,18.87000014
8/26/2025 18:00,15.20999997
8/26/2025 19:00,11.24166667
8/26/2025 20:00,8.661666671
8/26/2025 21:00,8.986666656
8/26/2025 22:00,11.22500002
8/26/2025 23:00,8.791666714
8/27/2025,9.65333337
8/27/2025 1:00,10.73666666
8/27/2025 2:00,14.15666666
8/27/2025 3:00,14.99333334
8/27/2025 4:00,14.79666669
8/27/2025 5:00,14.60166674
8/27/2025 6:00,20.155
8/27/2025 7:00,17.62166669
8/27/2025 8:00,17.83833326
8/27/2025 9:00,18.62499995
8/27/2025 10:00,18.41333334
8/27/2025 11:00,21.21406245
8/27/2025 12:00,20.46935478
8/27/2025 13:00,20.80000006
8/27/2025 14:00,17.53934424
8/27/2025 15:00,12.03999995
8/27/2025 16:00,12.55333333
8/27/2025 17:00,15.12166669
8/27/2025 18:00,16.22999997
8/27/2025 19:00,14.88833337
8/27/2025 20:00,13.50999997
8/27/2025 21:00,11.1766667
8/27/2025 22:00,11.50833333
8/27/2025 23:00,11.4583333
8/28/2025,10.00666664
8/28/2025 1:00,8.611666703
8/28/2025 2:00,7.101666657
8/28/2025 3:00,6.093333316
8/28/2025 4:00,5.375000008
8/28/2025 5:00,6.473333351
8/28/2025 6:00,10.16666675
8/28/2025 7:00,9.195000029
8/28/2025 8:00,13.74000003
8/28/2025 9:00,18.02666669
8/28/2025 10:00,12.2483333
8/28/2025 11:00,15.16166662
8/28/2025 12:00,14.30833337
8/28/2025 13:00,13.09843746
8/28/2025 14:00,12.30000006
8/28/2025 15:00,13.90833338
8/28/2025 16:00,13.63666665
8/28/2025 17:00,16.95666664
8/28/2025 18:00,15.71666663
8/28/2025 19:00,19.40333344
8/28/2025 20:00,16.45166678
8/28/2025 21:00,10.87666666
8/28/2025 22:00,11.2583334
8/28/2025 23:00,11.65166667
8/29/2025,10.70500002
8/29/2025 1:00,8.284999998
8/29/2025 2:00,7.706666652
8/29/2025 3:00,8.159999998
8/29/2025 4:00,6.81833334
8/29/2025 5:00,8.570000021
8/29/2025 6:00,9.020000037
8/29/2025 7:00,13.21333339
8/29/2025 8:00,17.87833338
8/29/2025 9:00,14.94333336
8/29/2025 10:00,13.83114754
8/29/2025 11:00,12.48620691
8/29/2025 12:00,14.48125002
8/29/2025 13:00,20.43666668
8/29/2025 14:00,17.78333343
8/29/2025 15:00,17.78166669
8/29/2025 16:00,13.96666671
8/29/2025 17:00,13.13833329
8/29/2025 18:00,16.06499996
8/29/2025 19:00,14.36333332
8/29/2025 20:00,13.81833329
8/29/2025 21:00,14.22499994
8/29/2025 22:00,14.37999994
8/29/2025 23:00,13.85833338
8/30/2025,13.33666673
8/30/2025 1:00,7.863333321
8/30/2025 2:00,5.29666667
8/30/2025 3:00,7.111666687
8/30/2025 4:00,7.384999983
8/30/2025 5:00,9.986666695
8/30/2025 6:00,13.11666662
8/30/2025 7:00,14.5616667
8/30/2025 8:00,14.33666667
8/30/2025 9:00,18.44833344
8/30/2025 10:00,18.90166655
8/30/2025 11:00,17.17166661
8/30/2025 12:00,14.91833336
8/30/2025 13:00,11.65499996
8/30/2025 14:00,11.17500003
8/30/2025 15:00,11.31999999
8/30/2025 16:00,8.866666698
8/30/2025 17:00,13.63666669
8/30/2025 18:00,11.45499998
8/30/2025 19:00,6.336666679
8/30/2025 20:00,10.0433334
8/30/2025 21:00,10.86333331
8/30/2025 22:00,7.785000062
8/30/2025 23:00,7.893333316
8/31/2025,8.976666649
8/31/2025 1:00,12.83666666
8/31/2025 2:00,11.58500001
8/31/2025 3:00,7.289999986
8/31/2025 4:00,7.543333332
8/31/2025 5:00,8.65000004
8/31/2025 6:00,13.9183334
8/31/2025 7:00,14.90333333
8/31/2025 8:00,16.03499991
8/31/2025 9:00,16.3166667
8/31/2025 10:00,16.70499992
8/31/2025 11:00,15.7061538
8/31/2025 12:00,16.45373138
8/31/2025 13:00,12.96349206
8/31/2025 14:00,12.5693549
8/31/2025 15:00,15.08888877
8/31/2025 16:00,12.11999998
8/31/2025 17:00,10.57833328
8/31/2025 18:00,17.34237298
8/31/2025 19:00,23.29818164
8/31/2025 20:00,21.11833328
8/31/2025 21:00,18.91833342
8/31/2025 22:00,10.22666663
8/31/2025 23:00,9.053333354
9/1/2025,10.82833325
9/1/2025 1:00,14.59499998
9/1/2025 2:00,13.69333332
9/1/2025 3:00,13.70999997
9/1/2025 4:00,14.33166664
9/1/2025 5:00,17.35333338
9/1/2025 6:00,21.1866667
9/1/2025 7:00,22.31499996
9/1/2025 8:00,21.55500002
9/1/2025 9:00,16.07166659
9/1/2025 10:00,11.60655731
9/1/2025 11:00,11.70447764
9/1/2025 12:00,11.37397261
9/1/2025 13:00,13.57419359
9/1/2025 14:00,11.28666668
9/1/2025 15:00,11.40666668
9/1/2025 16:00,11.00967743
9/1/2025 17:00,15.65483867
9/1/2025 18:00,14.1166667
9/1/2025 19:00,22.63500001
9/1/2025 20:00,24.24333334
9/1/2025 21:00,15.97096777
9/1/2025 22:00,15.7625
9/1/2025 23:00,14.16875
9/2/2025,8.780645171
9/2/2025 1:00,6.495000013
9/2/2025 2:00,9.210714289
9/2/2025 3:00,8.694915206
9/2/2025 4:00,6.886885237
9/2/2025 5:00,13.28275858
9/2/2025 6:00,16.67000004
9/2/2025 7:00,21.8916666
9/2/2025 8:00,19.12499992
9/2/2025 9:00,16.50666664
9/2/2025 10:00,15.17068968
9/2/2025 11:00,11.34385967
9/2/2025 12:00,9.379687496
9/2/2025 13:00,8.771666702
9/2/2025 14:00,13.10468745
9/2/2025 15:00,13.34237289
9/2/2025 16:00,12.78387094
9/2/2025 17:00,12.49137933
9/2/2025 18:00,12.26333337
9/2/2025 19:00,17.95645155
9/2/2025 20:00,13.64333332
9/2/2025 21:00,11.68448284
9/2/2025 22:00,8.791379337
9/2/2025 23:00,17.85500045
9/3/2025,7.391666691
9/3/2025 1:00,6.475000024
9/3/2025 2:00,6.346666614
9/3/2025 3:00,7.831666684
9/3/2025 4:00,7.386666671
9/3/2025 5:00,15.67666664
9/3/2025 6:00,20.94166671
9/3/2025 7:00,21.72499994
9/3/2025 8:00,20.29333336
9/3/2025 9:00,16.68833329
9/3/2025 10:00,17.07903224
9/3/2025 11:00,15.94444439
9/3/2025 12:00,11.38999994
9/3/2025 13:00,16.0568966
9/3/2025 14:00,11.66666671
9/3/2025 15:00,12.16833329
9/3/2025 16:00,11.98166672
9/3/2025 17:00,12.74833333
9/3/2025 18:00,10.78709675
9/3/2025 19:00,12.42166666
9/3/2025 20:00,8.693333387
9/3/2025 21:00,9.725925975
9/3/2025 22:00,11.39833339
9/3/2025 23:00,12.12833331
9/4/2025,9.756896504
9/4/2025 1:00,10.27166665
9/4/2025 2:00,10.19032265
9/4/2025 3:00,9.252380961
9/4/2025 4:00,10.2032258
9/4/2025 5:00,12.43333337
9/4/2025 6:00,16.78965508
9/4/2025 7:00,16.61290321
9/4/2025 8:00,20.07868848
9/4/2025 9:00,14.28448266
9/4/2025 10:00,13.48500005
9/4/2025 11:00,11.29333332
9/4/2025 12:00,9.554098333
9/4/2025 13:00,9.95333337
9/4/2025 14:00,8.92586209
9/4/2025 15:00,7.356666708
9/4/2025 16:00,7.554838727
9/4/2025 17:00,8.811666727
9/4/2025 18:00,12.1983333
9/4/2025 19:00,24.05999999
9/4/2025 20:00,21.12586199
9/4/2025 21:00,21.3568966
9/4/2025 22:00,19.81333334
9/4/2025 23:00,16.25344832
9/5/2025,17.14999995
9/5/2025 1:00,14.72166667
9/5/2025 2:00,13.99666667
9/5/2025 3:00,10.29999995
9/5/2025 4:00,10.57000001
9/5/2025 5:00,15.74166656
9/5/2025 6:00,15.99500001
9/5/2025 7:00,17.77333341
9/5/2025 8:00,28.75999997
9/5/2025 9:00,23.87333326
9/5/2025 10:00,16.44166654
9/5/2025 11:00,12.34499993
9/5/2025 12:00,17.10333347
9/5/2025 13:00,15.74833337
9/5/2025 14:00,23.64000018
9/5/2025 15:00,15.20666674
9/5/2025 16:00,10.96612902
9/5/2025 17:00,11.80333336
9/5/2025 18:00,22.16612911
9/5/2025 19:00,21.77500002
9/5/2025 20:00,12.77500002
9/5/2025 21:00,10.46166668
9/5/2025 22:00,12.81333338
9/5/2025 23:00,15.18999991
9/6/2025,17.32333331
9/6/2025 1:00,9.906666684
9/6/2025 2:00,7.933928524
9/6/2025 3:00,6.606666656
9/6/2025 4:00,8.283870982
9/6/2025 5:00,11.34833337
9/6/2025 6:00,14.81999997
9/6/2025 7:00,16.4883335
9/6/2025 8:00,15.34999997
9/6/2025 9:00,20.81499999
9/6/2025 10:00,21.9483333
9/6/2025 11:00,16.32833335
9/6/2025 12:00,15.36999997
9/6/2025 13:00,13.61166666
9/6/2025 14:00,14.51000001
9/6/2025 15:00,12.49833336
9/6/2025 16:00,11.56166673
9/6/2025 17:00,10.06666667
9/6/2025 18:00,12.08500004
9/6/2025 19:00,15.63999998
9/6/2025 20:00,14.24666661
9/6/2025 21:00,16.16333334
9/6/2025 22:00,15.2233333
9/6/2025 23:00,7.593333324
9/7/2025,7.946666686
9/7/2025 1:00,10.44499998
9/7/2025 2:00,9.236666719
9/7/2025 3:00,7.37833333
9/7/2025 4:00,9.131666684
9/7/2025 5:00,13.03333333
9/7/2025 6:00,18.93833326
9/7/2025 7:00,25.99032261
9/7/2025 8:00,21.30833324
9/7/2025 9:00,20.01639349
9/7/2025 10:00,15.81500001
9/7/2025 11:00,15.54807703
9/7/2025 12:00,15.76500004
9/7/2025 13:00,15.22833336
9/7/2025 14:00,14.805
9/7/2025 15:00,18.38999998
9/7/2025 16:00,15.75000003
9/7/2025 17:00,17.96333334
9/7/2025 18:00,17.74137933
9/7/2025 19:00,18.30166667
9/7/2025 20:00,20.96000002
9/7/2025 21:00,26.04333328
9/7/2025 22:00,18.78833326
9/7/2025 23:00,16.57419363
9/8/2025,13.40483878
9/8/2025 1:00,13.5
9/8/2025 2:00,12.58333333
9/8/2025 3:00,14.29166668
9/8/2025 4:00,16.00666672
9/8/2025 5:00,20.14499989
9/8/2025 6:00,21.05333331
9/8/2025 7:00,25.12833331
9/8/2025 8:00,27.43333343
9/8/2025 9:00,30.02166659
9/8/2025 10:00,25.49210531
9/8/2025 11:00,22.09861109
9/8/2025 12:00,17.3749999
9/8/2025 13:00,14.65079367
9/8/2025 14:00,15.37903227
9/8/2025 15:00,16.88307687
9/8/2025 16:00,17.45322597
9/8/2025 17:00,19.85666677
9/8/2025 18:00,19.92333333
9/8/2025 19:00,20.40333335
9/8/2025 20:00,19.87333336
9/8/2025 21:00,19.89833336
9/8/2025 22:00,20.48999996
9/8/2025 23:00,19.23666668
9/9/2025,19.66833321
9/9/2025 1:00,20.73833326
9/9/2025 2:00,19.80000013
9/9/2025 3:00,19.75999997
9/9/2025 4:00,19.32000011
9/9/2025 5:00,17.52833331
9/9/2025 6:00,19.17166653
9/9/2025 7:00,24.09000006
9/9/2025 8:00,31.62666683
9/9/2025 9:00,32.3966665
9/9/2025 10:00,29.50999997
9/9/2025 11:00,22.65999988
9/9/2025 12:00,21.80666669
9/9/2025 13:00,28.39499998
9/9/2025 14:00,22.94666673
9/9/2025 15:00,25.47666667
9/9/2025 16:00,18.56999984
9/9/2025 17:00,18.29000003
9/9/2025 18:00,23.52833341
9/9/2025 19:00,27.49333331
9/9/2025 20:00,23.67999996
9/9/2025 21:00,27.19166679
9/9/2025 22:00,19.64499992
9/9/2025 23:00,26.26885245
9/10/2025,27.22999989
9/10/2025 1:00,31.38333346
9/10/2025 2:00,38.42499997
9/10/2025 3:00,69.0066672
9/10/2025 4:00,60.25833321
9/10/2025 5:00,21.54833336
9/10/2025 6:00,22.6250001
9/10/2025 7:00,20.32333323
9/10/2025 8:00,20.21333332
9/10/2025 9:00,25.10499996
9/10/2025 10:00,29.65500011
9/10/2025 11:00,36.83166688
9/10/2025 12:00,39.78166663
9/10/2025 13:00,53.2233333
9/10/2025 14:00,41.69166673
9/10/2025 15:00,18.90999993
9/10/2025 16:00,14.78833337
9/10/2025 17:00,13.94666667
9/10/2025 18:00,15.96333337
9/10/2025 19:00,19.65666672
9/10/2025 20:00,18.25483873
9/10/2025 21:00,15.79000004
9/10/2025 22:00,15.61833332
9/10/2025 23:00,21.46499999
9/11/2025,17.7766667
9/11/2025 1:00,16.3899999
9/11/2025 2:00,21.10166658
9/11/2025 3:00,21.48833335
9/11/2025 4:00,13.87999997
9/11/2025 5:00,8.906666676
9/11/2025 6:00,7.499999984
9/11/2025 7:00,6.04666669
9/11/2025 8:00,7.308333369
9/11/2025 9:00,6.310000006
9/11/2025 10:00,6.296666678
9/11/2025 11:00,10.68166668
9/11/2025 12:00,16.41833328
9/11/2025 13:00,21.50499999
9/11/2025 14:00,9.106666676
9/11/2025 15:00,6.548333299
9/11/2025 16:00,4.058333357
9/11/2025 17:00,5.531666656
9/11/2025 18:00,8.316666667
9/11/2025 19:00,12.94166671
9/11/2025 20:00,12.65499997
9/11/2025 21:00,18.22833344
9/11/2025 22:00,13.99666664
9/11/2025 23:00,11.98000005
9/12/2025,11.53833334
9/12/2025 1:00,11.8166667
9/12/2025 2:00,11.85499997
9/12/2025 3:00,11.81500003
9/12/2025 4:00,15.28833335
9/12/2025 5:00,20.66333335
9/12/2025 6:00,18.81166657
9/12/2025 7:00,25.07500016
9/12/2025 8:00,33.95499999
9/12/2025 9:00,26.99166651
9/12/2025 10:00,15.26444456
9/12/2025 13:00,17.37166661
9/12/2025 14:00,14.75166664
9/12/2025 15:00,13.54833331
9/12/2025 16:00,8.171666741
9/12/2025 17:00,13.945
9/12/2025 18:00,23.19333336
9/12/2025 19:00,26.84833326
9/12/2025 20:00,27.9666667
9/12/2025 21:00,22.18333324
9/12/2025 22:00,19.35666679
9/12/2025 23:00,16.61666678
9/13/2025,14.85500003
9/13/2025 1:00,13.77000004
9/13/2025 2:00,12.08
9/13/2025 3:00,12.32833333
9/13/2025 4:00,12.96999998
9/13/2025 5:00,13.31166665
9/13/2025 6:00,15.55833344
9/13/2025 7:00,16.52500013
9/13/2025 8:00,25.61833321
9/13/2025 9:00,21.22166673
9/13/2025 10:00,17.19833333
9/13/2025 11:00,15.50166666
9/13/2025 12:00,11.81833326
9/13/2025 13:00,8.214999986
9/13/2025 14:00,6.35999999
9/13/2025 15:00,7.390000019
9/13/2025 16:00,7.61666673
9/13/2025 17:00,7.738333384
9/13/2025 18:00,8.900000024
9/13/2025 19:00,11.51500003
9/13/2025 20:00,10.42833338
9/13/2025 21:00,11.52333333
9/13/2025 22:00,13.5449999
9/13/2025 23:00,11.12833325
9/14/2025,9.791666643
9/14/2025 1:00,9.331666724
9/14/2025 2:00,9.025000064
9/14/2025 3:00,10.40999996
9/14/2025 4:00,10.47500002
9/14/2025 5:00,12.0333333
9/14/2025 6:00,16.29333332
9/14/2025 7:00,17.52666656
9/14/2025 8:00,28.04666662
9/14/2025 9:00,33.05000006
9/14/2025 10:00,24.69999992
9/14/2025 11:00,17.85166669
9/14/2025 12:00,13.91500006
9/14/2025 13:00,14.36833329
9/14/2025 14:00,12.07500003
9/14/2025 15:00,13.68666668
9/14/2025 16:00,20.90166677
9/14/2025 17:00,19.27833335
9/14/2025 18:00,20.40166661
9/14/2025 19:00,26.29666672
9/14/2025 20:00,23.25499991
9/14/2025 21:00,15.17166673
9/14/2025 22:00,15.94833334
9/14/2025 23:00,13.74333332
9/15/2025,7.091666627
9/15/2025 1:00,3.926666653
9/15/2025 2:00,3.463333333
9/15/2025 3:00,4.064999978
9/15/2025 4:00,3.076666651
9/15/2025 5:00,4.008333333
9/15/2025 6:00,6.268333356
9/15/2025 7:00,9.256666636
9/15/2025 8:00,14.7783333
9/15/2025 9:00,17.40999999
9/15/2025 10:00,14.48500002
9/15/2025 11:00,13.74833328
9/15/2025 12:00,16.55737697
9/15/2025 13:00,18.22333339
9/15/2025 14:00,16.73833329
9/15/2025 15:00,14.42333333
9/15/2025 16:00,13.96000004
9/15/2025 17:00,15.47000004
9/15/2025 18:00,12.38333335
9/15/2025 19:00,11.90500003
9/15/2025 20:00,9.4066667
9/15/2025 21:00,7.603333346
9/15/2025 22:00,8.984999983
9/15/2025 23:00,8.685000014
9/16/2025,7.746666638
9/16/2025 1:00,9.399999992
9/16/2025 2:00,11.01999998
9/16/2025 3:00,12.59333331
9/16/2025 4:00,11.35833329
9/16/2025 5:00,9.89666667
9/16/2025 6:00,15.67833336
9/16/2025 7:00,16.85166661
9/16/2025 8:00,20.16666667
9/16/2025 9:00,15.24999998
9/16/2025 10:00,13.31333327
9/16/2025 11:00,12.21833336
9/16/2025 12:00,7.741666714
9/16/2025 13:00,5.513333356
9/16/2025 14:00,7.270000021
9/16/2025 15:00,8.678333298
9/16/2025 16:00,7.926666697
9/16/2025 17:00,5.859999975
9/16/2025 18:00,8.185000046
9/16/2025 19:00,15.2
9/16/2025 20:00,23.28499997
9/16/2025 21:00,24.49500008
9/16/2025 22:00,17.18333333
9/16/2025 23:00,20.03166664
9/17/2025,13.36500003
9/17/2025 1:00,10.21166666
9/17/2025 2:00,3.668333324
9/17/2025 3:00,4.308333313
9/17/2025 4:00,5.269999985
9/17/2025 5:00,6.01833334
9/17/2025 6:00,13.90833321
9/17/2025 7:00,15.54166668
9/17/2025 8:00,15.31833336
9/17/2025 9:00,16.16333334
9/17/2025 10:00,11.26666662
9/17/2025 11:00,9.583333294
9/17/2025 12:00,14.75833335
9/17/2025 13:00,14.83166669
9/17/2025 14:00,14.11666668
9/17/2025 15:00,13.66666665
9/17/2025 16:00,16.66999995
9/17/2025 17:00,22.52333326
9/17/2025 18:00,25.62500003
9/17/2025 19:00,25.73500001
9/17/2025 20:00,23.89499995
9/17/2025 21:00,14.75833337
9/17/2025 22:00,8.666666667
9/17/2025 23:00,7.241666675
9/18/2025,7.76833334
9/18/2025 1:00,6.90666666
9/18/2025 2:00,6.848333343
9/18/2025 3:00,6.720000021
9/18/2025 4:00,5.146666662
9/18/2025 5:00,5.916666663
9/18/2025 6:00,16.41999996
9/18/2025 7:00,16.00333331
9/18/2025 8:00,16.58833332
9/18/2025 9:00,16.56499998
9/18/2025 10:00,16.2883333
9/18/2025 11:00,13.07666672
9/18/2025 12:00,10.58000002
9/18/2025 13:00,13.81333332
9/18/2025 14:00,14.65666672
9/18/2025 15:00,14.60500002
9/18/2025 16:00,20.11333335
9/18/2025 17:00,21.95333327
9/18/2025 18:00,24.73999996
9/18/2025 19:00,20.24666669
9/18/2025 20:00,10.70833337
9/18/2025 21:00,9.871666654
9/18/2025 22:00,10.3533334
9/18/2025 23:00,6.725000024
9/19/2025,7.023333311
9/19/2025 1:00,6.728333346
9/19/2025 2:00,7.56500001
9/19/2025 3:00,9.195000037
9/19/2025 4:00,12.53333333
9/19/2025 5:00,15.31000004
9/19/2025 6:00,16.71000001
9/19/2025 7:00,19.925
9/19/2025 8:00,22.66833332
9/19/2025 9:00,22.51499987
9/19/2025 10:00,22.25999991
9/19/2025 11:00,25.478333
9/19/2025 12:00,12.6916667
9/19/2025 13:00,10.93
9/19/2025 14:00,11.32666666
9/19/2025 15:00,12.58833335
9/19/2025 16:00,15.27499997
9/19/2025 17:00,15.48666666
9/19/2025 18:00,20.15000002
9/19/2025 19:00,25.07666667
9/19/2025 20:00,28.84333318
9/19/2025 21:00,27.70499999
9/19/2025 22:00,26.68499994
9/19/2025 23:00,23.64666662
9/20/2025,19.53333335
9/20/2025 1:00,17.76666671
9/20/2025 2:00,15.16500007
9/20/2025 3:00,12.03499996
9/20/2025 4:00,11.33833332
9/20/2025 5:00,10.16500004
9/20/2025 6:00,17.95833335
9/20/2025 7:00,21.4833333
9/20/2025 8:00,23.75499996
9/20/2025 9:00,21.94999992
9/20/2025 10:00,15.88000003
9/20/2025 11:00,16.04333328
9/20/2025 12:00,16.76166679
9/20/2025 13:00,14.66833331
9/20/2025 14:00,12.18666668
9/20/2025 15:00,11.31500007
9/20/2025 16:00,12.56333327
9/20/2025 17:00,13.26499995
9/20/2025 18:00,14.0433334
9/20/2025 19:00,15.03166658
9/20/2025 20:00,15.70833338
9/20/2025 21:00,14.0983333
9/20/2025 22:00,11.94000001
9/20/2025 23:00,14.04833331
9/21/2025,12.8216667
9/21/2025 1:00,12.02166662
9/21/2025 2:00,11.22
9/21/2025 3:00,6.803333354
9/21/2025 4:00,4.33999999
9/21/2025 5:00,5.936666683
9/21/2025 9:00,19.18333333
9/21/2025 10:00,20.80500002
9/21/2025 11:00,17.80666664
9/21/2025 12:00,14.43500001
9/21/2025 13:00,9.93500003
9/21/2025 14:00,7.824999984
9/21/2025 15:00,8.128333322
9/21/2025 16:00,9.148333359
9/21/2025 17:00,10.34999999
9/21/2025 18:00,11.55833338
9/21/2025 19:00,11.90166667
9/21/2025 20:00,20.34333331
9/21/2025 21:00,14.77833322
9/21/2025 22:00,11.37333336
9/21/2025 23:00,18.44833334
9/22/2025,16.58499991
9/22/2025 1:00,14.87166662
9/22/2025 2:00,12.52
9/22/2025 3:00,15.41499996
9/22/2025 4:00,16.48500004
9/22/2025 5:00,12.45333333
9/22/2025 6:00,15.63166668
9/22/2025 7:00,20.8516667
9/22/2025 8:00,19.76666667
9/22/2025 9:00,19.9616667
9/22/2025 10:00,14.03166664
9/22/2025 11:00,14.38833327
9/22/2025 12:00,14.64833334
9/22/2025 13:00,12.93666663
9/22/2025 14:00,16.15000014
9/22/2025 15:00,17.74166662
9/22/2025 16:00,17.54666672
9/22/2025 17:00,15.3533333
9/22/2025 18:00,15.38833338
9/22/2025 19:00,19.32833335
9/22/2025 20:00,18.39500001
9/22/2025 21:00,19.15999996
9/22/2025 22:00,22.1833333
9/22/2025 23:00,20.05500002
9/23/2025,20.20666656
9/23/2025 1:00,7.738333321
9/23/2025 2:00,5.73833334
9/23/2025 3:00,4.08833334
9/23/2025 4:00,12.25499999
9/23/2025 5:00,13.54833328
9/23/2025 6:00,15.19000006
9/23/2025 7:00,21.7083333
9/23/2025 8:00,23.35333317
9/23/2025 9:00,19.1916666
9/23/2025 10:00,17.40499992
9/23/2025 11:00,17.18666674
9/23/2025 12:00,17.47166669
9/23/2025 13:00,16.58166666
9/23/2025 14:00,13.17288143
9/23/2025 15:00,11.91500009
9/23/2025 16:00,11.23500001
9/23/2025 17:00,12.18166663
9/23/2025 18:00,14.31500001
9/23/2025 19:00,17.09166662
9/23/2025 20:00,20.38666666
9/23/2025 22:00,21.39803911
9/23/2025 23:00,14.69833333
9/24/2025,14.46833329
9/24/2025 1:00,14.09166667
9/24/2025 2:00,15.44833334
9/24/2025 3:00,14.36999998
9/24/2025 4:00,14.205
9/24/2025 5:00,18.08166672
9/24/2025 6:00,21.06666657
9/24/2025 7:00,20.55333338
9/24/2025 8:00,20.80166674
9/24/2025 9:00,23.54333331
9/24/2025 10:00,23.68833329
9/24/2025 11:00,24.43333324
9/24/2025 12:00,19.31833332
9/24/2025 21:00,18.24166657
9/24/2025 22:00,17.72999989
9/24/2025 23:00,15.06999993
9/25/2025,12.82666664
9/25/2025 1:00,13.53333327
9/25/2025 2:00,10.82000003
9/25/2025 3:00,11.89666669
9/25/2025 4:00,17.45333338
9/25/2025 5:00,20.95166664
9/25/2025 6:00,19.72333336
9/25/2025 7:00,21.93499997
9/25/2025 9:00,34.00833346
9/25/2025 10:00,23.49833336
9/25/2025 11:00,17.39833342
9/25/2025 12:00,16.17000003
9/25/2025 13:00,9.766666698
9/25/2025 15:00,8.870909058
9/25/2025 16:00,8.748333351
9/25/2025 17:00,9.996666678
9/25/2025 18:00,17.93166655
9/25/2025 19:00,21.85666664
9/25/2025 20:00,25.2716667
9/25/2025 21:00,29.32833328
9/25/2025 22:00,28.88499997
9/25/2025 23:00,28.76333297
9/26/2025,21.50666676
9/26/2025 1:00,23.21166668
9/26/2025 2:00,22.21166671
9/26/2025 3:00,19.40333331
9/26/2025 4:00,25.9149999
9/26/2025 5:00,31.23666665
9/26/2025 6:00,32.93666671
9/26/2025 7:00,39.90166664
9/26/2025 8:00,35.65499999
9/26/2025 9:00,27.71000001
9/26/2025 10:00,20.39833337
9/26/2025 11:00,17.46166677
9/26/2025 12:00,17.58499999
9/26/2025 13:00,10.72333342
9/26/2025 14:00,11.38499994
9/26/2025 15:00,11.66999998
9/26/2025 16:00,12.44499998
9/26/2025 17:00,16.53666671
9/26/2025 18:00,18.06499998
9/26/2025 19:00,14.51296305
9/26/2025 20:00,16.51499996
9/26/2025 21:00,14.32666664
9/26/2025 22:00,10.49000001
9/26/2025 23:00,4.893333348
9/27/2025,5.649999996
9/27/2025 1:00,8.726666594
9/27/2025 2:00,7.393333308
9/27/2025 3:00,7.33999999
9/27/2025 4:00,8.054999932
9/27/2025 5:00,14.15999999
9/27/2025 6:00,13.03833334
9/27/2025 7:00,17.18666671
9/27/2025 8:00,14.30666671
9/27/2025 9:00,14.79333332
9/27/2025 10:00,18.24999997
9/27/2025 11:00,15.58833335
9/27/2025 12:00,16.75166651
9/27/2025 13:00,12.38166666
9/27/2025 14:00,10.81999995
9/27/2025 15:00,8.891666746
9/27/2025 16:00,12.10500001
9/27/2025 17:00,17.01999998
9/27/2025 18:00,12.7866667
9/27/2025 19:00,21.59166665
9/27/2025 20:00,20.10833338
9/27/2025 21:00,26.21166674
9/27/2025 22:00,19.54333344
9/27/2025 23:00,18.75666666
9/28/2025,21.59666665
9/28/2025 1:00,21.06500006
9/28/2025 2:00,19.98499997
9/28/2025 3:00,16.69666662
9/28/2025 4:00,16.82833344
9/28/2025 5:00,18.84500008
9/28/2025 6:00,21.69333328
9/28/2025 7:00,23.47333339
9/28/2025 8:00,27.90000003
9/28/2025 9:00,23.18833345
9/28/2025 10:00,16.98999998
9/28/2025 11:00,16.98166672
9/28/2025 12:00,16.38166668
9/28/2025 13:00,13.84833337
9/28/2025 14:00,14.1583333
9/28/2025 15:00,13.40666674
9/28/2025 16:00,13.73833337
9/28/2025 17:00,13.84666664
9/28/2025 18:00,17.33333332
9/28/2025 19:00,27.30499999
9/28/2025 20:00,20.88166682
9/28/2025 21:00,22.31833337
9/28/2025 22:00,20.76333338
9/28/2025 23:00,18.04499995
9/29/2025,17.8233333
9/29/2025 1:00,16.92000003
9/29/2025 2:00,18.97000004
9/29/2025 3:00,18.33166672
9/29/2025 4:00,13.00666674
9/29/2025 5:00,11.49833334
9/29/2025 6:00,14.1
9/29/2025 7:00,19.48166664
9/29/2025 8:00,23.54333344
9/29/2025 9:00,20.24833318
9/29/2025 10:00,18.84833341
9/29/2025 11:00,15.65333335
9/29/2025 12:00,14.92500002
9/29/2025 13:00,20.01166665
9/29/2025 14:00,14.03
9/29/2025 15:00,13.07666664
9/29/2025 16:00,13.45333328
9/29/2025 17:00,18.74666665
9/29/2025 18:00,20.65666663
9/29/2025 19:00,26.42000004
9/29/2025 20:00,24.83833338
9/29/2025 21:00,28.10333331
9/29/2025 22:00,21.71166665
9/29/2025 23:00,23.82500013
9/30/2025,18.90499992
9/30/2025 1:00,18.44166667
9/30/2025 2:00,17.71500001
9/30/2025 3:00,20.89500001
9/30/2025 4:00,24.0166667
9/30/2025 5:00,24.40333335
9/30/2025 6:00,26.51333323
9/30/2025 7:00,34.25833321
9/30/2025 8:00,35.14833336
9/30/2025 9:00,30.62999999
9/30/2025 10:00,27.91166668
9/30/2025 11:00,26.38499991
9/30/2025 12:00,16.55833329
9/30/2025 13:00,13.23166672
9/30/2025 14:00,13.15166672
9/30/2025 15:00,16.00833325
9/30/2025 16:00,15.90333339
9/30/2025 17:00,21.50666666
9/30/2025 18:00,26.11166668
9/30/2025 19:00,24.05333328
9/30/2025 20:00,17.66000002
9/30/2025 21:00,7.341666726
9/30/2025 22:00,4.145000005
9/30/2025 23:00,4.528333342
10/1/2025,5.166666667
10/1/2025 1:00,5.31000001
10/1/2025 2:00,4.806666692
10/1/2025 3:00,4.814999994
10/1/2025 4:00,5.35333331
10/1/2025 5:00,7.901666657
10/1/2025 6:00,11.54500001
10/1/2025 7:00,13.91333334
10/1/2025 8:00,16.91000004
10/1/2025 9:00,13.055
10/1/2025 10:00,10.07833327
10/1/2025 11:00,9.851666705
10/1/2025 12:00,10.59333334
10/1/2025 13:00,11.9466667
10/1/2025 14:00,8.836666671
10/1/2025 15:00,9.768333316
10/1/2025 16:00,10.86499995
10/1/2025 17:00,13.05499997
10/1/2025 18:00,14.17833331
10/1/2025 19:00,18.03666674
10/1/2025 20:00,16.37000001
10/1/2025 21:00,9.898333359
10/1/2025 22:00,8.621666694
10/1/2025 23:00,7.768333316
10/2/2025,6.268333348
10/2/2025 1:00,5.943333308
10/2/2025 2:00,5.971666686
10/2/2025 3:00,5.790000002
10/2/2025 4:00,4.921666686
10/2/2025 5:00,5.840000025
10/2/2025 6:00,7.739999986
10/2/2025 7:00,9.708333341
10/2/2025 8:00,13.09166665
10/2/2025 9:00,13.65833335
10/2/2025 10:00,10.58166671
10/2/2025 11:00,10.92166663
10/2/2025 12:00,10.04666661
10/2/2025 13:00,7.663333329
10/2/2025 14:00,8.093333364
10/2/2025 15:00,11.26333338
10/2/2025 16:00,12.10833337
10/2/2025 17:00,12.24833331
10/2/2025 18:00,16.79666669
10/2/2025 19:00,17.83333344
10/2/2025 20:00,16.54499995
10/2/2025 21:00,14.74193545
10/2/2025 22:00,15.79166671
10/2/2025 23:00,15.99833331
10/3/2025,11.87000001
10/3/2025 1:00,11.17
10/3/2025 2:00,8.691666659
10/3/2025 3:00,9.873333343
10/3/2025 4:00,12.39500001
10/3/2025 5:00,12.6783333
10/3/2025 6:00,14.31666676
10/3/2025 7:00,20.56333324
10/3/2025 8:00,25.72666658
10/3/2025 9:00,26.73499997
10/3/2025 10:00,21.81833326
10/3/2025 11:00,22.07666661
10/3/2025 12:00,20.12833317
10/3/2025 13:00,22.75333335
10/3/2025 14:00,29.28166663
10/3/2025 15:00,24.69999987
10/3/2025 16:00,15.16833336
10/3/2025 17:00,11.22666663
10/3/2025 18:00,16.6816665
10/3/2025 19:00,17.91999998
10/3/2025 20:00,16.92999997
10/3/2025 21:00,14.65166667
10/3/2025 22:00,11.20000005
10/3/2025 23:00,9.495000037
10/4/2025,7.260000014
10/4/2025 1:00,7.254999979
10/4/2025 2:00,6.030000007
10/4/2025 3:00,6.365000025
10/4/2025 4:00,7.276666681
10/4/2025 5:00,7.15666666
10/4/2025 6:00,10.15666673
10/4/2025 7:00,11.70500007
10/4/2025 8:00,12.49333336
10/4/2025 9:00,11.00166667
10/4/2025 10:00,8.821666718
10/4/2025 11:00,9.873333367
10/4/2025 12:00,6.738333352
10/4/2025 13:00,7.983333294
10/4/2025 14:00,6.989999994
10/4/2025 15:00,5.693333336
10/4/2025 16:00,5.651666697
10/4/2025 17:00,5.258333337
10/4/2025 18:00,9.226666657
10/4/2025 19:00,9.993333332
10/4/2025 20:00,7.52166663
10/4/2025 21:00,5.663333337
10/4/2025 22:00,6.018333356
10/4/2025 23:00,4.096666658
10/5/2025,2.066666669
10/5/2025 1:00,3.021666664
10/5/2025 2:00,2.841666667
10/5/2025 3:00,2.163333331
10/5/2025 4:00,2.088333329
10/5/2025 5:00,3.166666645
10/5/2025 6:00,4.671666682
10/5/2025 7:00,9.586666632
10/5/2025 8:00,9.806666676
10/5/2025 9:00,12.01499995
10/5/2025 10:00,16.51666657
10/5/2025 11:00,14.22000001
10/5/2025 12:00,10.02666665
10/5/2025 13:00,9.91000007
10/5/2025 14:00,5.423333327
10/5/2025 15:00,4.089999994
10/5/2025 16:00,5.303333358
10/5/2025 17:00,7.351666681
10/5/2025 18:00,8.501666689
10/5/2025 19:00,14.77333323
10/5/2025 20:00,10.0616667
10/5/2025 21:00,13.00333334
10/5/2025 22:00,6.868333312
10/5/2025 23:00,4.841666675
10/6/2025,4.743333312
10/6/2025 1:00,4.21166666
10/6/2025 2:00,6.245000033
10/6/2025 3:00,6.788333337
10/6/2025 4:00,8.474999992
10/6/2025 5:00,8.696666662
10/6/2025 6:00,8.88499999
10/6/2025 7:00,12.23999999
10/6/2025 8:00,12.38999998
10/6/2025 9:00,12.51499993
10/6/2025 10:00,9.849999984
10/6/2025 11:00,6.139999994
10/6/2025 12:00,6.156666692
10/6/2025 13:00,6.096666662
10/6/2025 14:00,6.590000017
10/6/2025 15:00,7.051666697
10/6/2025 16:00,7.883333381
10/6/2025 17:00,9.418333316
10/6/2025 18:00,11.47000006
10/6/2025 19:00,10.40666666
10/6/2025 20:00,9.583333317
10/6/2025 21:00,10.50666671
10/6/2025 22:00,10.55833337
10/6/2025 23:00,11.58
10/7/2025,10.65500007
10/7/2025 1:00,9.948333343
10/7/2025 2:00,9.808333333
10/7/2025 3:00,10.51000001
10/7/2025 4:00,12.67666664
10/7/2025 5:00,16.22833338
10/7/2025 6:00,16.30499999
10/7/2025 7:00,24.65333338
10/7/2025 8:00,23.24499995
10/7/2025 9:00,29.18333327
10/7/2025 10:00,24.095
10/7/2025 11:00,23.9583333
10/7/2025 12:00,12.87666667
10/7/2025 13:00,11.28500002
10/7/2025 14:00,10.85666668
10/7/2025 15:00,10.99999992
10/7/2025 16:00,13.42499997
10/7/2025 17:00,14.64833341
10/7/2025 18:00,15.81333319
10/7/2025 19:00,18.54166675
10/7/2025 20:00,20.89499998
10/7/2025 21:00,22.38000005
10/7/2025 22:00,23.77166669
10/7/2025 23:00,21.34333334
10/8/2025,17.78666671
10/8/2025 1:00,20.02000006
10/8/2025 2:00,16.01166665
10/8/2025 3:00,18.2633334
10/8/2025 4:00,18.96666663
10/8/2025 5:00,21.76833337
10/8/2025 6:00,24.12166669
10/8/2025 7:00,27.09500011
10/8/2025 8:00,26.69999997
10/8/2025 9:00,17.60999993
10/8/2025 10:00,21.27333342
10/8/2025 11:00,20.16666662
10/8/2025 12:00,20.12500003
10/8/2025 13:00,13.60500002
10/8/2025 14:00,12.54500004
10/8/2025 15:00,14.31166668
10/8/2025 16:00,14.29499998
10/8/2025 17:00,16.8883334
10/8/2025 18:00,18.22000001
10/8/2025 19:00,16.80166667
10/8/2025 20:00,17.47999996
10/8/2025 21:00,17.71166671
10/8/2025 22:00,18.50333328
10/8/2025 23:00,17.22166667
10/9/2025,18.81166671
10/9/2025 1:00,16.48833337
10/9/2025 2:00,14.49833339
10/9/2025 3:00,14.66499999
10/9/2025 4:00,19.17166669
10/9/2025 5:00,18.69500006
10/9/2025 6:00,22.0333334
10/9/2025 7:00,25.62333336
10/9/2025 8:00,30.48166666
10/9/2025 9:00,30.72166665
10/9/2025 10:00,29.59166663
10/9/2025 11:00,24.66999979
10/9/2025 12:00,12.08666669
10/9/2025 13:00,11.16166668
10/9/2025 14:00,11.44666667
10/9/2025 15:00,12.40833335
10/9/2025 16:00,14.325
10/9/2025 17:00,16.2483333
10/9/2025 18:00,18.01666673
10/9/2025 19:00,19.43833332
10/9/2025 20:00,17.97999999
10/9/2025 21:00,19.48333329
10/9/2025 22:00,16.12
10/9/2025 23:00,17.23666674
10/10/2025,19.35333335
10/10/2025 1:00,17.4699999
10/10/2025 2:00,13.59666664
10/10/2025 3:00,14.47333333
10/10/2025 4:00,16.83499997
10/10/2025 5:00,22.63499996
10/10/2025 6:00,32.3166667
10/10/2025 7:00,27.86000004
10/10/2025 8:00,34.66999985
10/10/2025 9:00,37.09499992
10/10/2025 10:00,33.45500015
10/10/2025 11:00,23.84499989
10/10/2025 12:00,10.29666663
10/10/2025 13:00,8.601666705
10/10/2025 14:00,8.955000019
10/10/2025 15:00,10.09166663
10/10/2025 16:00,11.07333333
10/10/2025 17:00,15.73833338
10/10/2025 18:00,18.60333339
10/10/2025 19:00,18.90666674
10/10/2025 20:00,24.8183334
10/10/2025 21:00,18.43833338
10/10/2025 22:00,18.9583333
10/10/2025 23:00,16.31333329
10/11/2025,17.56333326
10/11/2025 1:00,20.02500002
10/11/2025 2:00,16.41499998
10/11/2025 3:00,17.39833326
10/11/2025 4:00,19.16000001
10/11/2025 5:00,22.30166666
10/11/2025 6:00,30.35833324
10/11/2025 7:00,34.62833325
10/11/2025 8:00,35.0499999
10/11/2025 9:00,34.5066666
10/11/2025 10:00,27.79833318
10/11/2025 11:00,10.28000001
10/11/2025 12:00,11.895
10/11/2025 13:00,11.57499998
10/11/2025 14:00,11.64833333
10/11/2025 15:00,14.4283333
10/11/2025 16:00,16.3883333
10/11/2025 17:00,20.89666651
10/11/2025 18:00,23.2649999
10/11/2025 19:00,27.56833328
10/11/2025 20:00,32.98500001
10/11/2025 21:00,33.51166662
10/11/2025 22:00,28.17833322
10/11/2025 23:00,23.59666662
10/12/2025,23.49666653
10/12/2025 1:00,26.08166676
10/12/2025 2:00,21.23833332
10/12/2025 3:00,22.86500006
10/12/2025 4:00,25.95499996
10/12/2025 5:00,31.40333335
10/12/2025 6:00,37.33833338
10/12/2025 7:00,34.47833319
10/12/2025 8:00,45.81833337
10/12/2025 9:00,48.23000005
10/12/2025 10:00,43.03166676
10/12/2025 11:00,30.97333339
10/12/2025 12:00,29.26833321
10/12/2025 13:00,19.87333326
10/12/2025 14:00,16.60166669
10/12/2025 15:00,17.48833335
10/12/2025 16:00,22.67500002
10/12/2025 17:00,22.26166668
10/12/2025 18:00,22.02333339
10/12/2025 19:00,20.27666664
10/12/2025 20:00,21.20500015
10/12/2025 21:00,30.1733333
10/12/2025 22:00,33.3666667
10/12/2025 23:00,28.57999992
10/13/2025,24.45666663
10/13/2025 1:00,21.76333326
10/13/2025 2:00,21.38833342
10/13/2025 3:00,26.87333339
10/13/2025 4:00,24.70833333
10/13/2025 5:00,36.95999988
10/13/2025 6:00,40.58499975
10/13/2025 7:00,40.00833327
10/13/2025 8:00,48.74333324
10/13/2025 9:00,44.54000015
10/13/2025 10:00,29.66833321
10/13/2025 11:00,25.16666667
10/13/2025 12:00,22.62999992
10/13/2025 13:00,17.73500004
10/13/2025 14:00,18.29500006
10/13/2025 15:00,19.60500003
10/13/2025 16:00,20.5566666
10/13/2025 17:00,28.24166686
10/13/2025 18:00,29.86499999
10/13/2025 19:00,26.77999992
10/13/2025 20:00,29.06999998
10/13/2025 21:00,35.21833347
10/13/2025 22:00,29.41500009
10/13/2025 23:00,27.9583333
10/14/2025,32.54500011
10/14/2025 1:00,29.11333329
10/14/2025 2:00,26.63333314
10/14/2025 3:00,29.83500001
10/14/2025 4:00,29.98999987
10/14/2025 5:00,45.19333344
10/14/2025 6:00,41.77000008
10/14/2025 7:00,48.79833342
10/14/2025 11:00,23.85666672
10/14/2025 12:00,23.14833317
10/14/2025 13:00,22.80999997
10/14/2025 14:00,29.37500006
10/14/2025 15:00,30.35499999
10/14/2025 16:00,26.04999994
10/14/2025 17:00,30.07166665
10/14/2025 18:00,35.08833326
10/14/2025 19:00,39.69333315
10/14/2025 20:00,36.2350001
10/14/2025 21:00,38.50333344
10/14/2025 22:00,38.25166677
10/14/2025 23:00,39.2733332
10/15/2025,35.2666666
10/15/2025 1:00,30.03166653
10/15/2025 2:00,31.12166653
10/15/2025 3:00,29.03999999
10/15/2025 4:00,31.86166665
10/15/2025 5:00,44.15000006
10/15/2025 6:00,44.02999967
10/15/2025 7:00,51.10666676
10/15/2025 8:00,54.41500015
10/15/2025 9:00,39.99499989
10/15/2025 10:00,36.38666665
10/15/2025 11:00,32.21999992
10/15/2025 12:00,27.41999998
10/15/2025 13:00,29.7833333
10/15/2025 14:00,20.68833342
10/15/2025 15:00,19.61333338
10/15/2025 16:00,22.31000017
10/15/2025 17:00,26.97333336
10/15/2025 18:00,24.55166655
10/15/2025 19:00,24.83166669
10/15/2025 20:00,41.6350001
10/15/2025 21:00,39.67166684
10/15/2025 22:00,53.84999978
10/15/2025 23:00,34.34333328
10/16/2025,24.63333333
10/16/2025 1:00,26.75666663
10/16/2025 2:00,29.6666666
10/16/2025 3:00,30.56000001
10/16/2025 4:00,33.37500006
10/16/2025 5:00,44.37000001
10/16/2025 6:00,44.38666662
10/16/2025 7:00,51.84333312
10/16/2025 8:00,49.19500014
10/16/2025 9:00,45.31500028
10/16/2025 10:00,37.39333328
10/16/2025 11:00,34.92333339
10/16/2025 12:00,29.93833332
10/16/2025 13:00,26.69166657
10/16/2025 14:00,24.45333335
10/16/2025 15:00,21.25833333
10/16/2025 16:00,24.39000009
10/16/2025 17:00,26.26000007
10/16/2025 18:00,29.31166655
10/16/2025 19:00,37.46833318
10/16/2025 20:00,50.17499981
10/16/2025 21:00,51.73000005
10/16/2025 22:00,49.0799998
10/16/2025 23:00,40.20666679
10/17/2025,35.76500003
10/17/2025 1:00,37.10333341
10/17/2025 2:00,33.23833332
10/17/2025 3:00,29.81000004
10/17/2025 4:00,40.21833337
10/17/2025 5:00,43.90333335
10/17/2025 6:00,43.85166645
10/17/2025 7:00,50.18000018
10/17/2025 8:00,44.67500006
10/17/2025 9:00,48.52500006
10/17/2025 10:00,47.74833323
10/17/2025 11:00,29.37166681
10/17/2025 12:00,28.28833345
10/17/2025 13:00,32.75166658
10/17/2025 14:00,25.72166678
10/17/2025 15:00,23.50333331
10/17/2025 16:00,24.02666658
10/17/2025 17:00,27.22999999
10/17/2025 18:00,29.87999989
10/17/2025 19:00,39.84333344
10/17/2025 20:00,39.99166673
10/17/2025 21:00,40.8899999
10/17/2025 22:00,43.51166655
10/17/2025 23:00,42.92333349
10/18/2025,33.62666655
10/18/2025 1:00,34.2
10/18/2025 2:00,36.0916666
10/18/2025 3:00,38.48666636
10/18/2025 4:00,36.22999992
10/18/2025 5:00,37.87833322
10/18/2025 6:00,40.49333331
10/18/2025 7:00,48.98666649
10/18/2025 8:00,48.78999996
10/18/2025 9:00,40.92999999
10/18/2025 10:00,41.60499996
10/18/2025 11:00,25.7083334
10/18/2025 12:00,17.82166662
10/18/2025 13:00,24.87833335
10/18/2025 14:00,31.59666656
10/18/2025 15:00,28.80666656
10/18/2025 16:00,26.90999994
10/18/2025 17:00,28.48500001
10/18/2025 18:00,27.95666653
10/18/2025 19:00,29.61166677
10/18/2025 20:00,36.3683334
10/18/2025 21:00,36.9933334
10/18/2025 22:00,34.13166672
10/18/2025 23:00,36.47500025
10/19/2025,32.76333316
10/19/2025 1:00,31.63666662
10/19/2025 2:00,21.65999994
10/19/2025 3:00,21.45333344
10/19/2025 4:00,25.58833351
10/19/2025 5:00,39.65833346
10/19/2025 6:00,42.4600001
10/19/2025 7:00,41.86666676
10/19/2025 8:00,38.4066665
10/19/2025 9:00,35.55666685
10/19/2025 10:00,33.96499996
10/19/2025 11:00,20.50999997
10/19/2025 12:00,19.7033333
10/19/2025 13:00,27.67833322
10/19/2025 14:00,22.01833324
10/19/2025 15:00,21.54833333
10/19/2025 16:00,23.38833338
10/19/2025 17:00,28.03666665
10/19/2025 18:00,29.03166663
10/19/2025 19:00,35.31999998
10/19/2025 20:00,41.17166659
10/19/2025 21:00,42.94166673
10/19/2025 22:00,40.17499997
10/19/2025 23:00,22.53166663
10/20/2025,23.02500002
10/20/2025 1:00,26.12833322
10/20/2025 2:00,26.74500008
10/20/2025 3:00,23.4916667
10/20/2025 4:00,29.63499997
10/20/2025 5:00,32.99500008
10/20/2025 6:00,39.75500002
10/20/2025 7:00,46.47666677
10/20/2025 8:00,52.49500008
10/20/2025 9:00,43.79499976
10/20/2025 10:00,37.36166658
10/20/2025 11:00,26.76833328
10/20/2025 12:00,16.42666666
10/20/2025 13:00,14.96833332
10/20/2025 14:00,17.21999998
10/20/2025 15:00,15.46333335
10/20/2025 16:00,19.43166674
10/20/2025 17:00,23.75833337
10/20/2025 18:00,28.07166669
10/20/2025 19:00,39.39999984
10/20/2025 20:00,70.81333294
10/20/2025 21:00,58.18499972
10/20/2025 22:00,49.77166665
10/20/2025 23:00,36.66000023
10/21/2025,32.3850001
10/21/2025 1:00,30.74500004
10/21/2025 2:00,31.70499986
10/21/2025 3:00,33.95333331
10/21/2025 4:00,32.16333354
10/21/2025 5:00,41.44166667
10/21/2025 6:00,43.53833319
10/21/2025 7:00,49.20666688
10/21/2025 8:00,51.56271149
10/21/2025 9:00,49.34000015
10/21/2025 10:00,28.93166679
10/21/2025 11:00,29.7166666
10/21/2025 12:00,22.19666665
10/21/2025 13:00,21.54333331
10/21/2025 14:00,19.78500005
10/21/2025 15:00,16.20166675
10/21/2025 16:00,14.35166669
10/21/2025 17:00,15.68666663
10/21/2025 18:00,23.46166674
10/21/2025 19:00,34.70833321
10/21/2025 20:00,38.20999991
10/21/2025 21:00,45.30333309
10/21/2025 22:00,40.55499983
10/21/2025 23:00,34.79333328
10/22/2025,32.14166686
10/22/2025 1:00,32.00333322
10/22/2025 2:00,28.01499996
10/22/2025 3:00,27.41166662
10/22/2025 4:00,28.7433335
10/22/2025 5:00,35.07833322
10/22/2025 6:00,35.91666676
10/22/2025 7:00,42.7733333
10/22/2025 8:00,50.83666687
10/22/2025 9:00,53.06166674
10/22/2025 10:00,43.52166675
10/22/2025 11:00,34.2399998
10/22/2025 12:00,32.12000008
10/22/2025 13:00,25.34333331
10/22/2025 14:00,21.1166666
10/22/2025 15:00,14.75333335
10/22/2025 16:00,17.42666674
10/22/2025 17:00,21.08999999
10/22/2025 18:00,22.60000003
10/22/2025 19:00,28.1166667
10/22/2025 20:00,45.96333351
10/22/2025 21:00,53.56000004
10/22/2025 22:00,39.28499982
10/22/2025 23:00,33.88166669
10/23/2025,32.13333324
10/23/2025 1:00,33.46774203
10/23/2025 2:00,29.33833332
10/23/2025 3:00,27.61166677
10/23/2025 4:00,28.22666658
10/23/2025 5:00,33.55833327
10/23/2025 6:00,35.79166657
10/23/2025 7:00,40.68833338
10/23/2025 8:00,42.70499986
10/23/2025 9:00,49.6483333
10/23/2025 10:00,39.37833338
10/23/2025 11:00,25.58333321
10/23/2025 12:00,20.71833329
10/23/2025 13:00,16.81499993
10/23/2025 14:00,15.00333331
10/23/2025 15:00,14.84833334
10/23/2025 16:00,17.22666664
10/23/2025 17:00,20.255
10/23/2025 18:00,21.53833332
10/23/2025 19:00,22.17166669
10/23/2025 20:00,21.1499999
10/23/2025 21:00,33.45833337
10/23/2025 22:00,27.78499994
10/23/2025 23:00,24.90833337
10/24/2025,20.30999997
10/24/2025 1:00,18.86166679
10/24/2025 2:00,20.91166665
10/24/2025 3:00,23.44666665
10/24/2025 4:00,20.18500007
10/24/2025 5:00,26.80999994
10/24/2025 6:00,27.55573764
10/24/2025 7:00,28.79166673
10/24/2025 8:00,32.48166656
10/24/2025 9:00,32.1166667
10/24/2025 10:00,29.20999988
10/24/2025 11:00,21.24999994
10/24/2025 12:00,20.90833333
10/24/2025 13:00,15.43833332
10/24/2025 14:00,14.07999996
10/24/2025 15:00,13.92500002
10/24/2025 16:00,16.23833345
10/24/2025 17:00,24.57999996
10/24/2025 18:00,22.11333326
10/24/2025 19:00,22.57166669
10/24/2025 20:00,23.28666671
10/24/2025 21:00,38.88499997
10/24/2025 22:00,34.73166685
10/24/2025 23:00,29.43166656
10/25/2025,27.32666664
10/25/2025 1:00,25.18166672
10/25/2025 2:00,22.30833327
10/25/2025 3:00,22.59666669
10/25/2025 4:00,25.0433334
10/25/2025 5:00,36.44499982
10/25/2025 6:00,37.68166669
10/25/2025 7:00,37.40666644
10/25/2025 8:00,40.42000001
10/25/2025 9:00,41.0266667
10/25/2025 10:00,34.8683334
10/25/2025 11:00,26.51333326
10/25/2025 12:00,22.14666665
10/25/2025 13:00,25.55833343
10/25/2025 14:00,24.80666669
10/25/2025 15:00,24.81666667
10/25/2025 16:00,27.67999989
10/25/2025 17:00,29.34666669
10/25/2025 18:00,32.05166674
10/25/2025 19:00,30.24999997
10/25/2025 20:00,34.13333333
10/25/2025 21:00,38.88166663
10/25/2025 22:00,34.4233333
10/25/2025 23:00,31.25499999
10/26/2025,32.55166664
10/26/2025 1:00,30.16333348
10/26/2025 2:00,30.46666657
10/26/2025 3:00,37.92499981
10/26/2025 4:00,33.3933334
10/26/2025 5:00,40.38253978
10/26/2025 6:00,39.76666667
10/26/2025 7:00,50.06999995
10/26/2025 8:00,50.93666655
10/26/2025 9:00,47.16499968
10/26/2025 10:00,42.96500038
10/26/2025 11:00,26.68666673
10/26/2025 12:00,15.37833338
10/26/2025 13:00,18.5183332
10/26/2025 14:00,13.8050001
10/26/2025 15:00,9.491666706
10/26/2025 16:00,11.77000001
10/26/2025 17:00,20.91999997
10/26/2025 18:00,50.3899999
10/26/2025 19:00,61.05999985
10/26/2025 20:00,62.20166696
10/26/2025 21:00,48.09833339
10/26/2025 22:00,42.68499985
10/26/2025 23:00,36.89500001
10/27/2025,38.8450003
10/27/2025 1:00,32.70833327
10/27/2025 2:00,27.0916666
10/27/2025 3:00,24.79333347
10/27/2025 4:00,27.14333328
10/27/2025 5:00,36.56833334
10/27/2025 6:00,44.18999993
10/27/2025 7:00,54.16500015
10/27/2025 8:00,55.48833319
10/27/2025 9:00,48.9416666
10/27/2025 10:00,43.7183335
10/27/2025 11:00,33.89500001
10/27/2025 12:00,31.41999998
10/27/2025 13:00,28.7683335
10/27/2025 14:00,23.36000004
10/27/2025 15:00,23.04833339
10/27/2025 16:00,33.60500034
10/27/2025 17:00,38.93833345
10/27/2025 18:00,44.88166666
10/27/2025 19:00,69.69499982
10/27/2025 20:00,69.94333356
10/27/2025 21:00,59.53166656
10/27/2025 22:00,45.26333348
10/27/2025 23:00,45.81666648
10/28/2025,41.69333344
10/28/2025 1:00,38.94333318
10/28/2025 2:00,42.50833314
10/28/2025 3:00,41.50666644
10/28/2025 4:00,44.70499992
10/28/2025 5:00,41.1766667
10/28/2025 6:00,40.14166673
10/28/2025 7:00,49.97999986
10/28/2025 8:00,69.88833326
10/28/2025 9:00,78.38000011
10/28/2025 10:00,64.61666625
10/28/2025 11:00,39.7666667
10/28/2025 12:00,35.26065576
10/28/2025 13:00,25.50666656
10/28/2025 14:00,20.79333324
10/28/2025 15:00,27.04500008
10/28/2025 16:00,33.63333333
10/28/2025 17:00,42.82063487
10/28/2025 18:00,57.97833328
10/28/2025 19:00,63.37333336
10/28/2025 20:00,63.83833338
10/28/2025 21:00,66.65499992
10/28/2025 22:00,68.99166667
10/28/2025 23:00,64.17499975
10/29/2025,61.58333321
10/29/2025 1:00,63.54833361
10/29/2025 2:00,59.40833359
10/29/2025 3:00,61.16166668
10/29/2025 4:00,60.60999991
10/29/2025 5:00,57.92499981
10/29/2025 6:00,57.90499999
10/29/2025 7:00,64.48833351
10/29/2025 8:00,71.4
10/29/2025 12:00,71.51333351
10/29/2025 13:00,62.49500001
10/29/2025 14:00,60.03833319
10/29/2025 15:00,40.48999996
10/29/2025 16:00,43.22499987
10/29/2025 17:00,72.80499986
10/29/2025 18:00,87.87166659
10/29/2025 19:00,100.083333
10/29/2025 20:00,75.53499985
10/29/2025 21:00,66.32333387
10/29/2025 22:00,54.12166659
10/29/2025 23:00,55.66833344
10/30/2025,43.57500006
10/30/2025 1:00,30.20333341
10/30/2025 2:00,27.27666661
10/30/2025 3:00,29.19499992
10/30/2025 4:00,27.48500004
10/30/2025 5:00,36.3333334
10/30/2025 6:00,38.45999991
10/30/2025 7:00,38.10499992
10/30/2025 8:00,37.92833316
10/30/2025 9:00,39.91833337
10/30/2025 10:00,32.19999994
10/30/2025 11:00,16.09333336
10/30/2025 12:00,10.09833334
10/30/2025 13:00,11.65166669
10/30/2025 14:00,18.37333337
10/30/2025 15:00,16.93000003
10/30/2025 16:00,20.93000003
10/30/2025 17:00,29.31166681
10/30/2025 18:00,30.44000009
10/30/2025 19:00,27.33666687
10/30/2025 20:00,17.22166675
10/30/2025 21:00,16.04833336
10/30/2025 22:00,13.68333335
10/30/2025 23:00,8.316666659
10/31/2025,6.993333332
10/31/2025 1:00,6.445000029
10/31/2025 2:00,5.428333326
10/31/2025 3:00,5.179999963
10/31/2025 4:00,6.349999976
10/31/2025 5:00,8.006666644
10/31/2025 6:00,10.79499995
10/31/2025 7:00,14.19499993
10/31/2025 8:00,18.50000005
10/31/2025 9:00,19.5583333
10/31/2025 10:00,11.75166671
10/31/2025 11:00,10.80833337
10/31/2025 12:00,7.583333365
10/31/2025 13:00,8.301666681
10/31/2025 14:00,11.01666664
10/31/2025 15:00,9.89666663
10/31/2025 16:00,13.34999997
10/31/2025 17:00,20.5916667
10/31/2025 18:00,24.14499995
10/31/2025 19:00,27.12333326
10/31/2025 20:00,23.44666659
10/31/2025 21:00,12.00333333
10/31/2025 22:00,12.95166663
10/31/2025 23:00,12.87833338
11/1/2025,12.37333333
11/1/2025 1:00,9.766666667
11/1/2025 2:00,7.191666659
11/1/2025 3:00,7.0566667
11/1/2025 4:00,6.630000003
11/1/2025 5:00,7.276666729
11/1/2025 6:00,4.836666652
11/1/2025 7:00,6.470000009
11/1/2025 8:00,9.073333335
11/1/2025 9:00,14.09833336
11/1/2025 10:00,10.89833332
11/1/2025 11:00,12.66499998
11/1/2025 12:00,16.88499997
11/1/2025 13:00,11.49500003
11/1/2025 14:00,8.164999986
11/1/2025 15:00,9.048333383
11/1/2025 16:00,11.88333335
11/1/2025 17:00,9.056666676
11/1/2025 18:00,7.986666695
11/1/2025 19:00,5.976666677
11/1/2025 20:00,5.356666672
11/1/2025 21:00,8.116666631
11/1/2025 22:00,6.25333331
11/1/2025 23:00,4.259999998
11/2/2025,5.231666688
11/2/2025 1:00,6.256666676
11/2/2025 2:00,4.641666671
11/2/2025 3:00,5.466666659
11/2/2025 4:00,6.416666675
11/2/2025 5:00,8.136666687
11/2/2025 6:00,10.30499998
11/2/2025 7:00,17.07333326
11/2/2025 8:00,22.36333334
11/2/2025 9:00,21.24499998
11/2/2025 10:00,24.65833341
11/2/2025 11:00,12.71833327
11/2/2025 12:00,8.609999998
11/2/2025 13:00,11.19666668
11/2/2025 14:00,13.69666661
11/2/2025 15:00,15.57666669
11/2/2025 16:00,16.45833327
11/2/2025 17:00,17.21666662
11/2/2025 18:00,21.14999994
11/2/2025 19:00,18.22500013
11/2/2025 20:00,20.66166658
11/2/2025 21:00,25.86500009
11/2/2025 22:00,32.75333344
11/2/2025 23:00,26.65333354
11/3/2025,21.17833331
11/3/2025 1:00,19.7733333
11/3/2025 2:00,19.89500004
11/3/2025 3:00,21.94000003
11/3/2025 4:00,23.46666667
11/3/2025 5:00,24.00333328
11/3/2025 6:00,28.97833331
11/3/2025 7:00,40.12500003
11/3/2025 8:00,37.9433335
11/3/2025 9:00,32.15166677
11/3/2025 10:00,24.69999987
11/3/2025 11:00,26.32833331
11/3/2025 12:00,26.26333326
11/3/2025 13:00,28.28166669
11/3/2025 14:00,21.57166669
11/3/2025 15:00,18.44833328
11/3/2025 16:00,16.80166666
11/3/2025 17:00,17.08833332
11/3/2025 18:00,30.43999999
11/3/2025 19:00,25.84500011
11/3/2025 20:00,31.26333338
11/3/2025 21:00,39.37833319
11/3/2025 22:00,40.84666672
11/3/2025 23:00,39.0983333
11/4/2025,38.66166649
11/4/2025 1:00,40.26333313
11/4/2025 2:00,40.00000019
11/4/2025 3:00,38.5700002
11/4/2025 4:00,39.41666711
11/4/2025 5:00,42.675
11/4/2025 6:00,38.0816666
11/4/2025 7:00,50.45000013
11/4/2025 8:00,48.15666663
11/4/2025 9:00,46.93999983
11/4/2025 10:00,44.27000027
11/4/2025 11:00,32.28166653
11/4/2025 12:00,22.83333346
11/4/2025 13:00,29.91833356
11/4/2025 14:00,24.2183334
11/4/2025 15:00,27.85166664
11/4/2025 16:00,42.36166655
11/4/2025 17:00,44.31999989
11/4/2025 18:00,49.02500013
11/4/2025 19:00,64.04333344
11/4/2025 20:00,55.23833313
11/4/2025 21:00,55.13833338
11/4/2025 22:00,53.42666683
11/4/2025 23:00,54.97499987
11/5/2025,51.79333318
11/5/2025 1:00,49.04666659
11/5/2025 2:00,39.11166677
11/5/2025 3:00,41.86666686
11/5/2025 4:00,42.16333357
11/5/2025 5:00,45.1
11/5/2025 6:00,55.02666645
11/5/2025 7:00,54.29333344
11/5/2025 8:00,48.34333337
11/5/2025 9:00,55.7083334
11/5/2025 10:00,44.0799998
11/5/2025 11:00,32.58333346
11/5/2025 12:00,37.0083333
11/5/2025 13:00,36.29166657
11/5/2025 14:00,27.25999991
11/5/2025 15:00,22.25333328
11/5/2025 16:00,24.87333336
11/5/2025 17:00,23.6316666
11/5/2025 18:00,28.83833332
11/5/2025 19:00,23.41833312
11/5/2025 20:00,22.96833331
11/5/2025 21:00,27.79833352
11/5/2025 22:00,30.89333337
11/5/2025 23:00,32.0483333
11/6/2025,27.13333349
11/6/2025 1:00,23.23833324
11/6/2025 2:00,23.17500006
11/6/2025 3:00,24.03000002
11/6/2025 4:00,26.2333333
11/6/2025 5:00,33.01833337
11/6/2025 6:00,36.99666659
11/6/2025 7:00,44.94833355
11/6/2025 8:00,50.2516667
11/6/2025 9:00,50.24166641
11/6/2025 10:00,44.35999988
11/6/2025 11:00,31.90333328
11/6/2025 12:00,27.4266668
11/6/2025 13:00,18.53000003
11/6/2025 14:00,23.69333309
11/6/2025 15:00,13.53000002
11/6/2025 16:00,15.35833325
11/6/2025 17:00,18.37833336
11/6/2025 18:00,21.26499996
11/6/2025 19:00,15.67666663
11/6/2025 20:00,21.36499998
11/6/2025 21:00,30.98166663
11/6/2025 22:00,29.93666658
11/6/2025 23:00,29.80666669
11/7/2025,23.68666662
11/7/2025 1:00,23.26666673
11/7/2025 2:00,27.05166661
11/7/2025 3:00,23.51166663
11/7/2025 4:00,19.99666662
11/7/2025 5:00,26.51166668
11/7/2025 6:00,32.61666657
11/7/2025 7:00,43.33833345
11/7/2025 8:00,45.45
11/7/2025 9:00,44.27666658
11/7/2025 10:00,35.18166672
11/7/2025 11:00,23.99137924
11/7/2025 12:00,24.40166675
11/7/2025 13:00,27.05333341
11/7/2025 14:00,19.25999997
11/7/2025 15:00,15.44499993
11/7/2025 16:00,20.50833333
11/7/2025 17:00,21.26000007
11/7/2025 18:00,22.08833335
11/7/2025 19:00,18.4883334
11/7/2025 20:00,18.45500008
11/7/2025 21:00,36.59499982
11/7/2025 22:00,40.44666646
11/7/2025 23:00,26.98499991
11/8/2025,22.86000004
11/8/2025 1:00,22.61500003
11/8/2025 2:00,26.37666677
11/8/2025 3:00,28.3416667
11/8/2025 4:00,27.36666663
11/8/2025 6:00,40.81833331
11/8/2025 7:00,45.04166683
11/8/2025 8:00,56.21833324
11/8/2025 9:00,64.70333341
11/8/2025 10:00,40.59152558
11/8/2025 11:00,29.31999989
11/8/2025 12:00,13.47166665
11/8/2025 13:00,15.7716667
11/8/2025 15:00,17.52500003
11/8/2025 16:00,19.84333332
11/8/2025 17:00,25.93666665
11/8/2025 18:00,23.67500003
11/8/2025 19:00,25.69000003
11/8/2025 20:00,35.07500013
11/8/2025 21:00,38.6950002
11/8/2025 22:00,43.02000004
11/8/2025 23:00,24.30000006
11/9/2025,29.80666669
11/9/2025 1:00,22.58833329
11/9/2025 2:00,27.09166667
11/9/2025 3:00,24.02666664
11/9/2025 4:00,26.94666678
11/9/2025 5:00,36.01833353
11/9/2025 6:00,67.61499971
11/9/2025 7:00,50.16833331
11/9/2025 8:00,46.95833365
11/9/2025 9:00,50.12666664
11/9/2025 10:00,43.32833322
11/9/2025 11:00,30.76666667
11/9/2025 12:00,20.13833338
11/9/2025 13:00,24.15000006
11/9/2025 14:00,19.20500002
11/9/2025 15:00,16.9866667
11/9/2025 16:00,23.04000001
11/9/2025 17:00,26.06666651
11/9/2025 18:00,26.82666674
11/9/2025 19:00,32.67166669
11/9/2025 20:00,29.74666672
11/9/2025 21:00,38.97833325
11/9/2025 22:00,38.24999997
11/9/2025 23:00,34.71833344
11/10/2025,25.15333319
11/10/2025 1:00,21.69000003
11/10/2025 2:00,25.16000004
11/10/2025 3:00,26.6083333
11/10/2025 4:00,36.5500001
11/10/2025 5:00,33.80500002
11/10/2025 6:00,45.55500005
11/10/2025 7:00,43.84166673
11/10/2025 8:00,58.06499996
11/10/2025 9:00,47.72166665
11/10/2025 10:00,32.92999976
11/10/2025 11:00,25.58833323
11/10/2025 12:00,25.60166667
11/10/2025 13:00,30.04333324
11/10/2025 14:00,25.57166665
11/10/2025 15:00,19.65833338
11/10/2025 16:00,21.84833336
11/10/2025 17:00,23.50833337
11/10/2025 18:00,25.075
11/10/2025 19:00,27.20833343
11/10/2025 20:00,33.51666673
11/10/2025 21:00,46.69499995
11/10/2025 22:00,44.74833323
11/10/2025 23:00,47.07333333
11/11/2025,35.89333337
11/11/2025 1:00,32.30499992
11/11/2025 2:00,27.24500001
11/11/2025 3:00,27.64833333
11/11/2025 4:00,31.70166661
11/11/2025 5:00,32.44666662
11/11/2025 6:00,51.67833347
11/11/2025 7:00,50.25333335
11/11/2025 8:00,54.81666673
11/11/2025 9:00,46.40999997
11/11/2025 10:00,44.24333363
11/11/2025 11:00,40.51833318
11/11/2025 12:00,39.0466664
11/11/2025 13:00,24.9166666
11/11/2025 14:00,21.69666665
11/11/2025 15:00,28.24500001
11/11/2025 16:00,26.63499991
11/11/2025 17:00,25.45499999
11/11/2025 18:00,29.97333323
11/11/2025 19:00,35.32333352
11/11/2025 20:00,44.81500009
11/11/2025 21:00,57.23333314
11/11/2025 22:00,45.47166653
11/11/2025 23:00,45.22166675
11/12/2025,38.80166667
11/12/2025 1:00,39.6316665
11/12/2025 2:00,31.70500002
11/12/2025 3:00,27.17666661
11/12/2025 4:00,34.03833342
11/12/2025 5:00,37.44833326
11/12/2025 6:00,51.38000018
11/12/2025 7:00,41.58666662
11/12/2025 8:00,48.48166663
11/12/2025 9:00,37.90833311
11/12/2025 10:00,37.18500004
11/12/2025 11:00,32.09666643
11/12/2025 12:00,26.46666676
11/12/2025 13:00,27.23833335
11/12/2025 14:00,37.50000019
11/12/2025 15:00,31.33833326
11/12/2025 16:00,33.76833347
11/12/2025 17:00,37.51999995
11/12/2025 18:00,59.07166678
11/12/2025 19:00,66.03333365
11/12/2025 20:00,51.67999992
11/12/2025 21:00,55.22833316
11/12/2025 22:00,57.33114755
11/12/2025 23:00,59.02333317
11/13/2025,49.83333359
11/13/2025 1:00,37.24833342
11/13/2025 2:00,39.3350001
11/13/2025 3:00,40.89838705
11/13/2025 4:00,43.46721336
11/13/2025 5:00,47.81833331
11/13/2025 6:00,40.21500022
11/13/2025 7:00,47.92666664
11/13/2025 8:00,59.5299998
11/13/2025 9:00,42.20333328
11/13/2025 10:00,27.61333338
11/13/2025 11:00,22.55666663
11/13/2025 12:00,18.34333332
11/13/2025 13:00,18.50000013
11/13/2025 14:00,23.45999991
11/13/2025 15:00,32.1586208
11/13/2025 16:00,35.05245903
11/13/2025 17:00,35.40333312
11/13/2025 18:00,46.29333344
11/13/2025 19:00,59.27666677
11/13/2025 20:00,49.20819661
11/13/2025 21:00,51.31166693
11/13/2025 22:00,58.2016667
11/13/2025 23:00,49.48833332
11/14/2025,43.61333338
11/14/2025 1:00,40.1933335
11/14/2025 2:00,37.89500027
11/14/2025 3:00,36.42166653
11/14/2025 4:00,36.8533335
11/14/2025 5:00,42.77000014
11/14/2025 6:00,57.28166669
11/14/2025 7:00,54.1066665
11/14/2025 8:00,54.66000029
11/14/2025 9:00,51.53333346
11/14/2025 10:00,27.72666661
11/14/2025 11:00,22.61000001
11/14/2025 12:00,24.39833342
11/14/2025 13:00,31.15000006
11/14/2025 14:00,34.95666666
11/14/2025 15:00,27.18666674
11/14/2025 16:00,25.34999984
11/14/2025 17:00,30.88666658
11/14/2025 18:00,35.38166653
11/14/2025 19:00,39.5833333
11/14/2025 20:00,57.73333327
11/14/2025 21:00,61.50499992
11/14/2025 22:00,53.33833338
11/14/2025 23:00,46.8866663
11/15/2025,40.69333331
11/15/2025 1:00,36.94500014
11/15/2025 2:00,36.57166694
11/15/2025 3:00,42.39833349
11/15/2025 4:00,39.66166649
11/15/2025 5:00,48.84499989
11/15/2025 6:00,53.94666634
11/15/2025 7:00,60.88500004
11/15/2025 8:00,61.85166651
11/15/2025 9:00,52.38500004
11/15/2025 10:00,38.70500005
11/15/2025 11:00,23.13499983
11/15/2025 12:00,20.06666662
11/15/2025 13:00,22.08499997
11/15/2025 14:00,37.71833363
11/15/2025 15:00,33.15166658
11/15/2025 16:00,29.57833322
11/15/2025 17:00,32.26666676
11/15/2025 18:00,31.46833324
11/15/2025 19:00,40.68333352
11/15/2025 20:00,50.24499998
11/15/2025 21:00,49.57666683
11/15/2025 22:00,50.81166649
11/15/2025 23:00,50.00999997
11/16/2025,44.55500031
11/16/2025 1:00,35.89000009
11/16/2025 2:00,35.81333332
11/16/2025 3:00,38.69333356
11/16/2025 4:00,43.9733333
11/16/2025 5:00,41.83499997
11/16/2025 6:00,53.07166678
11/16/2025 7:00,58.07499962
11/16/2025 8:00,51.79333337
11/16/2025 9:00,60.55833352
11/16/2025 10:00,45.56166668
11/16/2025 11:00,29.16999995
11/16/2025 12:00,24.85666669
11/16/2025 13:00,25.28666677
11/16/2025 14:00,34.74166657
11/16/2025 15:00,28.89499998
11/16/2025 16:00,28.12833328
11/16/2025 17:00,30.69166676
11/16/2025 18:00,29.73333333
11/16/2025 19:00,41.93499994
11/16/2025 20:00,38.1833333
11/16/2025 21:00,53.18666662
11/16/2025 22:00,45.80166677
11/16/2025 23:00,40.52666651
11/17/2025,35.87000004
11/17/2025 1:00,30.94499985
11/17/2025 2:00,33.21333323
11/17/2025 3:00,49.51500003
11/17/2025 4:00,39.57333342
11/17/2025 5:00,52.76833331
11/17/2025 6:00,53.78666636
11/17/2025 7:00,61.03499991
11/17/2025 8:00,69.8799998
11/17/2025 9:00,60.37666658
11/17/2025 10:00,45.29500008
11/17/2025 11:00,32.27166669
11/17/2025 12:00,28.94833339
11/17/2025 13:00,26.29999987
11/17/2025 14:00,39.37833347
11/17/2025 15:00,30.00333335
11/17/2025 16:00,25.85666666
11/17/2025 17:00,28.62666674
11/17/2025 18:00,44.59000006
11/17/2025 19:00,48.11166677
11/17/2025 20:00,65.488333
11/17/2025 21:00,67.65999953
11/17/2025 22:00,70.6649999
11/17/2025 23:00,56.76666692
11/18/2025,48.586667
11/18/2025 1:00,48.3799998
11/18/2025 2:00,41.5100001
11/18/2025 3:00,40.91333338
11/18/2025 4:00,44.23666687
11/18/2025 5:00,53.12666683
11/18/2025 6:00,60.83166676
11/18/2025 7:00,61.32333349
11/18/2025 8:00,72.64833355
11/18/2025 9:00,70.55333303
11/18/2025 10:00,55.89666678
11/18/2025 11:00,54.43833338
11/18/2025 12:00,39.5266667
11/18/2025 13:00,43.18833357
11/18/2025 14:00,30.52333345
11/18/2025 15:00,24.29666675
11/18/2025 16:00,23.12333333
11/18/2025 17:00,25.15333341
11/18/2025 18:00,31.1816665
11/18/2025 19:00,45.46333332
11/18/2025 20:00,49.18166672
11/18/2025 21:00,64.37999973
11/18/2025 22:00,57.63666662
11/18/2025 23:00,52.38833326
11/19/2025,48.89833336
11/19/2025 1:00,50.38666681
11/19/2025 2:00,48.32499987
11/19/2025 3:00,44.38500004
11/19/2025 4:00,50.40499999
11/19/2025 5:00,48.99999994
11/19/2025 6:00,55.39000028
11/19/2025 7:00,57.17833328
11/19/2025 8:00,62.07000001
11/19/2025 9:00,43.41166643
11/19/2025 10:00,40.9833334
11/19/2025 11:00,28.65499999
11/19/2025 12:00,28.27499987
11/19/2025 13:00,32.81499999
11/19/2025 14:00,25.66333342
11/19/2025 15:00,23.53833332
11/19/2025 16:00,23.60166667
11/19/2025 17:00,26.5
11/19/2025 18:00,27.4750001
11/19/2025 19:00,56.35166651
11/19/2025 20:00,58.53833345
11/19/2025 21:00,63.98999977
11/19/2025 22:00,62.57833309
11/19/2025 23:00,55.83666693
11/20/2025,44.62000001
11/20/2025 1:00,41.20333322
11/20/2025 2:00,43.17833316
11/20/2025 3:00,40.75
11/20/2025 4:00,46.18166676
11/20/2025 5:00,52.54833342
11/20/2025 6:00,59.82666658
11/20/2025 7:00,58.68499997
11/20/2025 8:00,63.73833307
11/20/2025 9:00,73.05000038
11/20/2025 10:00,47.83666674
11/20/2025 11:00,29.13333337
11/20/2025 12:00,24.41000007
11/20/2025 13:00,23.49166676
11/20/2025 14:00,19.07666664
11/20/2025 15:00,19.90500005
11/20/2025 16:00,24.31499996
11/20/2025 17:00,25.92333326
11/20/2025 18:00,26.68166672
11/20/2025 19:00,35.02166656
11/20/2025 20:00,49.98999983
11/20/2025 21:00,57.70000013
11/20/2025 22:00,57.09166654
11/20/2025 23:00,56.10500005
11/21/2025,39.82833347
11/21/2025 1:00,39.31666651
11/21/2025 2:00,39.04666665
11/21/2025 3:00,32.17333326
11/21/2025 4:00,34.50333325
11/21/2025 5:00,41.25666685
11/21/2025 6:00,37.9200003
11/21/2025 7:00,40.31499983
11/21/2025 8:00,52.55166677
11/21/2025 9:00,69.03166663
11/21/2025 10:00,64.99499982
11/21/2025 11:00,47.3733333
11/21/2025 12:00,33.15166664
11/21/2025 13:00,24.22999996
11/21/2025 14:00,22.21000001
11/21/2025 15:00,20.00333327
11/21/2025 16:00,26.03166661
11/21/2025 17:00,29.90500002
11/21/2025 18:00,31.07666667
11/21/2025 19:00,27.17166669
11/21/2025 20:00,29.04666665
11/21/2025 21:00,51.88833338
11/21/2025 22:00,52.62499975
11/21/2025 23:00,46.51833344
11/22/2025,36.09166673
11/22/2025 1:00,30.93000018
11/22/2025 2:00,30.60499999
11/22/2025 3:00,32.28833335
11/22/2025 4:00,35.10333322
11/22/2025 5:00,41.533871
11/22/2025 6:00,51.19666672
11/22/2025 7:00,59.64666697
11/22/2025 8:00,70.10499986
11/22/2025 9:00,69.93999983
11/22/2025 10:00,55.04833361
11/22/2025 11:00,41.24666669
11/22/2025 12:00,32.68666655
11/22/2025 13:00,30.24666659
11/22/2025 14:00,25.69833333
11/22/2025 15:00,25.97500003
11/22/2025 16:00,28.06999998
11/22/2025 17:00,29.78333343
11/22/2025 18:00,27.56666663
11/22/2025 19:00,26.66833321
11/22/2025 20:00,37.40333319
11/22/2025 21:00,52.43833345
11/22/2025 22:00,51.78333333
11/22/2025 23:00,39.64166667
11/23/2025,45.32500022
11/23/2025 1:00,37.66833318
11/23/2025 2:00,28.99999994
11/23/2025 3:00,33.48999996
11/23/2025 4:00,38.19500024
11/23/2025 5:00,38.64166692
11/23/2025 6:00,48.48833345
11/23/2025 7:00,58.3033329
11/23/2025 8:00,67.82000014
11/23/2025 9:00,82.68666604
11/23/2025 10:00,50.41166643
11/23/2025 11:00,49.12666651
11/23/2025 12:00,49.50666682
11/23/2025 13:00,29.87333339
11/23/2025 14:00,30.66166643
11/23/2025 15:00,25.72166662
11/23/2025 16:00,28.42666667
11/23/2025 17:00,38.14333302
11/23/2025 18:00,54.8233331
11/23/2025 19:00,66.10499986
11/23/2025 20:00,64.386667
11/23/2025 21:00,70.45166683
11/23/2025 22:00,60.26999995
11/23/2025 23:00,51.38833319
11/24/2025,45.57000001
11/24/2025 1:00,45.21500009
11/24/2025 2:00,44.0266667
11/24/2025 3:00,43.73333321
11/24/2025 4:00,37.15333338
11/24/2025 5:00,49.46999995
11/24/2025 6:00,65.83666649
11/24/2025 7:00,64.73166688
11/24/2025 8:00,63.29166692
11/24/2025 9:00,62.54999981
11/24/2025 10:00,41.93333352
11/24/2025 11:00,34.64666669
11/24/2025 12:00,37.99166654
11/24/2025 13:00,37.46333323
11/24/2025 14:00,46.99000009
11/24/2025 15:00,40.91666679
11/24/2025 16:00,39.82500006
11/24/2025 17:00,45.40500005
11/24/2025 18:00,60.74999994
11/24/2025 19:00,66.59499969
11/24/2025 20:00,61.63833332
11/24/2025 21:00,77.00999985
11/24/2025 22:00,60.21666679
11/24/2025 23:00,64.1783336
11/25/2025,76.57833316
11/25/2025 1:00,62.62666658
11/25/2025 2:00,59.30666644
11/25/2025 3:00,51.76333357
11/25/2025 4:00,53.82500013
11/25/2025 5:00,70.61000042
11/25/2025 6:00,71.08500048
11/25/2025 7:00,70.64000003
11/25/2025 8:00,68.46000004
11/25/2025 9:00,69.39333318
11/25/2025 10:00,61.12333361
11/25/2025 11:00,40.95499992
11/25/2025 12:00,26.99000006
11/25/2025 13:00,27.9233333
11/25/2025 14:00,24.54333334
11/25/2025 15:00,38.84166667
11/25/2025 16:00,33.07499987
11/25/2025 17:00,34.23499994
11/25/2025 18:00,45.25999991
11/25/2025 19:00,63.87166678
11/25/2025 20:00,88.83333359
11/25/2025 21:00,87.16999982
11/25/2025 22:00,68.47999986
11/25/2025 23:00,74.91833337
11/26/2025,53.16666667
11/26/2025 1:00,45.75333328
11/26/2025 2:00,48.43166656
11/26/2025 3:00,47.22999992
11/26/2025 4:00,54.59000015
11/26/2025 5:00,56.28166656
11/26/2025 6:00,63.77333317
11/26/2025 7:00,72.41999938
11/26/2025 8:00,78.73333359
11/26/2025 9:00,68.1983331
11/26/2025 10:00,53.66166662
11/26/2025 11:00,39.11666698
11/26/2025 12:00,28.67333333
11/26/2025 13:00,18.86833329
11/26/2025 14:00,29.33666658
11/26/2025 15:00,29.67999999
11/26/2025 16:00,25.36000007
11/26/2025 17:00,27.33833329
11/26/2025 18:00,45.87166681
11/26/2025 19:00,75.1266662
11/26/2025 20:00,76.31666673
11/26/2025 21:00,88.03499997
11/26/2025 22:00,74.04500001
11/26/2025 23:00,60.19166673
11/27/2025,55.47833316
11/27/2025 1:00,47.00333309
11/27/2025 2:00,40.03000005
11/27/2025 3:00,43.03000018
11/27/2025 4:00,45.77833328
11/27/2025 5:00,49.92000014
11/27/2025 6:00,60.81499977
11/27/2025 7:00,71.51666648
11/27/2025 8:00,77.1766669
11/27/2025 9:00,89.01666654
11/27/2025 10:00,77.22666658
11/27/2025 11:00,93.9683335
11/27/2025 12:00,80.07333298
11/27/2025 13:00,74.0766669
11/27/2025 14:00,56.44166651
11/27/2025 15:00,32.14999987
11/27/2025 16:00,37.43666655
11/27/2025 17:00,79.73333305
11/27/2025 18:00,127.111667
11/27/2025 19:00,140.7216662
11/27/2025 20:00,136.4400003
11/27/2025 21:00,143.3399993
11/27/2025 22:00,122.9283332
11/27/2025 23:00,100.0899999
11/28/2025,82.58666662
11/28/2025 1:00,76.97499987
11/28/2025 2:00,72.54666684
11/28/2025 3:00,68.13500023
11/28/2025 4:00,68.82000027
11/28/2025 5:00,70.18000024
11/28/2025 6:00,90.19666646
11/28/2025 7:00,84.10833333
11/28/2025 8:00,92.28500023
11/28/2025 9:00,84.27333349
11/28/2025 10:00,68.61833344
11/28/2025 11:00,50.40666669
11/28/2025 12:00,40.30999994
11/28/2025 13:00,32.75499992
11/28/2025 14:00,22.27333336
11/28/2025 15:00,21.50000013
11/28/2025 16:00,21.91500009
11/28/2025 17:00,29.39666665
11/28/2025 18:00,46.14833355
11/28/2025 19:00,77.1316665
11/28/2025 20:00,90.06500028
11/28/2025 21:00,86.73833326
11/28/2025 22:00,69.63166663
11/28/2025 23:00,63.50499992
11/29/2025,54.91333338
11/29/2025 1:00,49.40499986
11/29/2025 2:00,41.14333356
11/29/2025 3:00,39.02833328
11/29/2025 4:00,38.53999996
11/29/2025 5:00,47.89166679
11/29/2025 6:00,50.16666673
11/29/2025 7:00,58.09666659
11/29/2025 8:00,59.73166656
11/29/2025 9:00,66.6933335
11/29/2025 10:00,81.80333328
11/29/2025 11:00,56.40999975
11/29/2025 12:00,22.20166656
11/29/2025 13:00,16.79333326
11/29/2025 14:00,14.05333336
11/29/2025 15:00,17.80666676
11/29/2025 16:00,17.45666661
11/29/2025 17:00,21.6566666
11/29/2025 18:00,28.62999996
11/29/2025 19:00,44.41666702
11/29/2025 20:00,84.72666677
11/29/2025 21:00,76.43666636
11/29/2025 22:00,80.475
11/29/2025 23:00,57.57000008
11/30/2025,47.38000018
11/30/2025 1:00,47.41666679
11/30/2025 2:00,48.9166666
11/30/2025 3:00,48.83000018
11/30/2025 4:00,43.05333328
11/30/2025 5:00,55.54499989
11/30/2025 6:00,52.13499997
11/30/2025 7:00,52.02333323
11/30/2025 8:00,61.78499978
11/30/2025 9:00,66.01333345
11/30/2025 10:00,62.69666678
11/30/2025 11:00,47.02499987
11/30/2025 12:00,37.87833335
11/30/2025 13:00,34.75666666
11/30/2025 14:00,30.88999996
11/30/2025 15:00,21.61666673
11/30/2025 16:00,25.39999987
11/30/2025 17:00,27.83666646
11/30/2025 18:00,44.90999982
11/30/2025 19:00,61.53500036
11/30/2025 20:00,61.10166677
11/30/2025 21:00,65.53999964
11/30/2025 22:00,71.07833347
11/30/2025 23:00,44.1600001
12/1/2025,52.73833332
12/1/2025 1:00,45.24333324
12/1/2025 2:00,45.37166665
12/1/2025 3:00,41.25500005
12/1/2025 4:00,40.6816665
12/1/2025 5:00,49.4216664
12/1/2025 6:00,58.36666686
12/1/2025 7:00,67.78333346
12/1/2025 8:00,72.01833344
12/1/2025 9:00,73.90499973
12/1/2025 10:00,55.55666676
12/1/2025 11:00,47.99666653
12/1/2025 12:00,51.0799998
12/1/2025 13:00,47.60666669
12/1/2025 14:00,45.97833341
12/1/2025 15:00,47.34166648
12/1/2025 16:00,37.43833326
12/1/2025 17:00,40.68666655
12/1/2025 18:00,57.21333357
12/1/2025 19:00,53.00166651
12/1/2025 20:00,78.89666697
12/1/2025 21:00,80.30166651
12/1/2025 22:00,79.89833374
12/1/2025 23:00,84.17666639
12/2/2025,71.77333342
12/2/2025 1:00,68.08833357
12/2/2025 2:00,66.39166673
12/2/2025 3:00,65.73166669
12/2/2025 4:00,60.2016667
12/2/2025 5:00,63.54666672
12/2/2025 6:00,82.43833326
12/2/2025 7:00,82.28499997
12/2/2025 8:00,84.95333366
12/2/2025 9:00,88.74166718
12/2/2025 10:00,82.16166662
12/2/2025 11:00,68.13833345
12/2/2025 12:00,80.42999992
12/2/2025 13:00,58.51166655
12/2/2025 14:00,40.54499982
12/2/2025 15:00,38.23833338
12/2/2025 16:00,43.8533329
12/2/2025 17:00,50.19166679
12/2/2025 18:00,72.22166646
12/2/2025 19:00,75.67999973
12/2/2025 20:00,80.34666659
12/2/2025 21:00,99.28166656
12/2/2025 22:00,84.53666623
12/2/2025 23:00,76.28166644
12/3/2025,62.96333326
12/3/2025 1:00,67.85833314
12/3/2025 2:00,68.6066665
12/3/2025 3:00,70.19499989
12/3/2025 4:00,64.30833308
12/3/2025 5:00,53.10500031
12/3/2025 6:00,67.45500011
12/3/2025 7:00,67.09166679
12/3/2025 8:00,73.35166658
12/3/2025 9:00,79.81666641
12/3/2025 10:00,82.45999997
12/3/2025 11:00,75.1350001
12/3/2025 12:00,73.89333363
12/3/2025 13:00,55.76833388
12/3/2025 14:00,42.46333338
12/3/2025 15:00,41.07833341
12/3/2025 16:00,42.01333351
12/3/2025 17:00,49.39499995
12/3/2025 18:00,54.09000028
12/3/2025 19:00,60.80499992
12/3/2025 20:00,77.42500025
12/3/2025 21:00,67.62500013
12/3/2025 22:00,67.61999995
12/3/2025 23:00,48.25999982
12/4/2025,43.45833352
12/4/2025 1:00,46.53666693
12/4/2025 2:00,44.99833349
12/4/2025 3:00,42.95333328
12/4/2025 4:00,48.52333355
12/4/2025 5:00,50.92499987
12/4/2025 6:00,50.28666636
12/4/2025 7:00,64.44333293
12/4/2025 8:00,62.55666676
12/4/2025 9:00,60.36666667
12/4/2025 10:00,58.16333319
12/4/2025 11:00,60.07833335
12/4/2025 12:00,52.47666658
12/4/2025 13:00,52.70166664
12/4/2025 14:00,47.62333368
12/4/2025 15:00,36.85833337
12/4/2025 16:00,31.63000002
12/4/2025 17:00,38.23833329
12/4/2025 18:00,58.9649999
12/4/2025 19:00,64.12666664
12/4/2025 20:00,77.93666649
12/4/2025 21:00,65.57833354
12/4/2025 22:00,55.27499994
12/4/2025 23:00,65.30833302
12/5/2025,61.77833322
12/5/2025 1:00,55.15333335
12/5/2025 2:00,57.34666665
12/5/2025 3:00,55.55333316
12/5/2025 4:00,52.02166684
12/5/2025 5:00,52.41166655
12/5/2025 6:00,59.44499982
12/5/2025 7:00,60.4516667
12/5/2025 8:00,61.90000006
12/5/2025 9:00,62.9850001
12/5/2025 10:00,50.13499972
12/5/2025 11:00,48.29999981
12/5/2025 12:00,38.6616669
12/5/2025 13:00,36.82666658
12/5/2025 14:00,42.81833328
12/5/2025 15:00,30.4350001
12/5/2025 16:00,34.46333354
12/5/2025 17:00,40.04500014
12/5/2025 18:00,42.30166658
12/5/2025 19:00,75.60000025
12/5/2025 20:00,73.06000017
12/5/2025 21:00,91.16666692
12/5/2025 22:00,73.12833341
12/5/2025 23:00,60.27166672
12/6/2025,44.31500003
12/6/2025 1:00,48.7166666
12/6/2025 2:00,44.84333344
12/6/2025 3:00,50.1233333
12/6/2025 4:00,51.97999986
12/6/2025 5:00,65.31499964
12/6/2025 6:00,72.27000008
12/6/2025 7:00,76.65999934
12/6/2025 8:00,68.97166653
12/6/2025 9:00,75.01166668
12/6/2025 10:00,68.09166616
12/6/2025 11:00,51.22666658
12/6/2025 12:00,37.63333308
12/6/2025 13:00,33.45333335
12/6/2025 14:00,35.625
12/6/2025 15:00,42.08666693
12/6/2025 16:00,31.14499995
12/6/2025 17:00,44.14666662
12/6/2025 18:00,58.92499987
12/6/2025 19:00,71.31333377
12/6/2025 20:00,91.20833333
12/6/2025 21:00,90.25833371
12/6/2025 22:00,76.01833394
12/6/2025 23:00,66.94333344
12/7/2025,58.86833331
12/7/2025 1:00,55.4766669
12/7/2025 2:00,49.41666641
12/7/2025 3:00,48.99666634
12/7/2025 4:00,53.4983333
12/7/2025 5:00,57.18166644
12/7/2025 6:00,68.30833333
12/7/2025 7:00,77.8100001
12/7/2025 8:00,78.36500028
12/7/2025 9:00,68.67333374
12/7/2025 10:00,52.50666663
12/7/2025 11:00,54.16999995
12/7/2025 12:00,49.39666665
12/7/2025 13:00,37.66166677
12/7/2025 14:00,34.91833321
12/7/2025 15:00,53.4183335
12/7/2025 16:00,50.25999978
12/7/2025 17:00,64.1350001
12/7/2025 18:00,61.53833319
12/7/2025 19:00,66.28333314
12/7/2025 20:00,94.00999985
12/7/2025 21:00,98.88333359
12/7/2025 22:00,96.44918035
12/7/2025 23:00,70.94833317
12/8/2025,60.0316665
12/8/2025 1:00,60.91499983
12/8/2025 2:00,62.20833333
12/8/2025 3:00,65.22833328
12/8/2025 4:00,64.22333323
12/8/2025 5:00,64.58166656
12/8/2025 6:00,73.31166636
12/8/2025 7:00,81.21764658
12/8/2025 8:00,92.82333361
12/8/2025 9:00,89.94333324
12/8/2025 10:00,62.4966664
12/8/2025 11:00,49.53000005
12/8/2025 12:00,46.47333349
12/8/2025 13:00,38.2816666
12/8/2025 14:00,34.96499993
12/8/2025 15:00,25.1416667
12/8/2025 16:00,28.56000004
12/8/2025 17:00,32.47666661
12/8/2025 18:00,50.72833341
12/8/2025 19:00,76.28666693
12/8/2025 20:00,60.76833363
12/8/2025 21:00,100.2499995
12/8/2025 22:00,99.35499967
12/8/2025 23:00,83.67666664
12/9/2025,74.85833397
12/9/2025 1:00,69.36999989
12/9/2025 2:00,55.61833344
12/9/2025 3:00,54.29333324
12/9/2025 4:00,59.6233331
12/9/2025 5:00,64.79666672
12/9/2025 6:00,75.09666684
12/9/2025 12:00,67.76333332
12/9/2025 13:00,44.35333325
12/9/2025 14:00,26.91666657
12/9/2025 15:00,29.13000005
12/9/2025 16:00,30.8399999
12/9/2025 17:00,32.01333342
12/9/2025 18:00,40.88833326
12/9/2025 19:00,94.30333341
12/9/2025 20:00,94.12333272
12/9/2025 21:00,86.63333365
12/9/2025 22:00,68.7616663
12/9/2025 23:00,57.08666655
12/10/2025,51.78833326
12/10/2025 1:00,45.70499973
12/10/2025 2:00,53.50166683
12/10/2025 3:00,43.99666684
12/10/2025 4:00,46.57666683
12/10/2025 5:00,49.91333345
12/10/2025 6:00,63.98333359
12/10/2025 7:00,65.736667
12/10/2025 8:00,53.43499997
12/10/2025 9:00,60.89666684
12/10/2025 10:00,59.99333337
12/10/2025 11:00,46.50499999
12/10/2025 12:00,32.29333331
12/10/2025 13:00,30.55333335
12/10/2025 14:00,37.77333326
12/10/2025 15:00,34.91186452
12/10/2025 16:00,28.88666668
12/10/2025 17:00,31.27000008
12/10/2025 18:00,59.0316665
12/10/2025 19:00,82.24999968
12/10/2025 20:00,95.83166669
12/10/2025 21:00,96.10322522
12/10/2025 22:00,90.94499982
12/10/2025 23:00,77.79499995
12/11/2025,73.01166662
12/11/2025 1:00,62.48333327
12/11/2025 2:00,62.17666664
12/11/2025 3:00,63.28999971
12/11/2025 4:00,63.45499999
12/11/2025 5:00,64.49166711
12/11/2025 6:00,73.23166669
12/11/2025 7:00,79.57833316
12/11/2025 8:00,84.24833323
12/11/2025 9:00,80.11833331
12/11/2025 10:00,70.70166658
12/11/2025 11:00,55.31999989
12/11/2025 12:00,52.20833314
12/11/2025 13:00,45.10500018
12/11/2025 14:00,31.84666675
12/11/2025 15:00,24.57833331
12/11/2025 16:00,22.14333331
12/11/2025 17:00,25.99666675
12/11/2025 18:00,63.08500042
12/11/2025 19:00,82.18499991
12/11/2025 20:00,86.24000003
12/11/2025 21:00,99.26666641
12/11/2025 22:00,94.10833346
12/11/2025 23:00,74.81166655
12/12/2025,58.83166669
12/12/2025 1:00,56.98833313
12/12/2025 2:00,53.13166682
12/12/2025 3:00,50.30166664
12/12/2025 4:00,51.61166655
12/12/2025 5:00,56.05999959
12/12/2025 6:00,63.9616663
12/12/2025 7:00,61.38999983
12/12/2025 8:00,68.25999991
12/12/2025 9:00,77.03666655
12/12/2025 10:00,66.78833357
12/12/2025 11:00,59.12499994
12/12/2025 12:00,38.73999999
12/12/2025 13:00,40.48666677
12/12/2025 14:00,35.87999957
12/12/2025 15:00,27.51166674
12/12/2025 16:00,24.81500003
12/12/2025 17:00,25.45166658
12/12/2025 18:00,46.45499951
12/12/2025 19:00,79.53333308
12/12/2025 20:00,118.3166663
12/12/2025 21:00,112.04
12/12/2025 22:00,107.5516664
12/12/2025 23:00,84.78833326
12/13/2025,71.67500019
12/13/2025 1:00,62.6566665
12/13/2025 2:00,69.20666644
12/13/2025 3:00,67.30666682
12/13/2025 4:00,65.23833326
12/13/2025 5:00,67.05666669
12/13/2025 6:00,79.75333252
12/13/2025 7:00,75.91999989
12/13/2025 8:00,76.82833354
12/13/2025 9:00,82.62166684
12/13/2025 10:00,72.16833318
12/13/2025 11:00,57.64166686
12/13/2025 12:00,54.15166677
12/13/2025 13:00,51.28833313
12/13/2025 14:00,43.80833321
12/13/2025 15:00,62.31333361
12/13/2025 16:00,30.99666669
12/13/2025 17:00,70.36666641
12/13/2025 18:00,67.29666678
12/13/2025 19:00,97.01500041
12/13/2025 20:00,120.4233334
12/13/2025 21:00,130.6350007
12/13/2025 22:00,88.28333359
12/13/2025 23:00,75.92000008
12/14/2025,79.92833316
12/14/2025 1:00,77.17833309
12/14/2025 2:00,66.76333332
12/14/2025 3:00,60.3833334
12/14/2025 4:00,63.84166679
12/14/2025 5:00,92.02166735
12/14/2025 6:00,83.63166656
12/14/2025 7:00,80.02166672
12/14/2025 8:00,86.22333323
12/14/2025 9:00,97.70000025
12/14/2025 10:00,81.39833323
12/14/2025 11:00,60.89166679
12/14/2025 12:00,64.13833345
12/14/2025 13:00,55.9299998
12/14/2025 14:00,44.80666644
12/14/2025 15:00,31.92500013
12/14/2025 16:00,27.58666652
12/14/2025 17:00,36.43000015
12/14/2025 18:00,73.60000006
12/14/2025 19:00,95.95999959
12/14/2025 20:00,113.6633334
12/14/2025 21:00,109.8883336
12/14/2025 22:00,100.7799998
12/15/2025,67.38979581
12/15/2025 1:00,65.34666646
12/15/2025 2:00,58.64166654
12/15/2025 3:00,68.0016667
12/15/2025 4:00,71.36333351
12/15/2025 5:00,86.76333313
12/15/2025 6:00,76.38999983
12/15/2025 7:00,108.2749997
12/15/2025 8:00,94.16999995
12/15/2025 9:00,92.85166651
12/15/2025 10:00,78.3233338
12/15/2025 11:00,76.62999967
12/15/2025 12:00,65.82333349
12/15/2025 13:00,33.46833324
12/15/2025 14:00,32.87999989
12/15/2025 15:00,25.9833333
12/15/2025 16:00,24.99500004
12/15/2025 17:00,28.6266667
12/15/2025 18:00,44.43333324
12/15/2025 19:00,74.59833355
12/15/2025 20:00,93.54333369
12/15/2025 21:00,95.18166644
12/15/2025 22:00,82.32166684
12/15/2025 23:00,70.01833318
12/16/2025,55.32666664
12/16/2025 1:00,49.28666649
12/16/2025 2:00,49.0583334
12/16/2025 3:00,49.62333342
12/16/2025 4:00,55.7916666
12/16/2025 5:00,69.38999971
12/16/2025 6:00,60.86999976
12/16/2025 7:00,90.25666733
12/16/2025 8:00,89.05166626
12/16/2025 9:00,72.77000046
12/16/2025 10:00,70.65517195
12/16/2025 11:00,42.03333321
12/16/2025 12:00,49.66833388
12/16/2025 13:00,34.58166653
12/16/2025 14:00,40.17166656
12/16/2025 15:00,33.82000004
12/16/2025 16:00,24.81666686
12/16/2025 17:00,32.82999989
12/16/2025 18:00,66.10999966
12/16/2025 19:00,58.38333327
12/16/2025 20:00,79.07666658
12/16/2025 21:00,96.22166672
12/16/2025 22:00,82.81833331
12/16/2025 23:00,71.31833286
12/17/2025,61.14833342
12/17/2025 1:00,52.81166662
12/17/2025 2:00,56.6350001
12/17/2025 3:00,56.99333331
12/17/2025 4:00,66.47833373
12/17/2025 5:00,54.7933335
12/17/2025 6:00,66.76999976
12/17/2025 7:00,71.39000009
12/17/2025 8:00,77.3716664
12/17/2025 9:00,77.67666658
12/17/2025 10:00,55.69666659
12/17/2025 11:00,53.45000013
12/17/2025 12:00,45.51499996
12/17/2025 13:00,25.03833345
12/17/2025 14:00,25.83166663
12/17/2025 15:00,46.82000004
12/17/2025 16:00,44.15666644
12/17/2025 17:00,36.90000006
12/17/2025 18:00,71.83166618
12/17/2025 19:00,72.70833289
12/17/2025 20:00,84.17666677
12/17/2025 21:00,112.3550003
12/17/2025 22:00,98.56000061
12/17/2025 23:00,80.2183328
12/18/2025,68.97166634
12/18/2025 1:00,61.32833341
12/18/2025 2:00,64.85499986
12/18/2025 3:00,57.64166692
12/18/2025 4:00,51.77833309
12/18/2025 5:00,65.43333327
12/18/2025 6:00,83.19499989
12/18/2025 7:00,90.36833344
12/18/2025 8:00,88.83333308
12/18/2025 9:00,93.69166641
12/18/2025 10:00,88.35999959
12/18/2025 11:00,75.95500011
12/18/2025 12:00,65.46833369
12/18/2025 13:00,37.88000002
12/18/2025 14:00,41.77499984
12/18/2025 15:00,31.83166676
12/18/2025 16:00,31.03666674
12/18/2025 17:00,43.82499959
12/18/2025 18:00,84.98166682
12/18/2025 19:00,117.5133331
12/18/2025 20:00,122.3666665
12/18/2025 21:00,126.373334
12/18/2025 22:00,112.4366671
12/18/2025 23:00,96.311667
12/19/2025,91.59999949
12/19/2025 1:00,74.99833323
12/19/2025 2:00,81.86833344
12/19/2025 3:00,70.58833326
12/19/2025 4:00,72.96833305
12/19/2025 5:00,75.23833338
12/19/2025 6:00,88.59999975
12/19/2025 7:00,95.15500005
12/19/2025 8:00,102.4516671
12/19/2025 9:00,115.3950002
12/19/2025 10:00,103.0050001
12/19/2025 11:00,100.2533333
12/19/2025 12:00,81.925
12/19/2025 13:00,28.2416666
12/19/2025 14:00,26.37666659
12/19/2025 15:00,19.01999995
12/19/2025 16:00,28.83166663
12/19/2025 17:00,34.52833338
12/19/2025 18:00,43.36500009
12/19/2025 19:00,76.09833355
12/19/2025 20:00,100.251667
12/19/2025 21:00,90.26666686
12/19/2025 22:00,94.04333293
12/19/2025 23:00,77.53500023
12/20/2025,61.28166625
12/20/2025 1:00,70.95833321
12/20/2025 2:00,70.11166687
12/20/2025 3:00,60.44500014
12/20/2025 4:00,56.05499999
12/20/2025 5:00,60.91999963
12/20/2025 6:00,74.25500005
12/20/2025 7:00,84.37999992
12/20/2025 8:00,78.01833369
12/20/2025 9:00,93.27833354
12/20/2025 10:00,87.1149992
12/20/2025 11:00,36.53166676
12/20/2025 12:00,31.69333312
12/20/2025 13:00,34.6783336
12/20/2025 14:00,39.67666674
12/20/2025 15:00,47.11000004
12/20/2025 16:00,38.56500018
12/20/2025 17:00,32.72666683
12/20/2025 18:00,42.45500005
12/20/2025 19:00,75.87999986
12/20/2025 20:00,98.66999957
12/20/2025 21:00,107.6633335
12/20/2025 22:00,84.11833331
12/20/2025 23:00,85.425
12/21/2025,67.61000004
12/21/2025 1:00,92.77333342
12/21/2025 2:00,62.35499973
12/21/2025 3:00,52.41833331
12/21/2025 4:00,51.51333307
12/21/2025 5:00,58.31333345
12/21/2025 6:00,67.49833285
12/21/2025 7:00,84.44166667
12/21/2025 8:00,99.68333346
12/21/2025 9:00,85.43333384
12/21/2025 10:00,74.62833322
12/21/2025 11:00,74.41500034
12/21/2025 12:00,61.29999981
12/21/2025 13:00,53.97166659
12/21/2025 14:00,38.06166687
12/21/2025 15:00,29.35166658
12/21/2025 16:00,36.48166666
12/21/2025 17:00,45.56833324
12/21/2025 18:00,61.15500043
12/21/2025 19:00,99.54166679
12/21/2025 20:00,88.41000017
12/21/2025 21:00,107.9850004
12/21/2025 22:00,99.69833336
12/21/2025 23:00,95.34000015
12/22/2025,76.83666636
12/22/2025 1:00,65.97833335
12/22/2025 2:00,72.92500013
12/22/2025 3:00,71.21833312
12/22/2025 4:00,66.42666645
12/22/2025 5:00,71.29666627
12/22/2025 6:00,83.36666616
12/22/2025 7:00,94.53833338
12/22/2025 8:00,93.88999939
12/22/2025 9:00,91.41666667
12/22/2025 10:00,74.28499991
12/22/2025 11:00,82.42333387
12/22/2025 12:00,74.5950002
12/22/2025 13:00,36.95499996
12/22/2025 14:00,34.65666698
12/22/2025 15:00,35.8266669
12/22/2025 16:00,32.75333325
12/22/2025 17:00,40.0683335
12/22/2025 18:00,46.01499983
12/22/2025 19:00,101.296666
12/22/2025 20:00,100.9666665
12/22/2025 21:00,116.0483331
12/22/2025 22:00,105.4299997
12/22/2025 23:00,75.19000041
12/23/2025,62.07166672
12/23/2025 1:00,66.55000013
12/23/2025 2:00,97.07333336
12/23/2025 3:00,71.70333328
12/23/2025 4:00,66.14500039
12/23/2025 5:00,75.29322026
12/23/2025 6:00,86.34166629
12/23/2025 7:00,87.54999962
12/23/2025 8:00,78.57166672
12/23/2025 9:00,92.38833313
12/23/2025 10:00,87.98666636
12/23/2025 11:00,86.35333366
12/23/2025 12:00,59.30666669
12/23/2025 13:00,50.62666651
12/23/2025 14:00,34.3483333
12/23/2025 15:00,27.14500004
12/23/2025 16:00,26.92999996
12/23/2025 17:00,33.12999996
12/23/2025 18:00,73.26166687
12/23/2025 19:00,82.98833338
12/23/2025 20:00,122.2833333
12/23/2025 21:00,115.2966675
12/23/2025 22:00,101.94
12/23/2025 23:00,84.42499987
12/24/2025,79.00166613
12/24/2025 1:00,71.22999986
12/24/2025 2:00,68.69666615
12/24/2025 3:00,62.83333333
12/24/2025 4:00,69.85166702
12/24/2025 5:00,70.83166688
12/24/2025 6:00,82.59499969
12/24/2025 7:00,76.05166664
12/24/2025 8:00,82.91666711
12/24/2025 9:00,75.32500019
12/24/2025 10:00,40.40999994
12/24/2025 11:00,34.94166689
12/24/2025 12:00,31.47000001
12/24/2025 13:00,35.89666665
12/24/2025 14:00,55.26666689
12/24/2025 15:00,42.78666655
12/24/2025 16:00,51.0216664
12/24/2025 17:00,49.0833334
12/24/2025 18:00,68.34333337
12/24/2025 19:00,78.77166691
12/24/2025 20:00,79.87666651
12/24/2025 21:00,77.32166665
12/24/2025 22:00,63.3
12/24/2025 23:00,56.6233333
12/25/2025,48.89833304
12/25/2025 1:00,45.94333331
12/25/2025 2:00,38.40833327
12/25/2025 3:00,44.28000005
12/25/2025 4:00,55.24666684
12/25/2025 5:00,56.73666649
12/25/2025 6:00,63.28500029
12/25/2025 7:00,59.33166663
12/25/2025 8:00,60.04499995
12/25/2025 9:00,69.00666676
12/25/2025 10:00,32.41333335
12/25/2025 11:00,31.73666662
12/25/2025 12:00,32.11000004
12/25/2025 13:00,32.6483333
12/25/2025 14:00,47.16166681
12/25/2025 15:00,63.63333295
12/25/2025 16:00,43.59166692
12/25/2025 17:00,42.20166645
12/25/2025 18:00,50.8583334
12/25/2025 19:00,68.14166673
12/25/2025 20:00,62.70500031
12/25/2025 21:00,74.90333341
12/25/2025 22:00,83.74499957
12/25/2025 23:00,82.32666664
12/26/2025,76.87166634
12/26/2025 1:00,61.56666673
12/26/2025 2:00,61.66500009
12/26/2025 3:00,64.87666645
12/26/2025 4:00,66.82833328
12/26/2025 5:00,68.54833336
12/26/2025 6:00,75.86166643
12/26/2025 7:00,88.74666672
12/26/2025 8:00,90.76499977
12/26/2025 9:00,99.77499962
12/26/2025 10:00,74.68500067
12/26/2025 11:00,66.50166683
12/26/2025 12:00,42.76500003
12/26/2025 13:00,40.54333324
12/26/2025 14:00,40.25666656
12/26/2025 15:00,54.89499989
12/26/2025 16:00,41.39166673
12/26/2025 17:00,40.20499992
12/26/2025 18:00,51.76999995
12/26/2025 19:00,80.18500023
12/26/2025 20:00,91.74666659
12/26/2025 21:00,87.65833346
12/26/2025 22:00,75.4149999
12/26/2025 23:00,79.32666613
12/27/2025,76.40333354
12/27/2025 1:00,61.78666706
12/27/2025 2:00,60.06333307
12/27/2025 3:00,61.65166651
12/27/2025 4:00,54.07000001
12/27/2025 5:00,65.99833336
12/27/2025 6:00,81.386667
12/27/2025 7:00,81.83833275
12/27/2025 8:00,95.23666687
12/27/2025 9:00,96.94999987
12/27/2025 10:00,94.78999977
12/27/2025 11:00,68.07999973
12/27/2025 12:00,48.70333335
12/27/2025 13:00,43.075
12/27/2025 14:00,51.55999991
12/27/2025 15:00,46.18166656
12/27/2025 16:00,36.9066665
12/27/2025 17:00,42.56333332
12/27/2025 18:00,60.03333327
12/27/2025 19:00,87.54500008
12/27/2025 20:00,94.14000003
12/27/2025 21:00,107.9600006
12/27/2025 22:00,105.4116667
12/27/2025 23:00,105.5249999
12/28/2025,86.36166636
12/28/2025 1:00,71.48166688
12/28/2025 2:00,67.86833305
12/28/2025 3:00,82.6016667
12/28/2025 4:00,74.44999962
12/28/2025 5:00,80.6049998
12/28/2025 6:00,95.34499982
12/28/2025 7:00,91.48166682
12/28/2025 8:00,88.04166705
12/28/2025 9:00,95.37833379
12/28/2025 10:00,83.3049998
12/28/2025 11:00,61.28833351
12/28/2025 12:00,60.6483333
12/28/2025 13:00,69.54000022
12/28/2025 14:00,48.36666679
12/28/2025 15:00,40.99166673
12/28/2025 16:00,36.08333333
12/28/2025 17:00,37.32580634
12/28/2025 18:00,41.12000001
12/28/2025 19:00,58.45000013
12/28/2025 20:00,88.95999978
12/28/2025 21:00,108.4866665
12/28/2025 22:00,99.34999962
12/28/2025 23:00,89.40000013
12/29/2025,82.46500003
12/29/2025 1:00,71.9633337
12/29/2025 2:00,65.82500019
12/29/2025 3:00,72.65666663
12/29/2025 4:00,84.90999972
12/29/2025 5:00,78.22166691
12/29/2025 6:00,85.94166667
12/29/2025 7:00,97.34666621
12/29/2025 8:00,92.08500061
12/29/2025 9:00,98.48500036
12/29/2025 10:00,83.32833309
12/29/2025 11:00,62.46833363
12/29/2025 12:00,55.90666669
12/29/2025 13:00,45.68166685
12/29/2025 14:00,42.97499997
12/29/2025 15:00,35.88333327
12/29/2025 16:00,38.18166669
12/29/2025 17:00,41.30333347
12/29/2025 18:00,48.53666674
12/29/2025 19:00,57.49499995
12/29/2025 20:00,72.9866663
12/29/2025 21:00,88.53064506
12/29/2025 22:00,104.3716671
12/29/2025 23:00,90.9283329
12/30/2025,78.03166644
12/30/2025 1:00,64.32333317
12/30/2025 2:00,60.22333342
12/30/2025 3:00,58.89833317
12/30/2025 4:00,64.15833359
12/30/2025 5:00,71.59666684
12/30/2025 6:00,76.52166627
12/30/2025 7:00,81.761667
12/30/2025 8:00,88.02833354
12/30/2025 9:00,102.2766669
12/30/2025 10:00,81.84166654
12/30/2025 11:00,59.19000022
12/30/2025 12:00,60.45500018
12/30/2025 13:00,54.42499994
12/30/2025 14:00,47.48333346
12/30/2025 15:00,36.59166667
12/30/2025 16:00,38.56500015
12/30/2025 17:00,43.43166663
12/30/2025 18:00,57.025
12/30/2025 19:00,72.87333317
12/30/2025 20:00,87.08166682
12/30/2025 21:00,72.2733331
12/30/2025 22:00,85.30833333
12/30/2025 23:00,69.53666649
12/31/2025,53.44500014
12/31/2025 1:00,58.02833328
12/31/2025 2:00,45.54499989
12/31/2025 3:00,42.09166679
12/31/2025 4:00,50.11166668
12/31/2025 5:00,50.0049998
12/31/2025 6:00,47.35666676
12/31/2025 7:00,72.25833308
12/31/2025 8:00,72.72499981
12/31/2025 9:00,87.95666669
12/31/2025 10:00,72.84833336
12/31/2025 11:00,59.60166683
12/31/2025 12:00,59.66999995
12/31/2025 13:00,48.00166683
12/31/2025 14:00,46.0816665
12/31/2025 15:00,61.50666676
12/31/2025 16:00,44.81666667
12/31/2025 17:00,49.36333319
12/31/2025 18:00,73.8516667
12/31/2025 19:00,70.17166653
12/31/2025 20:00,106.9116669
12/31/2025 21:00,133.6483336
12/31/2025 22:00,136.2433334
12/31/2025 23:00,109.89322
